time,open,high,low,close,tick_volume,spread,real_volume,time_iso
31795200,357.73,357.73,357.73,357.73,1,50,0,1971-01-04
31881600,357.81,357.81,357.81,357.81,1,50,0,1971-01-05
31968000,357.86,357.86,357.86,357.86,1,50,0,1971-01-06
32054400,357.87,357.87,357.87,357.87,1,50,0,1971-01-07
32140800,357.82,357.82,357.82,357.82,1,50,0,1971-01-08
32400000,357.95,357.95,357.95,357.95,1,50,0,1971-01-11
32486400,358.06,358.06,358.06,358.06,1,50,0,1971-01-12
32572800,358.44,358.44,358.44,358.44,1,50,0,1971-01-13
32659200,358.4,358.4,358.4,358.4,1,50,0,1971-01-14
32745600,358.4,358.4,358.4,358.4,1,50,0,1971-01-15
33004800,358.29,358.29,358.29,358.29,1,50,0,1971-01-18
33091200,358.35,358.35,358.35,358.35,1,50,0,1971-01-19
33177600,358.4,358.4,358.4,358.4,1,50,0,1971-01-20
33264000,358.27,358.27,358.27,358.27,1,50,0,1971-01-21
33350400,357.9,357.9,357.9,357.9,1,50,0,1971-01-22
33609600,357.73,357.73,357.73,357.73,1,50,0,1971-01-25
33696000,357.78,357.78,357.78,357.78,1,50,0,1971-01-26
33782400,357.79,357.79,357.79,357.79,1,50,0,1971-01-27
33868800,357.83,357.83,357.83,357.83,1,50,0,1971-01-28
33955200,357.72,357.72,357.72,357.72,1,50,0,1971-01-29
34214400,357.67,357.67,357.67,357.67,1,50,0,1971-02-01
34300800,357.55,357.55,357.55,357.55,1,50,0,1971-02-02
34387200,357.54,357.54,357.54,357.54,1,50,0,1971-02-03
34473600,357.51,357.51,357.51,357.51,1,50,0,1971-02-04
34560000,357.53,357.53,357.53,357.53,1,50,0,1971-02-05
34819200,357.49,357.49,357.49,357.49,1,50,0,1971-02-08
34905600,357.5,357.5,357.5,357.5,1,50,0,1971-02-09
34992000,357.5,357.5,357.5,357.5,1,50,0,1971-02-10
35078400,357.5,357.5,357.5,357.5,1,50,0,1971-02-11
35510400,357.53,357.53,357.53,357.53,1,50,0,1971-02-16
35596800,357.53,357.53,357.53,357.53,1,50,0,1971-02-17
35683200,357.53,357.53,357.53,357.53,1,50,0,1971-02-18
35769600,357.56,357.56,357.56,357.56,1,50,0,1971-02-19
36028800,357.6,357.6,357.6,357.6,1,50,0,1971-02-22
36115200,357.55,357.55,357.55,357.55,1,50,0,1971-02-23
36201600,357.6,357.6,357.6,357.6,1,50,0,1971-02-24
36288000,357.56,357.56,357.56,357.56,1,50,0,1971-02-25
36374400,357.56,357.56,357.56,357.56,1,50,0,1971-02-26
36633600,357.63,357.63,357.63,357.63,1,50,0,1971-03-01
36720000,357.56,357.56,357.56,357.56,1,50,0,1971-03-02
36806400,357.49,357.49,357.49,357.49,1,50,0,1971-03-03
36892800,357.45,357.45,357.45,357.45,1,50,0,1971-03-04
36979200,357.59,357.59,357.59,357.59,1,50,0,1971-03-05
37238400,357.55,357.55,357.55,357.55,1,50,0,1971-03-08
37324800,357.46,357.46,357.46,357.46,1,50,0,1971-03-09
37411200,357.59,357.59,357.59,357.59,1,50,0,1971-03-10
37497600,357.56,357.56,357.56,357.56,1,50,0,1971-03-11
37584000,357.58,357.58,357.58,357.58,1,50,0,1971-03-12
37843200,357.54,357.54,357.54,357.54,1,50,0,1971-03-15
37929600,357.49,357.49,357.49,357.49,1,50,0,1971-03-16
38016000,357.53,357.53,357.53,357.53,1,50,0,1971-03-17
38102400,357.56,357.56,357.56,357.56,1,50,0,1971-03-18
38188800,357.56,357.56,357.56,357.56,1,50,0,1971-03-19
38448000,357.44,357.44,357.44,357.44,1,50,0,1971-03-22
38534400,357.53,357.53,357.53,357.53,1,50,0,1971-03-23
38620800,357.53,357.53,357.53,357.53,1,50,0,1971-03-24
38707200,357.47,357.47,357.47,357.47,1,50,0,1971-03-25
38793600,357.47,357.47,357.47,357.47,1,50,0,1971-03-26
39052800,357.44,357.44,357.44,357.44,1,50,0,1971-03-29
39139200,357.49,357.49,357.49,357.49,1,50,0,1971-03-30
39225600,357.42,357.42,357.42,357.42,1,50,0,1971-03-31
39312000,357.49,357.49,357.49,357.49,1,50,0,1971-04-01
39398400,357.53,357.53,357.53,357.53,1,50,0,1971-04-02
39657600,357.5,357.5,357.5,357.5,1,50,0,1971-04-05
39744000,357.46,357.46,357.46,357.46,1,50,0,1971-04-06
39830400,357.55,357.55,357.55,357.55,1,50,0,1971-04-07
39916800,357.55,357.55,357.55,357.55,1,50,0,1971-04-08
40003200,357.5,357.5,357.5,357.5,1,50,0,1971-04-09
40262400,357.5,357.5,357.5,357.5,1,50,0,1971-04-12
40348800,357.62,357.62,357.62,357.62,1,50,0,1971-04-13
40435200,357.58,357.58,357.58,357.58,1,50,0,1971-04-14
40521600,357.5,357.5,357.5,357.5,1,50,0,1971-04-15
40608000,357.54,357.54,357.54,357.54,1,50,0,1971-04-16
40867200,357.49,357.49,357.49,357.49,1,50,0,1971-04-19
40953600,357.49,357.49,357.49,357.49,1,50,0,1971-04-20
41040000,357.49,357.49,357.49,357.49,1,50,0,1971-04-21
41126400,357.49,357.49,357.49,357.49,1,50,0,1971-04-22
41212800,357.49,357.49,357.49,357.49,1,50,0,1971-04-23
41472000,357.5,357.5,357.5,357.5,1,50,0,1971-04-26
41558400,357.49,357.49,357.49,357.49,1,50,0,1971-04-27
41644800,357.5,357.5,357.5,357.5,1,50,0,1971-04-28
41731200,357.41,357.41,357.41,357.41,1,50,0,1971-04-29
41817600,357.4,357.4,357.4,357.4,1,50,0,1971-04-30
42076800,357.41,357.41,357.41,357.41,1,50,0,1971-05-03
42163200,357.4,357.4,357.4,357.4,1,50,0,1971-05-04
42249600,357.4,357.4,357.4,357.4,1,50,0,1971-05-05
42336000,357.41,357.41,357.41,357.41,1,50,0,1971-05-06
42422400,357.41,357.41,357.41,357.41,1,50,0,1971-05-07
42681600,357.14,357.14,357.14,357.14,1,50,0,1971-05-10
42768000,357.44,357.44,357.44,357.44,1,50,0,1971-05-11
42854400,357.53,357.53,357.53,357.53,1,50,0,1971-05-12
42940800,357.49,357.49,357.49,357.49,1,50,0,1971-05-13
43027200,357.49,357.49,357.49,357.49,1,50,0,1971-05-14
43286400,357.4,357.4,357.4,357.4,1,50,0,1971-05-17
43372800,357.44,357.44,357.44,357.44,1,50,0,1971-05-18
43459200,357.4,357.4,357.4,357.4,1,50,0,1971-05-19
43545600,357.46,357.46,357.46,357.46,1,50,0,1971-05-20
43632000,357.4,357.4,357.4,357.4,1,50,0,1971-05-21
43891200,357.4,357.4,357.4,357.4,1,50,0,1971-05-24
43977600,357.4,357.4,357.4,357.4,1,50,0,1971-05-25
44064000,357.44,357.44,357.44,357.44,1,50,0,1971-05-26
44150400,357.4,357.4,357.4,357.4,1,50,0,1971-05-27
44236800,357.4,357.4,357.4,357.4,1,50,0,1971-05-28
44582400,357.46,357.46,357.46,357.46,1,50,0,1971-06-01
44668800,357.4,357.4,357.4,357.4,1,50,0,1971-06-02
44755200,357.46,357.46,357.46,357.46,1,50,0,1971-06-03
44841600,357.4,357.4,357.4,357.4,1,50,0,1971-06-04
45100800,357.4,357.4,357.4,357.4,1,50,0,1971-06-07
45187200,357.4,357.4,357.4,357.4,1,50,0,1971-06-08
45273600,357.4,357.4,357.4,357.4,1,50,0,1971-06-09
45360000,357.4,357.4,357.4,357.4,1,50,0,1971-06-10
45446400,357.4,357.4,357.4,357.4,1,50,0,1971-06-11
45705600,357.4,357.4,357.4,357.4,1,50,0,1971-06-14
45792000,357.46,357.46,357.46,357.46,1,50,0,1971-06-15
45878400,357.46,357.46,357.46,357.46,1,50,0,1971-06-16
45964800,357.46,357.46,357.46,357.46,1,50,0,1971-06-17
46051200,357.4,357.4,357.4,357.4,1,50,0,1971-06-18
46310400,357.4,357.4,357.4,357.4,1,50,0,1971-06-21
46396800,357.4,357.4,357.4,357.4,1,50,0,1971-06-22
46483200,357.4,357.4,357.4,357.4,1,50,0,1971-06-23
46569600,357.4,357.4,357.4,357.4,1,50,0,1971-06-24
46656000,357.4,357.4,357.4,357.4,1,50,0,1971-06-25
46915200,357.37,357.37,357.37,357.37,1,50,0,1971-06-28
47001600,357.39,357.39,357.39,357.39,1,50,0,1971-06-29
47088000,357.4,357.4,357.4,357.4,1,50,0,1971-06-30
47174400,357.4,357.4,357.4,357.4,1,50,0,1971-07-01
47260800,357.4,357.4,357.4,357.4,1,50,0,1971-07-02
47606400,357.45,357.45,357.45,357.45,1,50,0,1971-07-06
47692800,357.46,357.46,357.46,357.46,1,50,0,1971-07-07
47779200,357.46,357.46,357.46,357.46,1,50,0,1971-07-08
47865600,357.4,357.4,357.4,357.4,1,50,0,1971-07-09
48124800,357.41,357.41,357.41,357.41,1,50,0,1971-07-12
48211200,357.44,357.44,357.44,357.44,1,50,0,1971-07-13
48297600,357.4,357.4,357.4,357.4,1,50,0,1971-07-14
48384000,357.4,357.4,357.4,357.4,1,50,0,1971-07-15
48470400,357.4,357.4,357.4,357.4,1,50,0,1971-07-16
48729600,357.39,357.39,357.39,357.39,1,50,0,1971-07-19
48816000,357.39,357.39,357.39,357.39,1,50,0,1971-07-20
48902400,357.4,357.4,357.4,357.4,1,50,0,1971-07-21
48988800,357.37,357.37,357.37,357.37,1,50,0,1971-07-22
49075200,357.36,357.36,357.36,357.36,1,50,0,1971-07-23
49334400,357.4,357.4,357.4,357.4,1,50,0,1971-07-26
49420800,357.37,357.37,357.37,357.37,1,50,0,1971-07-27
49507200,357.4,357.4,357.4,357.4,1,50,0,1971-07-28
49593600,357.4,357.4,357.4,357.4,1,50,0,1971-07-29
49680000,357.39,357.39,357.39,357.39,1,50,0,1971-07-30
49939200,357.41,357.41,357.41,357.41,1,50,0,1971-08-02
50025600,357.37,357.37,357.37,357.37,1,50,0,1971-08-03
50112000,357.37,357.37,357.37,357.37,1,50,0,1971-08-04
50198400,357.37,357.37,357.37,357.37,1,50,0,1971-08-05
50284800,357.37,357.37,357.37,357.37,1,50,0,1971-08-06
50544000,357.35,357.35,357.35,357.35,1,50,0,1971-08-09
50630400,357.39,357.39,357.39,357.39,1,50,0,1971-08-10
50716800,357.35,357.35,357.35,357.35,1,50,0,1971-08-11
50803200,357.4,357.4,357.4,357.4,1,50,0,1971-08-12
50889600,357.35,357.35,357.35,357.35,1,50,0,1971-08-13
52444800,339.85,339.85,339.85,339.85,1,50,0,1971-08-31
52531200,341.01,341.01,341.01,341.01,1,50,0,1971-09-01
52617600,338.98,338.98,338.98,338.98,1,50,0,1971-09-02
52704000,340.14,340.14,340.14,340.14,1,50,0,1971-09-03
53049600,339.79,339.79,339.79,339.79,1,50,0,1971-09-07
53136000,339.39,339.39,339.39,339.39,1,50,0,1971-09-08
53222400,339.07,339.07,339.07,339.07,1,50,0,1971-09-09
53308800,338.81,338.81,338.81,338.81,1,50,0,1971-09-10
53568000,338.98,338.98,338.98,338.98,1,50,0,1971-09-13
53654400,338.24,338.24,338.24,338.24,1,50,0,1971-09-14
53740800,338.41,338.41,338.41,338.41,1,50,0,1971-09-15
53827200,337.84,337.84,337.84,337.84,1,50,0,1971-09-16
53913600,337.95,337.95,337.95,337.95,1,50,0,1971-09-17
54172800,337.27,337.27,337.27,337.27,1,50,0,1971-09-20
54259200,337.34,337.34,337.34,337.34,1,50,0,1971-09-21
54345600,337.44,337.44,337.44,337.44,1,50,0,1971-09-22
54432000,337.27,337.27,337.27,337.27,1,50,0,1971-09-23
54518400,336.98,336.98,336.98,336.98,1,50,0,1971-09-24
54777600,336.25,336.25,336.25,336.25,1,50,0,1971-09-27
54864000,336.36,336.36,336.36,336.36,1,50,0,1971-09-28
54950400,335.57,335.57,335.57,335.57,1,50,0,1971-09-29
55036800,335.35,335.35,335.35,335.35,1,50,0,1971-09-30
55123200,333.39,333.39,333.39,333.39,1,50,0,1971-10-01
55382400,333.17,333.17,333.17,333.17,1,50,0,1971-10-04
55468800,333.14,333.14,333.14,333.14,1,50,0,1971-10-05
55555200,332.65,332.65,332.65,332.65,1,50,0,1971-10-06
55641600,332.61,332.61,332.61,332.61,1,50,0,1971-10-07
55728000,332.37,332.37,332.37,332.37,1,50,0,1971-10-08
56073600,330.52,330.52,330.52,330.52,1,50,0,1971-10-12
56160000,331.4,331.4,331.4,331.4,1,50,0,1971-10-13
56246400,330.85,330.85,330.85,330.85,1,50,0,1971-10-14
56332800,330.58,330.58,330.58,330.58,1,50,0,1971-10-15
56592000,329.6,329.6,329.6,329.6,1,50,0,1971-10-18
56678400,330.85,330.85,330.85,330.85,1,50,0,1971-10-19
56764800,331.07,331.07,331.07,331.07,1,50,0,1971-10-20
56851200,330.79,330.79,330.79,330.79,1,50,0,1971-10-21
56937600,330.36,330.36,330.36,330.36,1,50,0,1971-10-22
57283200,329.0,329.0,329.0,329.0,1,50,0,1971-10-26
57369600,329.54,329.54,329.54,329.54,1,50,0,1971-10-27
57456000,329.71,329.71,329.71,329.71,1,50,0,1971-10-28
57542400,329.5,329.5,329.5,329.5,1,50,0,1971-10-29
57801600,329.45,329.45,329.45,329.45,1,50,0,1971-11-01
57974400,329.5,329.5,329.5,329.5,1,50,0,1971-11-03
58060800,330.87,330.87,330.87,330.87,1,50,0,1971-11-04
58147200,329.16,329.16,329.16,329.16,1,50,0,1971-11-05
58406400,329.22,329.22,329.22,329.22,1,50,0,1971-11-08
58492800,329.16,329.16,329.16,329.16,1,50,0,1971-11-09
58579200,329.11,329.11,329.11,329.11,1,50,0,1971-11-10
58665600,329.11,329.11,329.11,329.11,1,50,0,1971-11-11
58752000,329.49,329.49,329.49,329.49,1,50,0,1971-11-12
59011200,328.73,328.73,328.73,328.73,1,50,0,1971-11-15
59097600,328.62,328.62,328.62,328.62,1,50,0,1971-11-16
59184000,328.8,328.8,328.8,328.8,1,50,0,1971-11-17
59270400,328.68,328.68,328.68,328.68,1,50,0,1971-11-18
59356800,328.4,328.4,328.4,328.4,1,50,0,1971-11-19
59616000,328.41,328.41,328.41,328.41,1,50,0,1971-11-22
59702400,328.19,328.19,328.19,328.19,1,50,0,1971-11-23
59788800,328.04,328.04,328.04,328.04,1,50,0,1971-11-24
59961600,327.6,327.6,327.6,327.6,1,50,0,1971-11-26
60220800,327.06,327.06,327.06,327.06,1,50,0,1971-11-29
60307200,327.44,327.44,327.44,327.44,1,50,0,1971-11-30
60393600,327.6,327.6,327.6,327.6,1,50,0,1971-12-01
60480000,326.0,326.0,326.0,326.0,1,50,0,1971-12-02
60566400,325.1,325.1,325.1,325.1,1,50,0,1971-12-03
60825600,326.53,326.53,326.53,326.53,1,50,0,1971-12-06
60912000,323.62,323.62,323.62,323.62,1,50,0,1971-12-07
60998400,323.5,323.5,323.5,323.5,1,50,0,1971-12-08
61084800,323.52,323.52,323.52,323.52,1,50,0,1971-12-09
61171200,323.1,323.1,323.1,323.1,1,50,0,1971-12-10
61430400,322.79,322.79,322.79,322.79,1,50,0,1971-12-13
61516800,322.58,322.58,322.58,322.58,1,50,0,1971-12-14
61603200,321.54,321.54,321.54,321.54,1,50,0,1971-12-15
61689600,320.0,320.0,320.0,320.0,1,50,0,1971-12-16
61776000,320.36,320.36,320.36,320.36,1,50,0,1971-12-17
62121600,314.98,314.98,314.98,314.98,1,50,0,1971-12-21
62208000,314.96,314.96,314.96,314.96,1,50,0,1971-12-22
62294400,315.01,315.01,315.01,315.01,1,50,0,1971-12-23
62380800,315.21,315.21,315.21,315.21,1,50,0,1971-12-24
62640000,314.96,314.96,314.96,314.96,1,50,0,1971-12-27
62726400,315.01,315.01,315.01,315.01,1,50,0,1971-12-28
62812800,315.21,315.21,315.21,315.21,1,50,0,1971-12-29
62899200,315.01,315.01,315.01,315.01,1,50,0,1971-12-30
62985600,315.01,315.01,315.01,315.01,1,50,0,1971-12-31
63244800,314.86,314.86,314.86,314.86,1,50,0,1972-01-03
63331200,314.96,314.96,314.96,314.96,1,50,0,1972-01-04
63417600,314.86,314.86,314.86,314.86,1,50,0,1972-01-05
63504000,312.01,312.01,312.01,312.01,1,50,0,1972-01-06
63590400,312.5,312.5,312.5,312.5,1,50,0,1972-01-07
63849600,312.99,312.99,312.99,312.99,1,50,0,1972-01-10
63936000,314.47,314.47,314.47,314.47,1,50,0,1972-01-11
64022400,313.48,313.48,313.48,313.48,1,50,0,1972-01-12
64108800,313.97,313.97,313.97,313.97,1,50,0,1972-01-13
64195200,312.99,312.99,312.99,312.99,1,50,0,1972-01-14
64454400,313.38,313.38,313.38,313.38,1,50,0,1972-01-17
64540800,312.89,312.89,312.89,312.89,1,50,0,1972-01-18
64627200,312.79,312.79,312.79,312.79,1,50,0,1972-01-19
64713600,312.01,312.01,312.01,312.01,1,50,0,1972-01-20
64800000,312.3,312.3,312.3,312.3,1,50,0,1972-01-21
65059200,312.21,312.21,312.21,312.21,1,50,0,1972-01-24
65145600,311.82,311.82,311.82,311.82,1,50,0,1972-01-25
65232000,311.53,311.53,311.53,311.53,1,50,0,1972-01-26
65318400,310.08,310.08,310.08,310.08,1,50,0,1972-01-27
65404800,310.46,310.46,310.46,310.46,1,50,0,1972-01-28
65664000,310.56,310.56,310.56,310.56,1,50,0,1972-01-31
65750400,310.37,310.37,310.37,310.37,1,50,0,1972-02-01
65836800,308.55,308.55,308.55,308.55,1,50,0,1972-02-02
65923200,309.12,309.12,309.12,309.12,1,50,0,1972-02-03
66009600,308.64,308.64,308.64,308.64,1,50,0,1972-02-04
66268800,308.17,308.17,308.17,308.17,1,50,0,1972-02-07
66355200,307.69,307.69,307.69,307.69,1,50,0,1972-02-08
66441600,304.79,304.79,304.79,304.79,1,50,0,1972-02-09
66528000,304.69,304.69,304.69,304.69,1,50,0,1972-02-10
66614400,304.69,304.69,304.69,304.69,1,50,0,1972-02-11
66873600,304.23,304.23,304.23,304.23,1,50,0,1972-02-14
66960000,304.14,304.14,304.14,304.14,1,50,0,1972-02-15
67046400,303.95,303.95,303.95,303.95,1,50,0,1972-02-16
67132800,303.95,303.95,303.95,303.95,1,50,0,1972-02-17
67219200,303.49,303.49,303.49,303.49,1,50,0,1972-02-18
67564800,302.85,302.85,302.85,302.85,1,50,0,1972-02-22
67651200,302.48,302.48,302.48,302.48,1,50,0,1972-02-23
67737600,302.11,302.11,302.11,302.11,1,50,0,1972-02-24
67824000,302.48,302.48,302.48,302.48,1,50,0,1972-02-25
68083200,303.95,303.95,303.95,303.95,1,50,0,1972-02-28
68169600,303.4,303.4,303.4,303.4,1,50,0,1972-02-29
68256000,303.21,303.21,303.21,303.21,1,50,0,1972-03-01
68342400,303.03,303.03,303.03,303.03,1,50,0,1972-03-02
68428800,302.66,302.66,302.66,302.66,1,50,0,1972-03-03
68688000,302.75,302.75,302.75,302.75,1,50,0,1972-03-06
68774400,302.3,302.3,302.3,302.3,1,50,0,1972-03-07
68860800,302.02,302.02,302.02,302.02,1,50,0,1972-03-08
68947200,301.66,301.66,301.66,301.66,1,50,0,1972-03-09
69033600,301.93,301.93,301.93,301.93,1,50,0,1972-03-10
69292800,302.3,302.3,302.3,302.3,1,50,0,1972-03-13
69379200,302.21,302.21,302.21,302.21,1,50,0,1972-03-14
69465600,302.11,302.11,302.11,302.11,1,50,0,1972-03-15
69552000,302.02,302.02,302.02,302.02,1,50,0,1972-03-16
69638400,302.11,302.11,302.11,302.11,1,50,0,1972-03-17
69897600,302.3,302.3,302.3,302.3,1,50,0,1972-03-20
69984000,302.11,302.11,302.11,302.11,1,50,0,1972-03-21
70070400,302.11,302.11,302.11,302.11,1,50,0,1972-03-22
70156800,301.93,301.93,301.93,301.93,1,50,0,1972-03-23
70243200,302.3,302.3,302.3,302.3,1,50,0,1972-03-24
70502400,302.57,302.57,302.57,302.57,1,50,0,1972-03-27
70588800,302.85,302.85,302.85,302.85,1,50,0,1972-03-28
70675200,303.77,303.77,303.77,303.77,1,50,0,1972-03-29
70761600,303.77,303.77,303.77,303.77,1,50,0,1972-03-30
70848000,304.32,304.32,304.32,304.32,1,50,0,1972-03-31
71107200,304.14,304.14,304.14,304.14,1,50,0,1972-04-03
71193600,304.97,304.97,304.97,304.97,1,50,0,1972-04-04
71280000,305.16,305.16,305.16,305.16,1,50,0,1972-04-05
71366400,304.88,304.88,304.88,304.88,1,50,0,1972-04-06
71452800,303.21,303.21,303.21,303.21,1,50,0,1972-04-07
71712000,302.11,302.11,302.11,302.11,1,50,0,1972-04-10
71798400,302.3,302.3,302.3,302.3,1,50,0,1972-04-11
71884800,302.43,302.43,302.43,302.43,1,50,0,1972-04-12
71971200,302.57,302.57,302.57,302.57,1,50,0,1972-04-13
72057600,302.94,302.94,302.94,302.94,1,50,0,1972-04-14
72316800,302.57,302.57,302.57,302.57,1,50,0,1972-04-17
72403200,302.39,302.39,302.39,302.39,1,50,0,1972-04-18
72489600,302.94,302.94,302.94,302.94,1,50,0,1972-04-19
72576000,303.03,303.03,303.03,303.03,1,50,0,1972-04-20
72662400,303.21,303.21,303.21,303.21,1,50,0,1972-04-21
72921600,305.16,305.16,305.16,305.16,1,50,0,1972-04-24
73008000,304.32,304.32,304.32,304.32,1,50,0,1972-04-25
73094400,303.77,303.77,303.77,303.77,1,50,0,1972-04-26
73180800,304.23,304.23,304.23,304.23,1,50,0,1972-04-27
73267200,304.88,304.88,304.88,304.88,1,50,0,1972-04-28
73526400,304.41,304.41,304.41,304.41,1,50,0,1972-05-01
73612800,304.23,304.23,304.23,304.23,1,50,0,1972-05-02
73699200,304.32,304.32,304.32,304.32,1,50,0,1972-05-03
73785600,304.23,304.23,304.23,304.23,1,50,0,1972-05-04
73872000,304.32,304.32,304.32,304.32,1,50,0,1972-05-05
74131200,305.06,305.06,305.06,305.06,1,50,0,1972-05-08
74217600,304.97,304.97,304.97,304.97,1,50,0,1972-05-09
74304000,303.77,303.77,303.77,303.77,1,50,0,1972-05-10
74390400,303.58,303.58,303.58,303.58,1,50,0,1972-05-11
74476800,303.86,303.86,303.86,303.86,1,50,0,1972-05-12
74736000,304.32,304.32,304.32,304.32,1,50,0,1972-05-15
74822400,304.41,304.41,304.41,304.41,1,50,0,1972-05-16
74908800,304.51,304.51,304.51,304.51,1,50,0,1972-05-17
74995200,304.6,304.6,304.6,304.6,1,50,0,1972-05-18
75081600,304.04,304.04,304.04,304.04,1,50,0,1972-05-19
75340800,304.41,304.41,304.41,304.41,1,50,0,1972-05-22
75427200,304.23,304.23,304.23,304.23,1,50,0,1972-05-23
75513600,304.32,304.32,304.32,304.32,1,50,0,1972-05-24
75600000,304.32,304.32,304.32,304.32,1,50,0,1972-05-25
75686400,304.41,304.41,304.41,304.41,1,50,0,1972-05-26
76032000,305.34,305.34,305.34,305.34,1,50,0,1972-05-30
76118400,304.69,304.69,304.69,304.69,1,50,0,1972-05-31
76204800,304.41,304.41,304.41,304.41,1,50,0,1972-06-01
76291200,304.23,304.23,304.23,304.23,1,50,0,1972-06-02
76550400,304.69,304.69,304.69,304.69,1,50,0,1972-06-05
76636800,304.51,304.51,304.51,304.51,1,50,0,1972-06-06
76723200,304.41,304.41,304.41,304.41,1,50,0,1972-06-07
76809600,304.32,304.32,304.32,304.32,1,50,0,1972-06-08
76896000,304.23,304.23,304.23,304.23,1,50,0,1972-06-09
77155200,304.51,304.51,304.51,304.51,1,50,0,1972-06-12
77241600,304.04,304.04,304.04,304.04,1,50,0,1972-06-13
77328000,303.95,303.95,303.95,303.95,1,50,0,1972-06-14
77414400,304.04,304.04,304.04,304.04,1,50,0,1972-06-15
77500800,303.95,303.95,303.95,303.95,1,50,0,1972-06-16
77760000,303.86,303.86,303.86,303.86,1,50,0,1972-06-19
77846400,303.4,303.4,303.4,303.4,1,50,0,1972-06-20
77932800,302.94,302.94,302.94,302.94,1,50,0,1972-06-21
78019200,302.07,302.07,302.07,302.07,1,50,0,1972-06-22
78105600,294.12,294.12,294.12,294.12,1,50,0,1972-06-23
78364800,298.51,298.51,298.51,298.51,1,50,0,1972-06-26
78451200,298.51,298.51,298.51,298.51,1,50,0,1972-06-27
78537600,296.74,296.74,296.74,296.74,1,50,0,1972-06-28
78624000,300.75,300.75,300.75,300.75,1,50,0,1972-06-29
78710400,300.93,300.93,300.93,300.93,1,50,0,1972-06-30
78969600,300.84,300.84,300.84,300.84,1,50,0,1972-07-03
79142400,300.03,300.03,300.03,300.03,1,50,0,1972-07-05
79228800,300.57,300.57,300.57,300.57,1,50,0,1972-07-06
79315200,300.93,300.93,300.93,300.93,1,50,0,1972-07-07
79574400,301.3,301.3,301.3,301.3,1,50,0,1972-07-10
79660800,301.57,301.57,301.57,301.57,1,50,0,1972-07-11
79747200,301.2,301.2,301.2,301.2,1,50,0,1972-07-12
79833600,301.02,301.02,301.02,301.02,1,50,0,1972-07-13
79920000,301.2,301.2,301.2,301.2,1,50,0,1972-07-14
80179200,301.02,301.02,301.02,301.02,1,50,0,1972-07-17
80265600,300.75,300.75,300.75,300.75,1,50,0,1972-07-18
80352000,301.2,301.2,301.2,301.2,1,50,0,1972-07-19
80438400,300.93,300.93,300.93,300.93,1,50,0,1972-07-20
80524800,301.11,301.11,301.11,301.11,1,50,0,1972-07-21
80784000,301.2,301.2,301.2,301.2,1,50,0,1972-07-24
80870400,300.75,300.75,300.75,300.75,1,50,0,1972-07-25
80956800,301.2,301.2,301.2,301.2,1,50,0,1972-07-26
81043200,301.2,301.2,301.2,301.2,1,50,0,1972-07-27
81129600,301.2,301.2,301.2,301.2,1,50,0,1972-07-28
81388800,301.39,301.39,301.39,301.39,1,50,0,1972-07-31
81475200,301.2,301.2,301.2,301.2,1,50,0,1972-08-01
81561600,301.2,301.2,301.2,301.2,1,50,0,1972-08-02
81648000,301.2,301.2,301.2,301.2,1,50,0,1972-08-03
81734400,300.93,300.93,300.93,300.93,1,50,0,1972-08-04
81993600,301.11,301.11,301.11,301.11,1,50,0,1972-08-07
82080000,301.2,301.2,301.2,301.2,1,50,0,1972-08-08
82166400,301.2,301.2,301.2,301.2,1,50,0,1972-08-09
82252800,301.11,301.11,301.11,301.11,1,50,0,1972-08-10
82339200,301.11,301.11,301.11,301.11,1,50,0,1972-08-11
82598400,301.11,301.11,301.11,301.11,1,50,0,1972-08-14
82684800,301.2,301.2,301.2,301.2,1,50,0,1972-08-15
82771200,301.2,301.2,301.2,301.2,1,50,0,1972-08-16
82857600,301.2,301.2,301.2,301.2,1,50,0,1972-08-17
82944000,301.2,301.2,301.2,301.2,1,50,0,1972-08-18
83203200,301.11,301.11,301.11,301.11,1,50,0,1972-08-21
83289600,301.2,301.2,301.2,301.2,1,50,0,1972-08-22
83376000,301.2,301.2,301.2,301.2,1,50,0,1972-08-23
83462400,301.2,301.2,301.2,301.2,1,50,0,1972-08-24
83548800,301.2,301.2,301.2,301.2,1,50,0,1972-08-25
83808000,301.2,301.2,301.2,301.2,1,50,0,1972-08-28
83894400,301.2,301.2,301.2,301.2,1,50,0,1972-08-29
83980800,301.11,301.11,301.11,301.11,1,50,0,1972-08-30
84067200,301.11,301.11,301.11,301.11,1,50,0,1972-08-31
84153600,301.11,301.11,301.11,301.11,1,50,0,1972-09-01
84499200,301.2,301.2,301.2,301.2,1,50,0,1972-09-05
84585600,301.2,301.2,301.2,301.2,1,50,0,1972-09-06
84672000,301.11,301.11,301.11,301.11,1,50,0,1972-09-07
84758400,301.11,301.11,301.11,301.11,1,50,0,1972-09-08
85017600,301.2,301.2,301.2,301.2,1,50,0,1972-09-11
85104000,301.11,301.11,301.11,301.11,1,50,0,1972-09-12
85190400,301.11,301.11,301.11,301.11,1,50,0,1972-09-13
85276800,301.11,301.11,301.11,301.11,1,50,0,1972-09-14
85363200,301.11,301.11,301.11,301.11,1,50,0,1972-09-15
85622400,301.11,301.11,301.11,301.11,1,50,0,1972-09-18
85708800,301.11,301.11,301.11,301.11,1,50,0,1972-09-19
85795200,301.11,301.11,301.11,301.11,1,50,0,1972-09-20
85881600,301.11,301.11,301.11,301.11,1,50,0,1972-09-21
85968000,301.11,301.11,301.11,301.11,1,50,0,1972-09-22
86227200,301.11,301.11,301.11,301.11,1,50,0,1972-09-25
86313600,301.11,301.11,301.11,301.11,1,50,0,1972-09-26
86400000,301.02,301.02,301.02,301.02,1,50,0,1972-09-27
86486400,301.11,301.11,301.11,301.11,1,50,0,1972-09-28
86572800,301.11,301.11,301.11,301.11,1,50,0,1972-09-29
86832000,301.11,301.11,301.11,301.11,1,50,0,1972-10-02
86918400,301.11,301.11,301.11,301.11,1,50,0,1972-10-03
87004800,301.11,301.11,301.11,301.11,1,50,0,1972-10-04
87091200,301.11,301.11,301.11,301.11,1,50,0,1972-10-05
87177600,300.93,300.93,300.93,300.93,1,50,0,1972-10-06
87523200,300.93,300.93,300.93,300.93,1,50,0,1972-10-10
87609600,301.02,301.02,301.02,301.02,1,50,0,1972-10-11
87696000,301.02,301.02,301.02,301.02,1,50,0,1972-10-12
87782400,301.11,301.11,301.11,301.11,1,50,0,1972-10-13
88041600,301.11,301.11,301.11,301.11,1,50,0,1972-10-16
88128000,301.11,301.11,301.11,301.11,1,50,0,1972-10-17
88214400,301.11,301.11,301.11,301.11,1,50,0,1972-10-18
88300800,301.02,301.02,301.02,301.02,1,50,0,1972-10-19
88387200,300.75,300.75,300.75,300.75,1,50,0,1972-10-20
88732800,301.02,301.02,301.02,301.02,1,50,0,1972-10-24
88819200,301.2,301.2,301.2,301.2,1,50,0,1972-10-25
88905600,300.84,300.84,300.84,300.84,1,50,0,1972-10-26
88992000,300.48,300.48,300.48,300.48,1,50,0,1972-10-27
89251200,301.02,301.02,301.02,301.02,1,50,0,1972-10-30
89337600,301.11,301.11,301.11,301.11,1,50,0,1972-10-31
89424000,301.02,301.02,301.02,301.02,1,50,0,1972-11-01
89510400,300.66,300.66,300.66,300.66,1,50,0,1972-11-02
89596800,299.94,299.94,299.94,299.94,1,50,0,1972-11-03
89856000,301.02,301.02,301.02,301.02,1,50,0,1972-11-06
90028800,301.02,301.02,301.02,301.02,1,50,0,1972-11-08
90115200,301.02,301.02,301.02,301.02,1,50,0,1972-11-09
90201600,300.93,300.93,300.93,300.93,1,50,0,1972-11-10
90460800,301.02,301.02,301.02,301.02,1,50,0,1972-11-13
90547200,301.02,301.02,301.02,301.02,1,50,0,1972-11-14
90633600,301.11,301.11,301.11,301.11,1,50,0,1972-11-15
90720000,301.11,301.11,301.11,301.11,1,50,0,1972-11-16
90806400,301.02,301.02,301.02,301.02,1,50,0,1972-11-17
91065600,301.11,301.11,301.11,301.11,1,50,0,1972-11-20
91152000,301.11,301.11,301.11,301.11,1,50,0,1972-11-21
91238400,301.11,301.11,301.11,301.11,1,50,0,1972-11-22
91411200,301.02,301.02,301.02,301.02,1,50,0,1972-11-24
91670400,301.11,301.11,301.11,301.11,1,50,0,1972-11-27
91756800,301.2,301.2,301.2,301.2,1,50,0,1972-11-28
91843200,301.11,301.11,301.11,301.11,1,50,0,1972-11-29
91929600,301.11,301.11,301.11,301.11,1,50,0,1972-11-30
92016000,301.11,301.11,301.11,301.11,1,50,0,1972-12-01
92275200,301.11,301.11,301.11,301.11,1,50,0,1972-12-04
92361600,301.11,301.11,301.11,301.11,1,50,0,1972-12-05
92448000,301.11,301.11,301.11,301.11,1,50,0,1972-12-06
92534400,301.11,301.11,301.11,301.11,1,50,0,1972-12-07
92620800,301.11,301.11,301.11,301.11,1,50,0,1972-12-08
92880000,301.07,301.07,301.07,301.07,1,50,0,1972-12-11
92966400,301.11,301.11,301.11,301.11,1,50,0,1972-12-12
93052800,301.11,301.11,301.11,301.11,1,50,0,1972-12-13
93139200,301.11,301.11,301.11,301.11,1,50,0,1972-12-14
93225600,301.11,301.11,301.11,301.11,1,50,0,1972-12-15
93484800,301.11,301.11,301.11,301.11,1,50,0,1972-12-18
93571200,301.11,301.11,301.11,301.11,1,50,0,1972-12-19
93657600,301.11,301.11,301.11,301.11,1,50,0,1972-12-20
93744000,301.11,301.11,301.11,301.11,1,50,0,1972-12-21
93830400,301.11,301.11,301.11,301.11,1,50,0,1972-12-22
94176000,301.39,301.39,301.39,301.39,1,50,0,1972-12-26
94262400,302.02,302.02,302.02,302.02,1,50,0,1972-12-27
94348800,302.02,302.02,302.02,302.02,1,50,0,1972-12-28
94435200,301.66,301.66,301.66,301.66,1,50,0,1972-12-29
94780800,301.39,301.39,301.39,301.39,1,50,0,1973-01-02
94867200,301.43,301.43,301.43,301.43,1,50,0,1973-01-03
94953600,301.2,301.2,301.2,301.2,1,50,0,1973-01-04
95040000,301.3,301.3,301.3,301.3,1,50,0,1973-01-05
95299200,302.21,302.21,302.21,302.21,1,50,0,1973-01-08
95385600,302.07,302.07,302.07,302.07,1,50,0,1973-01-09
95472000,301.84,301.84,301.84,301.84,1,50,0,1973-01-10
95558400,301.48,301.48,301.48,301.48,1,50,0,1973-01-11
95644800,301.66,301.66,301.66,301.66,1,50,0,1973-01-12
95904000,301.66,301.66,301.66,301.66,1,50,0,1973-01-15
95990400,301.93,301.93,301.93,301.93,1,50,0,1973-01-16
96076800,302.11,302.11,302.11,302.11,1,50,0,1973-01-17
96163200,302.21,302.21,302.21,302.21,1,50,0,1973-01-18
96249600,302.57,302.57,302.57,302.57,1,50,0,1973-01-19
96508800,302.48,302.48,302.48,302.48,1,50,0,1973-01-22
96595200,301.66,301.66,301.66,301.66,1,50,0,1973-01-23
96681600,302.11,302.11,302.11,302.11,1,50,0,1973-01-24
96768000,301.84,301.84,301.84,301.84,1,50,0,1973-01-25
96854400,301.75,301.75,301.75,301.75,1,50,0,1973-01-26
97113600,301.66,301.66,301.66,301.66,1,50,0,1973-01-29
97200000,301.39,301.39,301.39,301.39,1,50,0,1973-01-30
97286400,301.39,301.39,301.39,301.39,1,50,0,1973-01-31
97372800,300.93,300.93,300.93,300.93,1,50,0,1973-02-01
97459200,299.58,299.58,299.58,299.58,1,50,0,1973-02-02
97718400,300.75,300.75,300.75,300.75,1,50,0,1973-02-05
97804800,299.85,299.85,299.85,299.85,1,50,0,1973-02-06
97891200,299.85,299.85,299.85,299.85,1,50,0,1973-02-07
97977600,299.4,299.4,299.4,299.4,1,50,0,1973-02-08
98064000,293.26,293.26,293.26,293.26,1,50,0,1973-02-09
98409600,266.67,266.67,266.67,266.67,1,50,0,1973-02-13
98496000,265.96,265.96,265.96,265.96,1,50,0,1973-02-14
98582400,263.02,263.02,263.02,263.02,1,50,0,1973-02-15
98668800,263.85,263.85,263.85,263.85,1,50,0,1973-02-16
99014400,265.96,265.96,265.96,265.96,1,50,0,1973-02-20
99100800,264.9,264.9,264.9,264.9,1,50,0,1973-02-21
99187200,265.46,265.46,265.46,265.46,1,50,0,1973-02-22
99273600,264.9,264.9,264.9,264.9,1,50,0,1973-02-23
99532800,265.6,265.6,265.6,265.6,1,50,0,1973-02-26
99619200,265.96,265.96,265.96,265.96,1,50,0,1973-02-27
99705600,265.67,265.67,265.67,265.67,1,50,0,1973-02-28
99792000,265.6,265.6,265.6,265.6,1,50,0,1973-03-01
99878400,262.12,262.12,262.12,262.12,1,50,0,1973-03-02
100137600,259.07,259.07,259.07,259.07,1,50,0,1973-03-05
100224000,261.78,261.78,261.78,261.78,1,50,0,1973-03-06
100310400,261.92,261.92,261.92,261.92,1,50,0,1973-03-07
100396800,261.44,261.44,261.44,261.44,1,50,0,1973-03-08
100483200,260.42,260.42,260.42,260.42,1,50,0,1973-03-09
100742400,257.07,257.07,257.07,257.07,1,50,0,1973-03-12
100828800,254.97,254.97,254.97,254.97,1,50,0,1973-03-13
100915200,254.45,254.45,254.45,254.45,1,50,0,1973-03-14
101001600,255.75,255.75,255.75,255.75,1,50,0,1973-03-15
101088000,260.08,260.08,260.08,260.08,1,50,0,1973-03-16
101347200,263.16,263.16,263.16,263.16,1,50,0,1973-03-19
101433600,263.16,263.16,263.16,263.16,1,50,0,1973-03-20
101520000,263.16,263.16,263.16,263.16,1,50,0,1973-03-21
101606400,263.5,263.5,263.5,263.5,1,50,0,1973-03-22
101692800,266.03,266.03,266.03,266.03,1,50,0,1973-03-23
101952000,265.53,265.53,265.53,265.53,1,50,0,1973-03-26
102038400,265.39,265.39,265.39,265.39,1,50,0,1973-03-27
102124800,265.6,265.6,265.6,265.6,1,50,0,1973-03-28
102211200,265.67,265.67,265.67,265.67,1,50,0,1973-03-29
102297600,265.96,265.96,265.96,265.96,1,50,0,1973-03-30
102556800,266.03,266.03,266.03,266.03,1,50,0,1973-04-02
102643200,265.46,265.46,265.46,265.46,1,50,0,1973-04-03
102729600,264.97,264.97,264.97,264.97,1,50,0,1973-04-04
102816000,264.55,264.55,264.55,264.55,1,50,0,1973-04-05
102902400,264.76,264.76,264.76,264.76,1,50,0,1973-04-06
103161600,265.53,265.53,265.53,265.53,1,50,0,1973-04-09
103248000,265.53,265.53,265.53,265.53,1,50,0,1973-04-10
103334400,265.67,265.67,265.67,265.67,1,50,0,1973-04-11
103420800,266.03,266.03,266.03,266.03,1,50,0,1973-04-12
103507200,265.89,265.89,265.89,265.89,1,50,0,1973-04-13
103766400,265.6,265.6,265.6,265.6,1,50,0,1973-04-16
103852800,265.46,265.46,265.46,265.46,1,50,0,1973-04-17
103939200,265.46,265.46,265.46,265.46,1,50,0,1973-04-18
104025600,265.53,265.53,265.53,265.53,1,50,0,1973-04-19
104112000,265.6,265.6,265.6,265.6,1,50,0,1973-04-20
104371200,265.6,265.6,265.6,265.6,1,50,0,1973-04-23
104457600,265.46,265.46,265.46,265.46,1,50,0,1973-04-24
104544000,265.46,265.46,265.46,265.46,1,50,0,1973-04-25
104630400,265.6,265.6,265.6,265.6,1,50,0,1973-04-26
104716800,265.6,265.6,265.6,265.6,1,50,0,1973-04-27
104976000,265.53,265.53,265.53,265.53,1,50,0,1973-04-30
105062400,265.53,265.53,265.53,265.53,1,50,0,1973-05-01
105148800,265.53,265.53,265.53,265.53,1,50,0,1973-05-02
105235200,265.53,265.53,265.53,265.53,1,50,0,1973-05-03
105321600,265.53,265.53,265.53,265.53,1,50,0,1973-05-04
105580800,265.53,265.53,265.53,265.53,1,50,0,1973-05-07
105667200,265.67,265.67,265.67,265.67,1,50,0,1973-05-08
105753600,265.04,265.04,265.04,265.04,1,50,0,1973-05-09
105840000,265.04,265.04,265.04,265.04,1,50,0,1973-05-10
105926400,265.46,265.46,265.46,265.46,1,50,0,1973-05-11
106185600,264.76,264.76,264.76,264.76,1,50,0,1973-05-14
106272000,262.47,262.47,262.47,262.47,1,50,0,1973-05-15
106358400,262.95,262.95,262.95,262.95,1,50,0,1973-05-16
106444800,264.48,264.48,264.48,264.48,1,50,0,1973-05-17
106531200,264.27,264.27,264.27,264.27,1,50,0,1973-05-18
106790400,262.95,262.95,262.95,262.95,1,50,0,1973-05-21
106876800,263.57,263.57,263.57,263.57,1,50,0,1973-05-22
106963200,264.2,264.2,264.2,264.2,1,50,0,1973-05-23
107049600,264.55,264.55,264.55,264.55,1,50,0,1973-05-24
107136000,264.83,264.83,264.83,264.83,1,50,0,1973-05-25
107481600,264.9,264.9,264.9,264.9,1,50,0,1973-05-29
107568000,264.83,264.83,264.83,264.83,1,50,0,1973-05-30
107654400,264.69,264.69,264.69,264.69,1,50,0,1973-05-31
107740800,264.06,264.06,264.06,264.06,1,50,0,1973-06-01
108000000,262.88,262.88,262.88,262.88,1,50,0,1973-06-04
108086400,262.88,262.88,262.88,262.88,1,50,0,1973-06-05
108172800,264.13,264.13,264.13,264.13,1,50,0,1973-06-06
108259200,264.27,264.27,264.27,264.27,1,50,0,1973-06-07
108345600,264.41,264.41,264.41,264.41,1,50,0,1973-06-08
108604800,264.69,264.69,264.69,264.69,1,50,0,1973-06-11
108691200,264.69,264.69,264.69,264.69,1,50,0,1973-06-12
108777600,264.62,264.62,264.62,264.62,1,50,0,1973-06-13
108864000,264.69,264.69,264.69,264.69,1,50,0,1973-06-14
108950400,264.69,264.69,264.69,264.69,1,50,0,1973-06-15
109209600,264.69,264.69,264.69,264.69,1,50,0,1973-06-18
109296000,264.83,264.83,264.83,264.83,1,50,0,1973-06-19
109382400,264.97,264.97,264.97,264.97,1,50,0,1973-06-20
109468800,265.04,265.04,265.04,265.04,1,50,0,1973-06-21
109555200,265.04,265.04,265.04,265.04,1,50,0,1973-06-22
109814400,265.18,265.18,265.18,265.18,1,50,0,1973-06-25
109900800,265.18,265.18,265.18,265.18,1,50,0,1973-06-26
109987200,265.18,265.18,265.18,265.18,1,50,0,1973-06-27
110073600,265.18,265.18,265.18,265.18,1,50,0,1973-06-28
110160000,263.16,263.16,263.16,263.16,1,50,0,1973-06-29
110419200,265.25,265.25,265.25,265.25,1,50,0,1973-07-02
110505600,265.04,265.04,265.04,265.04,1,50,0,1973-07-03
110678400,265.11,265.11,265.11,265.11,1,50,0,1973-07-05
110764800,262.12,262.12,262.12,262.12,1,50,0,1973-07-06
111024000,259.4,259.4,259.4,259.4,1,50,0,1973-07-09
111110400,263.16,263.16,263.16,263.16,1,50,0,1973-07-10
111196800,264.83,264.83,264.83,264.83,1,50,0,1973-07-11
111283200,264.76,264.76,264.76,264.76,1,50,0,1973-07-12
111369600,265.04,265.04,265.04,265.04,1,50,0,1973-07-13
111628800,265.11,265.11,265.11,265.11,1,50,0,1973-07-16
111715200,265.25,265.25,265.25,265.25,1,50,0,1973-07-17
111801600,265.11,265.11,265.11,265.11,1,50,0,1973-07-18
111888000,265.18,265.18,265.18,265.18,1,50,0,1973-07-19
111974400,265.6,265.6,265.6,265.6,1,50,0,1973-07-20
112233600,266.17,266.17,266.17,266.17,1,50,0,1973-07-23
112320000,265.6,265.6,265.6,265.6,1,50,0,1973-07-24
112406400,265.53,265.53,265.53,265.53,1,50,0,1973-07-25
112492800,265.6,265.6,265.6,265.6,1,50,0,1973-07-26
112579200,264.76,264.76,264.76,264.76,1,50,0,1973-07-27
112838400,263.57,263.57,263.57,263.57,1,50,0,1973-07-30
112924800,263.44,263.44,263.44,263.44,1,50,0,1973-07-31
113011200,263.44,263.44,263.44,263.44,1,50,0,1973-08-01
113097600,264.76,264.76,264.76,264.76,1,50,0,1973-08-02
113184000,265.39,265.39,265.39,265.39,1,50,0,1973-08-03
113443200,265.11,265.11,265.11,265.11,1,50,0,1973-08-06
113529600,265.25,265.25,265.25,265.25,1,50,0,1973-08-07
113616000,265.18,265.18,265.18,265.18,1,50,0,1973-08-08
113702400,265.11,265.11,265.11,265.11,1,50,0,1973-08-09
113788800,265.25,265.25,265.25,265.25,1,50,0,1973-08-10
114048000,265.46,265.46,265.46,265.46,1,50,0,1973-08-13
114134400,265.46,265.46,265.46,265.46,1,50,0,1973-08-14
114220800,265.46,265.46,265.46,265.46,1,50,0,1973-08-15
114307200,265.39,265.39,265.39,265.39,1,50,0,1973-08-16
114393600,265.53,265.53,265.53,265.53,1,50,0,1973-08-17
114652800,265.6,265.6,265.6,265.6,1,50,0,1973-08-20
114739200,265.18,265.18,265.18,265.18,1,50,0,1973-08-21
114825600,265.25,265.25,265.25,265.25,1,50,0,1973-08-22
114912000,265.25,265.25,265.25,265.25,1,50,0,1973-08-23
114998400,265.25,265.25,265.25,265.25,1,50,0,1973-08-24
115257600,265.32,265.32,265.32,265.32,1,50,0,1973-08-27
115344000,265.32,265.32,265.32,265.32,1,50,0,1973-08-28
115430400,265.32,265.32,265.32,265.32,1,50,0,1973-08-29
115516800,265.39,265.39,265.39,265.39,1,50,0,1973-08-30
115603200,265.39,265.39,265.39,265.39,1,50,0,1973-08-31
115948800,265.46,265.46,265.46,265.46,1,50,0,1973-09-04
116035200,265.39,265.39,265.39,265.39,1,50,0,1973-09-05
116121600,265.39,265.39,265.39,265.39,1,50,0,1973-09-06
116208000,265.39,265.39,265.39,265.39,1,50,0,1973-09-07
116467200,265.39,265.39,265.39,265.39,1,50,0,1973-09-10
116553600,265.46,265.46,265.46,265.46,1,50,0,1973-09-11
116640000,265.6,265.6,265.6,265.6,1,50,0,1973-09-12
116726400,265.6,265.6,265.6,265.6,1,50,0,1973-09-13
116812800,265.6,265.6,265.6,265.6,1,50,0,1973-09-14
117072000,265.53,265.53,265.53,265.53,1,50,0,1973-09-17
117158400,265.53,265.53,265.53,265.53,1,50,0,1973-09-18
117244800,265.46,265.46,265.46,265.46,1,50,0,1973-09-19
117331200,265.39,265.39,265.39,265.39,1,50,0,1973-09-20
117417600,265.25,265.25,265.25,265.25,1,50,0,1973-09-21
117676800,265.39,265.39,265.39,265.39,1,50,0,1973-09-24
117763200,265.46,265.46,265.46,265.46,1,50,0,1973-09-25
117849600,265.53,265.53,265.53,265.53,1,50,0,1973-09-26
117936000,265.6,265.6,265.6,265.6,1,50,0,1973-09-27
118022400,265.6,265.6,265.6,265.6,1,50,0,1973-09-28
118281600,265.6,265.6,265.6,265.6,1,50,0,1973-10-01
118368000,265.75,265.75,265.75,265.75,1,50,0,1973-10-02
118454400,265.89,265.89,265.89,265.89,1,50,0,1973-10-03
118540800,265.96,265.96,265.96,265.96,1,50,0,1973-10-04
118627200,266.17,266.17,266.17,266.17,1,50,0,1973-10-05
118972800,266.31,266.31,266.31,266.31,1,50,0,1973-10-09
119059200,266.31,266.31,266.31,266.31,1,50,0,1973-10-10
119145600,266.24,266.24,266.24,266.24,1,50,0,1973-10-11
119232000,266.24,266.24,266.24,266.24,1,50,0,1973-10-12
119491200,266.45,266.45,266.45,266.45,1,50,0,1973-10-15
119577600,266.45,266.45,266.45,266.45,1,50,0,1973-10-16
119664000,266.38,266.38,266.38,266.38,1,50,0,1973-10-17
119750400,266.31,266.31,266.31,266.31,1,50,0,1973-10-18
119836800,266.38,266.38,266.38,266.38,1,50,0,1973-10-19
120182400,266.45,266.45,266.45,266.45,1,50,0,1973-10-23
120268800,266.38,266.38,266.38,266.38,1,50,0,1973-10-24
120355200,266.45,266.45,266.45,266.45,1,50,0,1973-10-25
120441600,266.67,266.67,266.67,266.67,1,50,0,1973-10-26
120700800,266.74,266.74,266.74,266.74,1,50,0,1973-10-29
120787200,266.95,266.95,266.95,266.95,1,50,0,1973-10-30
120873600,266.95,266.95,266.95,266.95,1,50,0,1973-10-31
120960000,270.27,270.27,270.27,270.27,1,50,0,1973-11-01
121046400,276.01,276.01,276.01,276.01,1,50,0,1973-11-02
121305600,275.18,275.18,275.18,275.18,1,50,0,1973-11-05
121478400,275.18,275.18,275.18,275.18,1,50,0,1973-11-07
121564800,275.25,275.25,275.25,275.25,1,50,0,1973-11-08
121651200,275.33,275.33,275.33,275.33,1,50,0,1973-11-09
121910400,275.25,275.25,275.25,275.25,1,50,0,1973-11-12
121996800,280.19,280.19,280.19,280.19,1,50,0,1973-11-13
122083200,280.66,280.66,280.66,280.66,1,50,0,1973-11-14
122169600,280.27,280.27,280.27,280.27,1,50,0,1973-11-15
122256000,280.11,280.11,280.11,280.11,1,50,0,1973-11-16
122515200,280.11,280.11,280.11,280.11,1,50,0,1973-11-19
122601600,280.43,280.43,280.43,280.43,1,50,0,1973-11-20
122688000,280.11,280.11,280.11,280.11,1,50,0,1973-11-21
122860800,280.66,280.66,280.66,280.66,1,50,0,1973-11-23
123120000,280.11,280.11,280.11,280.11,1,50,0,1973-11-26
123206400,280.11,280.11,280.11,280.11,1,50,0,1973-11-27
123292800,279.8,279.8,279.8,279.8,1,50,0,1973-11-28
123379200,280.11,280.11,280.11,280.11,1,50,0,1973-11-29
123465600,280.11,280.11,280.11,280.11,1,50,0,1973-11-30
123724800,280.11,280.11,280.11,280.11,1,50,0,1973-12-03
123811200,280.11,280.11,280.11,280.11,1,50,0,1973-12-04
123897600,280.11,280.11,280.11,280.11,1,50,0,1973-12-05
123984000,280.11,280.11,280.11,280.11,1,50,0,1973-12-06
124070400,280.11,280.11,280.11,280.11,1,50,0,1973-12-07
124329600,280.11,280.11,280.11,280.11,1,50,0,1973-12-10
124416000,280.11,280.11,280.11,280.11,1,50,0,1973-12-11
124502400,280.03,280.03,280.03,280.03,1,50,0,1973-12-12
124588800,280.11,280.11,280.11,280.11,1,50,0,1973-12-13
124675200,280.11,280.11,280.11,280.11,1,50,0,1973-12-14
124934400,280.11,280.11,280.11,280.11,1,50,0,1973-12-17
125020800,280.11,280.11,280.11,280.11,1,50,0,1973-12-18
125107200,280.11,280.11,280.11,280.11,1,50,0,1973-12-19
125193600,280.11,280.11,280.11,280.11,1,50,0,1973-12-20
125280000,280.11,280.11,280.11,280.11,1,50,0,1973-12-21
125539200,280.35,280.35,280.35,280.35,1,50,0,1973-12-24
125712000,280.27,280.27,280.27,280.27,1,50,0,1973-12-26
125798400,280.66,280.66,280.66,280.66,1,50,0,1973-12-27
125884800,280.43,280.43,280.43,280.43,1,50,0,1973-12-28
126144000,280.27,280.27,280.27,280.27,1,50,0,1973-12-31
126316800,280.82,280.82,280.82,280.82,1,50,0,1974-01-02
126403200,283.69,283.69,283.69,283.69,1,50,0,1974-01-03
126489600,282.09,282.09,282.09,282.09,1,50,0,1974-01-04
126748800,300.3,300.3,300.3,300.3,1,50,0,1974-01-07
126835200,299.94,299.94,299.94,299.94,1,50,0,1974-01-08
126921600,299.94,299.94,299.94,299.94,1,50,0,1974-01-09
127008000,299.94,299.94,299.94,299.94,1,50,0,1974-01-10
127094400,300.03,300.03,300.03,300.03,1,50,0,1974-01-11
127353600,300.12,300.12,300.12,300.12,1,50,0,1974-01-14
127440000,300.12,300.12,300.12,300.12,1,50,0,1974-01-15
127526400,300.12,300.12,300.12,300.12,1,50,0,1974-01-16
127612800,300.12,300.12,300.12,300.12,1,50,0,1974-01-17
127699200,300.12,300.12,300.12,300.12,1,50,0,1974-01-18
127958400,305.34,305.34,305.34,305.34,1,50,0,1974-01-21
128044800,304.88,304.88,304.88,304.88,1,50,0,1974-01-22
128131200,303.58,303.58,303.58,303.58,1,50,0,1974-01-23
128217600,300.12,300.12,300.12,300.12,1,50,0,1974-01-24
128304000,299.8,299.8,299.8,299.8,1,50,0,1974-01-25
128563200,299.85,299.85,299.85,299.85,1,50,0,1974-01-28
128649600,300.03,300.03,300.03,300.03,1,50,0,1974-01-29
128736000,299.22,299.22,299.22,299.22,1,50,0,1974-01-30
128822400,298.77,298.77,298.77,298.77,1,50,0,1974-01-31
128908800,298.86,298.86,298.86,298.86,1,50,0,1974-02-01
129168000,297.0,297.0,297.0,297.0,1,50,0,1974-02-04
129254400,293.69,293.69,293.69,293.69,1,50,0,1974-02-05
129340800,297.62,297.62,297.62,297.62,1,50,0,1974-02-06
129427200,296.82,296.82,296.82,296.82,1,50,0,1974-02-07
129513600,296.3,296.3,296.3,296.3,1,50,0,1974-02-08
129772800,295.51,295.51,295.51,295.51,1,50,0,1974-02-11
129945600,291.89,291.89,291.89,291.89,1,50,0,1974-02-13
130032000,291.55,291.55,291.55,291.55,1,50,0,1974-02-14
130118400,293.17,293.17,293.17,293.17,1,50,0,1974-02-15
130464000,290.11,290.11,290.11,290.11,1,50,0,1974-02-19
130550400,289.02,289.02,289.02,289.02,1,50,0,1974-02-20
130636800,282.09,282.09,282.09,282.09,1,50,0,1974-02-21
130723200,280.58,280.58,280.58,280.58,1,50,0,1974-02-22
130982400,283.37,283.37,283.37,283.37,1,50,0,1974-02-25
131068800,286.53,286.53,286.53,286.53,1,50,0,1974-02-26
131155200,287.03,287.03,287.03,287.03,1,50,0,1974-02-27
131241600,288.43,288.43,288.43,288.43,1,50,0,1974-02-28
131328000,292.06,292.06,292.06,292.06,1,50,0,1974-03-01
131587200,292.74,292.74,292.74,292.74,1,50,0,1974-03-04
131673600,289.44,289.44,289.44,289.44,1,50,0,1974-03-05
131760000,287.03,287.03,287.03,287.03,1,50,0,1974-03-06
131846400,286.86,286.86,286.86,286.86,1,50,0,1974-03-07
131932800,287.19,287.19,287.19,287.19,1,50,0,1974-03-08
132192000,285.71,285.71,285.71,285.71,1,50,0,1974-03-11
132278400,281.69,281.69,281.69,281.69,1,50,0,1974-03-12
132364800,282.33,282.33,282.33,282.33,1,50,0,1974-03-13
132451200,282.89,282.89,282.89,282.89,1,50,0,1974-03-14
132537600,282.49,282.49,282.49,282.49,1,50,0,1974-03-15
132796800,281.93,281.93,281.93,281.93,1,50,0,1974-03-18
132883200,280.98,280.98,280.98,280.98,1,50,0,1974-03-19
132969600,280.19,280.19,280.19,280.19,1,50,0,1974-03-20
133056000,279.1,279.1,279.1,279.1,1,50,0,1974-03-21
133142400,276.78,276.78,276.78,276.78,1,50,0,1974-03-22
133401600,275.18,275.18,275.18,275.18,1,50,0,1974-03-25
133488000,274.88,274.88,274.88,274.88,1,50,0,1974-03-26
133574400,275.48,275.48,275.48,275.48,1,50,0,1974-03-27
133660800,274.42,274.42,274.42,274.42,1,50,0,1974-03-28
133747200,276.09,276.09,276.09,276.09,1,50,0,1974-03-29
134006400,280.11,280.11,280.11,280.11,1,50,0,1974-04-01
134092800,275.48,275.48,275.48,275.48,1,50,0,1974-04-02
134179200,275.86,275.86,275.86,275.86,1,50,0,1974-04-03
134265600,278.32,278.32,278.32,278.32,1,50,0,1974-04-04
134352000,279.33,279.33,279.33,279.33,1,50,0,1974-04-05
134611200,278.01,278.01,278.01,278.01,1,50,0,1974-04-08
134697600,279.25,279.25,279.25,279.25,1,50,0,1974-04-09
134784000,278.01,278.01,278.01,278.01,1,50,0,1974-04-10
134870400,276.78,276.78,276.78,276.78,1,50,0,1974-04-11
134956800,278.55,278.55,278.55,278.55,1,50,0,1974-04-12
135216000,278.55,278.55,278.55,278.55,1,50,0,1974-04-15
135302400,276.93,276.93,276.93,276.93,1,50,0,1974-04-16
135388800,276.4,276.4,276.4,276.4,1,50,0,1974-04-17
135475200,276.4,276.4,276.4,276.4,1,50,0,1974-04-18
135561600,276.93,276.93,276.93,276.93,1,50,0,1974-04-19
135820800,277.39,277.39,277.39,277.39,1,50,0,1974-04-22
135907200,275.56,275.56,275.56,275.56,1,50,0,1974-04-23
135993600,276.24,276.24,276.24,276.24,1,50,0,1974-04-24
136080000,278.16,278.16,278.16,278.16,1,50,0,1974-04-25
136166400,279.8,279.8,279.8,279.8,1,50,0,1974-04-26
136425600,279.33,279.33,279.33,279.33,1,50,0,1974-04-29
136512000,279.64,279.64,279.64,279.64,1,50,0,1974-04-30
136598400,279.41,279.41,279.41,279.41,1,50,0,1974-05-01
136684800,279.96,279.96,279.96,279.96,1,50,0,1974-05-02
136771200,279.8,279.8,279.8,279.8,1,50,0,1974-05-03
137030400,279.41,279.41,279.41,279.41,1,50,0,1974-05-06
137116800,279.56,279.56,279.56,279.56,1,50,0,1974-05-07
137203200,277.62,277.62,277.62,277.62,1,50,0,1974-05-08
137289600,277.62,277.62,277.62,277.62,1,50,0,1974-05-09
137376000,277.62,277.62,277.62,277.62,1,50,0,1974-05-10
137635200,277.62,277.62,277.62,277.62,1,50,0,1974-05-13
137721600,277.78,277.78,277.78,277.78,1,50,0,1974-05-14
137808000,277.39,277.39,277.39,277.39,1,50,0,1974-05-15
137894400,277.62,277.62,277.62,277.62,1,50,0,1974-05-16
137980800,277.7,277.7,277.7,277.7,1,50,0,1974-05-17
138240000,278.24,278.24,278.24,278.24,1,50,0,1974-05-20
138326400,279.1,279.1,279.1,279.1,1,50,0,1974-05-21
138412800,279.88,279.88,279.88,279.88,1,50,0,1974-05-22
138499200,279.56,279.56,279.56,279.56,1,50,0,1974-05-23
138585600,279.49,279.49,279.49,279.49,1,50,0,1974-05-24
138931200,279.33,279.33,279.33,279.33,1,50,0,1974-05-28
139017600,279.72,279.72,279.72,279.72,1,50,0,1974-05-29
139104000,280.9,280.9,280.9,280.9,1,50,0,1974-05-30
139190400,281.93,281.93,281.93,281.93,1,50,0,1974-05-31
139449600,283.69,283.69,283.69,283.69,1,50,0,1974-06-03
139536000,282.89,282.89,282.89,282.89,1,50,0,1974-06-04
139622400,281.85,281.85,281.85,281.85,1,50,0,1974-06-05
139708800,281.93,281.93,281.93,281.93,1,50,0,1974-06-06
139795200,282.65,282.65,282.65,282.65,1,50,0,1974-06-07
140054400,282.17,282.17,282.17,282.17,1,50,0,1974-06-10
140140800,282.25,282.25,282.25,282.25,1,50,0,1974-06-11
140227200,282.97,282.97,282.97,282.97,1,50,0,1974-06-12
140313600,282.49,282.49,282.49,282.49,1,50,0,1974-06-13
140400000,282.57,282.57,282.57,282.57,1,50,0,1974-06-14
140659200,282.73,282.73,282.73,282.73,1,50,0,1974-06-17
140745600,282.73,282.73,282.73,282.73,1,50,0,1974-06-18
140832000,282.65,282.65,282.65,282.65,1,50,0,1974-06-19
140918400,282.89,282.89,282.89,282.89,1,50,0,1974-06-20
141004800,283.21,283.21,283.21,283.21,1,50,0,1974-06-21
141264000,283.61,283.61,283.61,283.61,1,50,0,1974-06-24
141350400,283.85,283.85,283.85,283.85,1,50,0,1974-06-25
141436800,284.09,284.09,284.09,284.09,1,50,0,1974-06-26
141523200,283.93,283.93,283.93,283.93,1,50,0,1974-06-27
141609600,284.25,284.25,284.25,284.25,1,50,0,1974-06-28
141868800,285.31,285.31,285.31,285.31,1,50,0,1974-07-01
141955200,286.61,286.61,286.61,286.61,1,50,0,1974-07-02
142041600,285.88,285.88,285.88,285.88,1,50,0,1974-07-03
142214400,287.36,287.36,287.36,287.36,1,50,0,1974-07-05
142473600,287.94,287.94,287.94,287.94,1,50,0,1974-07-08
142560000,288.43,288.43,288.43,288.43,1,50,0,1974-07-09
142646400,290.7,290.7,290.7,290.7,1,50,0,1974-07-10
142732800,291.97,291.97,291.97,291.97,1,50,0,1974-07-11
142819200,289.18,289.18,289.18,289.18,1,50,0,1974-07-12
143078400,288.85,288.85,288.85,288.85,1,50,0,1974-07-15
143164800,288.1,288.1,288.1,288.1,1,50,0,1974-07-16
143251200,289.94,289.94,289.94,289.94,1,50,0,1974-07-17
143337600,290.36,290.36,290.36,290.36,1,50,0,1974-07-18
143424000,290.7,290.7,290.7,290.7,1,50,0,1974-07-19
143683200,291.29,291.29,291.29,291.29,1,50,0,1974-07-22
143769600,292.74,292.74,292.74,292.74,1,50,0,1974-07-23
143856000,292.83,292.83,292.83,292.83,1,50,0,1974-07-24
143942400,293.94,293.94,293.94,293.94,1,50,0,1974-07-25
144028800,295.42,295.42,295.42,295.42,1,50,0,1974-07-26
144288000,298.24,298.24,298.24,298.24,1,50,0,1974-07-29
144374400,297.53,297.53,297.53,297.53,1,50,0,1974-07-30
144460800,298.24,298.24,298.24,298.24,1,50,0,1974-07-31
144547200,299.58,299.58,299.58,299.58,1,50,0,1974-08-01
144633600,300.12,300.12,300.12,300.12,1,50,0,1974-08-02
144892800,300.21,300.21,300.21,300.21,1,50,0,1974-08-05
144979200,300.75,300.75,300.75,300.75,1,50,0,1974-08-06
145065600,302.11,302.11,302.11,302.11,1,50,0,1974-08-07
145152000,302.75,302.75,302.75,302.75,1,50,0,1974-08-08
145238400,302.57,302.57,302.57,302.57,1,50,0,1974-08-09
145497600,302.11,302.11,302.11,302.11,1,50,0,1974-08-12
145584000,301.84,301.84,301.84,301.84,1,50,0,1974-08-13
145670400,302.48,302.48,302.48,302.48,1,50,0,1974-08-14
145756800,302.75,302.75,302.75,302.75,1,50,0,1974-08-15
145843200,302.94,302.94,302.94,302.94,1,50,0,1974-08-16
146102400,303.12,303.12,303.12,303.12,1,50,0,1974-08-19
146188800,303.12,303.12,303.12,303.12,1,50,0,1974-08-20
146275200,303.49,303.49,303.49,303.49,1,50,0,1974-08-21
146361600,303.86,303.86,303.86,303.86,1,50,0,1974-08-22
146448000,303.12,303.12,303.12,303.12,1,50,0,1974-08-23
146707200,302.85,302.85,302.85,302.85,1,50,0,1974-08-26
146793600,302.11,302.11,302.11,302.11,1,50,0,1974-08-27
146880000,302.48,302.48,302.48,302.48,1,50,0,1974-08-28
146966400,302.94,302.94,302.94,302.94,1,50,0,1974-08-29
147052800,302.94,302.94,302.94,302.94,1,50,0,1974-08-30
147398400,302.66,302.66,302.66,302.66,1,50,0,1974-09-03
147484800,302.75,302.75,302.75,302.75,1,50,0,1974-09-04
147571200,302.57,302.57,302.57,302.57,1,50,0,1974-09-05
147657600,302.66,302.66,302.66,302.66,1,50,0,1974-09-06
147916800,302.48,302.48,302.48,302.48,1,50,0,1974-09-09
148003200,302.75,302.75,302.75,302.75,1,50,0,1974-09-10
148089600,302.11,302.11,302.11,302.11,1,50,0,1974-09-11
148176000,301.2,301.2,301.2,301.2,1,50,0,1974-09-12
148262400,299.58,299.58,299.58,299.58,1,50,0,1974-09-13
148521600,299.4,299.4,299.4,299.4,1,50,0,1974-09-16
148608000,296.12,296.12,296.12,296.12,1,50,0,1974-09-17
148694400,296.03,296.03,296.03,296.03,1,50,0,1974-09-18
148780800,296.82,296.82,296.82,296.82,1,50,0,1974-09-19
148867200,295.86,295.86,295.86,295.86,1,50,0,1974-09-20
149126400,295.86,295.86,295.86,295.86,1,50,0,1974-09-23
149212800,294.81,294.81,294.81,294.81,1,50,0,1974-09-24
149299200,296.21,296.21,296.21,296.21,1,50,0,1974-09-25
149385600,296.74,296.74,296.74,296.74,1,50,0,1974-09-26
149472000,296.74,296.74,296.74,296.74,1,50,0,1974-09-27
149731200,298.33,298.33,298.33,298.33,1,50,0,1974-09-30
149817600,298.15,298.15,298.15,298.15,1,50,0,1974-10-01
149904000,297.97,297.97,297.97,297.97,1,50,0,1974-10-02
149990400,299.04,299.04,299.04,299.04,1,50,0,1974-10-03
150076800,299.04,299.04,299.04,299.04,1,50,0,1974-10-04
150336000,300.03,300.03,300.03,300.03,1,50,0,1974-10-07
150422400,299.76,299.76,299.76,299.76,1,50,0,1974-10-08
150508800,298.69,298.69,298.69,298.69,1,50,0,1974-10-09
150595200,298.77,298.77,298.77,298.77,1,50,0,1974-10-10
150681600,299.13,299.13,299.13,299.13,1,50,0,1974-10-11
151027200,299.13,299.13,299.13,299.13,1,50,0,1974-10-15
151113600,299.04,299.04,299.04,299.04,1,50,0,1974-10-16
151200000,298.95,298.95,298.95,298.95,1,50,0,1974-10-17
151286400,299.31,299.31,299.31,299.31,1,50,0,1974-10-18
151545600,299.67,299.67,299.67,299.67,1,50,0,1974-10-21
151632000,299.94,299.94,299.94,299.94,1,50,0,1974-10-22
151718400,299.67,299.67,299.67,299.67,1,50,0,1974-10-23
151804800,299.94,299.94,299.94,299.94,1,50,0,1974-10-24
151891200,299.85,299.85,299.85,299.85,1,50,0,1974-10-25
152150400,300.12,300.12,300.12,300.12,1,50,0,1974-10-28
152236800,299.94,299.94,299.94,299.94,1,50,0,1974-10-29
152323200,299.94,299.94,299.94,299.94,1,50,0,1974-10-30
152409600,299.94,299.94,299.94,299.94,1,50,0,1974-10-31
152496000,300.48,300.48,300.48,300.48,1,50,0,1974-11-01
152755200,300.48,300.48,300.48,300.48,1,50,0,1974-11-04
152928000,300.48,300.48,300.48,300.48,1,50,0,1974-11-06
153014400,299.76,299.76,299.76,299.76,1,50,0,1974-11-07
153100800,299.67,299.67,299.67,299.67,1,50,0,1974-11-08
153446400,300.3,300.3,300.3,300.3,1,50,0,1974-11-12
153532800,300.12,300.12,300.12,300.12,1,50,0,1974-11-13
153619200,300.3,300.3,300.3,300.3,1,50,0,1974-11-14
153705600,299.94,299.94,299.94,299.94,1,50,0,1974-11-15
153964800,299.67,299.67,299.67,299.67,1,50,0,1974-11-18
154051200,299.94,299.94,299.94,299.94,1,50,0,1974-11-19
154137600,299.94,299.94,299.94,299.94,1,50,0,1974-11-20
154224000,299.94,299.94,299.94,299.94,1,50,0,1974-11-21
154310400,299.85,299.85,299.85,299.85,1,50,0,1974-11-22
154569600,300.21,300.21,300.21,300.21,1,50,0,1974-11-25
154656000,300.12,300.12,300.12,300.12,1,50,0,1974-11-26
154742400,299.85,299.85,299.85,299.85,1,50,0,1974-11-27
154915200,300.3,300.3,300.3,300.3,1,50,0,1974-11-29
155174400,300.39,300.39,300.39,300.39,1,50,0,1974-12-02
155260800,300.03,300.03,300.03,300.03,1,50,0,1974-12-03
155347200,299.76,299.76,299.76,299.76,1,50,0,1974-12-04
155433600,300.03,300.03,300.03,300.03,1,50,0,1974-12-05
155520000,299.94,299.94,299.94,299.94,1,50,0,1974-12-06
155779200,299.85,299.85,299.85,299.85,1,50,0,1974-12-09
155865600,299.76,299.76,299.76,299.76,1,50,0,1974-12-10
155952000,299.76,299.76,299.76,299.76,1,50,0,1974-12-11
156038400,300.03,300.03,300.03,300.03,1,50,0,1974-12-12
156124800,300.03,300.03,300.03,300.03,1,50,0,1974-12-13
156384000,300.3,300.3,300.3,300.3,1,50,0,1974-12-16
156470400,300.48,300.48,300.48,300.48,1,50,0,1974-12-17
156556800,300.66,300.66,300.66,300.66,1,50,0,1974-12-18
156643200,300.84,300.84,300.84,300.84,1,50,0,1974-12-19
156729600,301.11,301.11,301.11,301.11,1,50,0,1974-12-20
156988800,301.02,301.02,301.02,301.02,1,50,0,1974-12-23
157075200,301.2,301.2,301.2,301.2,1,50,0,1974-12-24
157248000,301.11,301.11,301.11,301.11,1,50,0,1974-12-26
157334400,300.75,300.75,300.75,300.75,1,50,0,1974-12-27
157593600,300.57,300.57,300.57,300.57,1,50,0,1974-12-30
157680000,301.02,301.02,301.02,301.02,1,50,0,1974-12-31
157852800,300.66,300.66,300.66,300.66,1,50,0,1975-01-02
157939200,300.84,300.84,300.84,300.84,1,50,0,1975-01-03
158198400,301.02,301.02,301.02,301.02,1,50,0,1975-01-06
158284800,300.93,300.93,300.93,300.93,1,50,0,1975-01-07
158371200,300.75,300.75,300.75,300.75,1,50,0,1975-01-08
158457600,300.84,300.84,300.84,300.84,1,50,0,1975-01-09
158544000,300.84,300.84,300.84,300.84,1,50,0,1975-01-10
158803200,300.93,300.93,300.93,300.93,1,50,0,1975-01-13
158889600,300.93,300.93,300.93,300.93,1,50,0,1975-01-14
158976000,301.02,301.02,301.02,301.02,1,50,0,1975-01-15
159062400,300.75,300.75,300.75,300.75,1,50,0,1975-01-16
159148800,300.84,300.84,300.84,300.84,1,50,0,1975-01-17
159408000,301.02,301.02,301.02,301.02,1,50,0,1975-01-20
159494400,300.84,300.84,300.84,300.84,1,50,0,1975-01-21
159580800,300.3,300.3,300.3,300.3,1,50,0,1975-01-22
159667200,299.67,299.67,299.67,299.67,1,50,0,1975-01-23
159753600,295.33,295.33,295.33,295.33,1,50,0,1975-01-24
160012800,294.99,294.99,294.99,294.99,1,50,0,1975-01-27
160099200,297.44,297.44,297.44,297.44,1,50,0,1975-01-28
160185600,297.35,297.35,297.35,297.35,1,50,0,1975-01-29
160272000,297.8,297.8,297.8,297.8,1,50,0,1975-01-30
160358400,297.97,297.97,297.97,297.97,1,50,0,1975-01-31
160617600,297.44,297.44,297.44,297.44,1,50,0,1975-02-03
160704000,297.09,297.09,297.09,297.09,1,50,0,1975-02-04
160790400,297.27,297.27,297.27,297.27,1,50,0,1975-02-05
160876800,297.0,297.0,297.0,297.0,1,50,0,1975-02-06
160963200,295.6,295.6,295.6,295.6,1,50,0,1975-02-07
161222400,292.4,292.4,292.4,292.4,1,50,0,1975-02-10
161308800,291.63,291.63,291.63,291.63,1,50,0,1975-02-11
161481600,292.83,292.83,292.83,292.83,1,50,0,1975-02-13
161568000,293.26,293.26,293.26,293.26,1,50,0,1975-02-14
161913600,293.34,293.34,293.34,293.34,1,50,0,1975-02-18
162000000,291.55,291.55,291.55,291.55,1,50,0,1975-02-19
162086400,291.12,291.12,291.12,291.12,1,50,0,1975-02-20
162172800,289.52,289.52,289.52,289.52,1,50,0,1975-02-21
162432000,285.88,285.88,285.88,285.88,1,50,0,1975-02-24
162518400,285.96,285.96,285.96,285.96,1,50,0,1975-02-25
162604800,285.63,285.63,285.63,285.63,1,50,0,1975-02-26
162691200,285.88,285.88,285.88,285.88,1,50,0,1975-02-27
162777600,286.45,286.45,286.45,286.45,1,50,0,1975-02-28
163036800,285.39,285.39,285.39,285.39,1,50,0,1975-03-03
163123200,284.66,284.66,284.66,284.66,1,50,0,1975-03-04
163209600,285.23,285.23,285.23,285.23,1,50,0,1975-03-05
163296000,285.71,285.71,285.71,285.71,1,50,0,1975-03-06
163382400,285.96,285.96,285.96,285.96,1,50,0,1975-03-07
163641600,286.21,286.21,286.21,286.21,1,50,0,1975-03-10
163728000,286.12,286.12,286.12,286.12,1,50,0,1975-03-11
163814400,287.27,287.27,287.27,287.27,1,50,0,1975-03-12
163900800,288.85,288.85,288.85,288.85,1,50,0,1975-03-13
163987200,288.1,288.1,288.1,288.1,1,50,0,1975-03-14
164246400,286.53,286.53,286.53,286.53,1,50,0,1975-03-17
164332800,287.19,287.19,287.19,287.19,1,50,0,1975-03-18
164419200,288.18,288.18,288.18,288.18,1,50,0,1975-03-19
164505600,287.19,287.19,287.19,287.19,1,50,0,1975-03-20
164592000,287.44,287.44,287.44,287.44,1,50,0,1975-03-21
164851200,287.77,287.77,287.77,287.77,1,50,0,1975-03-24
164937600,290.02,290.02,290.02,290.02,1,50,0,1975-03-25
165024000,290.53,290.53,290.53,290.53,1,50,0,1975-03-26
165110400,292.06,292.06,292.06,292.06,1,50,0,1975-03-27
165196800,292.48,292.48,292.48,292.48,1,50,0,1975-03-28
165456000,294.03,294.03,294.03,294.03,1,50,0,1975-03-31
165542400,290.87,290.87,290.87,290.87,1,50,0,1975-04-01
165628800,291.55,291.55,291.55,291.55,1,50,0,1975-04-02
165715200,292.31,292.31,292.31,292.31,1,50,0,1975-04-03
165801600,292.23,292.23,292.23,292.23,1,50,0,1975-04-04
166060800,291.97,291.97,291.97,291.97,1,50,0,1975-04-07
166147200,291.89,291.89,291.89,291.89,1,50,0,1975-04-08
166233600,291.89,291.89,291.89,291.89,1,50,0,1975-04-09
166320000,291.8,291.8,291.8,291.8,1,50,0,1975-04-10
166406400,291.12,291.12,291.12,291.12,1,50,0,1975-04-11
166665600,291.29,291.29,291.29,291.29,1,50,0,1975-04-14
166752000,290.95,290.95,290.95,290.95,1,50,0,1975-04-15
166838400,291.38,291.38,291.38,291.38,1,50,0,1975-04-16
166924800,291.72,291.72,291.72,291.72,1,50,0,1975-04-17
167011200,291.8,291.8,291.8,291.8,1,50,0,1975-04-18
167270400,292.83,292.83,292.83,292.83,1,50,0,1975-04-21
167356800,292.83,292.83,292.83,292.83,1,50,0,1975-04-22
167443200,292.74,292.74,292.74,292.74,1,50,0,1975-04-23
167529600,292.83,292.83,292.83,292.83,1,50,0,1975-04-24
167616000,293.69,293.69,293.69,293.69,1,50,0,1975-04-25
167875200,294.55,294.55,294.55,294.55,1,50,0,1975-04-28
167961600,293.86,293.86,293.86,293.86,1,50,0,1975-04-29
168048000,292.23,292.23,292.23,292.23,1,50,0,1975-04-30
168134400,292.14,292.14,292.14,292.14,1,50,0,1975-05-01
168220800,290.36,290.36,290.36,290.36,1,50,0,1975-05-02
168480000,290.44,290.44,290.44,290.44,1,50,0,1975-05-05
168566400,291.38,291.38,291.38,291.38,1,50,0,1975-05-06
168652800,291.21,291.21,291.21,291.21,1,50,0,1975-05-07
168739200,291.38,291.38,291.38,291.38,1,50,0,1975-05-08
168825600,291.46,291.46,291.46,291.46,1,50,0,1975-05-09
169084800,291.29,291.29,291.29,291.29,1,50,0,1975-05-12
169171200,291.46,291.46,291.46,291.46,1,50,0,1975-05-13
169257600,291.8,291.8,291.8,291.8,1,50,0,1975-05-14
169344000,291.63,291.63,291.63,291.63,1,50,0,1975-05-15
169430400,291.55,291.55,291.55,291.55,1,50,0,1975-05-16
169689600,291.8,291.8,291.8,291.8,1,50,0,1975-05-19
169776000,292.23,292.23,292.23,292.23,1,50,0,1975-05-20
169862400,292.06,292.06,292.06,292.06,1,50,0,1975-05-21
169948800,291.89,291.89,291.89,291.89,1,50,0,1975-05-22
170035200,291.04,291.04,291.04,291.04,1,50,0,1975-05-23
170380800,291.29,291.29,291.29,291.29,1,50,0,1975-05-27
170467200,290.7,290.7,290.7,290.7,1,50,0,1975-05-28
170553600,291.38,291.38,291.38,291.38,1,50,0,1975-05-29
170640000,291.55,291.55,291.55,291.55,1,50,0,1975-05-30
170899200,291.46,291.46,291.46,291.46,1,50,0,1975-06-02
170985600,291.04,291.04,291.04,291.04,1,50,0,1975-06-03
171072000,291.29,291.29,291.29,291.29,1,50,0,1975-06-04
171158400,292.23,292.23,292.23,292.23,1,50,0,1975-06-05
171244800,291.8,291.8,291.8,291.8,1,50,0,1975-06-06
171504000,291.8,291.8,291.8,291.8,1,50,0,1975-06-09
171590400,291.89,291.89,291.89,291.89,1,50,0,1975-06-10
171676800,291.89,291.89,291.89,291.89,1,50,0,1975-06-11
171763200,292.48,292.48,292.48,292.48,1,50,0,1975-06-12
171849600,292.65,292.65,292.65,292.65,1,50,0,1975-06-13
172108800,294.12,294.12,294.12,294.12,1,50,0,1975-06-16
172195200,293.43,293.43,293.43,293.43,1,50,0,1975-06-17
172281600,294.12,294.12,294.12,294.12,1,50,0,1975-06-18
172368000,294.12,294.12,294.12,294.12,1,50,0,1975-06-19
172454400,293.94,293.94,293.94,293.94,1,50,0,1975-06-20
172713600,294.72,294.72,294.72,294.72,1,50,0,1975-06-23
172800000,295.33,295.33,295.33,295.33,1,50,0,1975-06-24
172886400,297.0,297.0,297.0,297.0,1,50,0,1975-06-25
172972800,295.77,295.77,295.77,295.77,1,50,0,1975-06-26
173059200,296.03,296.03,296.03,296.03,1,50,0,1975-06-27
173318400,295.68,295.68,295.68,295.68,1,50,0,1975-06-30
173404800,295.68,295.68,295.68,295.68,1,50,0,1975-07-01
173491200,295.51,295.51,295.51,295.51,1,50,0,1975-07-02
173577600,295.42,295.42,295.42,295.42,1,50,0,1975-07-03
173923200,295.51,295.51,295.51,295.51,1,50,0,1975-07-07
174009600,295.68,295.68,295.68,295.68,1,50,0,1975-07-08
174096000,295.95,295.95,295.95,295.95,1,50,0,1975-07-09
174182400,296.12,296.12,296.12,296.12,1,50,0,1975-07-10
174268800,296.12,296.12,296.12,296.12,1,50,0,1975-07-11
174528000,295.86,295.86,295.86,295.86,1,50,0,1975-07-14
174614400,295.86,295.86,295.86,295.86,1,50,0,1975-07-15
174700800,296.03,296.03,296.03,296.03,1,50,0,1975-07-16
174787200,296.3,296.3,296.3,296.3,1,50,0,1975-07-17
174873600,296.21,296.21,296.21,296.21,1,50,0,1975-07-18
175132800,296.12,296.12,296.12,296.12,1,50,0,1975-07-21
175219200,296.47,296.47,296.47,296.47,1,50,0,1975-07-22
175305600,296.82,296.82,296.82,296.82,1,50,0,1975-07-23
175392000,297.62,297.62,297.62,297.62,1,50,0,1975-07-24
175478400,296.65,296.65,296.65,296.65,1,50,0,1975-07-25
175737600,297.8,297.8,297.8,297.8,1,50,0,1975-07-28
175824000,297.35,297.35,297.35,297.35,1,50,0,1975-07-29
175910400,297.44,297.44,297.44,297.44,1,50,0,1975-07-30
175996800,297.71,297.71,297.71,297.71,1,50,0,1975-07-31
176083200,297.89,297.89,297.89,297.89,1,50,0,1975-08-01
176342400,297.97,297.97,297.97,297.97,1,50,0,1975-08-04
176428800,297.97,297.97,297.97,297.97,1,50,0,1975-08-05
176515200,298.06,298.06,298.06,298.06,1,50,0,1975-08-06
176601600,297.97,297.97,297.97,297.97,1,50,0,1975-08-07
176688000,297.62,297.62,297.62,297.62,1,50,0,1975-08-08
176947200,297.8,297.8,297.8,297.8,1,50,0,1975-08-11
177033600,298.06,298.06,298.06,298.06,1,50,0,1975-08-12
177120000,297.97,297.97,297.97,297.97,1,50,0,1975-08-13
177206400,297.97,297.97,297.97,297.97,1,50,0,1975-08-14
177292800,297.97,297.97,297.97,297.97,1,50,0,1975-08-15
177552000,298.15,298.15,298.15,298.15,1,50,0,1975-08-18
177638400,298.06,298.06,298.06,298.06,1,50,0,1975-08-19
177724800,297.97,297.97,297.97,297.97,1,50,0,1975-08-20
177811200,297.89,297.89,297.89,297.89,1,50,0,1975-08-21
177897600,297.97,297.97,297.97,297.97,1,50,0,1975-08-22
178156800,298.06,298.06,298.06,298.06,1,50,0,1975-08-25
178243200,298.15,298.15,298.15,298.15,1,50,0,1975-08-26
178329600,297.97,297.97,297.97,297.97,1,50,0,1975-08-27
178416000,298.06,298.06,298.06,298.06,1,50,0,1975-08-28
178502400,297.97,297.97,297.97,297.97,1,50,0,1975-08-29
178848000,297.97,297.97,297.97,297.97,1,50,0,1975-09-02
178934400,297.8,297.8,297.8,297.8,1,50,0,1975-09-03
179020800,297.89,297.89,297.89,297.89,1,50,0,1975-09-04
179107200,297.97,297.97,297.97,297.97,1,50,0,1975-09-05
179366400,297.97,297.97,297.97,297.97,1,50,0,1975-09-08
179452800,298.06,298.06,298.06,298.06,1,50,0,1975-09-09
179539200,297.97,297.97,297.97,297.97,1,50,0,1975-09-10
179625600,298.06,298.06,298.06,298.06,1,50,0,1975-09-11
179712000,298.06,298.06,298.06,298.06,1,50,0,1975-09-12
179971200,298.06,298.06,298.06,298.06,1,50,0,1975-09-15
180057600,298.06,298.06,298.06,298.06,1,50,0,1975-09-16
180144000,298.33,298.33,298.33,298.33,1,50,0,1975-09-17
180230400,300.48,300.48,300.48,300.48,1,50,0,1975-09-18
180316800,301.57,301.57,301.57,301.57,1,50,0,1975-09-19
180576000,302.94,302.94,302.94,302.94,1,50,0,1975-09-22
180662400,303.31,303.31,303.31,303.31,1,50,0,1975-09-23
180748800,303.12,303.12,303.12,303.12,1,50,0,1975-09-24
180835200,302.66,302.66,302.66,302.66,1,50,0,1975-09-25
180921600,301.75,301.75,301.75,301.75,1,50,0,1975-09-26
181180800,303.21,303.21,303.21,303.21,1,50,0,1975-09-29
181267200,302.85,302.85,302.85,302.85,1,50,0,1975-09-30
181353600,302.57,302.57,302.57,302.57,1,50,0,1975-10-01
181440000,302.66,302.66,302.66,302.66,1,50,0,1975-10-02
181526400,303.03,303.03,303.03,303.03,1,50,0,1975-10-03
181785600,303.12,303.12,303.12,303.12,1,50,0,1975-10-06
181872000,302.94,302.94,302.94,302.94,1,50,0,1975-10-07
181958400,303.12,303.12,303.12,303.12,1,50,0,1975-10-08
182044800,303.03,303.03,303.03,303.03,1,50,0,1975-10-09
182131200,302.94,302.94,302.94,302.94,1,50,0,1975-10-10
182476800,302.66,302.66,302.66,302.66,1,50,0,1975-10-14
182563200,302.94,302.94,302.94,302.94,1,50,0,1975-10-15
182649600,302.94,302.94,302.94,302.94,1,50,0,1975-10-16
182736000,302.76,302.76,302.76,302.76,1,50,0,1975-10-17
182995200,302.48,302.48,302.48,302.48,1,50,0,1975-10-20
183081600,301.11,301.11,301.11,301.11,1,50,0,1975-10-21
183168000,301.57,301.57,301.57,301.57,1,50,0,1975-10-22
183254400,301.84,301.84,301.84,301.84,1,50,0,1975-10-23
183340800,301.66,301.66,301.66,301.66,1,50,0,1975-10-24
183600000,301.57,301.57,301.57,301.57,1,50,0,1975-10-27
183686400,301.48,301.48,301.48,301.48,1,50,0,1975-10-28
183772800,301.57,301.57,301.57,301.57,1,50,0,1975-10-29
183859200,301.66,301.66,301.66,301.66,1,50,0,1975-10-30
183945600,301.75,301.75,301.75,301.75,1,50,0,1975-10-31
184204800,301.75,301.75,301.75,301.75,1,50,0,1975-11-03
184377600,301.84,301.84,301.84,301.84,1,50,0,1975-11-05
184464000,301.75,301.75,301.75,301.75,1,50,0,1975-11-06
184550400,301.75,301.75,301.75,301.75,1,50,0,1975-11-07
184809600,302.3,302.3,302.3,302.3,1,50,0,1975-11-10
184982400,301.93,301.93,301.93,301.93,1,50,0,1975-11-12
185068800,302.21,302.21,302.21,302.21,1,50,0,1975-11-13
185155200,302.57,302.57,302.57,302.57,1,50,0,1975-11-14
185414400,302.66,302.66,302.66,302.66,1,50,0,1975-11-17
185500800,302.94,302.94,302.94,302.94,1,50,0,1975-11-18
185587200,303.12,303.12,303.12,303.12,1,50,0,1975-11-19
185673600,302.94,302.94,302.94,302.94,1,50,0,1975-11-20
185760000,303.12,303.12,303.12,303.12,1,50,0,1975-11-21
186019200,302.94,302.94,302.94,302.94,1,50,0,1975-11-24
186105600,303.12,303.12,303.12,303.12,1,50,0,1975-11-25
186192000,303.21,303.21,303.21,303.21,1,50,0,1975-11-26
186364800,303.12,303.12,303.12,303.12,1,50,0,1975-11-28
186624000,304.41,304.41,304.41,304.41,1,50,0,1975-12-01
186710400,304.41,304.41,304.41,304.41,1,50,0,1975-12-02
186796800,305.06,305.06,305.06,305.06,1,50,0,1975-12-03
186883200,304.97,304.97,304.97,304.97,1,50,0,1975-12-04
186969600,306.75,306.75,306.75,306.75,1,50,0,1975-12-05
187228800,306.84,306.84,306.84,306.84,1,50,0,1975-12-08
187315200,306.19,306.19,306.19,306.19,1,50,0,1975-12-09
187401600,306.09,306.09,306.09,306.09,1,50,0,1975-12-10
187488000,305.9,305.9,305.9,305.9,1,50,0,1975-12-11
187574400,305.9,305.9,305.9,305.9,1,50,0,1975-12-12
187833600,306.0,306.0,306.0,306.0,1,50,0,1975-12-15
187920000,305.53,305.53,305.53,305.53,1,50,0,1975-12-16
188006400,305.62,305.62,305.62,305.62,1,50,0,1975-12-17
188092800,305.62,305.62,305.62,305.62,1,50,0,1975-12-18
188179200,306.09,306.09,306.09,306.09,1,50,0,1975-12-19
188438400,306.09,306.09,306.09,306.09,1,50,0,1975-12-22
188524800,306.0,306.0,306.0,306.0,1,50,0,1975-12-23
188611200,305.9,305.9,305.9,305.9,1,50,0,1975-12-24
188784000,305.9,305.9,305.9,305.9,1,50,0,1975-12-26
189043200,305.25,305.25,305.25,305.25,1,50,0,1975-12-29
189129600,305.06,305.06,305.06,305.06,1,50,0,1975-12-30
189216000,305.16,305.16,305.16,305.16,1,50,0,1975-12-31
189388800,305.06,305.06,305.06,305.06,1,50,0,1976-01-02
189648000,305.16,305.16,305.16,305.16,1,50,0,1976-01-05
189734400,305.06,305.06,305.06,305.06,1,50,0,1976-01-06
189820800,305.25,305.25,305.25,305.25,1,50,0,1976-01-07
189907200,305.62,305.62,305.62,305.62,1,50,0,1976-01-08
189993600,306.0,306.0,306.0,306.0,1,50,0,1976-01-09
190252800,305.16,305.16,305.16,305.16,1,50,0,1976-01-12
190339200,305.25,305.25,305.25,305.25,1,50,0,1976-01-13
190425600,305.34,305.34,305.34,305.34,1,50,0,1976-01-14
190512000,305.25,305.25,305.25,305.25,1,50,0,1976-01-15
190598400,305.25,305.25,305.25,305.25,1,50,0,1976-01-16
190857600,304.14,304.14,304.14,304.14,1,50,0,1976-01-19
190944000,303.86,303.86,303.86,303.86,1,50,0,1976-01-20
191030400,304.41,304.41,304.41,304.41,1,50,0,1976-01-21
191116800,304.14,304.14,304.14,304.14,1,50,0,1976-01-22
191203200,304.04,304.04,304.04,304.04,1,50,0,1976-01-23
191462400,303.77,303.77,303.77,303.77,1,50,0,1976-01-26
191548800,303.67,303.67,303.67,303.67,1,50,0,1976-01-27
191635200,303.58,303.58,303.58,303.58,1,50,0,1976-01-28
191721600,303.67,303.67,303.67,303.67,1,50,0,1976-01-29
191808000,303.67,303.67,303.67,303.67,1,50,0,1976-01-30
192067200,303.21,303.21,303.21,303.21,1,50,0,1976-02-02
192153600,302.76,302.76,302.76,302.76,1,50,0,1976-02-03
192240000,300.57,300.57,300.57,300.57,1,50,0,1976-02-04
192326400,300.57,300.57,300.57,300.57,1,50,0,1976-02-05
192412800,301.39,301.39,301.39,301.39,1,50,0,1976-02-06
192672000,300.75,300.75,300.75,300.75,1,50,0,1976-02-09
192758400,300.66,300.66,300.66,300.66,1,50,0,1976-02-10
192844800,300.12,300.12,300.12,300.12,1,50,0,1976-02-11
193017600,300.75,300.75,300.75,300.75,1,50,0,1976-02-13
193363200,301.57,301.57,301.57,301.57,1,50,0,1976-02-17
193449600,301.66,301.66,301.66,301.66,1,50,0,1976-02-18
193536000,301.75,301.75,301.75,301.75,1,50,0,1976-02-19
193622400,302.11,302.11,302.11,302.11,1,50,0,1976-02-20
193881600,302.57,302.57,302.57,302.57,1,50,0,1976-02-23
193968000,302.02,302.02,302.02,302.02,1,50,0,1976-02-24
194054400,302.02,302.02,302.02,302.02,1,50,0,1976-02-25
194140800,302.11,302.11,302.11,302.11,1,50,0,1976-02-26
194227200,302.11,302.11,302.11,302.11,1,50,0,1976-02-27
194486400,301.66,301.66,301.66,301.66,1,50,0,1976-03-01
194572800,301.66,301.66,301.66,301.66,1,50,0,1976-03-02
194659200,301.57,301.57,301.57,301.57,1,50,0,1976-03-03
194745600,301.66,301.66,301.66,301.66,1,50,0,1976-03-04
194832000,301.57,301.57,301.57,301.57,1,50,0,1976-03-05
195091200,300.75,300.75,300.75,300.75,1,50,0,1976-03-08
195177600,301.11,301.11,301.11,301.11,1,50,0,1976-03-09
195264000,301.3,301.3,301.3,301.3,1,50,0,1976-03-10
195350400,301.3,301.3,301.3,301.3,1,50,0,1976-03-11
195436800,300.84,300.84,300.84,300.84,1,50,0,1976-03-12
195696000,300.66,300.66,300.66,300.66,1,50,0,1976-03-15
195782400,300.57,300.57,300.57,300.57,1,50,0,1976-03-16
195868800,299.94,299.94,299.94,299.94,1,50,0,1976-03-17
195955200,299.94,299.94,299.94,299.94,1,50,0,1976-03-18
196041600,299.67,299.67,299.67,299.67,1,50,0,1976-03-19
196300800,299.85,299.85,299.85,299.85,1,50,0,1976-03-22
196387200,299.76,299.76,299.76,299.76,1,50,0,1976-03-23
196473600,299.76,299.76,299.76,299.76,1,50,0,1976-03-24
196560000,299.67,299.67,299.67,299.67,1,50,0,1976-03-25
196646400,299.58,299.58,299.58,299.58,1,50,0,1976-03-26
196905600,299.67,299.67,299.67,299.67,1,50,0,1976-03-29
196992000,299.85,299.85,299.85,299.85,1,50,0,1976-03-30
197078400,299.58,299.58,299.58,299.58,1,50,0,1976-03-31
197164800,299.49,299.49,299.49,299.49,1,50,0,1976-04-01
197251200,299.31,299.31,299.31,299.31,1,50,0,1976-04-02
197510400,299.31,299.31,299.31,299.31,1,50,0,1976-04-05
197596800,299.04,299.04,299.04,299.04,1,50,0,1976-04-06
197683200,298.86,298.86,298.86,298.86,1,50,0,1976-04-07
197769600,297.44,297.44,297.44,297.44,1,50,0,1976-04-08
197856000,297.89,297.89,297.89,297.89,1,50,0,1976-04-09
198115200,298.42,298.42,298.42,298.42,1,50,0,1976-04-12
198201600,298.6,298.6,298.6,298.6,1,50,0,1976-04-13
198288000,298.06,298.06,298.06,298.06,1,50,0,1976-04-14
198374400,299.4,299.4,299.4,299.4,1,50,0,1976-04-15
198460800,299.31,299.31,299.31,299.31,1,50,0,1976-04-16
198720000,300.03,300.03,300.03,300.03,1,50,0,1976-04-19
198806400,299.49,299.49,299.49,299.49,1,50,0,1976-04-20
198892800,299.58,299.58,299.58,299.58,1,50,0,1976-04-21
198979200,299.67,299.67,299.67,299.67,1,50,0,1976-04-22
199065600,299.76,299.76,299.76,299.76,1,50,0,1976-04-23
199324800,299.85,299.85,299.85,299.85,1,50,0,1976-04-26
199411200,299.31,299.31,299.31,299.31,1,50,0,1976-04-27
199497600,299.22,299.22,299.22,299.22,1,50,0,1976-04-28
199584000,299.31,299.31,299.31,299.31,1,50,0,1976-04-29
199670400,299.04,299.04,299.04,299.04,1,50,0,1976-04-30
199929600,298.95,298.95,298.95,298.95,1,50,0,1976-05-03
200016000,297.89,297.89,297.89,297.89,1,50,0,1976-05-04
200102400,297.97,297.97,297.97,297.97,1,50,0,1976-05-05
200188800,298.24,298.24,298.24,298.24,1,50,0,1976-05-06
200275200,298.51,298.51,298.51,298.51,1,50,0,1976-05-07
200534400,298.42,298.42,298.42,298.42,1,50,0,1976-05-10
200620800,298.42,298.42,298.42,298.42,1,50,0,1976-05-11
200707200,298.69,298.69,298.69,298.69,1,50,0,1976-05-12
200793600,298.95,298.95,298.95,298.95,1,50,0,1976-05-13
200880000,298.78,298.78,298.78,298.78,1,50,0,1976-05-14
201139200,299.31,299.31,299.31,299.31,1,50,0,1976-05-17
201225600,299.13,299.13,299.13,299.13,1,50,0,1976-05-18
201312000,299.22,299.22,299.22,299.22,1,50,0,1976-05-19
201398400,299.4,299.4,299.4,299.4,1,50,0,1976-05-20
201484800,299.58,299.58,299.58,299.58,1,50,0,1976-05-21
201744000,299.58,299.58,299.58,299.58,1,50,0,1976-05-24
201830400,299.58,299.58,299.58,299.58,1,50,0,1976-05-25
201916800,299.76,299.76,299.76,299.76,1,50,0,1976-05-26
202003200,299.67,299.67,299.67,299.67,1,50,0,1976-05-27
202089600,300.03,300.03,300.03,300.03,1,50,0,1976-05-28
202435200,300.39,300.39,300.39,300.39,1,50,0,1976-06-01
202521600,300.3,300.3,300.3,300.3,1,50,0,1976-06-02
202608000,300.48,300.48,300.48,300.48,1,50,0,1976-06-03
202694400,300.39,300.39,300.39,300.39,1,50,0,1976-06-04
202953600,300.3,300.3,300.3,300.3,1,50,0,1976-06-07
203040000,300.12,300.12,300.12,300.12,1,50,0,1976-06-08
203126400,299.94,299.94,299.94,299.94,1,50,0,1976-06-09
203212800,299.94,299.94,299.94,299.94,1,50,0,1976-06-10
203299200,300.03,300.03,300.03,300.03,1,50,0,1976-06-11
203558400,299.94,299.94,299.94,299.94,1,50,0,1976-06-14
203644800,299.76,299.76,299.76,299.76,1,50,0,1976-06-15
203731200,299.85,299.85,299.85,299.85,1,50,0,1976-06-16
203817600,300.03,300.03,300.03,300.03,1,50,0,1976-06-17
203904000,299.31,299.31,299.31,299.31,1,50,0,1976-06-18
204163200,299.31,299.31,299.31,299.31,1,50,0,1976-06-21
204249600,299.22,299.22,299.22,299.22,1,50,0,1976-06-22
204336000,296.82,296.82,296.82,296.82,1,50,0,1976-06-23
204422400,297.27,297.27,297.27,297.27,1,50,0,1976-06-24
204508800,297.8,297.8,297.8,297.8,1,50,0,1976-06-25
204768000,296.03,296.03,296.03,296.03,1,50,0,1976-06-28
204854400,297.0,297.0,297.0,297.0,1,50,0,1976-06-29
204940800,297.97,297.97,297.97,297.97,1,50,0,1976-06-30
205027200,296.91,296.91,296.91,296.91,1,50,0,1976-07-01
205113600,297.18,297.18,297.18,297.18,1,50,0,1976-07-02
205459200,296.38,296.38,296.38,296.38,1,50,0,1976-07-06
205545600,296.65,296.65,296.65,296.65,1,50,0,1976-07-07
205632000,296.47,296.47,296.47,296.47,1,50,0,1976-07-08
205718400,296.74,296.74,296.74,296.74,1,50,0,1976-07-09
205977600,296.38,296.38,296.38,296.38,1,50,0,1976-07-12
206064000,294.9,294.9,294.9,294.9,1,50,0,1976-07-13
206150400,292.65,292.65,292.65,292.65,1,50,0,1976-07-14
206236800,293.17,293.17,293.17,293.17,1,50,0,1976-07-15
206323200,294.03,294.03,294.03,294.03,1,50,0,1976-07-16
206582400,293.69,293.69,293.69,293.69,1,50,0,1976-07-19
206668800,293.34,293.34,293.34,293.34,1,50,0,1976-07-20
206755200,293.6,293.6,293.6,293.6,1,50,0,1976-07-21
206841600,293.69,293.69,293.69,293.69,1,50,0,1976-07-22
206928000,293.94,293.94,293.94,293.94,1,50,0,1976-07-23
207187200,293.51,293.51,293.51,293.51,1,50,0,1976-07-26
207273600,293.86,293.86,293.86,293.86,1,50,0,1976-07-27
207360000,293.51,293.51,293.51,293.51,1,50,0,1976-07-28
207446400,293.6,293.6,293.6,293.6,1,50,0,1976-07-29
207532800,293.26,293.26,293.26,293.26,1,50,0,1976-07-30
207792000,292.91,292.91,292.91,292.91,1,50,0,1976-08-02
207878400,292.91,292.91,292.91,292.91,1,50,0,1976-08-03
207964800,292.83,292.83,292.83,292.83,1,50,0,1976-08-04
208051200,293.0,293.0,293.0,293.0,1,50,0,1976-08-05
208137600,293.0,293.0,293.0,293.0,1,50,0,1976-08-06
208396800,292.65,292.65,292.65,292.65,1,50,0,1976-08-09
208483200,292.83,292.83,292.83,292.83,1,50,0,1976-08-10
208569600,292.57,292.57,292.57,292.57,1,50,0,1976-08-11
208656000,292.65,292.65,292.65,292.65,1,50,0,1976-08-12
208742400,291.12,291.12,291.12,291.12,1,50,0,1976-08-13
209001600,290.36,290.36,290.36,290.36,1,50,0,1976-08-16
209088000,287.85,287.85,287.85,287.85,1,50,0,1976-08-17
209174400,288.27,288.27,288.27,288.27,1,50,0,1976-08-18
209260800,288.77,288.77,288.77,288.77,1,50,0,1976-08-19
209347200,289.35,289.35,289.35,289.35,1,50,0,1976-08-20
209606400,289.77,289.77,289.77,289.77,1,50,0,1976-08-23
209692800,288.43,288.43,288.43,288.43,1,50,0,1976-08-24
209779200,288.85,288.85,288.85,288.85,1,50,0,1976-08-25
209865600,288.93,288.93,288.93,288.93,1,50,0,1976-08-26
209952000,288.6,288.6,288.6,288.6,1,50,0,1976-08-27
210211200,288.77,288.77,288.77,288.77,1,50,0,1976-08-30
210297600,289.35,289.35,289.35,289.35,1,50,0,1976-08-31
210384000,288.93,288.93,288.93,288.93,1,50,0,1976-09-01
210470400,288.68,288.68,288.68,288.68,1,50,0,1976-09-02
210556800,287.77,287.77,287.77,287.77,1,50,0,1976-09-03
210902400,287.77,287.77,287.77,287.77,1,50,0,1976-09-07
210988800,287.6,287.6,287.6,287.6,1,50,0,1976-09-08
211075200,286.04,286.04,286.04,286.04,1,50,0,1976-09-09
211161600,286.94,286.94,286.94,286.94,1,50,0,1976-09-10
211420800,286.62,286.62,286.62,286.62,1,50,0,1976-09-13
211507200,286.53,286.53,286.53,286.53,1,50,0,1976-09-14
211593600,286.12,286.12,286.12,286.12,1,50,0,1976-09-15
211680000,286.7,286.7,286.7,286.7,1,50,0,1976-09-16
211766400,287.27,287.27,287.27,287.27,1,50,0,1976-09-17
212025600,287.11,287.11,287.11,287.11,1,50,0,1976-09-20
212112000,288.02,288.02,288.02,288.02,1,50,0,1976-09-21
212198400,287.11,287.11,287.11,287.11,1,50,0,1976-09-22
212284800,287.77,287.77,287.77,287.77,1,50,0,1976-09-23
212371200,287.85,287.85,287.85,287.85,1,50,0,1976-09-24
212630400,287.6,287.6,287.6,287.6,1,50,0,1976-09-27
212716800,287.52,287.52,287.52,287.52,1,50,0,1976-09-28
212803200,287.77,287.77,287.77,287.77,1,50,0,1976-09-29
212889600,286.86,286.86,286.86,286.86,1,50,0,1976-09-30
212976000,287.11,287.11,287.11,287.11,1,50,0,1976-10-01
213235200,287.27,287.27,287.27,287.27,1,50,0,1976-10-04
213321600,287.44,287.44,287.44,287.44,1,50,0,1976-10-05
213408000,288.02,288.02,288.02,288.02,1,50,0,1976-10-06
213494400,288.1,288.1,288.1,288.1,1,50,0,1976-10-07
213580800,288.77,288.77,288.77,288.77,1,50,0,1976-10-08
213926400,289.86,289.86,289.86,289.86,1,50,0,1976-10-12
214012800,290.36,290.36,290.36,290.36,1,50,0,1976-10-13
214099200,292.31,292.31,292.31,292.31,1,50,0,1976-10-14
214185600,293.0,293.0,293.0,293.0,1,50,0,1976-10-15
214444800,292.48,292.48,292.48,292.48,1,50,0,1976-10-18
214531200,292.23,292.23,292.23,292.23,1,50,0,1976-10-19
214617600,292.14,292.14,292.14,292.14,1,50,0,1976-10-20
214704000,292.74,292.74,292.74,292.74,1,50,0,1976-10-21
214790400,293.69,293.69,293.69,293.69,1,50,0,1976-10-22
215049600,293.34,293.34,293.34,293.34,1,50,0,1976-10-25
215136000,293.77,293.77,293.77,293.77,1,50,0,1976-10-26
215222400,293.17,293.17,293.17,293.17,1,50,0,1976-10-27
215308800,293.6,293.6,293.6,293.6,1,50,0,1976-10-28
215395200,294.38,294.38,294.38,294.38,1,50,0,1976-10-29
215654400,295.86,295.86,295.86,295.86,1,50,0,1976-11-01
215827200,295.16,295.16,295.16,295.16,1,50,0,1976-11-03
215913600,295.33,295.33,295.33,295.33,1,50,0,1976-11-04
216000000,294.99,294.99,294.99,294.99,1,50,0,1976-11-05
216259200,293.77,293.77,293.77,293.77,1,50,0,1976-11-08
216345600,294.29,294.29,294.29,294.29,1,50,0,1976-11-09
216432000,294.38,294.38,294.38,294.38,1,50,0,1976-11-10
216604800,294.64,294.64,294.64,294.64,1,50,0,1976-11-12
216864000,294.72,294.72,294.72,294.72,1,50,0,1976-11-15
216950400,295.16,295.16,295.16,295.16,1,50,0,1976-11-16
217036800,295.07,295.07,295.07,295.07,1,50,0,1976-11-17
217123200,295.16,295.16,295.16,295.16,1,50,0,1976-11-18
217209600,295.42,295.42,295.42,295.42,1,50,0,1976-11-19
217468800,295.07,295.07,295.07,295.07,1,50,0,1976-11-22
217555200,295.42,295.42,295.42,295.42,1,50,0,1976-11-23
217641600,295.42,295.42,295.42,295.42,1,50,0,1976-11-24
217814400,295.51,295.51,295.51,295.51,1,50,0,1976-11-26
218073600,295.68,295.68,295.68,295.68,1,50,0,1976-11-29
218160000,297.09,297.09,297.09,297.09,1,50,0,1976-11-30
218246400,296.91,296.91,296.91,296.91,1,50,0,1976-12-01
218332800,296.82,296.82,296.82,296.82,1,50,0,1976-12-02
218419200,297.89,297.89,297.89,297.89,1,50,0,1976-12-03
218678400,296.56,296.56,296.56,296.56,1,50,0,1976-12-06
218764800,296.38,296.38,296.38,296.38,1,50,0,1976-12-07
218851200,296.3,296.3,296.3,296.3,1,50,0,1976-12-08
218937600,295.77,295.77,295.77,295.77,1,50,0,1976-12-09
219024000,294.81,294.81,294.81,294.81,1,50,0,1976-12-10
219283200,294.72,294.72,294.72,294.72,1,50,0,1976-12-13
219369600,295.33,295.33,295.33,295.33,1,50,0,1976-12-14
219456000,294.72,294.72,294.72,294.72,1,50,0,1976-12-15
219542400,295.51,295.51,295.51,295.51,1,50,0,1976-12-16
219628800,294.64,294.64,294.64,294.64,1,50,0,1976-12-17
219888000,293.6,293.6,293.6,293.6,1,50,0,1976-12-20
219974400,293.94,293.94,293.94,293.94,1,50,0,1976-12-21
220060800,293.86,293.86,293.86,293.86,1,50,0,1976-12-22
220147200,293.43,293.43,293.43,293.43,1,50,0,1976-12-23
220233600,293.51,293.51,293.51,293.51,1,50,0,1976-12-24
220492800,292.31,292.31,292.31,292.31,1,50,0,1976-12-27
220579200,292.14,292.14,292.14,292.14,1,50,0,1976-12-28
220665600,292.91,292.91,292.91,292.91,1,50,0,1976-12-29
220752000,293.0,293.0,293.0,293.0,1,50,0,1976-12-30
220838400,293.08,293.08,293.08,293.08,1,50,0,1976-12-31
221097600,292.48,292.48,292.48,292.48,1,50,0,1977-01-03
221184000,291.72,291.72,291.72,291.72,1,50,0,1977-01-04
221270400,292.31,292.31,292.31,292.31,1,50,0,1977-01-05
221356800,292.91,292.91,292.91,292.91,1,50,0,1977-01-06
221443200,292.83,292.83,292.83,292.83,1,50,0,1977-01-07
221702400,292.48,292.48,292.48,292.48,1,50,0,1977-01-10
221788800,292.48,292.48,292.48,292.48,1,50,0,1977-01-11
221875200,292.4,292.4,292.4,292.4,1,50,0,1977-01-12
221961600,292.57,292.57,292.57,292.57,1,50,0,1977-01-13
222048000,292.06,292.06,292.06,292.06,1,50,0,1977-01-14
222307200,291.72,291.72,291.72,291.72,1,50,0,1977-01-17
222393600,291.21,291.21,291.21,291.21,1,50,0,1977-01-18
222480000,289.6,289.6,289.6,289.6,1,50,0,1977-01-19
222566400,290.28,290.28,290.28,290.28,1,50,0,1977-01-20
222652800,290.44,290.44,290.44,290.44,1,50,0,1977-01-21
222912000,290.11,290.11,290.11,290.11,1,50,0,1977-01-24
222998400,289.27,289.27,289.27,289.27,1,50,0,1977-01-25
223084800,288.18,288.18,288.18,288.18,1,50,0,1977-01-26
223171200,289.1,289.1,289.1,289.1,1,50,0,1977-01-27
223257600,289.52,289.52,289.52,289.52,1,50,0,1977-01-28
223516800,288.43,288.43,288.43,288.43,1,50,0,1977-01-31
223603200,288.02,288.02,288.02,288.02,1,50,0,1977-02-01
223689600,288.27,288.27,288.27,288.27,1,50,0,1977-02-02
223776000,288.35,288.35,288.35,288.35,1,50,0,1977-02-03
223862400,288.1,288.1,288.1,288.1,1,50,0,1977-02-04
224121600,287.94,287.94,287.94,287.94,1,50,0,1977-02-07
224208000,287.11,287.11,287.11,287.11,1,50,0,1977-02-08
224294400,285.96,285.96,285.96,285.96,1,50,0,1977-02-09
224380800,285.63,285.63,285.63,285.63,1,50,0,1977-02-10
224467200,285.06,285.06,285.06,285.06,1,50,0,1977-02-11
224726400,281.69,281.69,281.69,281.69,1,50,0,1977-02-14
224812800,283.93,283.93,283.93,283.93,1,50,0,1977-02-15
224899200,283.77,283.77,283.77,283.77,1,50,0,1977-02-16
224985600,282.97,282.97,282.97,282.97,1,50,0,1977-02-17
225072000,283.45,283.45,283.45,283.45,1,50,0,1977-02-18
225417600,283.37,283.37,283.37,283.37,1,50,0,1977-02-22
225504000,283.45,283.45,283.45,283.45,1,50,0,1977-02-23
225590400,283.53,283.53,283.53,283.53,1,50,0,1977-02-24
225676800,282.01,282.01,282.01,282.01,1,50,0,1977-02-25
225936000,282.81,282.81,282.81,282.81,1,50,0,1977-02-28
226022400,282.49,282.49,282.49,282.49,1,50,0,1977-03-01
226108800,281.53,281.53,281.53,281.53,1,50,0,1977-03-02
226195200,281.29,281.29,281.29,281.29,1,50,0,1977-03-03
226281600,282.09,282.09,282.09,282.09,1,50,0,1977-03-04
226540800,281.93,281.93,281.93,281.93,1,50,0,1977-03-07
226627200,282.09,282.09,282.09,282.09,1,50,0,1977-03-08
226713600,282.33,282.33,282.33,282.33,1,50,0,1977-03-09
226800000,282.01,282.01,282.01,282.01,1,50,0,1977-03-10
226886400,282.01,282.01,282.01,282.01,1,50,0,1977-03-11
227145600,281.21,281.21,281.21,281.21,1,50,0,1977-03-14
227232000,281.53,281.53,281.53,281.53,1,50,0,1977-03-15
227318400,281.85,281.85,281.85,281.85,1,50,0,1977-03-16
227404800,281.69,281.69,281.69,281.69,1,50,0,1977-03-17
227491200,280.82,280.82,280.82,280.82,1,50,0,1977-03-18
227750400,279.1,279.1,279.1,279.1,1,50,0,1977-03-21
227836800,278.94,278.94,278.94,278.94,1,50,0,1977-03-22
227923200,277.24,277.24,277.24,277.24,1,50,0,1977-03-23
228009600,278.47,278.47,278.47,278.47,1,50,0,1977-03-24
228096000,278.32,278.32,278.32,278.32,1,50,0,1977-03-25
228355200,276.85,276.85,276.85,276.85,1,50,0,1977-03-28
228441600,276.63,276.63,276.63,276.63,1,50,0,1977-03-29
228528000,277.24,277.24,277.24,277.24,1,50,0,1977-03-30
228614400,277.55,277.55,277.55,277.55,1,50,0,1977-03-31
228700800,276.17,276.17,276.17,276.17,1,50,0,1977-04-01
228960000,274.65,274.65,274.65,274.65,1,50,0,1977-04-04
229046400,273.0,273.0,273.0,273.0,1,50,0,1977-04-05
229132800,273.22,273.22,273.22,273.22,1,50,0,1977-04-06
229219200,273.6,273.6,273.6,273.6,1,50,0,1977-04-07
229305600,273.22,273.22,273.22,273.22,1,50,0,1977-04-08
229564800,271.3,271.3,271.3,271.3,1,50,0,1977-04-11
229651200,270.71,270.71,270.71,270.71,1,50,0,1977-04-12
229737600,272.55,272.55,272.55,272.55,1,50,0,1977-04-13
229824000,273.37,273.37,273.37,273.37,1,50,0,1977-04-14
229910400,273.82,273.82,273.82,273.82,1,50,0,1977-04-15
230169600,275.33,275.33,275.33,275.33,1,50,0,1977-04-18
230256000,275.79,275.79,275.79,275.79,1,50,0,1977-04-19
230342400,278.78,278.78,278.78,278.78,1,50,0,1977-04-20
230428800,276.85,276.85,276.85,276.85,1,50,0,1977-04-21
230515200,277.78,277.78,277.78,277.78,1,50,0,1977-04-22
230774400,278.01,278.01,278.01,278.01,1,50,0,1977-04-25
230860800,278.32,278.32,278.32,278.32,1,50,0,1977-04-26
230947200,278.01,278.01,278.01,278.01,1,50,0,1977-04-27
231033600,277.09,277.09,277.09,277.09,1,50,0,1977-04-28
231120000,277.78,277.78,277.78,277.78,1,50,0,1977-04-29
231379200,278.01,278.01,278.01,278.01,1,50,0,1977-05-02
231465600,278.16,278.16,278.16,278.16,1,50,0,1977-05-03
231552000,276.7,276.7,276.7,276.7,1,50,0,1977-05-04
231638400,275.94,275.94,275.94,275.94,1,50,0,1977-05-05
231724800,276.85,276.85,276.85,276.85,1,50,0,1977-05-06
231984000,278.01,278.01,278.01,278.01,1,50,0,1977-05-09
232070400,277.47,277.47,277.47,277.47,1,50,0,1977-05-10
232156800,277.93,277.93,277.93,277.93,1,50,0,1977-05-11
232243200,278.01,278.01,278.01,278.01,1,50,0,1977-05-12
232329600,277.62,277.62,277.62,277.62,1,50,0,1977-05-13
232588800,277.7,277.7,277.7,277.7,1,50,0,1977-05-16
232675200,277.55,277.55,277.55,277.55,1,50,0,1977-05-17
232761600,277.39,277.39,277.39,277.39,1,50,0,1977-05-18
232848000,276.97,276.97,276.97,276.97,1,50,0,1977-05-19
232934400,277.24,277.24,277.24,277.24,1,50,0,1977-05-20
233193600,277.55,277.55,277.55,277.55,1,50,0,1977-05-23
233280000,277.78,277.78,277.78,277.78,1,50,0,1977-05-24
233366400,277.39,277.39,277.39,277.39,1,50,0,1977-05-25
233452800,277.12,277.12,277.12,277.12,1,50,0,1977-05-26
233539200,277.28,277.28,277.28,277.28,1,50,0,1977-05-27
233884800,277.28,277.28,277.28,277.28,1,50,0,1977-05-31
233971200,277.32,277.32,277.32,277.32,1,50,0,1977-06-01
234057600,276.55,276.55,276.55,276.55,1,50,0,1977-06-02
234144000,276.28,276.28,276.28,276.28,1,50,0,1977-06-03
234403200,275.18,275.18,275.18,275.18,1,50,0,1977-06-06
234489600,275.56,275.56,275.56,275.56,1,50,0,1977-06-07
234576000,274.42,274.42,274.42,274.42,1,50,0,1977-06-08
234662400,273.75,273.75,273.75,273.75,1,50,0,1977-06-09
234748800,273.67,273.67,273.67,273.67,1,50,0,1977-06-10
235008000,271.81,271.81,271.81,271.81,1,50,0,1977-06-13
235094400,272.33,272.33,272.33,272.33,1,50,0,1977-06-14
235180800,272.78,272.78,272.78,272.78,1,50,0,1977-06-15
235267200,272.44,272.44,272.44,272.44,1,50,0,1977-06-16
235353600,272.7,272.7,272.7,272.7,1,50,0,1977-06-17
235612800,272.78,272.78,272.78,272.78,1,50,0,1977-06-20
235699200,272.44,272.44,272.44,272.44,1,50,0,1977-06-21
235785600,271.74,271.74,271.74,271.74,1,50,0,1977-06-22
235872000,271.81,271.81,271.81,271.81,1,50,0,1977-06-23
235958400,272.0,272.0,272.0,272.0,1,50,0,1977-06-24
236217600,271.48,271.48,271.48,271.48,1,50,0,1977-06-27
236304000,270.86,270.86,270.86,270.86,1,50,0,1977-06-28
236390400,267.45,267.45,267.45,267.45,1,50,0,1977-06-29
236476800,267.59,267.59,267.59,267.59,1,50,0,1977-06-30
236563200,267.13,267.13,267.13,267.13,1,50,0,1977-07-01
236908800,264.9,264.9,264.9,264.9,1,50,0,1977-07-05
236995200,265.39,265.39,265.39,265.39,1,50,0,1977-07-06
237081600,264.69,264.69,264.69,264.69,1,50,0,1977-07-07
237168000,264.76,264.76,264.76,264.76,1,50,0,1977-07-08
237427200,263.09,263.09,263.09,263.09,1,50,0,1977-07-11
237513600,264.48,264.48,264.48,264.48,1,50,0,1977-07-12
237600000,264.27,264.27,264.27,264.27,1,50,0,1977-07-13
237772800,265.32,265.32,265.32,265.32,1,50,0,1977-07-15
238032000,263.99,263.99,263.99,263.99,1,50,0,1977-07-18
238118400,264.27,264.27,264.27,264.27,1,50,0,1977-07-19
238204800,264.83,264.83,264.83,264.83,1,50,0,1977-07-20
238291200,264.76,264.76,264.76,264.76,1,50,0,1977-07-21
238377600,264.24,264.24,264.24,264.24,1,50,0,1977-07-22
238636800,264.34,264.34,264.34,264.34,1,50,0,1977-07-25
238723200,264.41,264.41,264.41,264.41,1,50,0,1977-07-26
238809600,264.76,264.76,264.76,264.76,1,50,0,1977-07-27
238896000,265.96,265.96,265.96,265.96,1,50,0,1977-07-28
238982400,266.81,266.81,266.81,266.81,1,50,0,1977-07-29
239241600,267.13,267.13,267.13,267.13,1,50,0,1977-08-01
239328000,266.52,266.52,266.52,266.52,1,50,0,1977-08-02
239414400,265.57,265.57,265.57,265.57,1,50,0,1977-08-03
239500800,265.53,265.53,265.53,265.53,1,50,0,1977-08-04
239587200,265.85,265.85,265.85,265.85,1,50,0,1977-08-05
239846400,266.24,266.24,266.24,266.24,1,50,0,1977-08-08
239932800,265.96,265.96,265.96,265.96,1,50,0,1977-08-09
240019200,266.06,266.06,266.06,266.06,1,50,0,1977-08-10
240105600,265.96,265.96,265.96,265.96,1,50,0,1977-08-11
240192000,266.38,266.38,266.38,266.38,1,50,0,1977-08-12
240451200,267.92,267.92,267.92,267.92,1,50,0,1977-08-15
240537600,267.67,267.67,267.67,267.67,1,50,0,1977-08-16
240624000,266.74,266.74,266.74,266.74,1,50,0,1977-08-17
240710400,266.74,266.74,266.74,266.74,1,50,0,1977-08-18
240796800,267.27,267.27,267.27,267.27,1,50,0,1977-08-19
241056000,266.7,266.7,266.7,266.7,1,50,0,1977-08-22
241142400,266.77,266.77,266.77,266.77,1,50,0,1977-08-23
241228800,266.21,266.21,266.21,266.21,1,50,0,1977-08-24
241315200,267.31,267.31,267.31,267.31,1,50,0,1977-08-25
241401600,267.09,267.09,267.09,267.09,1,50,0,1977-08-26
241660800,267.06,267.06,267.06,267.06,1,50,0,1977-08-29
241747200,267.4,267.4,267.4,267.4,1,50,0,1977-08-30
241833600,267.5,267.5,267.5,267.5,1,50,0,1977-08-31
241920000,268.17,268.17,268.17,268.17,1,50,0,1977-09-01
242006400,267.97,267.97,267.97,267.97,1,50,0,1977-09-02
242352000,267.59,267.59,267.59,267.59,1,50,0,1977-09-06
242438400,266.81,266.81,266.81,266.81,1,50,0,1977-09-07
242524800,266.88,266.88,266.88,266.88,1,50,0,1977-09-08
242611200,266.84,266.84,266.84,266.84,1,50,0,1977-09-09
242870400,266.67,266.67,266.67,266.67,1,50,0,1977-09-12
242956800,266.84,266.84,266.84,266.84,1,50,0,1977-09-13
243043200,267.13,267.13,267.13,267.13,1,50,0,1977-09-14
243129600,267.06,267.06,267.06,267.06,1,50,0,1977-09-15
243216000,267.09,267.09,267.09,267.09,1,50,0,1977-09-16
243475200,266.92,266.92,266.92,266.92,1,50,0,1977-09-19
243561600,266.88,266.88,266.88,266.88,1,50,0,1977-09-20
243648000,266.88,266.88,266.88,266.88,1,50,0,1977-09-21
243734400,266.81,266.81,266.81,266.81,1,50,0,1977-09-22
243820800,266.81,266.81,266.81,266.81,1,50,0,1977-09-23
244080000,266.7,266.7,266.7,266.7,1,50,0,1977-09-26
244166400,266.63,266.63,266.63,266.63,1,50,0,1977-09-27
244252800,266.67,266.67,266.67,266.67,1,50,0,1977-09-28
244339200,265.11,265.11,265.11,265.11,1,50,0,1977-09-29
244425600,263.71,263.71,263.71,263.71,1,50,0,1977-09-30
244684800,260.72,260.72,260.72,260.72,1,50,0,1977-10-03
244771200,260.82,260.82,260.82,260.82,1,50,0,1977-10-04
244857600,261.1,261.1,261.1,261.1,1,50,0,1977-10-05
244944000,258.55,258.55,258.55,258.55,1,50,0,1977-10-06
245030400,257.6,257.6,257.6,257.6,1,50,0,1977-10-07
245376000,257.8,257.8,257.8,257.8,1,50,0,1977-10-11
245462400,256.81,256.81,256.81,256.81,1,50,0,1977-10-12
245548800,254.97,254.97,254.97,254.97,1,50,0,1977-10-13
245635200,253.0,253.0,253.0,253.0,1,50,0,1977-10-14
245894400,252.53,252.53,252.53,252.53,1,50,0,1977-10-17
245980800,252.21,252.21,252.21,252.21,1,50,0,1977-10-18
246067200,254.45,254.45,254.45,254.45,1,50,0,1977-10-19
246153600,254.19,254.19,254.19,254.19,1,50,0,1977-10-20
246240000,254.32,254.32,254.32,254.32,1,50,0,1977-10-21
246499200,251.95,251.95,251.95,251.95,1,50,0,1977-10-24
246585600,252.33,252.33,252.33,252.33,1,50,0,1977-10-25
246672000,251.6,251.6,251.6,251.6,1,50,0,1977-10-26
246758400,250.31,250.31,250.31,250.31,1,50,0,1977-10-27
246844800,250.5,250.5,250.5,250.5,1,50,0,1977-10-28
247104000,249.13,249.13,249.13,249.13,1,50,0,1977-10-31
247190400,246.73,246.73,246.73,246.73,1,50,0,1977-11-01
247276800,248.32,248.32,248.32,248.32,1,50,0,1977-11-02
247363200,247.74,247.74,247.74,247.74,1,50,0,1977-11-03
247449600,249.0,249.0,249.0,249.0,1,50,0,1977-11-04
247708800,248.69,248.69,248.69,248.69,1,50,0,1977-11-07
247881600,247.1,247.1,247.1,247.1,1,50,0,1977-11-09
247968000,246.18,246.18,246.18,246.18,1,50,0,1977-11-10
248313600,245.1,245.1,245.1,245.1,1,50,0,1977-11-14
248400000,245.28,245.28,245.28,245.28,1,50,0,1977-11-15
248486400,245.25,245.25,245.25,245.25,1,50,0,1977-11-16
248572800,245.4,245.4,245.4,245.4,1,50,0,1977-11-17
248659200,243.49,243.49,243.49,243.49,1,50,0,1977-11-18
248918400,242.78,242.78,242.78,242.78,1,50,0,1977-11-21
249004800,240.64,240.64,240.64,240.64,1,50,0,1977-11-22
249091200,239.75,239.75,239.75,239.75,1,50,0,1977-11-23
249264000,239.98,239.98,239.98,239.98,1,50,0,1977-11-25
249523200,240.24,240.24,240.24,240.24,1,50,0,1977-11-28
249609600,243.66,243.66,243.66,243.66,1,50,0,1977-11-29
249696000,244.02,244.02,244.02,244.02,1,50,0,1977-11-30
249782400,243.07,243.07,243.07,243.07,1,50,0,1977-12-01
249868800,242.51,242.51,242.51,242.51,1,50,0,1977-12-02
250128000,242.01,242.01,242.01,242.01,1,50,0,1977-12-05
250214400,241.6,241.6,241.6,241.6,1,50,0,1977-12-06
250300800,241.43,241.43,241.43,241.43,1,50,0,1977-12-07
250387200,241.72,241.72,241.72,241.72,1,50,0,1977-12-08
250473600,242.37,242.37,242.37,242.37,1,50,0,1977-12-09
250732800,241.78,241.78,241.78,241.78,1,50,0,1977-12-12
250819200,240.53,240.53,240.53,240.53,1,50,0,1977-12-13
250905600,237.81,237.81,237.81,237.81,1,50,0,1977-12-14
250992000,239.12,239.12,239.12,239.12,1,50,0,1977-12-15
251078400,240.59,240.59,240.59,240.59,1,50,0,1977-12-16
251337600,241.02,241.02,241.02,241.02,1,50,0,1977-12-19
251424000,240.5,240.5,240.5,240.5,1,50,0,1977-12-20
251510400,240.38,240.38,240.38,240.38,1,50,0,1977-12-21
251596800,241.55,241.55,241.55,241.55,1,50,0,1977-12-22
251683200,241.66,241.66,241.66,241.66,1,50,0,1977-12-23
252028800,241.37,241.37,241.37,241.37,1,50,0,1977-12-27
252115200,240.44,240.44,240.44,240.44,1,50,0,1977-12-28
252201600,240.04,240.04,240.04,240.04,1,50,0,1977-12-29
252288000,239.98,239.98,239.98,239.98,1,50,0,1977-12-30
252633600,237.59,237.59,237.59,237.59,1,50,0,1978-01-03
252720000,237.42,237.42,237.42,237.42,1,50,0,1978-01-04
252806400,241.08,241.08,241.08,241.08,1,50,0,1978-01-05
252892800,240.38,240.38,240.38,240.38,1,50,0,1978-01-06
253152000,241.46,241.46,241.46,241.46,1,50,0,1978-01-09
253238400,241.49,241.49,241.49,241.49,1,50,0,1978-01-10
253324800,240.5,240.5,240.5,240.5,1,50,0,1978-01-11
253411200,241.6,241.6,241.6,241.6,1,50,0,1978-01-12
253497600,241.49,241.49,241.49,241.49,1,50,0,1978-01-13
253756800,241.6,241.6,241.6,241.6,1,50,0,1978-01-16
253843200,242.01,242.01,242.01,242.01,1,50,0,1978-01-17
253929600,242.42,242.42,242.42,242.42,1,50,0,1978-01-18
254016000,242.13,242.13,242.13,242.13,1,50,0,1978-01-19
254102400,241.85,241.85,241.85,241.85,1,50,0,1978-01-20
254361600,241.46,241.46,241.46,241.46,1,50,0,1978-01-23
254448000,241.66,241.66,241.66,241.66,1,50,0,1978-01-24
254534400,241.25,241.25,241.25,241.25,1,50,0,1978-01-25
254620800,240.56,240.56,240.56,240.56,1,50,0,1978-01-26
254707200,241.37,241.37,241.37,241.37,1,50,0,1978-01-27
254966400,241.78,241.78,241.78,241.78,1,50,0,1978-01-30
255052800,241.6,241.6,241.6,241.6,1,50,0,1978-01-31
255139200,241.6,241.6,241.6,241.6,1,50,0,1978-02-01
255225600,241.81,241.81,241.81,241.81,1,50,0,1978-02-02
255312000,241.84,241.84,241.84,241.84,1,50,0,1978-02-03
255571200,241.14,241.14,241.14,241.14,1,50,0,1978-02-06
255657600,241.43,241.43,241.43,241.43,1,50,0,1978-02-07
255744000,241.49,241.49,241.49,241.49,1,50,0,1978-02-08
255830400,241.55,241.55,241.55,241.55,1,50,0,1978-02-09
255916800,241.58,241.58,241.58,241.58,1,50,0,1978-02-10
256262400,240.7,240.7,240.7,240.7,1,50,0,1978-02-14
256348800,240.67,240.67,240.67,240.67,1,50,0,1978-02-15
256435200,240.15,240.15,240.15,240.15,1,50,0,1978-02-16
256521600,239.81,239.81,239.81,239.81,1,50,0,1978-02-17
256867200,238.41,238.41,238.41,238.41,1,50,0,1978-02-21
256953600,238.83,238.83,238.83,238.83,1,50,0,1978-02-22
257040000,238.15,238.15,238.15,238.15,1,50,0,1978-02-23
257126400,240.21,240.21,240.21,240.21,1,50,0,1978-02-24
257385600,239.23,239.23,239.23,239.23,1,50,0,1978-02-27
257472000,238.1,238.1,238.1,238.1,1,50,0,1978-02-28
257558400,238.27,238.27,238.27,238.27,1,50,0,1978-03-01
257644800,238.41,238.41,238.41,238.41,1,50,0,1978-03-02
257731200,237.02,237.02,237.02,237.02,1,50,0,1978-03-03
257990400,236.41,236.41,236.41,236.41,1,50,0,1978-03-06
258076800,235.57,235.57,235.57,235.57,1,50,0,1978-03-07
258163200,234.41,234.41,234.41,234.41,1,50,0,1978-03-08
258249600,235.02,235.02,235.02,235.02,1,50,0,1978-03-09
258336000,235.9,235.9,235.9,235.9,1,50,0,1978-03-10
258595200,234.03,234.03,234.03,234.03,1,50,0,1978-03-13
258681600,233.05,233.05,233.05,233.05,1,50,0,1978-03-14
258768000,233.05,233.05,233.05,233.05,1,50,0,1978-03-15
258854400,235.63,235.63,235.63,235.63,1,50,0,1978-03-16
258940800,231.0,231.0,231.0,231.0,1,50,0,1978-03-17
259200000,231.16,231.16,231.16,231.16,1,50,0,1978-03-20
259286400,230.63,230.63,230.63,230.63,1,50,0,1978-03-21
259372800,230.36,230.36,230.36,230.36,1,50,0,1978-03-22
259459200,230.02,230.02,230.02,230.02,1,50,0,1978-03-23
259545600,228.0,228.0,228.0,228.0,1,50,0,1978-03-24
259804800,225.23,225.23,225.23,225.23,1,50,0,1978-03-27
259891200,225.02,225.02,225.02,225.02,1,50,0,1978-03-28
259977600,222.27,222.27,222.27,222.27,1,50,0,1978-03-29
260064000,222.37,222.37,222.37,222.37,1,50,0,1978-03-30
260150400,229.89,229.89,229.89,229.89,1,50,0,1978-03-31
260409600,218.34,218.34,218.34,218.34,1,50,0,1978-04-03
260496000,219.3,219.3,219.3,219.3,1,50,0,1978-04-04
260582400,218.96,218.96,218.96,218.96,1,50,0,1978-04-05
260668800,218.63,218.63,218.63,218.63,1,50,0,1978-04-06
260755200,220.12,220.12,220.12,220.12,1,50,0,1978-04-07
261014400,219.83,219.83,219.83,219.83,1,50,0,1978-04-10
261100800,219.33,219.33,219.33,219.33,1,50,0,1978-04-11
261187200,218.72,218.72,218.72,218.72,1,50,0,1978-04-12
261273600,219.35,219.35,219.35,219.35,1,50,0,1978-04-13
261360000,219.4,219.4,219.4,219.4,1,50,0,1978-04-14
261619200,220.6,220.6,220.6,220.6,1,50,0,1978-04-17
261705600,221.53,221.53,221.53,221.53,1,50,0,1978-04-18
261792000,221.88,221.88,221.88,221.88,1,50,0,1978-04-19
261878400,226.76,226.76,226.76,226.76,1,50,0,1978-04-20
261964800,225.89,225.89,225.89,225.89,1,50,0,1978-04-21
262224000,228.1,228.1,228.1,228.1,1,50,0,1978-04-24
262310400,227.58,227.58,227.58,227.58,1,50,0,1978-04-25
262396800,225.63,225.63,225.63,225.63,1,50,0,1978-04-26
262483200,222.22,222.22,222.22,222.22,1,50,0,1978-04-27
262569600,224.97,224.97,224.97,224.97,1,50,0,1978-04-28
262828800,225.78,225.78,225.78,225.78,1,50,0,1978-05-01
262915200,226.07,226.07,226.07,226.07,1,50,0,1978-05-02
263001600,226.14,226.14,226.14,226.14,1,50,0,1978-05-03
263088000,224.77,224.77,224.77,224.77,1,50,0,1978-05-04
263174400,224.59,224.59,224.59,224.59,1,50,0,1978-05-05
263433600,225.12,225.12,225.12,225.12,1,50,0,1978-05-08
263520000,225.38,225.38,225.38,225.38,1,50,0,1978-05-09
263606400,224.92,224.92,224.92,224.92,1,50,0,1978-05-10
263692800,225.23,225.23,225.23,225.23,1,50,0,1978-05-11
263779200,225.63,225.63,225.63,225.63,1,50,0,1978-05-12
264038400,226.22,226.22,226.22,226.22,1,50,0,1978-05-15
264124800,228.41,228.41,228.41,228.41,1,50,0,1978-05-16
264211200,227.95,227.95,227.95,227.95,1,50,0,1978-05-17
264297600,227.53,227.53,227.53,227.53,1,50,0,1978-05-18
264384000,228.0,228.0,228.0,228.0,1,50,0,1978-05-19
264643200,228.83,228.83,228.83,228.83,1,50,0,1978-05-22
264729600,229.04,229.04,229.04,229.04,1,50,0,1978-05-23
264816000,228.41,228.41,228.41,228.41,1,50,0,1978-05-24
264902400,225.84,225.84,225.84,225.84,1,50,0,1978-05-25
264988800,225.68,225.68,225.68,225.68,1,50,0,1978-05-26
265248000,225.05,225.05,225.05,225.05,1,50,0,1978-05-29
265420800,221.34,221.34,221.34,221.34,1,50,0,1978-05-31
265507200,221.51,221.51,221.51,221.51,1,50,0,1978-06-01
265593600,221.24,221.24,221.24,221.24,1,50,0,1978-06-02
265852800,220.99,220.99,220.99,220.99,1,50,0,1978-06-05
265939200,220.99,220.99,220.99,220.99,1,50,0,1978-06-06
266025600,220.99,220.99,220.99,220.99,1,50,0,1978-06-07
266112000,220.9,220.9,220.9,220.9,1,50,0,1978-06-08
266198400,220.6,220.6,220.6,220.6,1,50,0,1978-06-09
266457600,218.01,218.01,218.01,218.01,1,50,0,1978-06-12
266544000,216.92,216.92,216.92,216.92,1,50,0,1978-06-13
266630400,215.38,215.38,215.38,215.38,1,50,0,1978-06-14
266716800,216.17,216.17,216.17,216.17,1,50,0,1978-06-15
266803200,215.89,215.89,215.89,215.89,1,50,0,1978-06-16
267062400,213.49,213.49,213.49,213.49,1,50,0,1978-06-19
267148800,211.15,211.15,211.15,211.15,1,50,0,1978-06-20
267235200,210.66,210.66,210.66,210.66,1,50,0,1978-06-21
267321600,211.1,211.1,211.1,211.1,1,50,0,1978-06-22
267408000,207.47,207.47,207.47,207.47,1,50,0,1978-06-23
267667200,206.06,206.06,206.06,206.06,1,50,0,1978-06-26
267753600,205.93,205.93,205.93,205.93,1,50,0,1978-06-27
267840000,205.97,205.97,205.97,205.97,1,50,0,1978-06-28
267926400,205.21,205.21,205.21,205.21,1,50,0,1978-06-29
268012800,203.71,203.71,203.71,203.71,1,50,0,1978-06-30
268272000,202.43,202.43,202.43,202.43,1,50,0,1978-07-03
268444800,201.61,201.61,201.61,201.61,1,50,0,1978-07-05
268531200,203.09,203.09,203.09,203.09,1,50,0,1978-07-06
268617600,202.35,202.35,202.35,202.35,1,50,0,1978-07-07
268876800,201.69,201.69,201.69,201.69,1,50,0,1978-07-10
268963200,202.86,202.86,202.86,202.86,1,50,0,1978-07-11
269049600,203.29,203.29,203.29,203.29,1,50,0,1978-07-12
269136000,202.65,202.65,202.65,202.65,1,50,0,1978-07-13
269222400,202.59,202.59,202.59,202.59,1,50,0,1978-07-14
269481600,203.79,203.79,203.79,203.79,1,50,0,1978-07-17
269568000,202.55,202.55,202.55,202.55,1,50,0,1978-07-18
269654400,201.53,201.53,201.53,201.53,1,50,0,1978-07-19
269740800,201.57,201.57,201.57,201.57,1,50,0,1978-07-20
269827200,200.94,200.94,200.94,200.94,1,50,0,1978-07-21
270086400,198.02,198.02,198.02,198.02,1,50,0,1978-07-24
270172800,195.47,195.47,195.47,195.47,1,50,0,1978-07-25
270259200,194.1,194.1,194.1,194.1,1,50,0,1978-07-26
270345600,193.65,193.65,193.65,193.65,1,50,0,1978-07-27
270432000,190.59,190.59,190.59,190.59,1,50,0,1978-07-28
270691200,189.14,189.14,189.14,189.14,1,50,0,1978-07-31
270777600,186.57,186.57,186.57,186.57,1,50,0,1978-08-01
270864000,186.29,186.29,186.29,186.29,1,50,0,1978-08-02
270950400,188.32,188.32,188.32,188.32,1,50,0,1978-08-03
271036800,190.19,190.19,190.19,190.19,1,50,0,1978-08-04
271296000,188.79,188.79,188.79,188.79,1,50,0,1978-08-07
271382400,187.34,187.34,187.34,187.34,1,50,0,1978-08-08
271468800,187.62,187.62,187.62,187.62,1,50,0,1978-08-09
271555200,186.67,186.67,186.67,186.67,1,50,0,1978-08-10
271641600,185.53,185.53,185.53,185.53,1,50,0,1978-08-11
271900800,183.76,183.76,183.76,183.76,1,50,0,1978-08-14
271987200,185.29,185.29,185.29,185.29,1,50,0,1978-08-15
272073600,184.64,184.64,184.64,184.64,1,50,0,1978-08-16
272160000,188.32,188.32,188.32,188.32,1,50,0,1978-08-17
272246400,188.86,188.86,188.86,188.86,1,50,0,1978-08-18
272505600,193.01,193.01,193.01,193.01,1,50,0,1978-08-21
272592000,191.31,191.31,191.31,191.31,1,50,0,1978-08-22
272678400,191.9,191.9,191.9,191.9,1,50,0,1978-08-23
272764800,191.02,191.02,191.02,191.02,1,50,0,1978-08-24
272851200,192.57,192.57,192.57,192.57,1,50,0,1978-08-25
273110400,193.35,193.35,193.35,193.35,1,50,0,1978-08-28
273196800,189.39,189.39,189.39,189.39,1,50,0,1978-08-29
273283200,189.07,189.07,189.07,189.07,1,50,0,1978-08-30
273369600,190.51,190.51,190.51,190.51,1,50,0,1978-08-31
273456000,190.8,190.8,190.8,190.8,1,50,0,1978-09-01
273801600,190.15,190.15,190.15,190.15,1,50,0,1978-09-05
273888000,190.0,190.0,190.0,190.0,1,50,0,1978-09-06
273974400,191.05,191.05,191.05,191.05,1,50,0,1978-09-07
274060800,192.9,192.9,192.9,192.9,1,50,0,1978-09-08
274320000,191.9,191.9,191.9,191.9,1,50,0,1978-09-11
274406400,191.5,191.5,191.5,191.5,1,50,0,1978-09-12
274492800,189.9,189.9,189.9,189.9,1,50,0,1978-09-13
274579200,190.15,190.15,190.15,190.15,1,50,0,1978-09-14
274665600,189.85,189.85,189.85,189.85,1,50,0,1978-09-15
274924800,190.8,190.8,190.8,190.8,1,50,0,1978-09-18
275011200,190.3,190.3,190.3,190.3,1,50,0,1978-09-19
275097600,188.8,188.8,188.8,188.8,1,50,0,1978-09-20
275184000,187.75,187.75,187.75,187.75,1,50,0,1978-09-21
275270400,188.25,188.25,188.25,188.25,1,50,0,1978-09-22
275529600,187.65,187.65,187.65,187.65,1,50,0,1978-09-25
275616000,189.15,189.15,189.15,189.15,1,50,0,1978-09-26
275702400,189.1,189.1,189.1,189.1,1,50,0,1978-09-27
275788800,189.2,189.2,189.2,189.2,1,50,0,1978-09-28
275875200,189.19,189.19,189.19,189.19,1,50,0,1978-09-29
276134400,188.85,188.85,188.85,188.85,1,50,0,1978-10-02
276220800,187.5,187.5,187.5,187.5,1,50,0,1978-10-03
276307200,187.0,187.0,187.0,187.0,1,50,0,1978-10-04
276393600,187.3,187.3,187.3,187.3,1,50,0,1978-10-05
276480000,188.4,188.4,188.4,188.4,1,50,0,1978-10-06
276825600,187.9,187.9,187.9,187.9,1,50,0,1978-10-10
276912000,185.85,185.85,185.85,185.85,1,50,0,1978-10-11
276998400,186.6,186.6,186.6,186.6,1,50,0,1978-10-12
277084800,185.9,185.9,185.9,185.9,1,50,0,1978-10-13
277344000,183.85,183.85,183.85,183.85,1,50,0,1978-10-16
277430400,182.25,182.25,182.25,182.25,1,50,0,1978-10-17
277516800,182.3,182.3,182.3,182.3,1,50,0,1978-10-18
277603200,183.25,183.25,183.25,183.25,1,50,0,1978-10-19
277689600,181.8,181.8,181.8,181.8,1,50,0,1978-10-20
277948800,181.55,181.55,181.55,181.55,1,50,0,1978-10-23
278035200,182.55,182.55,182.55,182.55,1,50,0,1978-10-24
278121600,179.55,179.55,179.55,179.55,1,50,0,1978-10-25
278208000,178.3,178.3,178.3,178.3,1,50,0,1978-10-26
278294400,179.0,179.0,179.0,179.0,1,50,0,1978-10-27
278553600,177.05,177.05,177.05,177.05,1,50,0,1978-10-30
278640000,179.5,179.5,179.5,179.5,1,50,0,1978-10-31
278726400,186.0,186.0,186.0,186.0,1,50,0,1978-11-01
278812800,187.85,187.85,187.85,187.85,1,50,0,1978-11-02
278899200,189.0,189.0,189.0,189.0,1,50,0,1978-11-03
279158400,190.25,190.25,190.25,190.25,1,50,0,1978-11-06
279331200,187.25,187.25,187.25,187.25,1,50,0,1978-11-08
279417600,187.9,187.9,187.9,187.9,1,50,0,1978-11-09
279504000,188.6,188.6,188.6,188.6,1,50,0,1978-11-10
279763200,188.45,188.45,188.45,188.45,1,50,0,1978-11-13
279849600,188.95,188.95,188.95,188.95,1,50,0,1978-11-14
279936000,191.0,191.0,191.0,191.0,1,50,0,1978-11-15
280022400,194.1,194.1,194.1,194.1,1,50,0,1978-11-16
280108800,195.6,195.6,195.6,195.6,1,50,0,1978-11-17
280368000,194.8,194.8,194.8,194.8,1,50,0,1978-11-20
280454400,195.0,195.0,195.0,195.0,1,50,0,1978-11-21
280540800,194.2,194.2,194.2,194.2,1,50,0,1978-11-22
280713600,195.05,195.05,195.05,195.05,1,50,0,1978-11-24
280972800,196.0,196.0,196.0,196.0,1,50,0,1978-11-27
281059200,196.75,196.75,196.75,196.75,1,50,0,1978-11-28
281145600,197.0,197.0,197.0,197.0,1,50,0,1978-11-29
281232000,199.1,199.1,199.1,199.1,1,50,0,1978-11-30
281318400,201.7,201.7,201.7,201.7,1,50,0,1978-12-01
281577600,197.65,197.65,197.65,197.65,1,50,0,1978-12-04
281664000,197.5,197.5,197.5,197.5,1,50,0,1978-12-05
281750400,197.55,197.55,197.55,197.55,1,50,0,1978-12-06
281836800,198.65,198.65,198.65,198.65,1,50,0,1978-12-07
281923200,198.1,198.1,198.1,198.1,1,50,0,1978-12-08
282182400,196.0,196.0,196.0,196.0,1,50,0,1978-12-11
282268800,196.35,196.35,196.35,196.35,1,50,0,1978-12-12
282355200,196.25,196.25,196.25,196.25,1,50,0,1978-12-13
282441600,195.55,195.55,195.55,195.55,1,50,0,1978-12-14
282528000,195.8,195.8,195.8,195.8,1,50,0,1978-12-15
282787200,193.05,193.05,193.05,193.05,1,50,0,1978-12-18
282873600,193.3,193.3,193.3,193.3,1,50,0,1978-12-19
282960000,194.6,194.6,194.6,194.6,1,50,0,1978-12-20
283046400,195.2,195.2,195.2,195.2,1,50,0,1978-12-21
283132800,194.1,194.1,194.1,194.1,1,50,0,1978-12-22
283478400,195.0,195.0,195.0,195.0,1,50,0,1978-12-26
283564800,194.5,194.5,194.5,194.5,1,50,0,1978-12-27
283651200,193.95,193.95,193.95,193.95,1,50,0,1978-12-28
283737600,194.3,194.3,194.3,194.3,1,50,0,1978-12-29
284083200,194.58,194.58,194.58,194.58,1,50,0,1979-01-02
284169600,196.6,196.6,196.6,196.6,1,50,0,1979-01-03
284256000,196.4,196.4,196.4,196.4,1,50,0,1979-01-04
284342400,196.65,196.65,196.65,196.65,1,50,0,1979-01-05
284601600,195.65,195.65,195.65,195.65,1,50,0,1979-01-08
284688000,196.65,196.65,196.65,196.65,1,50,0,1979-01-09
284774400,196.65,196.65,196.65,196.65,1,50,0,1979-01-10
284860800,198.25,198.25,198.25,198.25,1,50,0,1979-01-11
284947200,197.6,197.6,197.6,197.6,1,50,0,1979-01-12
285206400,197.8,197.8,197.8,197.8,1,50,0,1979-01-15
285292800,197.15,197.15,197.15,197.15,1,50,0,1979-01-16
285379200,196.8,196.8,196.8,196.8,1,50,0,1979-01-17
285465600,196.75,196.75,196.75,196.75,1,50,0,1979-01-18
285552000,198.25,198.25,198.25,198.25,1,50,0,1979-01-19
285811200,197.63,197.63,197.63,197.63,1,50,0,1979-01-22
285897600,197.9,197.9,197.9,197.9,1,50,0,1979-01-23
285984000,197.7,197.7,197.7,197.7,1,50,0,1979-01-24
286070400,199.0,199.0,199.0,199.0,1,50,0,1979-01-25
286156800,199.55,199.55,199.55,199.55,1,50,0,1979-01-26
286416000,200.1,200.1,200.1,200.1,1,50,0,1979-01-29
286502400,200.75,200.75,200.75,200.75,1,50,0,1979-01-30
286588800,202.2,202.2,202.2,202.2,1,50,0,1979-01-31
286675200,202.75,202.75,202.75,202.75,1,50,0,1979-02-01
286761600,201.6,201.6,201.6,201.6,1,50,0,1979-02-02
287020800,199.85,199.85,199.85,199.85,1,50,0,1979-02-05
287107200,199.05,199.05,199.05,199.05,1,50,0,1979-02-06
287193600,196.0,196.0,196.0,196.0,1,50,0,1979-02-07
287280000,197.7,197.7,197.7,197.7,1,50,0,1979-02-08
287366400,198.8,198.8,198.8,198.8,1,50,0,1979-02-09
287712000,199.7,199.7,199.7,199.7,1,50,0,1979-02-13
287798400,200.4,200.4,200.4,200.4,1,50,0,1979-02-14
287884800,200.25,200.25,200.25,200.25,1,50,0,1979-02-15
287971200,200.7,200.7,200.7,200.7,1,50,0,1979-02-16
288316800,201.05,201.05,201.05,201.05,1,50,0,1979-02-20
288403200,201.85,201.85,201.85,201.85,1,50,0,1979-02-21
288489600,201.4,201.4,201.4,201.4,1,50,0,1979-02-22
288576000,201.4,201.4,201.4,201.4,1,50,0,1979-02-23
288835200,202.08,202.08,202.08,202.08,1,50,0,1979-02-26
288921600,201.9,201.9,201.9,201.9,1,50,0,1979-02-27
289008000,202.65,202.65,202.65,202.65,1,50,0,1979-02-28
289094400,203.75,203.75,203.75,203.75,1,50,0,1979-03-01
289180800,204.9,204.9,204.9,204.9,1,50,0,1979-03-02
289440000,204.73,204.73,204.73,204.73,1,50,0,1979-03-05
289526400,204.5,204.5,204.5,204.5,1,50,0,1979-03-06
289612800,204.0,204.0,204.0,204.0,1,50,0,1979-03-07
289699200,204.18,204.18,204.18,204.18,1,50,0,1979-03-08
289785600,204.7,204.7,204.7,204.7,1,50,0,1979-03-09
290044800,205.73,205.73,205.73,205.73,1,50,0,1979-03-12
290131200,208.65,208.65,208.65,208.65,1,50,0,1979-03-13
290217600,207.28,207.28,207.28,207.28,1,50,0,1979-03-14
290304000,206.95,206.95,206.95,206.95,1,50,0,1979-03-15
290390400,207.45,207.45,207.45,207.45,1,50,0,1979-03-16
290649600,207.0,207.0,207.0,207.0,1,50,0,1979-03-19
290736000,207.17,207.17,207.17,207.17,1,50,0,1979-03-20
290822400,206.95,206.95,206.95,206.95,1,50,0,1979-03-21
290908800,205.5,205.5,205.5,205.5,1,50,0,1979-03-22
290995200,205.9,205.9,205.9,205.9,1,50,0,1979-03-23
291254400,206.8,206.8,206.8,206.8,1,50,0,1979-03-26
291340800,207.15,207.15,207.15,207.15,1,50,0,1979-03-27
291427200,207.88,207.88,207.88,207.88,1,50,0,1979-03-28
291513600,208.37,208.37,208.37,208.37,1,50,0,1979-03-29
291600000,209.58,209.58,209.58,209.58,1,50,0,1979-03-30
291859200,211.65,211.65,211.65,211.65,1,50,0,1979-04-02
291945600,214.4,214.4,214.4,214.4,1,50,0,1979-04-03
292032000,215.28,215.28,215.28,215.28,1,50,0,1979-04-04
292118400,215.23,215.23,215.23,215.23,1,50,0,1979-04-05
292204800,214.9,214.9,214.9,214.9,1,50,0,1979-04-06
292464000,213.5,213.5,213.5,213.5,1,50,0,1979-04-09
292550400,212.75,212.75,212.75,212.75,1,50,0,1979-04-10
292636800,213.5,213.5,213.5,213.5,1,50,0,1979-04-11
292723200,215.75,215.75,215.75,215.75,1,50,0,1979-04-12
292809600,215.9,215.9,215.9,215.9,1,50,0,1979-04-13
293068800,216.45,216.45,216.45,216.45,1,50,0,1979-04-16
293155200,218.0,218.0,218.0,218.0,1,50,0,1979-04-17
293241600,215.4,215.4,215.4,215.4,1,50,0,1979-04-18
293328000,216.18,216.18,216.18,216.18,1,50,0,1979-04-19
293414400,218.3,218.3,218.3,218.3,1,50,0,1979-04-20
293673600,218.35,218.35,218.35,218.35,1,50,0,1979-04-23
293760000,218.45,218.45,218.45,218.45,1,50,0,1979-04-24
293846400,218.2,218.2,218.2,218.2,1,50,0,1979-04-25
293932800,218.1,218.1,218.1,218.1,1,50,0,1979-04-26
294019200,219.9,219.9,219.9,219.9,1,50,0,1979-04-27
294278400,221.8,221.8,221.8,221.8,1,50,0,1979-04-30
294364800,224.4,224.4,224.4,224.4,1,50,0,1979-05-01
294451200,224.95,224.95,224.95,224.95,1,50,0,1979-05-02
294537600,224.8,224.8,224.8,224.8,1,50,0,1979-05-03
294624000,221.5,221.5,221.5,221.5,1,50,0,1979-05-04
294883200,214.8,214.8,214.8,214.8,1,50,0,1979-05-07
294969600,215.15,215.15,215.15,215.15,1,50,0,1979-05-08
295056000,213.15,213.15,213.15,213.15,1,50,0,1979-05-09
295142400,214.58,214.58,214.58,214.58,1,50,0,1979-05-10
295228800,215.13,215.13,215.13,215.13,1,50,0,1979-05-11
295488000,214.0,214.0,214.0,214.0,1,50,0,1979-05-14
295574400,214.2,214.2,214.2,214.2,1,50,0,1979-05-15
295660800,214.35,214.35,214.35,214.35,1,50,0,1979-05-16
295747200,216.7,216.7,216.7,216.7,1,50,0,1979-05-17
295833600,218.8,218.8,218.8,218.8,1,50,0,1979-05-18
296092800,218.8,218.8,218.8,218.8,1,50,0,1979-05-21
296179200,219.4,219.4,219.4,219.4,1,50,0,1979-05-22
296265600,219.15,219.15,219.15,219.15,1,50,0,1979-05-23
296352000,218.65,218.65,218.65,218.65,1,50,0,1979-05-24
296438400,219.75,219.75,219.75,219.75,1,50,0,1979-05-25
296697600,220.45,220.45,220.45,220.45,1,50,0,1979-05-28
296784000,222.05,222.05,222.05,222.05,1,50,0,1979-05-29
296956800,220.35,220.35,220.35,220.35,1,50,0,1979-05-31
297043200,221.28,221.28,221.28,221.28,1,50,0,1979-06-01
297302400,219.75,219.75,219.75,219.75,1,50,0,1979-06-04
297388800,221.15,221.15,221.15,221.15,1,50,0,1979-06-05
297475200,220.35,220.35,220.35,220.35,1,50,0,1979-06-06
297561600,219.55,219.55,219.55,219.55,1,50,0,1979-06-07
297648000,218.6,218.6,218.6,218.6,1,50,0,1979-06-08
297907200,218.83,218.83,218.83,218.83,1,50,0,1979-06-11
297993600,219.7,219.7,219.7,219.7,1,50,0,1979-06-12
298080000,220.15,220.15,220.15,220.15,1,50,0,1979-06-13
298166400,220.18,220.18,220.18,220.18,1,50,0,1979-06-14
298252800,218.8,218.8,218.8,218.8,1,50,0,1979-06-15
298512000,219.9,219.9,219.9,219.9,1,50,0,1979-06-18
298598400,218.65,218.65,218.65,218.65,1,50,0,1979-06-19
298684800,219.0,219.0,219.0,219.0,1,50,0,1979-06-20
298771200,218.95,218.95,218.95,218.95,1,50,0,1979-06-21
298857600,215.8,215.8,215.8,215.8,1,50,0,1979-06-22
299116800,213.24,213.24,213.24,213.24,1,50,0,1979-06-25
299203200,215.9,215.9,215.9,215.9,1,50,0,1979-06-26
299289600,216.4,216.4,216.4,216.4,1,50,0,1979-06-27
299376000,216.55,216.55,216.55,216.55,1,50,0,1979-06-28
299462400,217.8,217.8,217.8,217.8,1,50,0,1979-06-29
299721600,218.3,218.3,218.3,218.3,1,50,0,1979-07-02
299808000,218.4,218.4,218.4,218.4,1,50,0,1979-07-03
299980800,217.0,217.0,217.0,217.0,1,50,0,1979-07-05
300067200,217.5,217.5,217.5,217.5,1,50,0,1979-07-06
300326400,217.5,217.5,217.5,217.5,1,50,0,1979-07-09
300412800,217.68,217.68,217.68,217.68,1,50,0,1979-07-10
300499200,217.45,217.45,217.45,217.45,1,50,0,1979-07-11
300585600,217.25,217.25,217.25,217.25,1,50,0,1979-07-12
300672000,217.35,217.35,217.35,217.35,1,50,0,1979-07-13
300931200,216.8,216.8,216.8,216.8,1,50,0,1979-07-16
301017600,216.45,216.45,216.45,216.45,1,50,0,1979-07-17
301104000,213.6,213.6,213.6,213.6,1,50,0,1979-07-18
301190400,216.0,216.0,216.0,216.0,1,50,0,1979-07-19
301276800,217.1,217.1,217.1,217.1,1,50,0,1979-07-20
301536000,215.75,215.75,215.75,215.75,1,50,0,1979-07-23
301622400,214.4,214.4,214.4,214.4,1,50,0,1979-07-24
301708800,215.25,215.25,215.25,215.25,1,50,0,1979-07-25
301795200,215.03,215.03,215.03,215.03,1,50,0,1979-07-26
301881600,215.4,215.4,215.4,215.4,1,50,0,1979-07-27
302140800,215.8,215.8,215.8,215.8,1,50,0,1979-07-30
302227200,216.7,216.7,216.7,216.7,1,50,0,1979-07-31
302313600,216.05,216.05,216.05,216.05,1,50,0,1979-08-01
302400000,216.55,216.55,216.55,216.55,1,50,0,1979-08-02
302486400,216.9,216.9,216.9,216.9,1,50,0,1979-08-03
302745600,216.45,216.45,216.45,216.45,1,50,0,1979-08-06
302832000,216.5,216.5,216.5,216.5,1,50,0,1979-08-07
302918400,216.5,216.5,216.5,216.5,1,50,0,1979-08-08
303004800,216.05,216.05,216.05,216.05,1,50,0,1979-08-09
303091200,215.9,215.9,215.9,215.9,1,50,0,1979-08-10
303350400,216.58,216.58,216.58,216.58,1,50,0,1979-08-13
303436800,216.8,216.8,216.8,216.8,1,50,0,1979-08-14
303523200,216.85,216.85,216.85,216.85,1,50,0,1979-08-15
303609600,216.98,216.98,216.98,216.98,1,50,0,1979-08-16
303696000,217.3,217.3,217.3,217.3,1,50,0,1979-08-17
303955200,217.38,217.38,217.38,217.38,1,50,0,1979-08-20
304041600,217.85,217.85,217.85,217.85,1,50,0,1979-08-21
304128000,219.5,219.5,219.5,219.5,1,50,0,1979-08-22
304214400,219.12,219.12,219.12,219.12,1,50,0,1979-08-23
304300800,219.25,219.25,219.25,219.25,1,50,0,1979-08-24
304560000,220.95,220.95,220.95,220.95,1,50,0,1979-08-27
304646400,220.55,220.55,220.55,220.55,1,50,0,1979-08-28
304732800,221.93,221.93,221.93,221.93,1,50,0,1979-08-29
304819200,219.95,219.95,219.95,219.95,1,50,0,1979-08-30
304905600,220.4,220.4,220.4,220.4,1,50,0,1979-08-31
305251200,221.05,221.05,221.05,221.05,1,50,0,1979-09-04
305337600,221.5,221.5,221.5,221.5,1,50,0,1979-09-05
305424000,220.85,220.85,220.85,220.85,1,50,0,1979-09-06
305510400,220.8,220.8,220.8,220.8,1,50,0,1979-09-07
305769600,220.9,220.9,220.9,220.9,1,50,0,1979-09-10
305856000,221.55,221.55,221.55,221.55,1,50,0,1979-09-11
305942400,222.2,222.2,222.2,222.2,1,50,0,1979-09-12
306028800,223.6,223.6,223.6,223.6,1,50,0,1979-09-13
306115200,223.4,223.4,223.4,223.4,1,50,0,1979-09-14
306374400,223.48,223.48,223.48,223.48,1,50,0,1979-09-17
306460800,223.8,223.8,223.8,223.8,1,50,0,1979-09-18
306547200,223.43,223.43,223.43,223.43,1,50,0,1979-09-19
306633600,220.3,220.3,220.3,220.3,1,50,0,1979-09-20
306720000,222.45,222.45,222.45,222.45,1,50,0,1979-09-21
306979200,223.1,223.1,223.1,223.1,1,50,0,1979-09-24
307065600,222.8,222.8,222.8,222.8,1,50,0,1979-09-25
307152000,222.6,222.6,222.6,222.6,1,50,0,1979-09-26
307238400,223.55,223.55,223.55,223.55,1,50,0,1979-09-27
307324800,224.5,224.5,224.5,224.5,1,50,0,1979-09-28
307584000,225.25,225.25,225.25,225.25,1,50,0,1979-10-01
307670400,225.35,225.35,225.35,225.35,1,50,0,1979-10-02
307756800,224.45,224.45,224.45,224.45,1,50,0,1979-10-03
307843200,223.4,223.4,223.4,223.4,1,50,0,1979-10-04
307929600,224.15,224.15,224.15,224.15,1,50,0,1979-10-05
308275200,226.0,226.0,226.0,226.0,1,50,0,1979-10-09
308361600,225.6,225.6,225.6,225.6,1,50,0,1979-10-10
308448000,226.4,226.4,226.4,226.4,1,50,0,1979-10-11
308534400,227.5,227.5,227.5,227.5,1,50,0,1979-10-12
308793600,229.8,229.8,229.8,229.8,1,50,0,1979-10-15
308880000,232.0,232.0,232.0,232.0,1,50,0,1979-10-16
308966400,234.1,234.1,234.1,234.1,1,50,0,1979-10-17
309052800,232.18,232.18,232.18,232.18,1,50,0,1979-10-18
309139200,230.65,230.65,230.65,230.65,1,50,0,1979-10-19
309398400,233.8,233.8,233.8,233.8,1,50,0,1979-10-22
309484800,235.4,235.4,235.4,235.4,1,50,0,1979-10-23
309571200,234.5,234.5,234.5,234.5,1,50,0,1979-10-24
309657600,233.9,233.9,233.9,233.9,1,50,0,1979-10-25
309744000,234.3,234.3,234.3,234.3,1,50,0,1979-10-26
310003200,235.98,235.98,235.98,235.98,1,50,0,1979-10-29
310089600,238.1,238.1,238.1,238.1,1,50,0,1979-10-30
310176000,237.85,237.85,237.85,237.85,1,50,0,1979-10-31
310262400,238.15,238.15,238.15,238.15,1,50,0,1979-11-01
310348800,234.55,234.55,234.55,234.55,1,50,0,1979-11-02
310608000,237.1,237.1,237.1,237.1,1,50,0,1979-11-05
310780800,240.2,240.2,240.2,240.2,1,50,0,1979-11-07
310867200,241.3,241.3,241.3,241.3,1,50,0,1979-11-08
310953600,243.55,243.55,243.55,243.55,1,50,0,1979-11-09
311299200,246.6,246.6,246.6,246.6,1,50,0,1979-11-13
311385600,243.35,243.35,243.35,243.35,1,50,0,1979-11-14
311472000,247.2,247.2,247.2,247.2,1,50,0,1979-11-15
311558400,246.5,246.5,246.5,246.5,1,50,0,1979-11-16
311817600,245.25,245.25,245.25,245.25,1,50,0,1979-11-19
311904000,246.2,246.2,246.2,246.2,1,50,0,1979-11-20
311990400,248.1,248.1,248.1,248.1,1,50,0,1979-11-21
312163200,249.0,249.0,249.0,249.0,1,50,0,1979-11-23
312422400,250.85,250.85,250.85,250.85,1,50,0,1979-11-26
312508800,249.45,249.45,249.45,249.45,1,50,0,1979-11-27
312595200,248.95,248.95,248.95,248.95,1,50,0,1979-11-28
312681600,248.85,248.85,248.85,248.85,1,50,0,1979-11-29
312768000,249.55,249.55,249.55,249.55,1,50,0,1979-11-30
313027200,248.89,248.89,248.89,248.89,1,50,0,1979-12-03
313113600,247.5,247.5,247.5,247.5,1,50,0,1979-12-04
313200000,245.7,245.7,245.7,245.7,1,50,0,1979-12-05
313286400,243.6,243.6,243.6,243.6,1,50,0,1979-12-06
313372800,240.2,240.2,240.2,240.2,1,50,0,1979-12-07
313632000,232.65,232.65,232.65,232.65,1,50,0,1979-12-10
313718400,233.3,233.3,233.3,233.3,1,50,0,1979-12-11
313804800,237.9,237.9,237.9,237.9,1,50,0,1979-12-12
313891200,240.7,240.7,240.7,240.7,1,50,0,1979-12-13
313977600,242.55,242.55,242.55,242.55,1,50,0,1979-12-14
314236800,240.1,240.1,240.1,240.1,1,50,0,1979-12-17
314323200,239.4,239.4,239.4,239.4,1,50,0,1979-12-18
314409600,239.0,239.0,239.0,239.0,1,50,0,1979-12-19
314496000,236.6,236.6,236.6,236.6,1,50,0,1979-12-20
314582400,239.9,239.9,239.9,239.9,1,50,0,1979-12-21
314841600,239.8,239.8,239.8,239.8,1,50,0,1979-12-24
315014400,239.05,239.05,239.05,239.05,1,50,0,1979-12-26
315100800,239.8,239.8,239.8,239.8,1,50,0,1979-12-27
315187200,240.55,240.55,240.55,240.55,1,50,0,1979-12-28
315446400,240.3,240.3,240.3,240.3,1,50,0,1979-12-31
315619200,238.45,238.45,238.45,238.45,1,50,0,1980-01-02
315705600,238.35,238.35,238.35,238.35,1,50,0,1980-01-03
315792000,234.8,234.8,234.8,234.8,1,50,0,1980-01-04
316051200,231.55,231.55,231.55,231.55,1,50,0,1980-01-07
316137600,234.75,234.75,234.75,234.75,1,50,0,1980-01-08
316224000,234.95,234.95,234.95,234.95,1,50,0,1980-01-09
316310400,235.8,235.8,235.8,235.8,1,50,0,1980-01-10
316396800,236.05,236.05,236.05,236.05,1,50,0,1980-01-11
316656000,236.2,236.2,236.2,236.2,1,50,0,1980-01-14
316742400,239.65,239.65,239.65,239.65,1,50,0,1980-01-15
316828800,238.15,238.15,238.15,238.15,1,50,0,1980-01-16
316915200,239.9,239.9,239.9,239.9,1,50,0,1980-01-17
317001600,239.65,239.65,239.65,239.65,1,50,0,1980-01-18
317260800,241.0,241.0,241.0,241.0,1,50,0,1980-01-21
317347200,239.7,239.7,239.7,239.7,1,50,0,1980-01-22
317433600,237.25,237.25,237.25,237.25,1,50,0,1980-01-23
317520000,239.35,239.35,239.35,239.35,1,50,0,1980-01-24
317606400,239.6,239.6,239.6,239.6,1,50,0,1980-01-25
317865600,240.22,240.22,240.22,240.22,1,50,0,1980-01-28
317952000,239.35,239.35,239.35,239.35,1,50,0,1980-01-29
318038400,239.5,239.5,239.5,239.5,1,50,0,1980-01-30
318124800,239.33,239.33,239.33,239.33,1,50,0,1980-01-31
318211200,240.45,240.45,240.45,240.45,1,50,0,1980-02-01
318470400,240.29,240.29,240.29,240.29,1,50,0,1980-02-04
318556800,240.1,240.1,240.1,240.1,1,50,0,1980-02-05
318643200,240.1,240.1,240.1,240.1,1,50,0,1980-02-06
318729600,240.09,240.09,240.09,240.09,1,50,0,1980-02-07
318816000,241.65,241.65,241.65,241.65,1,50,0,1980-02-08
319075200,241.4,241.4,241.4,241.4,1,50,0,1980-02-11
319248000,242.1,242.1,242.1,242.1,1,50,0,1980-02-13
319334400,243.39,243.39,243.39,243.39,1,50,0,1980-02-14
319420800,243.2,243.2,243.2,243.2,1,50,0,1980-02-15
319766400,245.36,245.36,245.36,245.36,1,50,0,1980-02-19
319852800,246.05,246.05,246.05,246.05,1,50,0,1980-02-20
319939200,246.09,246.09,246.09,246.09,1,50,0,1980-02-21
320025600,247.45,247.45,247.45,247.45,1,50,0,1980-02-22
320284800,248.35,248.35,248.35,248.35,1,50,0,1980-02-25
320371200,248.08,248.08,248.08,248.08,1,50,0,1980-02-26
320457600,248.45,248.45,248.45,248.45,1,50,0,1980-02-27
320544000,248.4,248.4,248.4,248.4,1,50,0,1980-02-28
320630400,251.65,251.65,251.65,251.65,1,50,0,1980-02-29
320889600,247.85,247.85,247.85,247.85,1,50,0,1980-03-03
320976000,246.4,246.4,246.4,246.4,1,50,0,1980-03-04
321062400,246.88,246.88,246.88,246.88,1,50,0,1980-03-05
321148800,248.1,248.1,248.1,248.1,1,50,0,1980-03-06
321235200,247.85,247.85,247.85,247.85,1,50,0,1980-03-07
321494400,247.93,247.93,247.93,247.93,1,50,0,1980-03-10
321580800,247.3,247.3,247.3,247.3,1,50,0,1980-03-11
321667200,247.5,247.5,247.5,247.5,1,50,0,1980-03-12
321753600,248.1,248.1,248.1,248.1,1,50,0,1980-03-13
321840000,249.05,249.05,249.05,249.05,1,50,0,1980-03-14
322099200,248.9,248.9,248.9,248.9,1,50,0,1980-03-17
322185600,249.1,249.1,249.1,249.1,1,50,0,1980-03-18
322272000,248.65,248.65,248.65,248.65,1,50,0,1980-03-19
322358400,248.7,248.7,248.7,248.7,1,50,0,1980-03-20
322444800,248.92,248.92,248.92,248.92,1,50,0,1980-03-21
322704000,249.15,249.15,249.15,249.15,1,50,0,1980-03-24
322790400,249.07,249.07,249.07,249.07,1,50,0,1980-03-25
322876800,249.1,249.1,249.1,249.1,1,50,0,1980-03-26
322963200,249.9,249.9,249.9,249.9,1,50,0,1980-03-27
323049600,249.65,249.65,249.65,249.65,1,50,0,1980-03-28
323308800,249.95,249.95,249.95,249.95,1,50,0,1980-03-31
323395200,254.65,254.65,254.65,254.65,1,50,0,1980-04-01
323481600,257.15,257.15,257.15,257.15,1,50,0,1980-04-02
323568000,257.2,257.2,257.2,257.2,1,50,0,1980-04-03
323654400,258.75,258.75,258.75,258.75,1,50,0,1980-04-04
323913600,261.4,261.4,261.4,261.4,1,50,0,1980-04-07
324000000,258.2,258.2,258.2,258.2,1,50,0,1980-04-08
324086400,251.8,251.8,251.8,251.8,1,50,0,1980-04-09
324172800,249.5,249.5,249.5,249.5,1,50,0,1980-04-10
324259200,252.5,252.5,252.5,252.5,1,50,0,1980-04-11
324518400,251.35,251.35,251.35,251.35,1,50,0,1980-04-14
324604800,252.7,252.7,252.7,252.7,1,50,0,1980-04-15
324691200,249.1,249.1,249.1,249.1,1,50,0,1980-04-16
324777600,248.7,248.7,248.7,248.7,1,50,0,1980-04-17
324864000,249.4,249.4,249.4,249.4,1,50,0,1980-04-18
325123200,249.8,249.8,249.8,249.8,1,50,0,1980-04-21
325209600,250.0,250.0,250.0,250.0,1,50,0,1980-04-22
325296000,243.25,243.25,243.25,243.25,1,50,0,1980-04-23
325382400,244.65,244.65,244.65,244.65,1,50,0,1980-04-24
325468800,246.0,246.0,246.0,246.0,1,50,0,1980-04-25
325728000,241.3,241.3,241.3,241.3,1,50,0,1980-04-28
325814400,239.3,239.3,239.3,239.3,1,50,0,1980-04-29
325900800,239.35,239.35,239.35,239.35,1,50,0,1980-04-30
325987200,240.5,240.5,240.5,240.5,1,50,0,1980-05-01
326073600,240.35,240.35,240.35,240.35,1,50,0,1980-05-02
326332800,237.2,237.2,237.2,237.2,1,50,0,1980-05-05
326419200,231.8,231.8,231.8,231.8,1,50,0,1980-05-06
326505600,231.85,231.85,231.85,231.85,1,50,0,1980-05-07
326592000,233.6,233.6,233.6,233.6,1,50,0,1980-05-08
326678400,231.8,231.8,231.8,231.8,1,50,0,1980-05-09
326937600,226.8,226.8,226.8,226.8,1,50,0,1980-05-12
327024000,227.75,227.75,227.75,227.75,1,50,0,1980-05-13
327110400,227.2,227.2,227.2,227.2,1,50,0,1980-05-14
327196800,227.8,227.8,227.8,227.8,1,50,0,1980-05-15
327283200,229.6,229.6,229.6,229.6,1,50,0,1980-05-16
327542400,229.0,229.0,229.0,229.0,1,50,0,1980-05-19
327628800,226.75,226.75,226.75,226.75,1,50,0,1980-05-20
327715200,224.4,224.4,224.4,224.4,1,50,0,1980-05-21
327801600,224.05,224.05,224.05,224.05,1,50,0,1980-05-22
327888000,221.25,221.25,221.25,221.25,1,50,0,1980-05-23
328233600,219.2,219.2,219.2,219.2,1,50,0,1980-05-27
328320000,223.5,223.5,223.5,223.5,1,50,0,1980-05-28
328406400,223.8,223.8,223.8,223.8,1,50,0,1980-05-29
328492800,223.0,223.0,223.0,223.0,1,50,0,1980-05-30
328752000,223.55,223.55,223.55,223.55,1,50,0,1980-06-02
328838400,222.7,222.7,222.7,222.7,1,50,0,1980-06-03
328924800,221.4,221.4,221.4,221.4,1,50,0,1980-06-04
329011200,220.35,220.35,220.35,220.35,1,50,0,1980-06-05
329097600,219.3,219.3,219.3,219.3,1,50,0,1980-06-06
329356800,216.35,216.35,216.35,216.35,1,50,0,1980-06-09
329443200,215.8,215.8,215.8,215.8,1,50,0,1980-06-10
329529600,217.75,217.75,217.75,217.75,1,50,0,1980-06-11
329616000,216.5,216.5,216.5,216.5,1,50,0,1980-06-12
329702400,216.0,216.0,216.0,216.0,1,50,0,1980-06-13
329961600,216.0,216.0,216.0,216.0,1,50,0,1980-06-16
330048000,216.0,216.0,216.0,216.0,1,50,0,1980-06-17
330134400,215.75,215.75,215.75,215.75,1,50,0,1980-06-18
330220800,216.35,216.35,216.35,216.35,1,50,0,1980-06-19
330307200,217.2,217.2,217.2,217.2,1,50,0,1980-06-20
330566400,216.07,216.07,216.07,216.07,1,50,0,1980-06-23
330652800,216.6,216.6,216.6,216.6,1,50,0,1980-06-24
330739200,217.95,217.95,217.95,217.95,1,50,0,1980-06-25
330825600,217.2,217.2,217.2,217.2,1,50,0,1980-06-26
330912000,217.55,217.55,217.55,217.55,1,50,0,1980-06-27
331171200,219.9,219.9,219.9,219.9,1,50,0,1980-06-30
331257600,219.5,219.5,219.5,219.5,1,50,0,1980-07-01
331344000,218.8,218.8,218.8,218.8,1,50,0,1980-07-02
331430400,219.0,219.0,219.0,219.0,1,50,0,1980-07-03
331776000,217.9,217.9,217.9,217.9,1,50,0,1980-07-07
331862400,219.1,219.1,219.1,219.1,1,50,0,1980-07-08
331948800,218.15,218.15,218.15,218.15,1,50,0,1980-07-09
332035200,216.85,216.85,216.85,216.85,1,50,0,1980-07-10
332121600,217.7,217.7,217.7,217.7,1,50,0,1980-07-11
332380800,218.25,218.25,218.25,218.25,1,50,0,1980-07-14
332467200,219.4,219.4,219.4,219.4,1,50,0,1980-07-15
332553600,218.8,218.8,218.8,218.8,1,50,0,1980-07-16
332640000,218.5,218.5,218.5,218.5,1,50,0,1980-07-17
332726400,220.27,220.27,220.27,220.27,1,50,0,1980-07-18
332985600,220.38,220.38,220.38,220.38,1,50,0,1980-07-21
333072000,221.0,221.0,221.0,221.0,1,50,0,1980-07-22
333158400,224.15,224.15,224.15,224.15,1,50,0,1980-07-23
333244800,223.2,223.2,223.2,223.2,1,50,0,1980-07-24
333331200,225.4,225.4,225.4,225.4,1,50,0,1980-07-25
333590400,227.4,227.4,227.4,227.4,1,50,0,1980-07-28
333676800,226.8,226.8,226.8,226.8,1,50,0,1980-07-29
333763200,227.05,227.05,227.05,227.05,1,50,0,1980-07-30
333849600,227.4,227.4,227.4,227.4,1,50,0,1980-07-31
333936000,227.0,227.0,227.0,227.0,1,50,0,1980-08-01
334195200,226.05,226.05,226.05,226.05,1,50,0,1980-08-04
334281600,226.25,226.25,226.25,226.25,1,50,0,1980-08-05
334368000,225.3,225.3,225.3,225.3,1,50,0,1980-08-06
334454400,225.7,225.7,225.7,225.7,1,50,0,1980-08-07
334540800,226.3,226.3,226.3,226.3,1,50,0,1980-08-08
334800000,225.78,225.78,225.78,225.78,1,50,0,1980-08-11
334886400,222.9,222.9,222.9,222.9,1,50,0,1980-08-12
334972800,224.0,224.0,224.0,224.0,1,50,0,1980-08-13
335059200,224.4,224.4,224.4,224.4,1,50,0,1980-08-14
335145600,225.75,225.75,225.75,225.75,1,50,0,1980-08-15
335404800,226.3,226.3,226.3,226.3,1,50,0,1980-08-18
335491200,224.38,224.38,224.38,224.38,1,50,0,1980-08-19
335577600,224.15,224.15,224.15,224.15,1,50,0,1980-08-20
335664000,224.75,224.75,224.75,224.75,1,50,0,1980-08-21
335750400,223.8,223.8,223.8,223.8,1,50,0,1980-08-22
336009600,223.2,223.2,223.2,223.2,1,50,0,1980-08-25
336096000,219.4,219.4,219.4,219.4,1,50,0,1980-08-26
336182400,219.68,219.68,219.68,219.68,1,50,0,1980-08-27
336268800,218.0,218.0,218.0,218.0,1,50,0,1980-08-28
336355200,219.1,219.1,219.1,219.1,1,50,0,1980-08-29
336700800,215.93,215.93,215.93,215.93,1,50,0,1980-09-02
336787200,216.7,216.7,216.7,216.7,1,50,0,1980-09-03
336873600,217.2,217.2,217.2,217.2,1,50,0,1980-09-04
336960000,218.0,218.0,218.0,218.0,1,50,0,1980-09-05
337219200,216.7,216.7,216.7,216.7,1,50,0,1980-09-08
337305600,216.8,216.8,216.8,216.8,1,50,0,1980-09-09
337392000,216.55,216.55,216.55,216.55,1,50,0,1980-09-10
337478400,214.47,214.47,214.47,214.47,1,50,0,1980-09-11
337564800,213.2,213.2,213.2,213.2,1,50,0,1980-09-12
337824000,212.65,212.65,212.65,212.65,1,50,0,1980-09-15
337910400,211.47,211.47,211.47,211.47,1,50,0,1980-09-16
337996800,211.95,211.95,211.95,211.95,1,50,0,1980-09-17
338083200,212.98,212.98,212.98,212.98,1,50,0,1980-09-18
338169600,210.8,210.8,210.8,210.8,1,50,0,1980-09-19
338428800,214.8,214.8,214.8,214.8,1,50,0,1980-09-22
338515200,218.15,218.15,218.15,218.15,1,50,0,1980-09-23
338601600,214.45,214.45,214.45,214.45,1,50,0,1980-09-24
338688000,215.0,215.0,215.0,215.0,1,50,0,1980-09-25
338774400,211.7,211.7,211.7,211.7,1,50,0,1980-09-26
339033600,212.4,212.4,212.4,212.4,1,50,0,1980-09-29
339120000,210.85,210.85,210.85,210.85,1,50,0,1980-09-30
339206400,208.5,208.5,208.5,208.5,1,50,0,1980-10-01
339292800,208.15,208.15,208.15,208.15,1,50,0,1980-10-02
339379200,207.6,207.6,207.6,207.6,1,50,0,1980-10-03
339638400,207.9,207.9,207.9,207.9,1,50,0,1980-10-06
339724800,208.85,208.85,208.85,208.85,1,50,0,1980-10-07
339811200,208.35,208.35,208.35,208.35,1,50,0,1980-10-08
339897600,208.95,208.95,208.95,208.95,1,50,0,1980-10-09
339984000,209.0,209.0,209.0,209.0,1,50,0,1980-10-10
340329600,206.5,206.5,206.5,206.5,1,50,0,1980-10-14
340416000,207.3,207.3,207.3,207.3,1,50,0,1980-10-15
340502400,208.15,208.15,208.15,208.15,1,50,0,1980-10-16
340588800,208.2,208.2,208.2,208.2,1,50,0,1980-10-17
340848000,208.65,208.65,208.65,208.65,1,50,0,1980-10-20
340934400,207.95,207.95,207.95,207.95,1,50,0,1980-10-21
341020800,209.35,209.35,209.35,209.35,1,50,0,1980-10-22
341107200,210.4,210.4,210.4,210.4,1,50,0,1980-10-23
341193600,212.75,212.75,212.75,212.75,1,50,0,1980-10-24
341452800,213.75,213.75,213.75,213.75,1,50,0,1980-10-27
341539200,213.25,213.25,213.25,213.25,1,50,0,1980-10-28
341625600,210.0,210.0,210.0,210.0,1,50,0,1980-10-29
341712000,210.5,210.5,210.5,210.5,1,50,0,1980-10-30
341798400,211.05,211.05,211.05,211.05,1,50,0,1980-10-31
342057600,210.8,210.8,210.8,210.8,1,50,0,1980-11-03
342230400,211.35,211.35,211.35,211.35,1,50,0,1980-11-05
342316800,212.65,212.65,212.65,212.65,1,50,0,1980-11-06
342403200,213.1,213.1,213.1,213.1,1,50,0,1980-11-07
342662400,209.5,209.5,209.5,209.5,1,50,0,1980-11-10
342835200,213.1,213.1,213.1,213.1,1,50,0,1980-11-12
342921600,212.3,212.3,212.3,212.3,1,50,0,1980-11-13
343008000,212.9,212.9,212.9,212.9,1,50,0,1980-11-14
343267200,213.6,213.6,213.6,213.6,1,50,0,1980-11-17
343353600,213.3,213.3,213.3,213.3,1,50,0,1980-11-18
343440000,212.65,212.65,212.65,212.65,1,50,0,1980-11-19
343526400,213.7,213.7,213.7,213.7,1,50,0,1980-11-20
343612800,213.8,213.8,213.8,213.8,1,50,0,1980-11-21
343872000,213.35,213.35,213.35,213.35,1,50,0,1980-11-24
343958400,213.65,213.65,213.65,213.65,1,50,0,1980-11-25
344044800,216.45,216.45,216.45,216.45,1,50,0,1980-11-26
344217600,216.6,216.6,216.6,216.6,1,50,0,1980-11-28
344476800,217.85,217.85,217.85,217.85,1,50,0,1980-12-01
344563200,216.55,216.55,216.55,216.55,1,50,0,1980-12-02
344649600,213.55,213.55,213.55,213.55,1,50,0,1980-12-03
344736000,211.0,211.0,211.0,211.0,1,50,0,1980-12-04
344822400,211.6,211.6,211.6,211.6,1,50,0,1980-12-05
345081600,208.5,208.5,208.5,208.5,1,50,0,1980-12-08
345168000,209.1,209.1,209.1,209.1,1,50,0,1980-12-09
345254400,210.1,210.1,210.1,210.1,1,50,0,1980-12-10
345340800,210.45,210.45,210.45,210.45,1,50,0,1980-12-11
345427200,210.5,210.5,210.5,210.5,1,50,0,1980-12-12
345686400,209.4,209.4,209.4,209.4,1,50,0,1980-12-15
345772800,208.75,208.75,208.75,208.75,1,50,0,1980-12-16
345859200,208.9,208.9,208.9,208.9,1,50,0,1980-12-17
345945600,209.5,209.5,209.5,209.5,1,50,0,1980-12-18
346032000,208.2,208.2,208.2,208.2,1,50,0,1980-12-19
346291200,207.65,207.65,207.65,207.65,1,50,0,1980-12-22
346377600,207.9,207.9,207.9,207.9,1,50,0,1980-12-23
346464000,208.0,208.0,208.0,208.0,1,50,0,1980-12-24
346636800,208.4,208.4,208.4,208.4,1,50,0,1980-12-26
346896000,206.65,206.65,206.65,206.65,1,50,0,1980-12-29
346982400,203.1,203.1,203.1,203.1,1,50,0,1980-12-30
347068800,203.1,203.1,203.1,203.1,1,50,0,1980-12-31
347241600,202.5,202.5,202.5,202.5,1,50,0,1981-01-02
347500800,199.05,199.05,199.05,199.05,1,50,0,1981-01-05
347587200,199.7,199.7,199.7,199.7,1,50,0,1981-01-06
347673600,201.05,201.05,201.05,201.05,1,50,0,1981-01-07
347760000,201.7,201.7,201.7,201.7,1,50,0,1981-01-08
347846400,203.0,203.0,203.0,203.0,1,50,0,1981-01-09
348105600,204.1,204.1,204.1,204.1,1,50,0,1981-01-12
348192000,203.3,203.3,203.3,203.3,1,50,0,1981-01-13
348278400,203.05,203.05,203.05,203.05,1,50,0,1981-01-14
348364800,201.75,201.75,201.75,201.75,1,50,0,1981-01-15
348451200,202.9,202.9,202.9,202.9,1,50,0,1981-01-16
348710400,202.3,202.3,202.3,202.3,1,50,0,1981-01-19
348796800,200.65,200.65,200.65,200.65,1,50,0,1981-01-20
348883200,199.2,199.2,199.2,199.2,1,50,0,1981-01-21
348969600,200.85,200.85,200.85,200.85,1,50,0,1981-01-22
349056000,202.75,202.75,202.75,202.75,1,50,0,1981-01-23
349315200,203.55,203.55,203.55,203.55,1,50,0,1981-01-26
349401600,202.5,202.5,202.5,202.5,1,50,0,1981-01-27
349488000,204.5,204.5,204.5,204.5,1,50,0,1981-01-28
349574400,204.6,204.6,204.6,204.6,1,50,0,1981-01-29
349660800,206.7,206.7,206.7,206.7,1,50,0,1981-01-30
349920000,203.15,203.15,203.15,203.15,1,50,0,1981-02-02
350006400,204.05,204.05,204.05,204.05,1,50,0,1981-02-03
350092800,202.9,202.9,202.9,202.9,1,50,0,1981-02-04
350179200,202.95,202.95,202.95,202.95,1,50,0,1981-02-05
350265600,203.8,203.8,203.8,203.8,1,50,0,1981-02-06
350524800,203.9,203.9,203.9,203.9,1,50,0,1981-02-09
350611200,203.9,203.9,203.9,203.9,1,50,0,1981-02-10
350697600,203.9,203.9,203.9,203.9,1,50,0,1981-02-11
350870400,207.45,207.45,207.45,207.45,1,50,0,1981-02-13
351216000,206.8,206.8,206.8,206.8,1,50,0,1981-02-17
351302400,206.55,206.55,206.55,206.55,1,50,0,1981-02-18
351388800,206.8,206.8,206.8,206.8,1,50,0,1981-02-19
351475200,206.8,206.8,206.8,206.8,1,50,0,1981-02-20
351734400,208.05,208.05,208.05,208.05,1,50,0,1981-02-23
351820800,207.0,207.0,207.0,207.0,1,50,0,1981-02-24
351907200,207.3,207.3,207.3,207.3,1,50,0,1981-02-25
351993600,207.9,207.9,207.9,207.9,1,50,0,1981-02-26
352080000,209.7,209.7,209.7,209.7,1,50,0,1981-02-27
352339200,211.1,211.1,211.1,211.1,1,50,0,1981-03-02
352425600,208.6,208.6,208.6,208.6,1,50,0,1981-03-03
352512000,208.6,208.6,208.6,208.6,1,50,0,1981-03-04
352598400,208.9,208.9,208.9,208.9,1,50,0,1981-03-05
352684800,209.0,209.0,209.0,209.0,1,50,0,1981-03-06
352944000,206.0,206.0,206.0,206.0,1,50,0,1981-03-09
353030400,207.0,207.0,207.0,207.0,1,50,0,1981-03-10
353116800,207.6,207.6,207.6,207.6,1,50,0,1981-03-11
353203200,207.6,207.6,207.6,207.6,1,50,0,1981-03-12
353289600,207.55,207.55,207.55,207.55,1,50,0,1981-03-13
353548800,207.27,207.27,207.27,207.27,1,50,0,1981-03-16
353635200,207.7,207.7,207.7,207.7,1,50,0,1981-03-17
353721600,207.6,207.6,207.6,207.6,1,50,0,1981-03-18
353808000,208.75,208.75,208.75,208.75,1,50,0,1981-03-19
353894400,208.25,208.25,208.25,208.25,1,50,0,1981-03-20
354153600,208.6,208.6,208.6,208.6,1,50,0,1981-03-23
354240000,208.55,208.55,208.55,208.55,1,50,0,1981-03-24
354326400,208.85,208.85,208.85,208.85,1,50,0,1981-03-25
354412800,211.45,211.45,211.45,211.45,1,50,0,1981-03-26
354499200,211.8,211.8,211.8,211.8,1,50,0,1981-03-27
354758400,211.4,211.4,211.4,211.4,1,50,0,1981-03-30
354844800,211.25,211.25,211.25,211.25,1,50,0,1981-03-31
354931200,212.4,212.4,212.4,212.4,1,50,0,1981-04-01
355017600,213.8,213.8,213.8,213.8,1,50,0,1981-04-02
355104000,213.2,213.2,213.2,213.2,1,50,0,1981-04-03
355363200,214.0,214.0,214.0,214.0,1,50,0,1981-04-06
355449600,213.1,213.1,213.1,213.1,1,50,0,1981-04-07
355536000,213.45,213.45,213.45,213.45,1,50,0,1981-04-08
355622400,214.1,214.1,214.1,214.1,1,50,0,1981-04-09
355708800,215.17,215.17,215.17,215.17,1,50,0,1981-04-10
355968000,216.25,216.25,216.25,216.25,1,50,0,1981-04-13
356054400,215.22,215.22,215.22,215.22,1,50,0,1981-04-14
356140800,216.7,216.7,216.7,216.7,1,50,0,1981-04-15
356227200,216.8,216.8,216.8,216.8,1,50,0,1981-04-16
356313600,217.5,217.5,217.5,217.5,1,50,0,1981-04-17
356572800,218.2,218.2,218.2,218.2,1,50,0,1981-04-20
356659200,218.35,218.35,218.35,218.35,1,50,0,1981-04-21
356745600,216.85,216.85,216.85,216.85,1,50,0,1981-04-22
356832000,215.2,215.2,215.2,215.2,1,50,0,1981-04-23
356918400,214.3,214.3,214.3,214.3,1,50,0,1981-04-24
357177600,212.1,212.1,212.1,212.1,1,50,0,1981-04-27
357264000,212.3,212.3,212.3,212.3,1,50,0,1981-04-28
357350400,214.7,214.7,214.7,214.7,1,50,0,1981-04-29
357436800,215.78,215.78,215.78,215.78,1,50,0,1981-04-30
357523200,215.75,215.75,215.75,215.75,1,50,0,1981-05-01
357782400,217.1,217.1,217.1,217.1,1,50,0,1981-05-04
357868800,217.8,217.8,217.8,217.8,1,50,0,1981-05-05
357955200,216.9,216.9,216.9,216.9,1,50,0,1981-05-06
358041600,217.9,217.9,217.9,217.9,1,50,0,1981-05-07
358128000,217.6,217.6,217.6,217.6,1,50,0,1981-05-08
358387200,217.95,217.95,217.95,217.95,1,50,0,1981-05-11
358473600,219.75,219.75,219.75,219.75,1,50,0,1981-05-12
358560000,220.45,220.45,220.45,220.45,1,50,0,1981-05-13
358646400,222.35,222.35,222.35,222.35,1,50,0,1981-05-14
358732800,223.05,223.05,223.05,223.05,1,50,0,1981-05-15
358992000,221.97,221.97,221.97,221.97,1,50,0,1981-05-18
359078400,221.0,221.0,221.0,221.0,1,50,0,1981-05-19
359164800,220.8,220.8,220.8,220.8,1,50,0,1981-05-20
359251200,222.5,222.5,222.5,222.5,1,50,0,1981-05-21
359337600,222.5,222.5,222.5,222.5,1,50,0,1981-05-22
359683200,224.35,224.35,224.35,224.35,1,50,0,1981-05-26
359769600,224.95,224.95,224.95,224.95,1,50,0,1981-05-27
359856000,224.0,224.0,224.0,224.0,1,50,0,1981-05-28
359942400,223.9,223.9,223.9,223.9,1,50,0,1981-05-29
360201600,222.5,222.5,222.5,222.5,1,50,0,1981-06-01
360288000,223.85,223.85,223.85,223.85,1,50,0,1981-06-02
360374400,223.4,223.4,223.4,223.4,1,50,0,1981-06-03
360460800,226.4,226.4,226.4,226.4,1,50,0,1981-06-04
360547200,227.8,227.8,227.8,227.8,1,50,0,1981-06-05
360806400,227.9,227.9,227.9,227.9,1,50,0,1981-06-08
360892800,228.1,228.1,228.1,228.1,1,50,0,1981-06-09
360979200,225.45,225.45,225.45,225.45,1,50,0,1981-06-10
361065600,226.1,226.1,226.1,226.1,1,50,0,1981-06-11
361152000,224.15,224.15,224.15,224.15,1,50,0,1981-06-12
361411200,219.7,219.7,219.7,219.7,1,50,0,1981-06-15
361497600,220.15,220.15,220.15,220.15,1,50,0,1981-06-16
361584000,220.9,220.9,220.9,220.9,1,50,0,1981-06-17
361670400,222.1,222.1,222.1,222.1,1,50,0,1981-06-18
361756800,223.35,223.35,223.35,223.35,1,50,0,1981-06-19
362016000,222.52,222.52,222.52,222.52,1,50,0,1981-06-22
362102400,221.8,221.8,221.8,221.8,1,50,0,1981-06-23
362188800,222.8,222.8,222.8,222.8,1,50,0,1981-06-24
362275200,225.45,225.45,225.45,225.45,1,50,0,1981-06-25
362361600,224.85,224.85,224.85,224.85,1,50,0,1981-06-26
362620800,225.85,225.85,225.85,225.85,1,50,0,1981-06-29
362707200,226.85,226.85,226.85,226.85,1,50,0,1981-06-30
362793600,228.25,228.25,228.25,228.25,1,50,0,1981-07-01
362880000,226.75,226.75,226.75,226.75,1,50,0,1981-07-02
362966400,228.5,228.5,228.5,228.5,1,50,0,1981-07-03
363225600,229.83,229.83,229.83,229.83,1,50,0,1981-07-06
363312000,228.75,228.75,228.75,228.75,1,50,0,1981-07-07
363398400,229.45,229.45,229.45,229.45,1,50,0,1981-07-08
363484800,228.85,228.85,228.85,228.85,1,50,0,1981-07-09
363571200,228.3,228.3,228.3,228.3,1,50,0,1981-07-10
363830400,228.3,228.3,228.3,228.3,1,50,0,1981-07-13
363916800,231.0,231.0,231.0,231.0,1,50,0,1981-07-14
364003200,230.6,230.6,230.6,230.6,1,50,0,1981-07-15
364089600,231.28,231.28,231.28,231.28,1,50,0,1981-07-16
364176000,231.97,231.97,231.97,231.97,1,50,0,1981-07-17
364435200,233.0,233.0,233.0,233.0,1,50,0,1981-07-20
364521600,234.35,234.35,234.35,234.35,1,50,0,1981-07-21
364608000,234.5,234.5,234.5,234.5,1,50,0,1981-07-22
364694400,234.9,234.9,234.9,234.9,1,50,0,1981-07-23
364780800,234.52,234.52,234.52,234.52,1,50,0,1981-07-24
365040000,236.1,236.1,236.1,236.1,1,50,0,1981-07-27
365126400,237.25,237.25,237.25,237.25,1,50,0,1981-07-28
365212800,237.85,237.85,237.85,237.85,1,50,0,1981-07-29
365299200,238.8,238.8,238.8,238.8,1,50,0,1981-07-30
365385600,240.4,240.4,240.4,240.4,1,50,0,1981-07-31
365644800,245.4,245.4,245.4,245.4,1,50,0,1981-08-03
365731200,246.1,246.1,246.1,246.1,1,50,0,1981-08-04
365817600,240.9,240.9,240.9,240.9,1,50,0,1981-08-05
365904000,239.9,239.9,239.9,239.9,1,50,0,1981-08-06
365990400,234.9,234.9,234.9,234.9,1,50,0,1981-08-07
366249600,236.1,236.1,236.1,236.1,1,50,0,1981-08-10
366336000,235.75,235.75,235.75,235.75,1,50,0,1981-08-11
366422400,230.2,230.2,230.2,230.2,1,50,0,1981-08-12
366508800,231.7,231.7,231.7,231.7,1,50,0,1981-08-13
366595200,233.75,233.75,233.75,233.75,1,50,0,1981-08-14
366854400,229.8,229.8,229.8,229.8,1,50,0,1981-08-17
366940800,229.2,229.2,229.2,229.2,1,50,0,1981-08-18
367027200,230.35,230.35,230.35,230.35,1,50,0,1981-08-19
367113600,228.9,228.9,228.9,228.9,1,50,0,1981-08-20
367200000,227.25,227.25,227.25,227.25,1,50,0,1981-08-21
367459200,228.4,228.4,228.4,228.4,1,50,0,1981-08-24
367545600,230.6,230.6,230.6,230.6,1,50,0,1981-08-25
367632000,230.1,230.1,230.1,230.1,1,50,0,1981-08-26
367718400,230.95,230.95,230.95,230.95,1,50,0,1981-08-27
367804800,229.1,229.1,229.1,229.1,1,50,0,1981-08-28
368064000,230.5,230.5,230.5,230.5,1,50,0,1981-08-31
368150400,230.95,230.95,230.95,230.95,1,50,0,1981-09-01
368236800,229.7,229.7,229.7,229.7,1,50,0,1981-09-02
368323200,230.4,230.4,230.4,230.4,1,50,0,1981-09-03
368409600,229.7,229.7,229.7,229.7,1,50,0,1981-09-04
368755200,232.5,232.5,232.5,232.5,1,50,0,1981-09-08
368841600,233.8,233.8,233.8,233.8,1,50,0,1981-09-09
368928000,230.9,230.9,230.9,230.9,1,50,0,1981-09-10
369014400,231.35,231.35,231.35,231.35,1,50,0,1981-09-11
369273600,230.2,230.2,230.2,230.2,1,50,0,1981-09-14
369360000,225.7,225.7,225.7,225.7,1,50,0,1981-09-15
369446400,226.95,226.95,226.95,226.95,1,50,0,1981-09-16
369532800,226.3,226.3,226.3,226.3,1,50,0,1981-09-17
369619200,226.3,226.3,226.3,226.3,1,50,0,1981-09-18
369878400,224.2,224.2,224.2,224.2,1,50,0,1981-09-21
369964800,226.8,226.8,226.8,226.8,1,50,0,1981-09-22
370051200,227.9,227.9,227.9,227.9,1,50,0,1981-09-23
370137600,229.1,229.1,229.1,229.1,1,50,0,1981-09-24
370224000,229.7,229.7,229.7,229.7,1,50,0,1981-09-25
370483200,232.45,232.45,232.45,232.45,1,50,0,1981-09-28
370569600,231.9,231.9,231.9,231.9,1,50,0,1981-09-29
370656000,232.3,232.3,232.3,232.3,1,50,0,1981-09-30
370742400,233.1,233.1,233.1,233.1,1,50,0,1981-10-01
370828800,232.05,232.05,232.05,232.05,1,50,0,1981-10-02
371088000,227.6,227.6,227.6,227.6,1,50,0,1981-10-05
371174400,230.4,230.4,230.4,230.4,1,50,0,1981-10-06
371260800,228.5,228.5,228.5,228.5,1,50,0,1981-10-07
371347200,228.35,228.35,228.35,228.35,1,50,0,1981-10-08
371433600,226.55,226.55,226.55,226.55,1,50,0,1981-10-09
371779200,228.6,228.6,228.6,228.6,1,50,0,1981-10-13
371865600,228.75,228.75,228.75,228.75,1,50,0,1981-10-14
371952000,230.6,230.6,230.6,230.6,1,50,0,1981-10-15
372038400,230.6,230.6,230.6,230.6,1,50,0,1981-10-16
372297600,232.35,232.35,232.35,232.35,1,50,0,1981-10-19
372384000,232.7,232.7,232.7,232.7,1,50,0,1981-10-20
372470400,233.7,233.7,233.7,233.7,1,50,0,1981-10-21
372556800,233.65,233.65,233.65,233.65,1,50,0,1981-10-22
372643200,232.3,232.3,232.3,232.3,1,50,0,1981-10-23
372902400,236.15,236.15,236.15,236.15,1,50,0,1981-10-26
372988800,234.75,234.75,234.75,234.75,1,50,0,1981-10-27
373075200,234.05,234.05,234.05,234.05,1,50,0,1981-10-28
373161600,234.35,234.35,234.35,234.35,1,50,0,1981-10-29
373248000,232.8,232.8,232.8,232.8,1,50,0,1981-10-30
373507200,229.15,229.15,229.15,229.15,1,50,0,1981-11-02
373680000,227.3,227.3,227.3,227.3,1,50,0,1981-11-04
373766400,228.5,228.5,228.5,228.5,1,50,0,1981-11-05
373852800,229.05,229.05,229.05,229.05,1,50,0,1981-11-06
374112000,226.78,226.78,226.78,226.78,1,50,0,1981-11-09
374198400,229.85,229.85,229.85,229.85,1,50,0,1981-11-10
374371200,227.25,227.25,227.25,227.25,1,50,0,1981-11-12
374457600,227.35,227.35,227.35,227.35,1,50,0,1981-11-13
374716800,225.7,225.7,225.7,225.7,1,50,0,1981-11-16
374803200,224.25,224.25,224.25,224.25,1,50,0,1981-11-17
374889600,222.2,222.2,222.2,222.2,1,50,0,1981-11-18
374976000,220.3,220.3,220.3,220.3,1,50,0,1981-11-19
375062400,218.65,218.65,218.65,218.65,1,50,0,1981-11-20
375321600,217.6,217.6,217.6,217.6,1,50,0,1981-11-23
375408000,215.9,215.9,215.9,215.9,1,50,0,1981-11-24
375494400,216.6,216.6,216.6,216.6,1,50,0,1981-11-25
375667200,215.65,215.65,215.65,215.65,1,50,0,1981-11-27
375926400,214.2,214.2,214.2,214.2,1,50,0,1981-11-30
376012800,216.4,216.4,216.4,216.4,1,50,0,1981-12-01
376099200,214.7,214.7,214.7,214.7,1,50,0,1981-12-02
376185600,216.65,216.65,216.65,216.65,1,50,0,1981-12-03
376272000,216.5,216.5,216.5,216.5,1,50,0,1981-12-04
376531200,217.55,217.55,217.55,217.55,1,50,0,1981-12-07
376617600,218.0,218.0,218.0,218.0,1,50,0,1981-12-08
376704000,218.4,218.4,218.4,218.4,1,50,0,1981-12-09
376790400,218.6,218.6,218.6,218.6,1,50,0,1981-12-10
376876800,219.3,219.3,219.3,219.3,1,50,0,1981-12-11
377136000,220.75,220.75,220.75,220.75,1,50,0,1981-12-14
377222400,217.5,217.5,217.5,217.5,1,50,0,1981-12-15
377308800,218.3,218.3,218.3,218.3,1,50,0,1981-12-16
377395200,218.45,218.45,218.45,218.45,1,50,0,1981-12-17
377481600,219.0,219.0,219.0,219.0,1,50,0,1981-12-18
377740800,220.05,220.05,220.05,220.05,1,50,0,1981-12-21
377827200,219.35,219.35,219.35,219.35,1,50,0,1981-12-22
377913600,220.7,220.7,220.7,220.7,1,50,0,1981-12-23
378000000,222.1,222.1,222.1,222.1,1,50,0,1981-12-24
378345600,222.8,222.8,222.8,222.8,1,50,0,1981-12-28
378432000,222.3,222.3,222.3,222.3,1,50,0,1981-12-29
378518400,219.8,219.8,219.8,219.8,1,50,0,1981-12-30
378604800,219.8,219.8,219.8,219.8,1,50,0,1981-12-31
378950400,218.75,218.75,218.75,218.75,1,50,0,1982-01-04
379036800,219.7,219.7,219.7,219.7,1,50,0,1982-01-05
379123200,219.6,219.6,219.6,219.6,1,50,0,1982-01-06
379209600,222.0,222.0,222.0,222.0,1,50,0,1982-01-07
379296000,221.4,221.4,221.4,221.4,1,50,0,1982-01-08
379555200,223.3,223.3,223.3,223.3,1,50,0,1982-01-11
379641600,223.05,223.05,223.05,223.05,1,50,0,1982-01-12
379728000,224.35,224.35,224.35,224.35,1,50,0,1982-01-13
379814400,224.5,224.5,224.5,224.5,1,50,0,1982-01-14
379900800,224.5,224.5,224.5,224.5,1,50,0,1982-01-15
380160000,225.35,225.35,225.35,225.35,1,50,0,1982-01-18
380246400,224.5,224.5,224.5,224.5,1,50,0,1982-01-19
380332800,225.5,225.5,225.5,225.5,1,50,0,1982-01-20
380419200,225.65,225.65,225.65,225.65,1,50,0,1982-01-21
380505600,227.4,227.4,227.4,227.4,1,50,0,1982-01-22
380764800,229.4,229.4,229.4,229.4,1,50,0,1982-01-25
380851200,228.25,228.25,228.25,228.25,1,50,0,1982-01-26
380937600,229.6,229.6,229.6,229.6,1,50,0,1982-01-27
381024000,231.0,231.0,231.0,231.0,1,50,0,1982-01-28
381110400,228.3,228.3,228.3,228.3,1,50,0,1982-01-29
381369600,232.6,232.6,232.6,232.6,1,50,0,1982-02-01
381456000,233.25,233.25,233.25,233.25,1,50,0,1982-02-02
381542400,234.8,234.8,234.8,234.8,1,50,0,1982-02-03
381628800,233.15,233.15,233.15,233.15,1,50,0,1982-02-04
381715200,233.5,233.5,233.5,233.5,1,50,0,1982-02-05
381974400,234.75,234.75,234.75,234.75,1,50,0,1982-02-08
382060800,236.5,236.5,236.5,236.5,1,50,0,1982-02-09
382147200,236.35,236.35,236.35,236.35,1,50,0,1982-02-10
382233600,235.75,235.75,235.75,235.75,1,50,0,1982-02-11
382665600,240.65,240.65,240.65,240.65,1,50,0,1982-02-16
382752000,240.35,240.35,240.35,240.35,1,50,0,1982-02-17
382838400,235.5,235.5,235.5,235.5,1,50,0,1982-02-18
382924800,233.6,233.6,233.6,233.6,1,50,0,1982-02-19
383184000,232.1,232.1,232.1,232.1,1,50,0,1982-02-22
383270400,234.9,234.9,234.9,234.9,1,50,0,1982-02-23
383356800,234.45,234.45,234.45,234.45,1,50,0,1982-02-24
383443200,236.05,236.05,236.05,236.05,1,50,0,1982-02-25
383529600,237.25,237.25,237.25,237.25,1,50,0,1982-02-26
383788800,238.3,238.3,238.3,238.3,1,50,0,1982-03-01
383875200,237.7,237.7,237.7,237.7,1,50,0,1982-03-02
383961600,236.6,236.6,236.6,236.6,1,50,0,1982-03-03
384048000,236.55,236.55,236.55,236.55,1,50,0,1982-03-04
384134400,233.9,233.9,233.9,233.9,1,50,0,1982-03-05
384393600,234.3,234.3,234.3,234.3,1,50,0,1982-03-08
384480000,237.55,237.55,237.55,237.55,1,50,0,1982-03-09
384566400,237.25,237.25,237.25,237.25,1,50,0,1982-03-10
384652800,239.4,239.4,239.4,239.4,1,50,0,1982-03-11
384739200,240.1,240.1,240.1,240.1,1,50,0,1982-03-12
384998400,240.5,240.5,240.5,240.5,1,50,0,1982-03-15
385084800,241.6,241.6,241.6,241.6,1,50,0,1982-03-16
385171200,241.4,241.4,241.4,241.4,1,50,0,1982-03-17
385257600,242.1,242.1,242.1,242.1,1,50,0,1982-03-18
385344000,244.0,244.0,244.0,244.0,1,50,0,1982-03-19
385603200,245.3,245.3,245.3,245.3,1,50,0,1982-03-22
385689600,244.9,244.9,244.9,244.9,1,50,0,1982-03-23
385776000,243.6,243.6,243.6,243.6,1,50,0,1982-03-24
385862400,245.35,245.35,245.35,245.35,1,50,0,1982-03-25
385948800,247.1,247.1,247.1,247.1,1,50,0,1982-03-26
386208000,247.2,247.2,247.2,247.2,1,50,0,1982-03-29
386294400,245.3,245.3,245.3,245.3,1,50,0,1982-03-30
386380800,248.25,248.25,248.25,248.25,1,50,0,1982-03-31
386467200,246.2,246.2,246.2,246.2,1,50,0,1982-04-01
386553600,245.6,245.6,245.6,245.6,1,50,0,1982-04-02
386812800,248.4,248.4,248.4,248.4,1,50,0,1982-04-05
386899200,248.4,248.4,248.4,248.4,1,50,0,1982-04-06
386985600,245.9,245.9,245.9,245.9,1,50,0,1982-04-07
387072000,248.75,248.75,248.75,248.75,1,50,0,1982-04-08
387158400,248.05,248.05,248.05,248.05,1,50,0,1982-04-09
387417600,248.0,248.0,248.0,248.0,1,50,0,1982-04-12
387504000,246.7,246.7,246.7,246.7,1,50,0,1982-04-13
387590400,247.45,247.45,247.45,247.45,1,50,0,1982-04-14
387676800,248.4,248.4,248.4,248.4,1,50,0,1982-04-15
387763200,247.8,247.8,247.8,247.8,1,50,0,1982-04-16
388022400,245.0,245.0,245.0,245.0,1,50,0,1982-04-19
388108800,243.15,243.15,243.15,243.15,1,50,0,1982-04-20
388195200,243.2,243.2,243.2,243.2,1,50,0,1982-04-21
388281600,242.8,242.8,242.8,242.8,1,50,0,1982-04-22
388368000,241.15,241.15,241.15,241.15,1,50,0,1982-04-23
388627200,238.4,238.4,238.4,238.4,1,50,0,1982-04-26
388713600,238.0,238.0,238.0,238.0,1,50,0,1982-04-27
388800000,237.25,237.25,237.25,237.25,1,50,0,1982-04-28
388886400,235.9,235.9,235.9,235.9,1,50,0,1982-04-29
388972800,235.85,235.85,235.85,235.85,1,50,0,1982-04-30
389232000,236.6,236.6,236.6,236.6,1,50,0,1982-05-03
389318400,237.55,237.55,237.55,237.55,1,50,0,1982-05-04
389404800,234.1,234.1,234.1,234.1,1,50,0,1982-05-05
389491200,233.55,233.55,233.55,233.55,1,50,0,1982-05-06
389577600,232.92,232.92,232.92,232.92,1,50,0,1982-05-07
389836800,233.3,233.3,233.3,233.3,1,50,0,1982-05-10
389923200,232.85,232.85,232.85,232.85,1,50,0,1982-05-11
390009600,233.8,233.8,233.8,233.8,1,50,0,1982-05-12
390096000,235.2,235.2,235.2,235.2,1,50,0,1982-05-13
390182400,235.25,235.25,235.25,235.25,1,50,0,1982-05-14
390441600,236.85,236.85,236.85,236.85,1,50,0,1982-05-17
390528000,237.25,237.25,237.25,237.25,1,50,0,1982-05-18
390614400,238.95,238.95,238.95,238.95,1,50,0,1982-05-19
390700800,238.3,238.3,238.3,238.3,1,50,0,1982-05-20
390787200,237.6,237.6,237.6,237.6,1,50,0,1982-05-21
391046400,238.4,238.4,238.4,238.4,1,50,0,1982-05-24
391132800,240.2,240.2,240.2,240.2,1,50,0,1982-05-25
391219200,240.4,240.4,240.4,240.4,1,50,0,1982-05-26
391305600,242.9,242.9,242.9,242.9,1,50,0,1982-05-27
391392000,243.3,243.3,243.3,243.3,1,50,0,1982-05-28
391737600,244.3,244.3,244.3,244.3,1,50,0,1982-06-01
391824000,244.7,244.7,244.7,244.7,1,50,0,1982-06-02
391910400,243.2,243.2,243.2,243.2,1,50,0,1982-06-03
391996800,243.65,243.65,243.65,243.65,1,50,0,1982-06-04
392256000,245.65,245.65,245.65,245.65,1,50,0,1982-06-07
392342400,247.0,247.0,247.0,247.0,1,50,0,1982-06-08
392428800,248.95,248.95,248.95,248.95,1,50,0,1982-06-09
392515200,249.3,249.3,249.3,249.3,1,50,0,1982-06-10
392601600,247.55,247.55,247.55,247.55,1,50,0,1982-06-11
392860800,250.65,250.65,250.65,250.65,1,50,0,1982-06-14
392947200,251.65,251.65,251.65,251.65,1,50,0,1982-06-15
393033600,252.85,252.85,252.85,252.85,1,50,0,1982-06-16
393120000,254.5,254.5,254.5,254.5,1,50,0,1982-06-17
393206400,255.15,255.15,255.15,255.15,1,50,0,1982-06-18
393465600,257.15,257.15,257.15,257.15,1,50,0,1982-06-21
393552000,254.5,254.5,254.5,254.5,1,50,0,1982-06-22
393638400,256.0,256.0,256.0,256.0,1,50,0,1982-06-23
393724800,252.4,252.4,252.4,252.4,1,50,0,1982-06-24
393811200,257.7,257.7,257.7,257.7,1,50,0,1982-06-25
394070400,258.95,258.95,258.95,258.95,1,50,0,1982-06-28
394156800,255.55,255.55,255.55,255.55,1,50,0,1982-06-29
394243200,255.0,255.0,255.0,255.0,1,50,0,1982-06-30
394329600,255.95,255.95,255.95,255.95,1,50,0,1982-07-01
394416000,257.0,257.0,257.0,257.0,1,50,0,1982-07-02
394761600,257.7,257.7,257.7,257.7,1,50,0,1982-07-06
394848000,259.0,259.0,259.0,259.0,1,50,0,1982-07-07
394934400,257.85,257.85,257.85,257.85,1,50,0,1982-07-08
395020800,255.8,255.8,255.8,255.8,1,50,0,1982-07-09
395280000,254.25,254.25,254.25,254.25,1,50,0,1982-07-12
395366400,257.5,257.5,257.5,257.5,1,50,0,1982-07-13
395452800,256.35,256.35,256.35,256.35,1,50,0,1982-07-14
395539200,255.95,255.95,255.95,255.95,1,50,0,1982-07-15
395625600,254.05,254.05,254.05,254.05,1,50,0,1982-07-16
395884800,254.65,254.65,254.65,254.65,1,50,0,1982-07-19
395971200,253.75,253.75,253.75,253.75,1,50,0,1982-07-20
396057600,252.05,252.05,252.05,252.05,1,50,0,1982-07-21
396144000,251.85,251.85,251.85,251.85,1,50,0,1982-07-22
396230400,249.2,249.2,249.2,249.2,1,50,0,1982-07-23
396489600,250.95,250.95,250.95,250.95,1,50,0,1982-07-26
396576000,252.3,252.3,252.3,252.3,1,50,0,1982-07-27
396662400,254.8,254.8,254.8,254.8,1,50,0,1982-07-28
396748800,256.6,256.6,256.6,256.6,1,50,0,1982-07-29
396835200,258.1,258.1,258.1,258.1,1,50,0,1982-07-30
397094400,256.6,256.6,256.6,256.6,1,50,0,1982-08-02
397180800,257.85,257.85,257.85,257.85,1,50,0,1982-08-03
397267200,260.35,260.35,260.35,260.35,1,50,0,1982-08-04
397353600,259.85,259.85,259.85,259.85,1,50,0,1982-08-05
397440000,260.1,260.1,260.1,260.1,1,50,0,1982-08-06
397699200,262.3,262.3,262.3,262.3,1,50,0,1982-08-09
397785600,263.9,263.9,263.9,263.9,1,50,0,1982-08-10
397872000,263.4,263.4,263.4,263.4,1,50,0,1982-08-11
397958400,263.2,263.2,263.2,263.2,1,50,0,1982-08-12
398044800,262.1,262.1,262.1,262.1,1,50,0,1982-08-13
398304000,264.05,264.05,264.05,264.05,1,50,0,1982-08-16
398390400,264.05,264.05,264.05,264.05,1,50,0,1982-08-17
398476800,259.2,259.2,259.2,259.2,1,50,0,1982-08-18
398563200,258.35,258.35,258.35,258.35,1,50,0,1982-08-19
398649600,254.75,254.75,254.75,254.75,1,50,0,1982-08-20
398908800,254.6,254.6,254.6,254.6,1,50,0,1982-08-23
398995200,251.5,251.5,251.5,251.5,1,50,0,1982-08-24
399081600,251.0,251.0,251.0,251.0,1,50,0,1982-08-25
399168000,253.2,253.2,253.2,253.2,1,50,0,1982-08-26
399254400,256.6,256.6,256.6,256.6,1,50,0,1982-08-27
399513600,260.95,260.95,260.95,260.95,1,50,0,1982-08-30
399600000,261.1,261.1,261.1,261.1,1,50,0,1982-08-31
399686400,259.1,259.1,259.1,259.1,1,50,0,1982-09-01
399772800,256.2,256.2,256.2,256.2,1,50,0,1982-09-02
399859200,257.8,257.8,257.8,257.8,1,50,0,1982-09-03
400204800,257.45,257.45,257.45,257.45,1,50,0,1982-09-07
400291200,259.5,259.5,259.5,259.5,1,50,0,1982-09-08
400377600,258.65,258.65,258.65,258.65,1,50,0,1982-09-09
400464000,262.65,262.65,262.65,262.65,1,50,0,1982-09-10
400723200,264.0,264.0,264.0,264.0,1,50,0,1982-09-13
400809600,263.25,263.25,263.25,263.25,1,50,0,1982-09-14
400896000,263.4,263.4,263.4,263.4,1,50,0,1982-09-15
400982400,263.4,263.4,263.4,263.4,1,50,0,1982-09-16
401068800,263.2,263.2,263.2,263.2,1,50,0,1982-09-17
401328000,264.5,264.5,264.5,264.5,1,50,0,1982-09-20
401414400,265.1,265.1,265.1,265.1,1,50,0,1982-09-21
401500800,262.65,262.65,262.65,262.65,1,50,0,1982-09-22
401587200,264.95,264.95,264.95,264.95,1,50,0,1982-09-23
401673600,266.25,266.25,266.25,266.25,1,50,0,1982-09-24
401932800,269.8,269.8,269.8,269.8,1,50,0,1982-09-27
402019200,270.0,270.0,270.0,270.0,1,50,0,1982-09-28
402105600,268.85,268.85,268.85,268.85,1,50,0,1982-09-29
402192000,268.3,268.3,268.3,268.3,1,50,0,1982-09-30
402278400,268.9,268.9,268.9,268.9,1,50,0,1982-10-01
402537600,273.5,273.5,273.5,273.5,1,50,0,1982-10-04
402624000,273.8,273.8,273.8,273.8,1,50,0,1982-10-05
402710400,273.95,273.95,273.95,273.95,1,50,0,1982-10-06
402796800,270.1,270.1,270.1,270.1,1,50,0,1982-10-07
402883200,267.7,267.7,267.7,267.7,1,50,0,1982-10-08
403228800,262.6,262.6,262.6,262.6,1,50,0,1982-10-12
403315200,266.65,266.65,266.65,266.65,1,50,0,1982-10-13
403401600,268.5,268.5,268.5,268.5,1,50,0,1982-10-14
403488000,269.7,269.7,269.7,269.7,1,50,0,1982-10-15
403747200,268.55,268.55,268.55,268.55,1,50,0,1982-10-18
403833600,268.3,268.3,268.3,268.3,1,50,0,1982-10-19
403920000,270.4,270.4,270.4,270.4,1,50,0,1982-10-20
404006400,273.0,273.0,273.0,273.0,1,50,0,1982-10-21
404092800,273.45,273.45,273.45,273.45,1,50,0,1982-10-22
404352000,276.55,276.55,276.55,276.55,1,50,0,1982-10-25
404438400,276.05,276.05,276.05,276.05,1,50,0,1982-10-26
404524800,276.05,276.05,276.05,276.05,1,50,0,1982-10-27
404611200,277.45,277.45,277.45,277.45,1,50,0,1982-10-28
404697600,277.1,277.1,277.1,277.1,1,50,0,1982-10-29
404956800,276.9,276.9,276.9,276.9,1,50,0,1982-11-01
405129600,276.52,276.52,276.52,276.52,1,50,0,1982-11-03
405216000,277.65,277.65,277.65,277.65,1,50,0,1982-11-04
405302400,275.8,275.8,275.8,275.8,1,50,0,1982-11-05
405561600,276.0,276.0,276.0,276.0,1,50,0,1982-11-08
405648000,271.15,271.15,271.15,271.15,1,50,0,1982-11-09
405734400,268.1,268.1,268.1,268.1,1,50,0,1982-11-10
405907200,268.5,268.5,268.5,268.5,1,50,0,1982-11-12
406166400,267.35,267.35,267.35,267.35,1,50,0,1982-11-15
406252800,263.7,263.7,263.7,263.7,1,50,0,1982-11-16
406339200,263.3,263.3,263.3,263.3,1,50,0,1982-11-17
406425600,262.7,262.7,262.7,262.7,1,50,0,1982-11-18
406512000,257.85,257.85,257.85,257.85,1,50,0,1982-11-19
406771200,254.65,254.65,254.65,254.65,1,50,0,1982-11-22
406857600,257.05,257.05,257.05,257.05,1,50,0,1982-11-23
406944000,250.7,250.7,250.7,250.7,1,50,0,1982-11-24
407116800,250.2,250.2,250.2,250.2,1,50,0,1982-11-26
407376000,250.35,250.35,250.35,250.35,1,50,0,1982-11-29
407462400,249.2,249.2,249.2,249.2,1,50,0,1982-11-30
407548800,248.6,248.6,248.6,248.6,1,50,0,1982-12-01
407635200,248.1,248.1,248.1,248.1,1,50,0,1982-12-02
407721600,246.6,246.6,246.6,246.6,1,50,0,1982-12-03
407980800,245.1,245.1,245.1,245.1,1,50,0,1982-12-06
408067200,242.75,242.75,242.75,242.75,1,50,0,1982-12-07
408153600,242.15,242.15,242.15,242.15,1,50,0,1982-12-08
408240000,245.7,245.7,245.7,245.7,1,50,0,1982-12-09
408326400,244.25,244.25,244.25,244.25,1,50,0,1982-12-10
408585600,247.3,247.3,247.3,247.3,1,50,0,1982-12-13
408672000,244.3,244.3,244.3,244.3,1,50,0,1982-12-14
408758400,244.95,244.95,244.95,244.95,1,50,0,1982-12-15
408844800,243.3,243.3,243.3,243.3,1,50,0,1982-12-16
408931200,244.15,244.15,244.15,244.15,1,50,0,1982-12-17
409190400,244.45,244.45,244.45,244.45,1,50,0,1982-12-20
409276800,242.1,242.1,242.1,242.1,1,50,0,1982-12-21
409363200,240.5,240.5,240.5,240.5,1,50,0,1982-12-22
409449600,238.1,238.1,238.1,238.1,1,50,0,1982-12-23
409536000,238.1,238.1,238.1,238.1,1,50,0,1982-12-24
409795200,237.5,237.5,237.5,237.5,1,50,0,1982-12-27
409881600,234.65,234.65,234.65,234.65,1,50,0,1982-12-28
409968000,232.8,232.8,232.8,232.8,1,50,0,1982-12-29
410054400,234.5,234.5,234.5,234.5,1,50,0,1982-12-30
410140800,234.7,234.7,234.7,234.7,1,50,0,1982-12-31
410400000,232.0,232.0,232.0,232.0,1,50,0,1983-01-03
410486400,229.8,229.8,229.8,229.8,1,50,0,1983-01-04
410572800,229.1,229.1,229.1,229.1,1,50,0,1983-01-05
410659200,229.8,229.8,229.8,229.8,1,50,0,1983-01-06
410745600,229.1,229.1,229.1,229.1,1,50,0,1983-01-07
411004800,226.75,226.75,226.75,226.75,1,50,0,1983-01-10
411091200,228.8,228.8,228.8,228.8,1,50,0,1983-01-11
411177600,230.55,230.55,230.55,230.55,1,50,0,1983-01-12
411264000,229.1,229.1,229.1,229.1,1,50,0,1983-01-13
411350400,230.5,230.5,230.5,230.5,1,50,0,1983-01-14
411609600,229.6,229.6,229.6,229.6,1,50,0,1983-01-17
411696000,232.15,232.15,232.15,232.15,1,50,0,1983-01-18
411782400,234.95,234.95,234.95,234.95,1,50,0,1983-01-19
411868800,235.3,235.3,235.3,235.3,1,50,0,1983-01-20
411955200,236.35,236.35,236.35,236.35,1,50,0,1983-01-21
412214400,240.2,240.2,240.2,240.2,1,50,0,1983-01-24
412300800,235.85,235.85,235.85,235.85,1,50,0,1983-01-25
412387200,235.35,235.35,235.35,235.35,1,50,0,1983-01-26
412473600,235.85,235.85,235.85,235.85,1,50,0,1983-01-27
412560000,236.4,236.4,236.4,236.4,1,50,0,1983-01-28
412819200,239.85,239.85,239.85,239.85,1,50,0,1983-01-31
412905600,239.4,239.4,239.4,239.4,1,50,0,1983-02-01
412992000,242.2,242.2,242.2,242.2,1,50,0,1983-02-02
413078400,238.85,238.85,238.85,238.85,1,50,0,1983-02-03
413164800,240.3,240.3,240.3,240.3,1,50,0,1983-02-04
413424000,237.45,237.45,237.45,237.45,1,50,0,1983-02-07
413510400,237.45,237.45,237.45,237.45,1,50,0,1983-02-08
413596800,236.6,236.6,236.6,236.6,1,50,0,1983-02-09
413683200,235.1,235.1,235.1,235.1,1,50,0,1983-02-10
413769600,234.7,234.7,234.7,234.7,1,50,0,1983-02-11
414028800,234.8,234.8,234.8,234.8,1,50,0,1983-02-14
414115200,234.1,234.1,234.1,234.1,1,50,0,1983-02-15
414201600,232.6,232.6,232.6,232.6,1,50,0,1983-02-16
414288000,233.2,233.2,233.2,233.2,1,50,0,1983-02-17
414374400,233.6,233.6,233.6,233.6,1,50,0,1983-02-18
414720000,233.8,233.8,233.8,233.8,1,50,0,1983-02-22
414806400,235.05,235.05,235.05,235.05,1,50,0,1983-02-23
414892800,234.2,234.2,234.2,234.2,1,50,0,1983-02-24
414979200,235.05,235.05,235.05,235.05,1,50,0,1983-02-25
415238400,237.85,237.85,237.85,237.85,1,50,0,1983-02-28
415324800,239.0,239.0,239.0,239.0,1,50,0,1983-03-01
415411200,237.3,237.3,237.3,237.3,1,50,0,1983-03-02
415497600,236.4,236.4,236.4,236.4,1,50,0,1983-03-03
415584000,235.8,235.8,235.8,235.8,1,50,0,1983-03-04
415843200,235.7,235.7,235.7,235.7,1,50,0,1983-03-07
415929600,238.7,238.7,238.7,238.7,1,50,0,1983-03-08
416016000,237.7,237.7,237.7,237.7,1,50,0,1983-03-09
416102400,237.05,237.05,237.05,237.05,1,50,0,1983-03-10
416188800,238.45,238.45,238.45,238.45,1,50,0,1983-03-11
416448000,237.5,237.5,237.5,237.5,1,50,0,1983-03-14
416534400,237.25,237.25,237.25,237.25,1,50,0,1983-03-15
416620800,237.25,237.25,237.25,237.25,1,50,0,1983-03-16
416707200,239.1,239.1,239.1,239.1,1,50,0,1983-03-17
416793600,240.3,240.3,240.3,240.3,1,50,0,1983-03-18
417052800,240.85,240.85,240.85,240.85,1,50,0,1983-03-21
417139200,239.4,239.4,239.4,239.4,1,50,0,1983-03-22
417225600,238.8,238.8,238.8,238.8,1,50,0,1983-03-23
417312000,237.25,237.25,237.25,237.25,1,50,0,1983-03-24
417398400,237.1,237.1,237.1,237.1,1,50,0,1983-03-25
417657600,240.1,240.1,240.1,240.1,1,50,0,1983-03-28
417744000,240.05,240.05,240.05,240.05,1,50,0,1983-03-29
417830400,239.8,239.8,239.8,239.8,1,50,0,1983-03-30
417916800,239.0,239.0,239.0,239.0,1,50,0,1983-03-31
418003200,239.6,239.6,239.6,239.6,1,50,0,1983-04-01
418262400,239.0,239.0,239.0,239.0,1,50,0,1983-04-04
418348800,237.65,237.65,237.65,237.65,1,50,0,1983-04-05
418435200,237.05,237.05,237.05,237.05,1,50,0,1983-04-06
418521600,237.9,237.9,237.9,237.9,1,50,0,1983-04-07
418608000,239.3,239.3,239.3,239.3,1,50,0,1983-04-08
418867200,237.95,237.95,237.95,237.95,1,50,0,1983-04-11
418953600,238.05,238.05,238.05,238.05,1,50,0,1983-04-12
419040000,238.5,238.5,238.5,238.5,1,50,0,1983-04-13
419126400,238.25,238.25,238.25,238.25,1,50,0,1983-04-14
419212800,237.6,237.6,237.6,237.6,1,50,0,1983-04-15
419472000,237.8,237.8,237.8,237.8,1,50,0,1983-04-18
419558400,237.05,237.05,237.05,237.05,1,50,0,1983-04-19
419644800,237.38,237.38,237.38,237.38,1,50,0,1983-04-20
419731200,236.4,236.4,236.4,236.4,1,50,0,1983-04-21
419817600,236.85,236.85,236.85,236.85,1,50,0,1983-04-22
420076800,236.25,236.25,236.25,236.25,1,50,0,1983-04-25
420163200,237.35,237.35,237.35,237.35,1,50,0,1983-04-26
420249600,236.25,236.25,236.25,236.25,1,50,0,1983-04-27
420336000,238.2,238.2,238.2,238.2,1,50,0,1983-04-28
420422400,238.3,238.3,238.3,238.3,1,50,0,1983-04-29
420681600,237.6,237.6,237.6,237.6,1,50,0,1983-05-02
420768000,237.65,237.65,237.65,237.65,1,50,0,1983-05-03
420854400,236.25,236.25,236.25,236.25,1,50,0,1983-05-04
420940800,235.2,235.2,235.2,235.2,1,50,0,1983-05-05
421027200,234.7,234.7,234.7,234.7,1,50,0,1983-05-06
421286400,232.65,232.65,232.65,232.65,1,50,0,1983-05-09
421372800,232.5,232.5,232.5,232.5,1,50,0,1983-05-10
421459200,230.9,230.9,230.9,230.9,1,50,0,1983-05-11
421545600,231.5,231.5,231.5,231.5,1,50,0,1983-05-12
421632000,231.3,231.3,231.3,231.3,1,50,0,1983-05-13
421891200,233.3,233.3,233.3,233.3,1,50,0,1983-05-16
421977600,233.4,233.4,233.4,233.4,1,50,0,1983-05-17
422064000,232.75,232.75,232.75,232.75,1,50,0,1983-05-18
422150400,234.4,234.4,234.4,234.4,1,50,0,1983-05-19
422236800,234.1,234.1,234.1,234.1,1,50,0,1983-05-20
422496000,235.4,235.4,235.4,235.4,1,50,0,1983-05-23
422582400,236.6,236.6,236.6,236.6,1,50,0,1983-05-24
422668800,236.3,236.3,236.3,236.3,1,50,0,1983-05-25
422755200,236.55,236.55,236.55,236.55,1,50,0,1983-05-26
422841600,237.97,237.97,237.97,237.97,1,50,0,1983-05-27
423100800,237.8,237.8,237.8,237.8,1,50,0,1983-05-30
423187200,238.85,238.85,238.85,238.85,1,50,0,1983-05-31
423273600,239.85,239.85,239.85,239.85,1,50,0,1983-06-01
423360000,238.35,238.35,238.35,238.35,1,50,0,1983-06-02
423446400,239.0,239.0,239.0,239.0,1,50,0,1983-06-03
423705600,240.5,240.5,240.5,240.5,1,50,0,1983-06-06
423792000,240.35,240.35,240.35,240.35,1,50,0,1983-06-07
423878400,241.38,241.38,241.38,241.38,1,50,0,1983-06-08
423964800,242.7,242.7,242.7,242.7,1,50,0,1983-06-09
424051200,242.18,242.18,242.18,242.18,1,50,0,1983-06-10
424310400,242.55,242.55,242.55,242.55,1,50,0,1983-06-13
424396800,243.05,243.05,243.05,243.05,1,50,0,1983-06-14
424483200,242.45,242.45,242.45,242.45,1,50,0,1983-06-15
424569600,240.55,240.55,240.55,240.55,1,50,0,1983-06-16
424656000,239.9,239.9,239.9,239.9,1,50,0,1983-06-17
424915200,239.25,239.25,239.25,239.25,1,50,0,1983-06-20
425001600,239.6,239.6,239.6,239.6,1,50,0,1983-06-21
425088000,237.4,237.4,237.4,237.4,1,50,0,1983-06-22
425174400,237.5,237.5,237.5,237.5,1,50,0,1983-06-23
425260800,237.3,237.3,237.3,237.3,1,50,0,1983-06-24
425520000,239.4,239.4,239.4,239.4,1,50,0,1983-06-27
425606400,238.8,238.8,238.8,238.8,1,50,0,1983-06-28
425692800,239.35,239.35,239.35,239.35,1,50,0,1983-06-29
425779200,239.28,239.28,239.28,239.28,1,50,0,1983-06-30
425865600,239.15,239.15,239.15,239.15,1,50,0,1983-07-01
426124800,239.0,239.0,239.0,239.0,1,50,0,1983-07-04
426211200,240.7,240.7,240.7,240.7,1,50,0,1983-07-05
426297600,239.5,239.5,239.5,239.5,1,50,0,1983-07-06
426384000,240.85,240.85,240.85,240.85,1,50,0,1983-07-07
426470400,241.35,241.35,241.35,241.35,1,50,0,1983-07-08
426729600,241.65,241.65,241.65,241.65,1,50,0,1983-07-11
426816000,240.65,240.65,240.65,240.65,1,50,0,1983-07-12
426902400,239.8,239.8,239.8,239.8,1,50,0,1983-07-13
426988800,240.1,240.1,240.1,240.1,1,50,0,1983-07-14
427075200,241.25,241.25,241.25,241.25,1,50,0,1983-07-15
427334400,240.8,240.8,240.8,240.8,1,50,0,1983-07-18
427420800,240.8,240.8,240.8,240.8,1,50,0,1983-07-19
427507200,239.3,239.3,239.3,239.3,1,50,0,1983-07-20
427593600,239.6,239.6,239.6,239.6,1,50,0,1983-07-21
427680000,240.25,240.25,240.25,240.25,1,50,0,1983-07-22
427939200,240.55,240.55,240.55,240.55,1,50,0,1983-07-25
428025600,240.6,240.6,240.6,240.6,1,50,0,1983-07-26
428112000,240.87,240.87,240.87,240.87,1,50,0,1983-07-27
428198400,240.8,240.8,240.8,240.8,1,50,0,1983-07-28
428284800,241.75,241.75,241.75,241.75,1,50,0,1983-07-29
428544000,243.7,243.7,243.7,243.7,1,50,0,1983-08-01
428630400,243.15,243.15,243.15,243.15,1,50,0,1983-08-02
428716800,243.25,243.25,243.25,243.25,1,50,0,1983-08-03
428803200,243.6,243.6,243.6,243.6,1,50,0,1983-08-04
428889600,243.9,243.9,243.9,243.9,1,50,0,1983-08-05
429148800,244.25,244.25,244.25,244.25,1,50,0,1983-08-08
429235200,243.98,243.98,243.98,243.98,1,50,0,1983-08-09
429321600,245.8,245.8,245.8,245.8,1,50,0,1983-08-10
429408000,246.35,246.35,246.35,246.35,1,50,0,1983-08-11
429494400,247.05,247.05,247.05,247.05,1,50,0,1983-08-12
429753600,246.9,246.9,246.9,246.9,1,50,0,1983-08-15
429840000,243.15,243.15,243.15,243.15,1,50,0,1983-08-16
429926400,243.6,243.6,243.6,243.6,1,50,0,1983-08-17
430012800,242.98,242.98,242.98,242.98,1,50,0,1983-08-18
430099200,244.0,244.0,244.0,244.0,1,50,0,1983-08-19
430358400,243.1,243.1,243.1,243.1,1,50,0,1983-08-22
430444800,243.25,243.25,243.25,243.25,1,50,0,1983-08-23
430531200,242.9,242.9,242.9,242.9,1,50,0,1983-08-24
430617600,243.2,243.2,243.2,243.2,1,50,0,1983-08-25
430704000,245.65,245.65,245.65,245.65,1,50,0,1983-08-26
430963200,246.15,246.15,246.15,246.15,1,50,0,1983-08-29
431049600,246.25,246.25,246.25,246.25,1,50,0,1983-08-30
431136000,246.45,246.45,246.45,246.45,1,50,0,1983-08-31
431222400,246.5,246.5,246.5,246.5,1,50,0,1983-09-01
431308800,246.8,246.8,246.8,246.8,1,50,0,1983-09-02
431568000,246.5,246.5,246.5,246.5,1,50,0,1983-09-05
431654400,245.85,245.85,245.85,245.85,1,50,0,1983-09-06
431740800,245.7,245.7,245.7,245.7,1,50,0,1983-09-07
431827200,244.6,244.6,244.6,244.6,1,50,0,1983-09-08
431913600,244.55,244.55,244.55,244.55,1,50,0,1983-09-09
432172800,243.42,243.42,243.42,243.42,1,50,0,1983-09-12
432259200,244.2,244.2,244.2,244.2,1,50,0,1983-09-13
432345600,245.3,245.3,245.3,245.3,1,50,0,1983-09-14
432432000,244.65,244.65,244.65,244.65,1,50,0,1983-09-15
432518400,243.55,243.55,243.55,243.55,1,50,0,1983-09-16
432777600,241.7,241.7,241.7,241.7,1,50,0,1983-09-19
432864000,242.5,242.5,242.5,242.5,1,50,0,1983-09-20
432950400,242.25,242.25,242.25,242.25,1,50,0,1983-09-21
433036800,242.8,242.8,242.8,242.8,1,50,0,1983-09-22
433123200,239.6,239.6,239.6,239.6,1,50,0,1983-09-23
433382400,238.05,238.05,238.05,238.05,1,50,0,1983-09-26
433468800,237.9,237.9,237.9,237.9,1,50,0,1983-09-27
433555200,236.9,236.9,236.9,236.9,1,50,0,1983-09-28
433641600,236.8,236.8,236.8,236.8,1,50,0,1983-09-29
433728000,235.65,235.65,235.65,235.65,1,50,0,1983-09-30
433987200,234.15,234.15,234.15,234.15,1,50,0,1983-10-03
434073600,234.1,234.1,234.1,234.1,1,50,0,1983-10-04
434160000,232.9,232.9,232.9,232.9,1,50,0,1983-10-05
434246400,232.4,232.4,232.4,232.4,1,50,0,1983-10-06
434332800,230.85,230.85,230.85,230.85,1,50,0,1983-10-07
434592000,234.3,234.3,234.3,234.3,1,50,0,1983-10-10
434678400,232.05,232.05,232.05,232.05,1,50,0,1983-10-11
434764800,234.28,234.28,234.28,234.28,1,50,0,1983-10-12
434851200,233.15,233.15,233.15,233.15,1,50,0,1983-10-13
434937600,232.8,232.8,232.8,232.8,1,50,0,1983-10-14
435196800,232.95,232.95,232.95,232.95,1,50,0,1983-10-17
435283200,232.3,232.3,232.3,232.3,1,50,0,1983-10-18
435369600,232.65,232.65,232.65,232.65,1,50,0,1983-10-19
435456000,232.5,232.5,232.5,232.5,1,50,0,1983-10-20
435542400,232.38,232.38,232.38,232.38,1,50,0,1983-10-21
435801600,233.5,233.5,233.5,233.5,1,50,0,1983-10-24
435888000,232.45,232.45,232.45,232.45,1,50,0,1983-10-25
435974400,232.95,232.95,232.95,232.95,1,50,0,1983-10-26
436060800,232.6,232.6,232.6,232.6,1,50,0,1983-10-27
436147200,232.7,232.7,232.7,232.7,1,50,0,1983-10-28
436406400,234.05,234.05,234.05,234.05,1,50,0,1983-10-31
436492800,234.77,234.77,234.77,234.77,1,50,0,1983-11-01
436579200,234.45,234.45,234.45,234.45,1,50,0,1983-11-02
436665600,234.35,234.35,234.35,234.35,1,50,0,1983-11-03
436752000,236.65,236.65,236.65,236.65,1,50,0,1983-11-04
437011200,237.0,237.0,237.0,237.0,1,50,0,1983-11-07
437097600,237.15,237.15,237.15,237.15,1,50,0,1983-11-08
437184000,235.4,235.4,235.4,235.4,1,50,0,1983-11-09
437270400,234.45,234.45,234.45,234.45,1,50,0,1983-11-10
437356800,234.4,234.4,234.4,234.4,1,50,0,1983-11-11
437616000,234.65,234.65,234.65,234.65,1,50,0,1983-11-14
437702400,234.45,234.45,234.45,234.45,1,50,0,1983-11-15
437788800,235.4,235.4,235.4,235.4,1,50,0,1983-11-16
437875200,236.25,236.25,236.25,236.25,1,50,0,1983-11-17
437961600,235.95,235.95,235.95,235.95,1,50,0,1983-11-18
438220800,235.2,235.2,235.2,235.2,1,50,0,1983-11-21
438307200,234.5,234.5,234.5,234.5,1,50,0,1983-11-22
438393600,235.05,235.05,235.05,235.05,1,50,0,1983-11-23
438480000,234.72,234.72,234.72,234.72,1,50,0,1983-11-24
438566400,235.1,235.1,235.1,235.1,1,50,0,1983-11-25
438825600,234.85,234.85,234.85,234.85,1,50,0,1983-11-28
438912000,234.6,234.6,234.6,234.6,1,50,0,1983-11-29
438998400,232.5,232.5,232.5,232.5,1,50,0,1983-11-30
439084800,232.53,232.53,232.53,232.53,1,50,0,1983-12-01
439171200,233.4,233.4,233.4,233.4,1,50,0,1983-12-02
439430400,235.2,235.2,235.2,235.2,1,50,0,1983-12-05
439516800,234.3,234.3,234.3,234.3,1,50,0,1983-12-06
439603200,234.05,234.05,234.05,234.05,1,50,0,1983-12-07
439689600,234.3,234.3,234.3,234.3,1,50,0,1983-12-08
439776000,236.9,236.9,236.9,236.9,1,50,0,1983-12-09
440035200,236.65,236.65,236.65,236.65,1,50,0,1983-12-12
440121600,236.25,236.25,236.25,236.25,1,50,0,1983-12-13
440208000,235.08,235.08,235.08,235.08,1,50,0,1983-12-14
440294400,234.9,234.9,234.9,234.9,1,50,0,1983-12-15
440380800,235.5,235.5,235.5,235.5,1,50,0,1983-12-16
440640000,236.1,236.1,236.1,236.1,1,50,0,1983-12-19
440726400,234.8,234.8,234.8,234.8,1,50,0,1983-12-20
440812800,234.7,234.7,234.7,234.7,1,50,0,1983-12-21
440899200,234.05,234.05,234.05,234.05,1,50,0,1983-12-22
440985600,233.9,233.9,233.9,233.9,1,50,0,1983-12-23
441244800,233.75,233.75,233.75,233.75,1,50,0,1983-12-26
441331200,233.8,233.8,233.8,233.8,1,50,0,1983-12-27
441417600,233.4,233.4,233.4,233.4,1,50,0,1983-12-28
441504000,232.2,232.2,232.2,232.2,1,50,0,1983-12-29
441590400,231.7,231.7,231.7,231.7,1,50,0,1983-12-30
441849600,231.45,231.45,231.45,231.45,1,50,0,1984-01-02
441936000,232.45,232.45,232.45,232.45,1,50,0,1984-01-03
442022400,233.42,233.42,233.42,233.42,1,50,0,1984-01-04
442108800,232.7,232.7,232.7,232.7,1,50,0,1984-01-05
442195200,232.7,232.7,232.7,232.7,1,50,0,1984-01-06
442454400,233.3,233.3,233.3,233.3,1,50,0,1984-01-09
442540800,233.45,233.45,233.45,233.45,1,50,0,1984-01-10
442627200,234.45,234.45,234.45,234.45,1,50,0,1984-01-11
442713600,234.87,234.87,234.87,234.87,1,50,0,1984-01-12
442800000,233.4,233.4,233.4,233.4,1,50,0,1984-01-13
443059200,233.3,233.3,233.3,233.3,1,50,0,1984-01-16
443145600,234.28,234.28,234.28,234.28,1,50,0,1984-01-17
443232000,233.6,233.6,233.6,233.6,1,50,0,1984-01-18
443318400,233.35,233.35,233.35,233.35,1,50,0,1984-01-19
443404800,234.5,234.5,234.5,234.5,1,50,0,1984-01-20
443664000,233.85,233.85,233.85,233.85,1,50,0,1984-01-23
443750400,234.35,234.35,234.35,234.35,1,50,0,1984-01-24
443836800,234.2,234.2,234.2,234.2,1,50,0,1984-01-25
443923200,234.1,234.1,234.1,234.1,1,50,0,1984-01-26
444009600,234.28,234.28,234.28,234.28,1,50,0,1984-01-27
444268800,234.58,234.58,234.58,234.58,1,50,0,1984-01-30
444355200,234.67,234.67,234.67,234.67,1,50,0,1984-01-31
444441600,234.25,234.25,234.25,234.25,1,50,0,1984-02-01
444528000,233.6,233.6,233.6,233.6,1,50,0,1984-02-02
444614400,232.7,232.7,232.7,232.7,1,50,0,1984-02-03
444873600,233.1,233.1,233.1,233.1,1,50,0,1984-02-06
444960000,234.5,234.5,234.5,234.5,1,50,0,1984-02-07
445046400,234.15,234.15,234.15,234.15,1,50,0,1984-02-08
445132800,233.88,233.88,233.88,233.88,1,50,0,1984-02-09
445219200,234.6,234.6,234.6,234.6,1,50,0,1984-02-10
445478400,234.55,234.55,234.55,234.55,1,50,0,1984-02-13
445564800,233.95,233.95,233.95,233.95,1,50,0,1984-02-14
445651200,233.2,233.2,233.2,233.2,1,50,0,1984-02-15
445737600,232.85,232.85,232.85,232.85,1,50,0,1984-02-16
445824000,233.2,233.2,233.2,233.2,1,50,0,1984-02-17
446083200,233.05,233.05,233.05,233.05,1,50,0,1984-02-20
446169600,234.1,234.1,234.1,234.1,1,50,0,1984-02-21
446256000,233.2,233.2,233.2,233.2,1,50,0,1984-02-22
446342400,233.6,233.6,233.6,233.6,1,50,0,1984-02-23
446428800,233.2,233.2,233.2,233.2,1,50,0,1984-02-24
446688000,233.3,233.3,233.3,233.3,1,50,0,1984-02-27
446774400,233.52,233.52,233.52,233.52,1,50,0,1984-02-28
446860800,233.43,233.43,233.43,233.43,1,50,0,1984-02-29
446947200,233.43,233.43,233.43,233.43,1,50,0,1984-03-01
447033600,228.2,228.2,228.2,228.2,1,50,0,1984-03-02
447292800,223.35,223.35,223.35,223.35,1,50,0,1984-03-05
447379200,223.35,223.35,223.35,223.35,1,50,0,1984-03-06
447465600,223.25,223.25,223.25,223.25,1,50,0,1984-03-07
447552000,224.55,224.55,224.55,224.55,1,50,0,1984-03-08
447638400,224.8,224.8,224.8,224.8,1,50,0,1984-03-09
447897600,224.83,224.83,224.83,224.83,1,50,0,1984-03-12
447984000,223.15,223.15,223.15,223.15,1,50,0,1984-03-13
448070400,223.7,223.7,223.7,223.7,1,50,0,1984-03-14
448156800,224.1,224.1,224.1,224.1,1,50,0,1984-03-15
448243200,225.85,225.85,225.85,225.85,1,50,0,1984-03-16
448502400,225.8,225.8,225.8,225.8,1,50,0,1984-03-19
448588800,226.0,226.0,226.0,226.0,1,50,0,1984-03-20
448675200,226.8,226.8,226.8,226.8,1,50,0,1984-03-21
448761600,226.45,226.45,226.45,226.45,1,50,0,1984-03-22
448848000,225.63,225.63,225.63,225.63,1,50,0,1984-03-23
449107200,224.67,224.67,224.67,224.67,1,50,0,1984-03-26
449193600,224.45,224.45,224.45,224.45,1,50,0,1984-03-27
449280000,224.7,224.7,224.7,224.7,1,50,0,1984-03-28
449366400,224.05,224.05,224.05,224.05,1,50,0,1984-03-29
449452800,224.75,224.75,224.75,224.75,1,50,0,1984-03-30
449712000,224.65,224.65,224.65,224.65,1,50,0,1984-04-02
449798400,225.1,225.1,225.1,225.1,1,50,0,1984-04-03
449884800,225.35,225.35,225.35,225.35,1,50,0,1984-04-04
449971200,225.6,225.6,225.6,225.6,1,50,0,1984-04-05
450057600,225.35,225.35,225.35,225.35,1,50,0,1984-04-06
450316800,225.5,225.5,225.5,225.5,1,50,0,1984-04-09
450403200,225.18,225.18,225.18,225.18,1,50,0,1984-04-10
450489600,222.7,222.7,222.7,222.7,1,50,0,1984-04-11
450576000,224.1,224.1,224.1,224.1,1,50,0,1984-04-12
450662400,224.7,224.7,224.7,224.7,1,50,0,1984-04-13
450921600,225.42,225.42,225.42,225.42,1,50,0,1984-04-16
451008000,225.05,225.05,225.05,225.05,1,50,0,1984-04-17
451094400,224.8,224.8,224.8,224.8,1,50,0,1984-04-18
451180800,225.1,225.1,225.1,225.1,1,50,0,1984-04-19
451267200,225.1,225.1,225.1,225.1,1,50,0,1984-04-20
451526400,224.75,224.75,224.75,224.75,1,50,0,1984-04-23
451612800,225.85,225.85,225.85,225.85,1,50,0,1984-04-24
451699200,225.6,225.6,225.6,225.6,1,50,0,1984-04-25
451785600,225.75,225.75,225.75,225.75,1,50,0,1984-04-26
451872000,226.55,226.55,226.55,226.55,1,50,0,1984-04-27
452131200,227.0,227.0,227.0,227.0,1,50,0,1984-04-30
452217600,226.95,226.95,226.95,226.95,1,50,0,1984-05-01
452304000,227.05,227.05,227.05,227.05,1,50,0,1984-05-02
452390400,226.4,226.4,226.4,226.4,1,50,0,1984-05-03
452476800,226.85,226.85,226.85,226.85,1,50,0,1984-05-04
452736000,229.0,229.0,229.0,229.0,1,50,0,1984-05-07
452822400,229.15,229.15,229.15,229.15,1,50,0,1984-05-08
452908800,228.87,228.87,228.87,228.87,1,50,0,1984-05-09
452995200,229.2,229.2,229.2,229.2,1,50,0,1984-05-10
453081600,230.3,230.3,230.3,230.3,1,50,0,1984-05-11
453340800,231.2,231.2,231.2,231.2,1,50,0,1984-05-14
453427200,231.75,231.75,231.75,231.75,1,50,0,1984-05-15
453513600,231.1,231.1,231.1,231.1,1,50,0,1984-05-16
453600000,232.33,232.33,232.33,232.33,1,50,0,1984-05-17
453686400,233.35,233.35,233.35,233.35,1,50,0,1984-05-18
453945600,233.0,233.0,233.0,233.0,1,50,0,1984-05-21
454032000,233.25,233.25,233.25,233.25,1,50,0,1984-05-22
454118400,232.37,232.37,232.37,232.37,1,50,0,1984-05-23
454204800,231.83,231.83,231.83,231.83,1,50,0,1984-05-24
454291200,231.7,231.7,231.7,231.7,1,50,0,1984-05-25
454550400,231.45,231.45,231.45,231.45,1,50,0,1984-05-28
454636800,231.8,231.8,231.8,231.8,1,50,0,1984-05-29
454723200,231.48,231.48,231.48,231.48,1,50,0,1984-05-30
454809600,231.58,231.58,231.58,231.58,1,50,0,1984-05-31
454896000,230.15,230.15,230.15,230.15,1,50,0,1984-06-01
455155200,229.7,229.7,229.7,229.7,1,50,0,1984-06-04
455241600,230.45,230.45,230.45,230.45,1,50,0,1984-06-05
455328000,230.5,230.5,230.5,230.5,1,50,0,1984-06-06
455414400,231.35,231.35,231.35,231.35,1,50,0,1984-06-07
455500800,231.72,231.72,231.72,231.72,1,50,0,1984-06-08
455760000,231.93,231.93,231.93,231.93,1,50,0,1984-06-11
455846400,232.65,232.65,232.65,232.65,1,50,0,1984-06-12
455932800,232.4,232.4,232.4,232.4,1,50,0,1984-06-13
456019200,231.65,231.65,231.65,231.65,1,50,0,1984-06-14
456105600,233.0,233.0,233.0,233.0,1,50,0,1984-06-15
456364800,233.45,233.45,233.45,233.45,1,50,0,1984-06-18
456451200,232.95,232.95,232.95,232.95,1,50,0,1984-06-19
456537600,234.55,234.55,234.55,234.55,1,50,0,1984-06-20
456624000,234.85,234.85,234.85,234.85,1,50,0,1984-06-21
456710400,235.95,235.95,235.95,235.95,1,50,0,1984-06-22
456969600,237.95,237.95,237.95,237.95,1,50,0,1984-06-25
457056000,237.08,237.08,237.08,237.08,1,50,0,1984-06-26
457142400,238.0,238.0,238.0,238.0,1,50,0,1984-06-27
457228800,237.3,237.3,237.3,237.3,1,50,0,1984-06-28
457315200,237.3,237.3,237.3,237.3,1,50,0,1984-06-29
457574400,238.5,238.5,238.5,238.5,1,50,0,1984-07-02
457660800,239.63,239.63,239.63,239.63,1,50,0,1984-07-03
457747200,239.6,239.6,239.6,239.6,1,50,0,1984-07-04
457833600,240.35,240.35,240.35,240.35,1,50,0,1984-07-05
457920000,241.25,241.25,241.25,241.25,1,50,0,1984-07-06
458179200,242.63,242.63,242.63,242.63,1,50,0,1984-07-09
458265600,241.45,241.45,241.45,241.45,1,50,0,1984-07-10
458352000,242.1,242.1,242.1,242.1,1,50,0,1984-07-11
458438400,242.68,242.68,242.68,242.68,1,50,0,1984-07-12
458524800,241.45,241.45,241.45,241.45,1,50,0,1984-07-13
458784000,240.7,240.7,240.7,240.7,1,50,0,1984-07-16
458870400,242.35,242.35,242.35,242.35,1,50,0,1984-07-17
458956800,243.85,243.85,243.85,243.85,1,50,0,1984-07-18
459043200,243.15,243.15,243.15,243.15,1,50,0,1984-07-19
459129600,245.2,245.2,245.2,245.2,1,50,0,1984-07-20
459388800,246.95,246.95,246.95,246.95,1,50,0,1984-07-23
459475200,246.18,246.18,246.18,246.18,1,50,0,1984-07-24
459561600,245.6,245.6,245.6,245.6,1,50,0,1984-07-25
459648000,243.65,243.65,243.65,243.65,1,50,0,1984-07-26
459734400,245.4,245.4,245.4,245.4,1,50,0,1984-07-27
459993600,246.05,246.05,246.05,246.05,1,50,0,1984-07-30
460080000,245.3,245.3,245.3,245.3,1,50,0,1984-07-31
460166400,245.75,245.75,245.75,245.75,1,50,0,1984-08-01
460252800,245.42,245.42,245.42,245.42,1,50,0,1984-08-02
460339200,241.8,241.8,241.8,241.8,1,50,0,1984-08-03
460598400,243.15,243.15,243.15,243.15,1,50,0,1984-08-06
460684800,244.5,244.5,244.5,244.5,1,50,0,1984-08-07
460771200,243.1,243.1,243.1,243.1,1,50,0,1984-08-08
460857600,243.35,243.35,243.35,243.35,1,50,0,1984-08-09
460944000,242.5,242.5,242.5,242.5,1,50,0,1984-08-10
461203200,244.08,244.08,244.08,244.08,1,50,0,1984-08-13
461289600,241.7,241.7,241.7,241.7,1,50,0,1984-08-14
461376000,241.9,241.9,241.9,241.9,1,50,0,1984-08-15
461462400,240.8,240.8,240.8,240.8,1,50,0,1984-08-16
461548800,241.1,241.1,241.1,241.1,1,50,0,1984-08-17
461808000,241.05,241.05,241.05,241.05,1,50,0,1984-08-20
461894400,242.15,242.15,242.15,242.15,1,50,0,1984-08-21
461980800,241.3,241.3,241.3,241.3,1,50,0,1984-08-22
462067200,240.6,240.6,240.6,240.6,1,50,0,1984-08-23
462153600,241.2,241.2,241.2,241.2,1,50,0,1984-08-24
462412800,241.6,241.6,241.6,241.6,1,50,0,1984-08-27
462499200,241.2,241.2,241.2,241.2,1,50,0,1984-08-28
462585600,240.6,240.6,240.6,240.6,1,50,0,1984-08-29
462672000,241.25,241.25,241.25,241.25,1,50,0,1984-08-30
462758400,241.9,241.9,241.9,241.9,1,50,0,1984-08-31
463017600,241.55,241.55,241.55,241.55,1,50,0,1984-09-03
463104000,243.75,243.75,243.75,243.75,1,50,0,1984-09-04
463190400,244.7,244.7,244.7,244.7,1,50,0,1984-09-05
463276800,244.1,244.1,244.1,244.1,1,50,0,1984-09-06
463363200,245.8,245.8,245.8,245.8,1,50,0,1984-09-07
463622400,245.6,245.6,245.6,245.6,1,50,0,1984-09-10
463708800,245.55,245.55,245.55,245.55,1,50,0,1984-09-11
463795200,244.95,244.95,244.95,244.95,1,50,0,1984-09-12
463881600,245.8,245.8,245.8,245.8,1,50,0,1984-09-13
463968000,245.65,245.65,245.65,245.65,1,50,0,1984-09-14
464227200,247.2,247.2,247.2,247.2,1,50,0,1984-09-17
464313600,246.18,246.18,246.18,246.18,1,50,0,1984-09-18
464400000,245.75,245.75,245.75,245.75,1,50,0,1984-09-19
464486400,246.9,246.9,246.9,246.9,1,50,0,1984-09-20
464572800,244.4,244.4,244.4,244.4,1,50,0,1984-09-21
464832000,244.2,244.2,244.2,244.2,1,50,0,1984-09-24
464918400,246.0,246.0,246.0,246.0,1,50,0,1984-09-25
465004800,245.15,245.15,245.15,245.15,1,50,0,1984-09-26
465091200,245.1,245.1,245.1,245.1,1,50,0,1984-09-27
465177600,246.9,246.9,246.9,246.9,1,50,0,1984-09-28
465436800,246.4,246.4,246.4,246.4,1,50,0,1984-10-01
465523200,246.0,246.0,246.0,246.0,1,50,0,1984-10-02
465609600,245.75,245.75,245.75,245.75,1,50,0,1984-10-03
465696000,246.2,246.2,246.2,246.2,1,50,0,1984-10-04
465782400,246.95,246.95,246.95,246.95,1,50,0,1984-10-05
466041600,246.8,246.8,246.8,246.8,1,50,0,1984-10-08
466128000,247.6,247.6,247.6,247.6,1,50,0,1984-10-09
466214400,247.05,247.05,247.05,247.05,1,50,0,1984-10-10
466300800,248.0,248.0,248.0,248.0,1,50,0,1984-10-11
466387200,248.1,248.1,248.1,248.1,1,50,0,1984-10-12
466646400,248.8,248.8,248.8,248.8,1,50,0,1984-10-15
466732800,248.98,248.98,248.98,248.98,1,50,0,1984-10-16
466819200,249.1,249.1,249.1,249.1,1,50,0,1984-10-17
466905600,248.9,248.9,248.9,248.9,1,50,0,1984-10-18
466992000,247.25,247.25,247.25,247.25,1,50,0,1984-10-19
467251200,247.3,247.3,247.3,247.3,1,50,0,1984-10-22
467337600,244.6,244.6,244.6,244.6,1,50,0,1984-10-23
467424000,244.12,244.12,244.12,244.12,1,50,0,1984-10-24
467510400,244.05,244.05,244.05,244.05,1,50,0,1984-10-25
467596800,245.5,245.5,245.5,245.5,1,50,0,1984-10-26
467856000,246.65,246.65,246.65,246.65,1,50,0,1984-10-29
467942400,245.6,245.6,245.6,245.6,1,50,0,1984-10-30
468028800,245.7,245.7,245.7,245.7,1,50,0,1984-10-31
468115200,244.3,244.3,244.3,244.3,1,50,0,1984-11-01
468201600,242.0,242.0,242.0,242.0,1,50,0,1984-11-02
468460800,242.05,242.05,242.05,242.05,1,50,0,1984-11-05
468547200,242.17,242.17,242.17,242.17,1,50,0,1984-11-06
468633600,240.8,240.8,240.8,240.8,1,50,0,1984-11-07
468720000,240.95,240.95,240.95,240.95,1,50,0,1984-11-08
468806400,241.0,241.0,241.0,241.0,1,50,0,1984-11-09
469065600,240.8,240.8,240.8,240.8,1,50,0,1984-11-12
469152000,240.45,240.45,240.45,240.45,1,50,0,1984-11-13
469238400,242.45,242.45,242.45,242.45,1,50,0,1984-11-14
469324800,242.5,242.5,242.5,242.5,1,50,0,1984-11-15
469411200,242.8,242.8,242.8,242.8,1,50,0,1984-11-16
469670400,243.65,243.65,243.65,243.65,1,50,0,1984-11-19
469756800,244.8,244.8,244.8,244.8,1,50,0,1984-11-20
469843200,245.53,245.53,245.53,245.53,1,50,0,1984-11-21
469929600,245.5,245.5,245.5,245.5,1,50,0,1984-11-22
470016000,245.4,245.4,245.4,245.4,1,50,0,1984-11-23
470275200,246.15,246.15,246.15,246.15,1,50,0,1984-11-26
470361600,245.4,245.4,245.4,245.4,1,50,0,1984-11-27
470448000,245.45,245.45,245.45,245.45,1,50,0,1984-11-28
470534400,245.8,245.8,245.8,245.8,1,50,0,1984-11-29
470620800,247.5,247.5,247.5,247.5,1,50,0,1984-11-30
470880000,248.2,248.2,248.2,248.2,1,50,0,1984-12-03
470966400,246.45,246.45,246.45,246.45,1,50,0,1984-12-04
471052800,246.8,246.8,246.8,246.8,1,50,0,1984-12-05
471139200,246.55,246.55,246.55,246.55,1,50,0,1984-12-06
471225600,247.4,247.4,247.4,247.4,1,50,0,1984-12-07
471484800,246.82,246.82,246.82,246.82,1,50,0,1984-12-10
471571200,247.0,247.0,247.0,247.0,1,50,0,1984-12-11
471657600,247.25,247.25,247.25,247.25,1,50,0,1984-12-12
471744000,247.55,247.55,247.55,247.55,1,50,0,1984-12-13
471830400,247.75,247.75,247.75,247.75,1,50,0,1984-12-14
472089600,247.55,247.55,247.55,247.55,1,50,0,1984-12-17
472176000,246.75,246.75,246.75,246.75,1,50,0,1984-12-18
472262400,247.76,247.76,247.76,247.76,1,50,0,1984-12-19
472348800,248.1,248.1,248.1,248.1,1,50,0,1984-12-20
472435200,247.95,247.95,247.95,247.95,1,50,0,1984-12-21
472694400,248.1,248.1,248.1,248.1,1,50,0,1984-12-24
472780800,248.0,248.0,248.0,248.0,1,50,0,1984-12-25
472867200,249.05,249.05,249.05,249.05,1,50,0,1984-12-26
472953600,250.2,250.2,250.2,250.2,1,50,0,1984-12-27
473040000,250.45,250.45,250.45,250.45,1,50,0,1984-12-28
473299200,251.6,251.6,251.6,251.6,1,50,0,1984-12-31
473385600,250.1,252.51,250.1,251.8,3121,50,0,1985-01-01
473472000,251.8,251.8,251.8,251.8,1,50,0,1985-01-02
473558400,252.45,252.45,252.45,252.45,1,50,0,1985-01-03
473644800,253.2,253.2,253.2,253.2,1,50,0,1985-01-04
473904000,255.95,255.95,255.95,255.95,1,50,0,1985-01-07
473990400,253.75,253.75,253.75,253.75,1,50,0,1985-01-08
474076800,255.1,255.1,255.1,255.1,1,50,0,1985-01-09
474163200,253.7,253.7,253.7,253.7,1,50,0,1985-01-10
474249600,253.83,253.83,253.83,253.83,1,50,0,1985-01-11
474508800,255.4,255.4,255.4,255.4,1,50,0,1985-01-14
474595200,254.7,254.7,254.7,254.7,1,50,0,1985-01-15
474681600,254.95,254.95,254.95,254.95,1,50,0,1985-01-16
474768000,254.55,254.55,254.55,254.55,1,50,0,1985-01-17
474854400,254.58,254.58,254.58,254.58,1,50,0,1985-01-18
475113600,253.9,253.9,253.3,253.4,701,50,0,1985-01-21
475200000,254.0,254.0,254.0,254.0,1,50,0,1985-01-22
475286400,254.4,254.4,254.4,254.4,1,50,0,1985-01-23
475372800,253.7,253.7,253.7,253.7,1,50,0,1985-01-24
475459200,253.95,253.95,253.95,253.95,1,50,0,1985-01-25
475718400,254.18,254.18,254.18,254.18,1,50,0,1985-01-28
475804800,254.35,254.35,254.35,254.35,1,50,0,1985-01-29
475891200,254.5,254.5,254.5,254.5,1,50,0,1985-01-30
475977600,254.8,254.8,254.8,254.8,1,50,0,1985-01-31
476064000,256.75,256.75,256.75,256.75,1,50,0,1985-02-01
476323200,259.42,259.42,259.42,259.42,1,50,0,1985-02-04
476409600,259.7,259.7,259.7,259.7,1,50,0,1985-02-05
476496000,259.53,259.53,259.53,259.53,1,50,0,1985-02-06
476582400,260.65,260.65,260.65,260.65,1,50,0,1985-02-07
476668800,260.7,260.7,260.7,260.7,1,50,0,1985-02-08
476928000,261.65,261.65,261.65,261.65,1,50,0,1985-02-11
477014400,261.4,263.5,261.4,262.95,2651,50,0,1985-02-12
477100800,262.8,262.8,262.8,262.8,1,50,0,1985-02-13
477187200,260.5,260.5,260.5,260.5,1,50,0,1985-02-14
477273600,257.85,257.85,257.85,257.85,1,50,0,1985-02-15
477532800,255.45,260.15,255.4,255.45,9501,50,0,1985-02-18
477619200,260.7,260.7,260.7,260.7,1,50,0,1985-02-19
477705600,261.3,261.3,261.3,261.3,1,50,0,1985-02-20
477792000,261.8,261.8,261.8,261.8,1,50,0,1985-02-21
477878400,262.8,262.8,262.8,262.8,1,50,0,1985-02-22
478137600,262.65,262.65,262.65,262.65,1,50,0,1985-02-25
478224000,261.05,261.05,261.05,261.05,1,50,0,1985-02-26
478310400,259.3,259.3,259.3,259.3,1,50,0,1985-02-27
478396800,259.45,259.45,259.45,259.45,1,50,0,1985-02-28
478483200,260.35,260.35,260.35,260.35,1,50,0,1985-03-01
478742400,260.1,260.1,260.1,260.1,1,50,0,1985-03-04
478828800,261.0,261.0,261.0,261.0,1,50,0,1985-03-05
478915200,261.2,261.2,261.2,261.2,1,50,0,1985-03-06
479001600,261.0,261.0,261.0,261.0,1,50,0,1985-03-07
479088000,261.63,261.63,261.63,261.63,1,50,0,1985-03-08
479347200,259.25,259.25,259.25,259.25,1,50,0,1985-03-11
479433600,260.1,260.1,260.1,260.1,1,50,0,1985-03-12
479520000,260.25,260.25,260.25,260.25,1,50,0,1985-03-13
479606400,260.55,260.55,260.55,260.55,1,50,0,1985-03-14
479692800,260.55,260.55,260.55,260.55,1,50,0,1985-03-15
479952000,259.9,259.9,259.9,259.9,1,50,0,1985-03-18
480038400,256.3,256.3,256.3,256.3,1,50,0,1985-03-19
480124800,256.4,256.4,256.4,256.4,1,50,0,1985-03-20
480211200,254.1,254.1,254.1,254.1,1,50,0,1985-03-21
480297600,255.65,255.65,255.65,255.65,1,50,0,1985-03-22
480556800,255.55,256.95,255.5,256.9,1551,50,0,1985-03-25
480643200,256.9,257.0,254.68,255.33,3071,50,0,1985-03-26
480729600,255.33,255.33,251.6,253.68,5811,50,0,1985-03-27
480816000,253.68,253.68,251.8,252.8,2881,50,0,1985-03-28
480902400,252.8,253.0,249.0,250.6,5801,50,0,1985-03-29
481161600,252.45,252.45,252.45,252.45,1,50,0,1985-04-01
481248000,254.3,254.3,254.3,254.3,1,50,0,1985-04-02
481334400,253.15,253.15,253.15,253.15,1,50,0,1985-04-03
481420800,254.5,254.5,254.5,254.5,1,50,0,1985-04-04
481507200,254.85,254.85,254.85,254.85,1,50,0,1985-04-05
481766400,255.5,255.5,255.5,255.5,1,50,0,1985-04-08
481852800,254.9,254.9,254.9,254.9,1,50,0,1985-04-09
481939200,254.25,254.25,254.25,254.25,1,50,0,1985-04-10
482025600,251.7,251.7,251.7,251.7,1,50,0,1985-04-11
482112000,251.35,251.35,251.35,251.35,1,50,0,1985-04-12
482371200,249.95,249.95,249.95,249.95,1,50,0,1985-04-15
482457600,249.55,249.55,249.55,249.55,1,50,0,1985-04-16
482544000,249.55,249.55,249.55,249.55,1,50,0,1985-04-17
482630400,247.6,247.6,247.6,247.6,1,50,0,1985-04-18
482716800,247.4,247.4,247.4,247.4,1,50,0,1985-04-19
482976000,248.8,248.8,248.8,248.8,1,50,0,1985-04-22
483062400,250.0,250.0,250.0,250.0,1,50,0,1985-04-23
483148800,251.3,251.3,251.3,251.3,1,50,0,1985-04-24
483235200,252.35,252.35,252.35,252.35,1,50,0,1985-04-25
483321600,252.95,252.95,252.95,252.95,1,50,0,1985-04-26
483580800,252.7,252.7,252.7,252.7,1,50,0,1985-04-29
483667200,251.5,251.5,251.5,251.5,1,50,0,1985-04-30
483753600,252.75,252.75,252.75,252.75,1,50,0,1985-05-01
483840000,252.95,252.95,252.95,252.95,1,50,0,1985-05-02
483926400,253.85,253.85,253.85,253.85,1,50,0,1985-05-03
484185600,254.55,254.55,254.55,254.55,1,50,0,1985-05-06
484272000,252.9,252.9,252.9,252.9,1,50,0,1985-05-07
484358400,253.75,253.75,253.75,253.75,1,50,0,1985-05-08
484444800,251.55,251.55,251.55,251.55,1,50,0,1985-05-09
484531200,252.4,252.4,252.4,252.4,1,50,0,1985-05-10
484790400,251.35,251.35,251.35,251.35,1,50,0,1985-05-13
484876800,249.6,249.6,249.6,249.6,1,50,0,1985-05-14
484963200,251.0,251.0,251.0,251.0,1,50,0,1985-05-15
485049600,251.5,251.5,251.5,251.5,1,50,0,1985-05-16
485136000,250.7,250.7,250.7,250.7,1,50,0,1985-05-17
485395200,249.65,249.65,249.65,249.65,1,50,0,1985-05-20
485481600,250.25,250.25,250.25,250.25,1,50,0,1985-05-21
485568000,250.75,250.75,250.75,250.75,1,50,0,1985-05-22
485654400,251.3,251.3,251.3,251.3,1,50,0,1985-05-23
485740800,251.1,251.1,251.1,251.1,1,50,0,1985-05-24
486000000,250.9,251.23,250.9,250.9,661,50,0,1985-05-27
486086400,251.6,251.6,251.6,251.6,1,50,0,1985-05-28
486172800,251.75,251.75,251.75,251.75,1,50,0,1985-05-29
486259200,251.6,251.6,251.6,251.6,1,50,0,1985-05-30
486345600,251.2,251.2,251.2,251.2,1,50,0,1985-05-31
486604800,248.6,248.6,248.6,248.6,1,50,0,1985-06-03
486691200,249.1,249.1,249.1,249.1,1,50,0,1985-06-04
486777600,249.45,249.45,249.45,249.45,1,50,0,1985-06-05
486864000,247.7,247.7,247.7,247.7,1,50,0,1985-06-06
486950400,249.55,249.55,249.55,249.55,1,50,0,1985-06-07
487209600,250.0,250.0,250.0,250.0,1,50,0,1985-06-10
487296000,249.9,249.9,249.9,249.9,1,50,0,1985-06-11
487382400,249.85,249.85,249.85,249.85,1,50,0,1985-06-12
487468800,249.8,249.8,249.8,249.8,1,50,0,1985-06-13
487555200,248.75,248.75,248.75,248.75,1,50,0,1985-06-14
487814400,248.7,248.7,248.7,248.7,1,50,0,1985-06-17
487900800,247.55,247.55,247.55,247.55,1,50,0,1985-06-18
487987200,247.7,247.7,247.7,247.7,1,50,0,1985-06-19
488073600,248.35,248.35,248.35,248.35,1,50,0,1985-06-20
488160000,248.15,248.15,248.15,248.15,1,50,0,1985-06-21
488419200,248.8,248.8,248.8,248.8,1,50,0,1985-06-24
488505600,249.0,249.0,249.0,249.0,1,50,0,1985-06-25
488592000,248.45,248.45,248.45,248.45,1,50,0,1985-06-26
488678400,249.0,249.0,249.0,249.0,1,50,0,1985-06-27
488764800,248.4,248.4,248.4,248.4,1,50,0,1985-06-28
489024000,247.95,247.95,247.95,247.95,1,50,0,1985-07-01
489110400,248.35,248.35,248.35,248.35,1,50,0,1985-07-02
489196800,248.05,248.05,248.05,248.05,1,50,0,1985-07-03
489283200,248.0,248.14,247.43,247.7,1121,50,0,1985-07-04
489369600,247.0,247.0,247.0,247.0,1,50,0,1985-07-05
489628800,246.05,246.05,246.05,246.05,1,50,0,1985-07-08
489715200,244.25,244.25,244.25,244.25,1,50,0,1985-07-09
489801600,243.45,243.45,243.45,243.45,1,50,0,1985-07-10
489888000,243.0,243.0,243.0,243.0,1,50,0,1985-07-11
489974400,240.95,240.95,240.95,240.95,1,50,0,1985-07-12
490233600,237.65,237.65,237.65,237.65,1,50,0,1985-07-15
490320000,237.9,237.9,237.9,237.9,1,50,0,1985-07-16
490406400,236.5,236.5,236.5,236.5,1,50,0,1985-07-17
490492800,238.2,238.2,238.2,238.2,1,50,0,1985-07-18
490579200,238.75,238.75,238.75,238.75,1,50,0,1985-07-19
490838400,240.05,240.05,240.05,240.05,1,50,0,1985-07-22
490924800,238.0,238.0,238.0,238.0,1,50,0,1985-07-23
491011200,239.75,239.75,239.75,239.75,1,50,0,1985-07-24
491097600,238.9,238.9,238.9,238.9,1,50,0,1985-07-25
491184000,239.25,239.25,239.25,239.25,1,50,0,1985-07-26
491443200,237.15,237.15,237.15,237.15,1,50,0,1985-07-29
491529600,237.4,237.4,237.4,237.4,1,50,0,1985-07-30
491616000,236.45,236.45,236.45,236.45,1,50,0,1985-07-31
491702400,237.65,237.65,237.65,237.65,1,50,0,1985-08-01
491788800,237.45,237.45,237.45,237.45,1,50,0,1985-08-02
492048000,237.5,237.5,237.5,237.5,1,50,0,1985-08-05
492134400,238.45,238.45,238.45,238.45,1,50,0,1985-08-06
492220800,238.4,238.4,238.4,238.4,1,50,0,1985-08-07
492307200,238.5,238.5,238.5,238.5,1,50,0,1985-08-08
492393600,238.55,238.55,238.55,238.55,1,50,0,1985-08-09
492652800,237.3,237.3,237.3,237.3,1,50,0,1985-08-12
492739200,237.35,237.35,237.35,237.35,1,50,0,1985-08-13
492825600,238.0,238.0,238.0,238.0,1,50,0,1985-08-14
492912000,237.15,237.15,237.15,237.15,1,50,0,1985-08-15
492998400,236.85,236.85,236.85,236.85,1,50,0,1985-08-16
493257600,236.85,236.85,236.85,236.85,1,50,0,1985-08-19
493344000,237.4,237.4,237.4,237.4,1,50,0,1985-08-20
493430400,237.0,237.0,237.0,237.0,1,50,0,1985-08-21
493516800,235.85,235.85,235.85,235.85,1,50,0,1985-08-22
493603200,236.5,236.5,236.5,236.5,1,50,0,1985-08-23
493862400,236.89,236.89,236.89,236.89,1,50,0,1985-08-26
493948800,237.38,237.38,237.38,237.38,1,50,0,1985-08-27
494035200,237.0,237.0,237.0,237.0,1,50,0,1985-08-28
494121600,237.12,237.12,237.12,237.12,1,50,0,1985-08-29
494208000,239.0,239.0,239.0,239.0,1,50,0,1985-08-30
494467200,238.55,239.21,237.79,238.55,2841,50,0,1985-09-02
494553600,239.5,239.5,239.5,239.5,1,50,0,1985-09-03
494640000,239.6,239.6,239.6,239.6,1,50,0,1985-09-04
494726400,239.95,239.95,239.95,239.95,1,50,0,1985-09-05
494812800,243.6,243.6,243.6,243.6,1,50,0,1985-09-06
495072000,243.45,243.45,243.45,243.45,1,50,0,1985-09-09
495158400,242.75,242.75,242.75,242.75,1,50,0,1985-09-10
495244800,243.55,243.55,243.55,243.55,1,50,0,1985-09-11
495331200,243.2,243.2,243.2,243.2,1,50,0,1985-09-12
495417600,242.0,242.0,242.0,242.0,1,50,0,1985-09-13
495676800,241.35,241.35,241.35,241.35,1,50,0,1985-09-16
495763200,241.7,241.7,241.7,241.7,1,50,0,1985-09-17
495849600,242.25,242.25,242.25,242.25,1,50,0,1985-09-18
495936000,242.05,242.05,242.05,242.05,1,50,0,1985-09-19
496022400,240.1,240.1,240.1,240.1,1,50,0,1985-09-20
496281600,231.9,231.9,231.9,231.9,1,50,0,1985-09-23
496368000,229.8,229.8,229.8,229.8,1,50,0,1985-09-24
496454400,226.9,226.9,226.9,226.9,1,50,0,1985-09-25
496540800,220.3,220.3,220.3,220.3,1,50,0,1985-09-26
496627200,220.1,220.1,220.1,220.1,1,50,0,1985-09-27
496886400,216.5,216.5,216.5,216.5,1,50,0,1985-09-30
496972800,215.0,215.0,215.0,215.0,1,50,0,1985-10-01
497059200,214.1,214.1,214.1,214.1,1,50,0,1985-10-02
497145600,212.79,212.79,212.79,212.79,1,50,0,1985-10-03
497232000,213.45,213.45,213.45,213.45,1,50,0,1985-10-04
497491200,215.45,215.45,215.45,215.45,1,50,0,1985-10-07
497577600,216.0,216.0,216.0,216.0,1,50,0,1985-10-08
497664000,214.8,214.8,214.8,214.8,1,50,0,1985-10-09
497750400,215.4,215.4,215.4,215.4,1,50,0,1985-10-10
497836800,214.65,214.65,214.65,214.65,1,50,0,1985-10-11
498096000,215.03,215.9,215.03,215.4,1371,50,0,1985-10-14
498182400,215.45,215.45,215.45,215.45,1,50,0,1985-10-15
498268800,217.3,217.3,217.3,217.3,1,50,0,1985-10-16
498355200,215.15,215.15,215.15,215.15,1,50,0,1985-10-17
498441600,215.15,215.15,215.15,215.15,1,50,0,1985-10-18
498700800,215.7,215.7,215.7,215.7,1,50,0,1985-10-21
498787200,216.1,216.1,216.1,216.1,1,50,0,1985-10-22
498873600,215.9,215.9,215.9,215.9,1,50,0,1985-10-23
498960000,216.7,216.7,216.7,216.7,1,50,0,1985-10-24
499046400,214.9,214.9,214.9,214.9,1,50,0,1985-10-25
499305600,213.5,213.5,213.5,213.5,1,50,0,1985-10-28
499392000,212.43,212.43,212.43,212.43,1,50,0,1985-10-29
499478400,211.5,211.5,211.5,211.5,1,50,0,1985-10-30
499564800,211.55,211.55,211.55,211.55,1,50,0,1985-10-31
499651200,209.0,209.0,209.0,209.0,1,50,0,1985-11-01
499910400,207.9,207.9,207.9,207.9,1,50,0,1985-11-04
499996800,208.0,208.0,208.0,208.0,1,50,0,1985-11-05
500083200,205.25,205.25,205.25,205.25,1,50,0,1985-11-06
500169600,205.6,205.6,205.6,205.6,1,50,0,1985-11-07
500256000,205.85,205.85,205.85,205.85,1,50,0,1985-11-08
500515200,205.1,205.9,205.1,205.85,851,50,0,1985-11-11
500601600,205.85,205.85,205.85,205.85,1,50,0,1985-11-12
500688000,204.0,204.0,204.0,204.0,1,50,0,1985-11-13
500774400,203.35,203.35,203.35,203.35,1,50,0,1985-11-14
500860800,204.3,204.3,204.3,204.3,1,50,0,1985-11-15
501120000,203.45,203.45,203.45,203.45,1,50,0,1985-11-18
501206400,203.0,203.0,203.0,203.0,1,50,0,1985-11-19
501292800,203.45,203.45,203.45,203.45,1,50,0,1985-11-20
501379200,202.1,202.1,202.1,202.1,1,50,0,1985-11-21
501465600,201.35,201.35,201.35,201.35,1,50,0,1985-11-22
501724800,200.8,200.8,200.8,200.8,1,50,0,1985-11-25
501811200,201.0,201.0,201.0,201.0,1,50,0,1985-11-26
501897600,201.05,201.05,201.05,201.05,1,50,0,1985-11-27
501984000,201.13,201.9,201.1,201.5,1231,50,0,1985-11-28
502070400,202.1,202.1,202.1,202.1,1,50,0,1985-11-29
502329600,204.03,204.03,204.03,204.03,1,50,0,1985-12-02
502416000,204.75,204.75,204.75,204.75,1,50,0,1985-12-03
502502400,202.65,202.65,202.65,202.65,1,50,0,1985-12-04
502588800,203.0,203.0,203.0,203.0,1,50,0,1985-12-05
502675200,203.4,203.4,203.4,203.4,1,50,0,1985-12-06
502934400,203.5,203.5,203.5,203.5,1,50,0,1985-12-09
503020800,203.6,203.6,203.6,203.6,1,50,0,1985-12-10
503107200,203.9,203.9,203.9,203.9,1,50,0,1985-12-11
503193600,202.05,202.05,202.05,202.05,1,50,0,1985-12-12
503280000,202.8,202.8,202.8,202.8,1,50,0,1985-12-13
503539200,202.6,202.6,202.6,202.6,1,50,0,1985-12-16
503625600,201.95,201.95,201.95,201.95,1,50,0,1985-12-17
503712000,203.15,203.15,203.15,203.15,1,50,0,1985-12-18
503798400,202.97,202.97,202.97,202.97,1,50,0,1985-12-19
503884800,202.7,202.7,202.7,202.7,1,50,0,1985-12-20
504144000,202.45,202.45,202.45,202.45,1,50,0,1985-12-23
504230400,202.75,202.75,202.75,202.75,1,50,0,1985-12-24
504316800,202.85,203.1,202.75,202.85,701,50,0,1985-12-25
504403200,202.8,202.8,202.8,202.8,1,50,0,1985-12-26
504489600,202.2,202.2,202.2,202.2,1,50,0,1985-12-27
504748800,201.05,201.05,201.05,201.05,1,50,0,1985-12-30
504835200,200.25,200.25,200.25,200.25,1,50,0,1985-12-31
504921600,200.05,200.9,199.9,200.05,2001,50,0,1986-01-01
505008000,199.15,199.15,199.15,199.15,1,50,0,1986-01-02
505094400,202.53,202.53,202.53,202.53,1,50,0,1986-01-03
505353600,201.9,201.9,201.9,201.9,1,50,0,1986-01-06
505440000,201.7,201.7,201.7,201.7,1,50,0,1986-01-07
505526400,202.1,202.1,202.1,202.1,1,50,0,1986-01-08
505612800,202.1,202.1,202.1,202.1,1,50,0,1986-01-09
505699200,202.35,202.35,202.35,202.35,1,50,0,1986-01-10
505958400,202.7,202.7,202.7,202.7,1,50,0,1986-01-13
506044800,202.6,202.6,202.6,202.6,1,50,0,1986-01-14
506131200,202.5,202.5,202.5,202.5,1,50,0,1986-01-15
506217600,202.55,202.55,202.55,202.55,1,50,0,1986-01-16
506304000,202.52,202.52,202.52,202.52,1,50,0,1986-01-17
506563200,202.2,202.4,202.1,202.4,401,50,0,1986-01-20
506649600,202.35,202.35,202.35,202.35,1,50,0,1986-01-21
506736000,201.7,201.7,201.7,201.7,1,50,0,1986-01-22
506822400,202.05,202.05,202.05,202.05,1,50,0,1986-01-23
506908800,196.05,196.05,196.05,196.05,1,50,0,1986-01-24
507168000,195.75,195.75,195.75,195.75,1,50,0,1986-01-27
507254400,195.65,195.65,195.65,195.65,1,50,0,1986-01-28
507340800,194.1,194.1,194.1,194.1,1,50,0,1986-01-29
507427200,193.05,193.05,193.05,193.05,1,50,0,1986-01-30
507513600,192.3,192.3,192.3,192.3,1,50,0,1986-01-31
507772800,191.55,191.55,191.55,191.55,1,50,0,1986-02-03
507859200,192.05,192.05,192.05,192.05,1,50,0,1986-02-04
507945600,190.65,190.65,190.65,190.65,1,50,0,1986-02-05
508032000,190.48,190.48,190.48,190.48,1,50,0,1986-02-06
508118400,191.35,191.35,191.35,191.35,1,50,0,1986-02-07
508377600,188.15,188.15,188.15,188.15,1,50,0,1986-02-10
508464000,187.45,187.45,187.45,187.45,1,50,0,1986-02-11
508550400,186.72,186.72,186.72,186.72,1,50,0,1986-02-12
508636800,182.3,182.3,182.3,182.3,1,50,0,1986-02-13
508723200,182.0,182.0,182.0,182.0,1,50,0,1986-02-14
508982400,181.9,181.9,181.43,181.9,941,50,0,1986-02-17
509068800,181.05,181.05,181.05,181.05,1,50,0,1986-02-18
509155200,179.4,179.4,179.4,179.4,1,50,0,1986-02-19
509241600,181.1,181.1,181.1,181.1,1,50,0,1986-02-20
509328000,182.98,182.98,182.98,182.98,1,50,0,1986-02-21
509587200,182.15,182.15,182.15,182.15,1,50,0,1986-02-24
509673600,180.95,180.95,180.95,180.95,1,50,0,1986-02-25
509760000,181.15,181.15,181.15,181.15,1,50,0,1986-02-26
509846400,180.15,180.15,180.15,180.15,1,50,0,1986-02-27
509932800,180.55,180.55,180.55,180.55,1,50,0,1986-02-28
510192000,179.65,179.65,179.65,179.65,1,50,0,1986-03-03
510278400,179.0,179.0,179.0,179.0,1,50,0,1986-03-04
510364800,181.45,181.45,181.45,181.45,1,50,0,1986-03-05
510451200,179.3,179.3,179.3,179.3,1,50,0,1986-03-06
510537600,179.45,179.45,179.45,179.45,1,50,0,1986-03-07
510796800,180.7,180.7,180.7,180.7,1,50,0,1986-03-10
510883200,179.9,179.9,179.9,179.9,1,50,0,1986-03-11
510969600,180.2,180.2,180.2,180.2,1,50,0,1986-03-12
511056000,179.9,179.9,179.9,179.9,1,50,0,1986-03-13
511142400,177.15,177.15,177.15,177.15,1,50,0,1986-03-14
511401600,175.73,175.73,175.73,175.73,1,50,0,1986-03-17
511488000,175.0,175.0,175.0,175.0,1,50,0,1986-03-18
511574400,177.1,177.1,177.1,177.1,1,50,0,1986-03-19
511660800,176.37,176.37,176.37,176.37,1,50,0,1986-03-20
511747200,175.8,175.8,175.8,175.8,1,50,0,1986-03-21
512006400,178.9,178.9,178.9,178.9,1,50,0,1986-03-24
512092800,180.2,180.2,180.2,180.2,1,50,0,1986-03-25
512179200,179.8,179.8,179.8,179.8,1,50,0,1986-03-26
512265600,179.52,179.52,179.52,179.52,1,50,0,1986-03-27
512352000,179.85,179.85,179.85,179.85,1,50,0,1986-03-28
512611200,177.6,177.6,177.6,177.6,1,50,0,1986-03-31
512697600,178.15,178.15,178.15,178.15,1,50,0,1986-04-01
512784000,179.5,179.5,179.5,179.5,1,50,0,1986-04-02
512870400,179.9,179.9,179.9,179.9,1,50,0,1986-04-03
512956800,180.35,180.35,180.35,180.35,1,50,0,1986-04-04
513216000,182.85,182.85,182.85,182.85,1,50,0,1986-04-07
513302400,180.05,180.05,180.05,180.05,1,50,0,1986-04-08
513388800,180.05,180.05,180.05,180.05,1,50,0,1986-04-09
513475200,178.8,178.8,178.8,178.8,1,50,0,1986-04-10
513561600,178.35,178.35,178.35,178.35,1,50,0,1986-04-11
513820800,179.12,179.12,179.12,179.12,1,50,0,1986-04-14
513907200,178.25,178.25,178.25,178.25,1,50,0,1986-04-15
513993600,176.5,176.5,176.5,176.5,1,50,0,1986-04-16
514080000,175.15,175.15,175.15,175.15,1,50,0,1986-04-17
514166400,173.8,173.8,173.8,173.8,1,50,0,1986-04-18
514425600,172.0,172.0,172.0,172.0,1,50,0,1986-04-21
514512000,170.15,170.15,170.15,170.15,1,50,0,1986-04-22
514598400,169.35,169.35,169.35,169.35,1,50,0,1986-04-23
514684800,169.0,169.0,169.0,169.0,1,50,0,1986-04-24
514771200,168.1,168.1,168.1,168.1,1,50,0,1986-04-25
515030400,167.15,167.15,167.15,167.15,1,50,0,1986-04-28
515116800,167.85,167.85,167.85,167.85,1,50,0,1986-04-29
515203200,167.6,167.6,167.6,167.6,1,50,0,1986-04-30
515289600,169.65,169.65,169.65,169.65,1,50,0,1986-05-01
515376000,169.9,169.9,169.9,169.9,1,50,0,1986-05-02
515635200,165.62,165.62,165.62,165.62,1,50,0,1986-05-05
515721600,166.25,166.25,166.25,166.25,1,50,0,1986-05-06
515808000,165.1,165.1,165.1,165.1,1,50,0,1986-05-07
515894400,163.62,163.62,163.62,163.62,1,50,0,1986-05-08
515980800,162.35,162.35,162.35,162.35,1,50,0,1986-05-09
516240000,161.15,161.15,161.15,161.15,1,50,0,1986-05-12
516326400,163.0,163.0,163.0,163.0,1,50,0,1986-05-13
516412800,163.3,163.3,163.3,163.3,1,50,0,1986-05-14
516499200,163.6,163.6,163.6,163.6,1,50,0,1986-05-15
516585600,165.4,165.4,165.4,165.4,1,50,0,1986-05-16
516844800,168.15,168.15,168.15,168.15,1,50,0,1986-05-19
516931200,168.6,168.6,168.6,168.6,1,50,0,1986-05-20
517017600,168.77,168.77,168.77,168.77,1,50,0,1986-05-21
517104000,169.3,169.3,169.3,169.3,1,50,0,1986-05-22
517190400,169.6,169.6,169.6,169.6,1,50,0,1986-05-23
517449600,169.74,170.01,169.63,169.66,681,50,0,1986-05-26
517536000,169.2,169.2,169.2,169.2,1,50,0,1986-05-27
517622400,169.0,169.0,169.0,169.0,1,50,0,1986-05-28
517708800,171.6,171.6,171.6,171.6,1,50,0,1986-05-29
517795200,174.5,174.5,174.5,174.5,1,50,0,1986-05-30
518054400,174.9,174.9,174.9,174.9,1,50,0,1986-06-02
518140800,171.6,171.6,171.6,171.6,1,50,0,1986-06-03
518227200,171.53,171.53,171.53,171.53,1,50,0,1986-06-04
518313600,168.9,168.9,168.9,168.9,1,50,0,1986-06-05
518400000,167.7,167.7,167.7,167.7,1,50,0,1986-06-06
518659200,167.87,167.87,167.87,167.87,1,50,0,1986-06-09
518745600,166.9,166.9,166.9,166.9,1,50,0,1986-06-10
518832000,166.35,166.35,166.35,166.35,1,50,0,1986-06-11
518918400,165.85,165.85,165.85,165.85,1,50,0,1986-06-12
519004800,165.25,165.25,165.25,165.25,1,50,0,1986-06-13
519264000,165.5,165.5,165.5,165.5,1,50,0,1986-06-16
519350400,167.8,167.8,167.8,167.8,1,50,0,1986-06-17
519436800,167.65,167.65,167.65,167.65,1,50,0,1986-06-18
519523200,166.88,166.88,166.88,166.88,1,50,0,1986-06-19
519609600,167.7,167.7,167.7,167.7,1,50,0,1986-06-20
519868800,167.9,167.9,167.9,167.9,1,50,0,1986-06-23
519955200,166.65,166.65,166.65,166.65,1,50,0,1986-06-24
520041600,166.1,166.1,166.1,166.1,1,50,0,1986-06-25
520128000,166.1,166.1,166.1,166.1,1,50,0,1986-06-26
520214400,165.45,165.45,165.45,165.45,1,50,0,1986-06-27
520473600,163.8,163.8,163.8,163.8,1,50,0,1986-06-30
520560000,162.7,162.7,162.7,162.7,1,50,0,1986-07-01
520646400,163.35,163.35,163.35,163.35,1,50,0,1986-07-02
520732800,161.4,161.4,161.4,161.4,1,50,0,1986-07-03
520819200,161.27,161.4,160.48,160.67,1241,50,0,1986-07-04
521078400,160.7,160.7,160.7,160.7,1,50,0,1986-07-07
521164800,161.0,161.0,161.0,161.0,1,50,0,1986-07-08
521251200,161.08,161.08,161.08,161.08,1,50,0,1986-07-09
521337600,160.5,160.5,160.5,160.5,1,50,0,1986-07-10
521424000,161.35,161.35,161.35,161.35,1,50,0,1986-07-11
521683200,160.25,160.25,160.25,160.25,1,50,0,1986-07-14
521769600,159.5,159.5,159.5,159.5,1,50,0,1986-07-15
521856000,158.4,158.4,158.4,158.4,1,50,0,1986-07-16
521942400,157.35,157.35,157.35,157.35,1,50,0,1986-07-17
522028800,156.45,156.45,156.45,156.45,1,50,0,1986-07-18
522288000,155.05,155.05,155.05,155.05,1,50,0,1986-07-21
522374400,156.8,156.8,156.8,156.8,1,50,0,1986-07-22
522460800,157.45,157.45,157.45,157.45,1,50,0,1986-07-23
522547200,156.7,156.7,156.7,156.7,1,50,0,1986-07-24
522633600,157.7,157.7,157.7,157.7,1,50,0,1986-07-25
522892800,155.95,155.95,155.95,155.95,1,50,0,1986-07-28
522979200,155.7,155.7,155.7,155.7,1,50,0,1986-07-29
523065600,156.1,156.1,156.1,156.1,1,50,0,1986-07-30
523152000,153.85,153.85,153.85,153.85,1,50,0,1986-07-31
523238400,153.85,153.85,153.85,153.85,1,50,0,1986-08-01
523497600,154.0,154.0,154.0,154.0,1,50,0,1986-08-04
523584000,154.95,154.95,154.95,154.95,1,50,0,1986-08-05
523670400,154.4,154.4,154.4,154.4,1,50,0,1986-08-06
523756800,153.8,153.8,153.8,153.8,1,50,0,1986-08-07
523843200,154.15,154.15,154.15,154.15,1,50,0,1986-08-08
524102400,153.77,153.77,153.77,153.77,1,50,0,1986-08-11
524188800,154.7,154.7,154.7,154.7,1,50,0,1986-08-12
524275200,154.3,154.3,154.3,154.3,1,50,0,1986-08-13
524361600,153.73,153.73,153.73,153.73,1,50,0,1986-08-14
524448000,154.2,154.2,154.2,154.2,1,50,0,1986-08-15
524707200,154.2,154.2,154.2,154.2,1,50,0,1986-08-18
524793600,153.5,153.5,153.5,153.5,1,50,0,1986-08-19
524880000,153.4,153.4,153.4,153.4,1,50,0,1986-08-20
524966400,153.25,153.25,153.25,153.25,1,50,0,1986-08-21
525052800,153.45,153.45,153.45,153.45,1,50,0,1986-08-22
525312000,153.84,153.84,153.84,153.84,1,50,0,1986-08-25
525398400,154.95,154.95,154.95,154.95,1,50,0,1986-08-26
525484800,154.68,154.68,154.68,154.68,1,50,0,1986-08-27
525571200,156.05,156.05,156.05,156.05,1,50,0,1986-08-28
525657600,154.55,154.55,154.55,154.55,1,50,0,1986-08-29
525916800,153.35,154.27,153.25,153.85,1541,50,0,1986-09-01
526003200,154.25,154.25,154.25,154.25,1,50,0,1986-09-02
526089600,154.7,154.7,154.7,154.7,1,50,0,1986-09-03
526176000,154.9,154.9,154.9,154.9,1,50,0,1986-09-04
526262400,155.4,155.4,155.4,155.4,1,50,0,1986-09-05
526521600,156.15,156.15,156.15,156.15,1,50,0,1986-09-08
526608000,155.7,155.7,155.7,155.7,1,50,0,1986-09-09
526694400,154.8,154.8,154.8,154.8,1,50,0,1986-09-10
526780800,156.4,156.4,156.4,156.4,1,50,0,1986-09-11
526867200,155.35,155.35,155.35,155.35,1,50,0,1986-09-12
527126400,155.18,155.18,155.18,155.18,1,50,0,1986-09-15
527212800,156.35,156.35,156.35,156.35,1,50,0,1986-09-16
527299200,154.8,154.8,154.8,154.8,1,50,0,1986-09-17
527385600,153.65,153.65,153.65,153.65,1,50,0,1986-09-18
527472000,152.0,152.0,152.0,152.0,1,50,0,1986-09-19
527731200,153.6,153.6,153.6,153.6,1,50,0,1986-09-22
527817600,154.66,154.66,154.66,154.66,1,50,0,1986-09-23
527904000,154.57,154.57,154.57,154.57,1,50,0,1986-09-24
527990400,154.55,154.55,154.55,154.55,1,50,0,1986-09-25
528076800,154.35,154.35,154.35,154.35,1,50,0,1986-09-26
528336000,153.65,153.65,153.65,153.65,1,50,0,1986-09-29
528422400,154.35,154.35,154.35,154.35,1,50,0,1986-09-30
528508800,154.15,154.15,154.15,154.15,1,50,0,1986-10-01
528595200,153.92,153.92,153.92,153.92,1,50,0,1986-10-02
528681600,154.17,154.17,154.17,154.17,1,50,0,1986-10-03
528940800,154.06,154.06,154.06,154.06,1,50,0,1986-10-06
529027200,154.07,154.07,154.07,154.07,1,50,0,1986-10-07
529113600,154.35,154.35,154.35,154.35,1,50,0,1986-10-08
529200000,154.95,154.95,154.95,154.95,1,50,0,1986-10-09
529286400,154.45,154.45,154.45,154.45,1,50,0,1986-10-10
529545600,154.24,154.8,153.81,154.2,1941,50,0,1986-10-13
529632000,153.97,153.97,153.97,153.97,1,50,0,1986-10-14
529718400,154.2,154.2,154.2,154.2,1,50,0,1986-10-15
529804800,154.2,154.2,154.2,154.2,1,50,0,1986-10-16
529891200,154.23,154.23,154.23,154.23,1,50,0,1986-10-17
530150400,154.75,154.75,154.75,154.75,1,50,0,1986-10-20
530236800,155.16,155.16,155.16,155.16,1,50,0,1986-10-21
530323200,155.8,155.8,155.8,155.8,1,50,0,1986-10-22
530409600,158.13,158.13,158.13,158.13,1,50,0,1986-10-23
530496000,161.35,161.35,161.35,161.35,1,50,0,1986-10-24
530755200,160.7,160.7,160.7,160.7,1,50,0,1986-10-27
530841600,160.1,160.1,160.1,160.1,1,50,0,1986-10-28
530928000,160.5,160.5,160.5,160.5,1,50,0,1986-10-29
531014400,161.78,161.78,161.78,161.78,1,50,0,1986-10-30
531100800,163.4,163.4,163.4,163.4,1,50,0,1986-10-31
531360000,164.0,164.0,164.0,164.0,1,50,0,1986-11-03
531446400,163.92,163.92,163.92,163.92,1,50,0,1986-11-04
531532800,164.5,164.5,164.5,164.5,1,50,0,1986-11-05
531619200,163.3,163.3,163.3,163.3,1,50,0,1986-11-06
531705600,163.2,163.2,163.2,163.2,1,50,0,1986-11-07
531964800,162.85,162.85,162.85,162.85,1,50,0,1986-11-10
532051200,162.6,162.68,161.7,161.8,1161,50,0,1986-11-11
532137600,160.62,160.62,160.62,160.62,1,50,0,1986-11-12
532224000,160.9,160.9,160.9,160.9,1,50,0,1986-11-13
532310400,161.45,161.45,161.45,161.45,1,50,0,1986-11-14
532569600,162.82,162.82,162.82,162.82,1,50,0,1986-11-17
532656000,162.8,162.8,162.8,162.8,1,50,0,1986-11-18
532742400,162.4,162.4,162.4,162.4,1,50,0,1986-11-19
532828800,162.75,162.75,162.75,162.75,1,50,0,1986-11-20
532915200,164.05,164.05,164.05,164.05,1,50,0,1986-11-21
533174400,164.18,164.18,164.18,164.18,1,50,0,1986-11-24
533260800,162.55,162.55,162.55,162.55,1,50,0,1986-11-25
533347200,162.95,162.95,162.95,162.95,1,50,0,1986-11-26
533433600,163.13,163.13,162.4,162.5,831,50,0,1986-11-27
533520000,162.05,162.05,162.05,162.05,1,50,0,1986-11-28
533779200,162.25,162.25,162.25,162.25,1,50,0,1986-12-01
533865600,162.0,162.0,162.0,162.0,1,50,0,1986-12-02
533952000,162.26,162.26,162.26,162.26,1,50,0,1986-12-03
534038400,162.77,162.77,162.77,162.77,1,50,0,1986-12-04
534124800,162.42,162.42,162.42,162.42,1,50,0,1986-12-05
534384000,162.4,162.4,162.4,162.4,1,50,0,1986-12-08
534470400,162.6,162.6,162.6,162.6,1,50,0,1986-12-09
534556800,162.75,162.75,162.75,162.75,1,50,0,1986-12-10
534643200,162.7,162.7,162.7,162.7,1,50,0,1986-12-11
534729600,163.05,163.05,163.05,163.05,1,50,0,1986-12-12
534988800,163.25,163.25,163.25,163.25,1,50,0,1986-12-15
535075200,163.95,163.95,163.95,163.95,1,50,0,1986-12-16
535161600,163.65,163.65,163.65,163.65,1,50,0,1986-12-17
535248000,163.0,163.0,163.0,163.0,1,50,0,1986-12-18
535334400,162.2,162.2,162.2,162.2,1,50,0,1986-12-19
535593600,162.75,162.75,162.75,162.75,1,50,0,1986-12-22
535680000,162.7,162.7,162.7,162.7,1,50,0,1986-12-23
535766400,161.45,161.45,161.45,161.45,1,50,0,1986-12-24
535852800,161.8,161.8,161.06,161.06,741,50,0,1986-12-25
535939200,159.75,159.75,159.75,159.75,1,50,0,1986-12-26
536198400,159.05,159.05,159.05,159.05,1,50,0,1986-12-29
536284800,159.9,159.9,159.9,159.9,1,50,0,1986-12-30
536371200,158.3,158.3,158.3,158.3,1,50,0,1986-12-31
536457600,158.05,158.17,158.05,158.05,241,50,0,1987-01-01
536544000,158.2,158.65,157.75,158.65,1351,50,0,1987-01-02
536803200,158.7,159.75,158.25,159.4,2301,50,0,1987-01-05
536889600,159.4,159.4,158.6,158.7,901,50,0,1987-01-06
536976000,158.7,158.7,157.4,158.05,1951,50,0,1987-01-07
537062400,158.1,158.75,157.6,157.6,1801,50,0,1987-01-08
537148800,157.65,158.7,157.35,158.35,2001,50,0,1987-01-09
537408000,158.4,158.4,156.7,157.45,2451,50,0,1987-01-12
537494400,157.4,157.4,155.35,155.65,2351,50,0,1987-01-13
537580800,155.7,156.05,151.75,152.35,5251,50,0,1987-01-14
537667200,152.2,154.4,151.8,153.2,4201,50,0,1987-01-15
537753600,153.25,154.35,153.1,153.2,2451,50,0,1987-01-16
538012800,152.7,152.7,150.0,152.2,4901,50,0,1987-01-19
538099200,152.4,153.0,150.8,152.45,4351,50,0,1987-01-20
538185600,152.5,154.5,152.15,154.0,3201,50,0,1987-01-21
538272000,153.95,154.8,151.5,152.35,5001,50,0,1987-01-22
538358400,152.35,152.35,152.35,152.35,1,50,0,1987-01-23
538617600,152.6,153.3,152.15,152.75,2151,50,0,1987-01-26
538704000,152.8,152.85,151.0,151.0,1901,50,0,1987-01-27
538790400,151.0,152.5,150.25,151.65,3851,50,0,1987-01-28
538876800,151.6,152.7,151.4,152.65,1551,50,0,1987-01-29
538963200,152.7,154.3,151.75,153.75,4051,50,0,1987-01-30
539222400,153.85,153.9,152.4,152.6,1751,50,0,1987-02-02
539308800,152.6,152.7,151.9,152.5,1501,50,0,1987-02-03
539395200,152.5,153.1,152.35,152.75,1251,50,0,1987-02-04
539481600,152.75,153.75,152.6,153.65,1401,50,0,1987-02-05
539568000,153.7,155.0,153.35,154.45,2551,50,0,1987-02-06
539827200,154.5,155.3,151.9,152.3,4601,50,0,1987-02-09
539913600,152.25,153.6,152.2,153.45,1601,50,0,1987-02-10
540000000,153.4,154.1,152.95,154.0,1701,50,0,1987-02-11
540086400,153.95,154.4,153.3,154.0,2151,50,0,1987-02-12
540172800,154.0,154.25,153.5,153.6,1101,50,0,1987-02-13
540432000,154.0,154.05,153.25,153.6,1201,50,0,1987-02-16
540518400,153.5,153.65,153.0,153.45,1251,50,0,1987-02-17
540604800,153.5,154.0,153.2,153.75,1351,50,0,1987-02-18
540691200,154.0,155.0,153.65,153.85,2551,50,0,1987-02-19
540777600,153.85,154.1,153.3,153.6,1351,50,0,1987-02-20
541036800,153.6,155.0,153.35,153.8,3101,50,0,1987-02-23
541123200,153.85,154.15,153.65,153.75,901,50,0,1987-02-24
541209600,153.8,153.8,153.35,153.4,501,50,0,1987-02-25
541296000,153.4,153.5,152.9,153.0,801,50,0,1987-02-26
541382400,153.05,153.55,153.0,153.25,901,50,0,1987-02-27
541641600,153.2,153.75,153.2,153.75,551,50,0,1987-03-02
541728000,153.75,153.85,153.4,153.6,751,50,0,1987-03-03
541814400,153.6,153.85,153.4,153.8,701,50,0,1987-03-04
541900800,153.8,154.3,153.1,153.45,2051,50,0,1987-03-05
541987200,153.45,153.75,153.4,153.7,451,50,0,1987-03-06
542246400,153.8,154.05,153.55,153.95,851,50,0,1987-03-09
542332800,153.9,154.05,153.45,153.75,1051,50,0,1987-03-10
542419200,153.7,153.85,153.5,153.7,701,50,0,1987-03-11
542505600,153.7,153.75,153.4,153.45,451,50,0,1987-03-12
542592000,153.45,153.55,152.3,152.4,1451,50,0,1987-03-13
542851200,152.55,152.8,151.45,151.65,1801,50,0,1987-03-16
542937600,151.7,152.2,151.1,151.8,2101,50,0,1987-03-17
543024000,151.8,152.25,151.7,151.85,1051,50,0,1987-03-18
543110400,151.9,152.0,151.35,151.5,901,50,0,1987-03-19
543196800,151.5,151.8,151.35,151.4,801,50,0,1987-03-20
543456000,151.45,151.45,150.0,150.05,1501,50,0,1987-03-23
543542400,150.1,150.1,148.45,149.4,2601,50,0,1987-03-24
543628800,149.5,149.95,148.65,149.45,2551,50,0,1987-03-25
543715200,149.4,149.7,149.0,149.45,1351,50,0,1987-03-26
543801600,149.45,149.45,147.1,147.15,2401,50,0,1987-03-27
544060800,146.65,146.8,144.8,146.25,3601,50,0,1987-03-30
544147200,146.15,146.65,145.3,146.45,2401,50,0,1987-03-31
544233600,146.6,147.5,146.3,147.5,1501,50,0,1987-04-01
544320000,147.5,147.8,146.25,146.5,2101,50,0,1987-04-02
544406400,146.45,146.5,145.55,146.1,1551,50,0,1987-04-03
544665600,146.2,146.6,145.9,145.95,1151,50,0,1987-04-06
544752000,146.0,146.0,145.0,145.7,1701,50,0,1987-04-07
544838400,145.65,147.5,145.25,145.95,4201,50,0,1987-04-08
544924800,146.0,146.15,143.9,144.0,2501,50,0,1987-04-09
545011200,144.1,144.25,141.6,142.9,4101,50,0,1987-04-10
545270400,142.8,142.8,141.8,142.1,1301,50,0,1987-04-13
545356800,142.05,142.15,140.45,140.7,2051,50,0,1987-04-14
545443200,140.6,143.15,140.5,141.8,4101,50,0,1987-04-15
545529600,141.8,143.9,141.8,143.0,3001,50,0,1987-04-16
545616000,143.15,143.3,142.3,143.15,2001,50,0,1987-04-17
545875200,143.0,143.35,142.15,142.2,1601,50,0,1987-04-20
545961600,142.2,142.7,141.8,142.6,1401,50,0,1987-04-21
546048000,142.65,143.0,142.05,142.2,1451,50,0,1987-04-22
546134400,142.3,142.35,140.65,140.7,1801,50,0,1987-04-23
546220800,140.65,140.65,139.1,139.4,1851,50,0,1987-04-24
546480000,138.1,139.5,137.3,139.45,3051,50,0,1987-04-27
546566400,139.4,140.45,138.95,140.0,2401,50,0,1987-04-28
546652800,140.05,141.15,138.5,138.6,3851,50,0,1987-04-29
546739200,138.6,141.15,138.1,140.85,3851,50,0,1987-04-30
546825600,141.0,141.4,139.8,140.0,2201,50,0,1987-05-01
547084800,139.3,140.1,138.4,138.55,2651,50,0,1987-05-04
547171200,138.55,139.35,138.05,139.2,1951,50,0,1987-05-05
547257600,139.3,139.4,138.35,138.95,1751,50,0,1987-05-06
547344000,139.0,139.65,138.6,139.2,1901,50,0,1987-05-07
547430400,139.2,139.2,139.2,139.2,1,50,0,1987-05-08
547689600,139.85,140.3,139.5,139.55,1301,50,0,1987-05-11
547776000,139.5,140.0,139.35,139.95,851,50,0,1987-05-12
547862400,140.0,140.95,139.6,140.4,2301,50,0,1987-05-13
547948800,140.35,140.35,139.2,139.45,1401,50,0,1987-05-14
548035200,139.25,140.05,138.95,139.4,2051,50,0,1987-05-15
548294400,139.5,140.4,139.25,140.2,1601,50,0,1987-05-18
548380800,140.2,140.4,139.5,139.6,1201,50,0,1987-05-19
548467200,139.7,140.0,139.4,139.8,1101,50,0,1987-05-20
548553600,139.85,140.85,139.8,140.7,1251,50,0,1987-05-21
548640000,140.7,140.95,140.2,140.85,1351,50,0,1987-05-22
548899200,140.95,141.35,140.7,141.1,1151,50,0,1987-05-25
548985600,141.2,144.5,141.2,144.5,3301,50,0,1987-05-26
549072000,144.6,144.6,142.85,143.5,2401,50,0,1987-05-27
549158400,143.45,143.75,143.05,143.5,1351,50,0,1987-05-28
549244800,143.6,144.5,143.5,143.9,1701,50,0,1987-05-29
549504000,143.95,145.9,143.9,145.05,2901,50,0,1987-06-01
549590400,145.0,145.55,141.0,141.05,5151,50,0,1987-06-02
549676800,141.0,143.55,140.7,143.5,3201,50,0,1987-06-03
549763200,143.5,144.7,143.4,144.45,1651,50,0,1987-06-04
549849600,144.45,144.5,143.1,144.0,2351,50,0,1987-06-05
550108800,144.2,144.2,142.45,143.4,2701,50,0,1987-06-08
550195200,143.45,143.45,142.15,142.15,1301,50,0,1987-06-09
550281600,142.15,142.9,141.7,142.05,2301,50,0,1987-06-10
550368000,142.1,143.05,142.1,142.5,1501,50,0,1987-06-11
550454400,142.45,144.05,142.4,144.0,1751,50,0,1987-06-12
550713600,144.1,145.0,144.0,144.95,1151,50,0,1987-06-15
550800000,145.0,145.05,143.9,144.9,2201,50,0,1987-06-16
550886400,144.9,145.45,144.5,145.2,1601,50,0,1987-06-17
550972800,145.25,145.35,144.25,144.7,1651,50,0,1987-06-18
551059200,144.7,145.15,144.4,144.85,1351,50,0,1987-06-19
551318400,144.9,146.3,144.75,146.25,1751,50,0,1987-06-22
551404800,146.3,146.9,145.8,146.15,2051,50,0,1987-06-23
551491200,146.2,146.25,144.4,144.65,2151,50,0,1987-06-24
551577600,144.7,146.5,144.65,146.25,2151,50,0,1987-06-25
551664000,146.3,146.45,145.5,146.4,1801,50,0,1987-06-26
551923200,146.4,146.85,146.0,146.8,1301,50,0,1987-06-29
552009600,146.9,147.35,146.7,146.9,1301,50,0,1987-06-30
552096000,146.9,147.0,146.25,147.0,1401,50,0,1987-07-01
552182400,147.0,147.55,146.8,147.45,1051,50,0,1987-07-02
552268800,147.5,148.9,147.4,148.9,1601,50,0,1987-07-03
552528000,148.9,149.7,148.7,148.95,1951,50,0,1987-07-06
552614400,149.0,150.45,148.7,150.3,2201,50,0,1987-07-07
552700800,150.25,150.9,149.9,150.45,1801,50,0,1987-07-08
552787200,150.45,150.45,149.2,150.2,2251,50,0,1987-07-09
552873600,150.2,151.3,150.2,150.85,1551,50,0,1987-07-10
553132800,150.8,151.6,150.75,151.0,1501,50,0,1987-07-13
553219200,150.95,151.3,150.5,151.25,1301,50,0,1987-07-14
553305600,151.25,151.5,148.35,148.9,3951,50,0,1987-07-15
553392000,148.95,150.9,148.95,150.9,1951,50,0,1987-07-16
553478400,150.9,153.05,150.65,153.0,2701,50,0,1987-07-17
553737600,153.2,153.6,152.35,152.7,2001,50,0,1987-07-20
553824000,152.7,152.8,151.7,151.85,1351,50,0,1987-07-21
553910400,151.9,152.6,151.25,152.4,2201,50,0,1987-07-22
553996800,152.45,152.5,150.6,151.3,2651,50,0,1987-07-23
554083200,151.25,151.25,149.5,149.5,1751,50,0,1987-07-24
554342400,149.3,150.8,148.85,150.7,2501,50,0,1987-07-27
554428800,150.7,151.15,150.15,150.25,1551,50,0,1987-07-28
554515200,150.3,150.85,149.9,150.85,1351,50,0,1987-07-29
554601600,150.85,150.85,149.4,149.6,1651,50,0,1987-07-30
554688000,149.6,150.15,148.9,150.1,2001,50,0,1987-07-31
554947200,150.4,151.55,149.9,151.4,2301,50,0,1987-08-03
555033600,151.35,152.1,151.1,151.9,1451,50,0,1987-08-04
555120000,151.85,151.85,150.6,150.9,1551,50,0,1987-08-05
555206400,150.9,151.55,150.65,151.5,1201,50,0,1987-08-06
555292800,151.5,151.85,151.1,151.8,1201,50,0,1987-08-07
555552000,151.85,151.9,150.75,151.1,1551,50,0,1987-08-10
555638400,151.05,151.9,150.9,151.3,1751,50,0,1987-08-11
555724800,151.3,151.65,151.1,151.2,1001,50,0,1987-08-12
555811200,151.2,151.65,151.2,151.55,551,50,0,1987-08-13
555897600,151.5,152.55,149.45,150.1,4801,50,0,1987-08-14
556156800,150.3,150.5,149.2,149.3,1601,50,0,1987-08-17
556243200,149.35,149.35,145.6,146.3,4451,50,0,1987-08-18
556329600,146.25,146.35,143.8,143.85,2701,50,0,1987-08-19
556416000,143.9,145.0,143.5,144.8,2101,50,0,1987-08-20
556502400,144.8,144.9,142.2,142.25,2851,50,0,1987-08-21
556761600,141.8,143.45,141.0,142.05,4651,50,0,1987-08-24
556848000,142.0,143.8,141.9,143.65,2151,50,0,1987-08-25
556934400,143.65,144.25,142.7,143.0,2451,50,0,1987-08-26
557020800,143.05,143.15,141.75,141.8,1551,50,0,1987-08-27
557107200,141.75,143.35,141.3,141.9,3951,50,0,1987-08-28
557366400,142.2,142.65,141.7,142.55,1551,50,0,1987-08-31
557452800,142.5,142.5,141.35,141.45,1251,50,0,1987-09-01
557539200,141.45,141.45,140.65,140.8,951,50,0,1987-09-02
557625600,140.75,141.75,140.45,141.1,2251,50,0,1987-09-03
557712000,141.1,142.25,140.8,142.0,2001,50,0,1987-09-04
557971200,142.05,142.45,141.65,141.8,1351,50,0,1987-09-07
558057600,141.9,142.0,141.4,141.6,901,50,0,1987-09-08
558144000,141.55,142.35,141.05,142.0,2151,50,0,1987-09-09
558230400,142.05,142.95,141.9,142.5,1651,50,0,1987-09-10
558316800,142.55,144.2,141.0,144.0,4951,50,0,1987-09-11
558576000,143.85,145.0,143.4,144.6,2451,50,0,1987-09-14
558662400,144.6,144.8,143.6,143.6,1401,50,0,1987-09-15
558748800,143.55,144.5,143.4,143.9,1851,50,0,1987-09-16
558835200,143.9,144.35,143.15,143.8,2301,50,0,1987-09-17
558921600,143.75,143.85,142.45,142.6,1651,50,0,1987-09-18
559180800,142.7,143.65,142.6,143.15,1651,50,0,1987-09-21
559267200,143.15,144.4,143.1,144.4,1351,50,0,1987-09-22
559353600,144.4,144.6,143.75,144.0,1301,50,0,1987-09-23
559440000,144.0,144.2,143.35,143.6,1301,50,0,1987-09-24
559526400,143.4,144.1,143.2,143.55,1651,50,0,1987-09-25
559785600,143.8,144.55,143.8,144.4,901,50,0,1987-09-28
559872000,144.4,146.7,144.3,146.7,2501,50,0,1987-09-29
559958400,146.7,146.9,145.75,146.55,2151,50,0,1987-09-30
560044800,146.6,147.65,146.2,146.3,2601,50,0,1987-10-01
560131200,146.3,147.0,145.9,146.95,1551,50,0,1987-10-02
560390400,147.0,147.5,146.55,146.65,1551,50,0,1987-10-05
560476800,146.65,147.1,146.35,146.75,1401,50,0,1987-10-06
560563200,146.8,146.8,145.15,145.2,1701,50,0,1987-10-07
560649600,145.25,145.65,143.95,144.55,2701,50,0,1987-10-08
560736000,144.5,144.6,143.5,143.7,1401,50,0,1987-10-09
560995200,143.7,144.25,143.0,143.2,2001,50,0,1987-10-12
561081600,143.2,144.35,142.85,144.1,2101,50,0,1987-10-13
561168000,144.1,144.35,142.3,142.4,2401,50,0,1987-10-14
561254400,142.35,142.85,141.7,142.2,2151,50,0,1987-10-15
561340800,142.2,143.1,142.1,142.5,1701,50,0,1987-10-16
561600000,141.7,142.5,140.45,142.5,3301,50,0,1987-10-19
561686400,142.8,144.5,142.0,144.2,3601,50,0,1987-10-20
561772800,144.25,144.85,143.25,144.7,2751,50,0,1987-10-21
561859200,144.65,145.1,143.6,145.0,2651,50,0,1987-10-22
561945600,145.0,145.0,141.6,141.7,3501,50,0,1987-10-23
562204800,142.1,142.55,141.1,142.5,2501,50,0,1987-10-26
562291200,142.45,142.45,140.85,141.15,1901,50,0,1987-10-27
562377600,141.2,141.3,138.1,138.7,3901,50,0,1987-10-28
562464000,138.6,139.0,137.25,138.85,3251,50,0,1987-10-29
562550400,138.8,139.3,138.15,138.45,1951,50,0,1987-10-30
562809600,138.4,138.4,136.8,137.1,1901,50,0,1987-11-02
562896000,137.1,137.85,136.1,137.5,3101,50,0,1987-11-03
562982400,137.5,137.6,136.55,136.7,1301,50,0,1987-11-04
563068800,136.7,136.75,134.55,135.0,2701,50,0,1987-11-05
563155200,135.05,135.75,134.45,134.95,2501,50,0,1987-11-06
563414400,135.1,135.15,134.15,134.4,1301,50,0,1987-11-09
563500800,134.35,135.5,133.25,134.85,4001,50,0,1987-11-10
563587200,134.9,135.55,134.25,135.1,2401,50,0,1987-11-11
563673600,135.05,136.7,134.7,135.9,3151,50,0,1987-11-12
563760000,135.9,136.4,135.65,135.75,1351,50,0,1987-11-13
564019200,136.2,137.35,136.2,137.15,1351,50,0,1987-11-16
564105600,137.15,137.15,135.45,135.65,1901,50,0,1987-11-17
564192000,135.65,136.25,135.2,135.25,1701,50,0,1987-11-18
564278400,135.2,135.6,134.7,135.45,1551,50,0,1987-11-19
564364800,135.45,136.1,134.05,135.6,3951,50,0,1987-11-20
564624000,135.5,135.65,134.4,134.85,1851,50,0,1987-11-23
564710400,134.85,135.6,134.65,134.8,1851,50,0,1987-11-24
564796800,134.75,135.0,134.4,134.6,1051,50,0,1987-11-25
564883200,134.79,134.8,134.35,134.43,541,50,0,1987-11-26
564969600,134.55,134.6,133.4,133.4,1251,50,0,1987-11-27
565228800,132.7,133.2,132.0,132.4,2101,50,0,1987-11-30
565315200,132.4,133.5,132.1,133.45,1751,50,0,1987-12-01
565401600,133.4,134.0,132.45,132.6,2301,50,0,1987-12-02
565488000,132.55,133.2,131.95,132.95,2101,50,0,1987-12-03
565574400,133.0,133.75,131.95,132.65,3251,50,0,1987-12-04
565833600,132.9,133.15,132.5,133.1,1101,50,0,1987-12-07
565920000,133.1,133.4,132.65,132.7,1101,50,0,1987-12-08
566006400,132.7,132.7,132.05,132.25,851,50,0,1987-12-09
566092800,132.2,132.35,129.05,129.25,3651,50,0,1987-12-10
566179200,129.2,129.25,128.2,128.35,1251,50,0,1987-12-11
566438400,128.65,128.65,127.5,128.1,1751,50,0,1987-12-14
566524800,128.1,128.25,126.85,127.7,2401,50,0,1987-12-15
566611200,127.6,127.8,126.9,126.95,1151,50,0,1987-12-16
566697600,126.95,127.0,125.85,125.85,1201,50,0,1987-12-17
566784000,125.9,127.4,125.55,127.1,2501,50,0,1987-12-18
567043200,127.25,127.35,126.5,126.6,1051,50,0,1987-12-21
567129600,126.6,127.1,126.2,126.4,1601,50,0,1987-12-22
567216000,126.4,127.2,125.95,126.55,2351,50,0,1987-12-23
567302400,126.6,126.8,125.3,125.3,1701,50,0,1987-12-24
567388800,125.95,125.96,125.2,125.2,771,50,0,1987-12-25
567648000,124.0,124.1,122.8,123.6,2201,50,0,1987-12-28
567734400,123.7,123.8,123.1,123.55,1251,50,0,1987-12-29
567820800,123.6,123.8,123.3,123.3,701,50,0,1987-12-30
567907200,123.4,123.4,120.9,121.1,2701,50,0,1987-12-31
568252800,120.9,123.35,120.3,123.25,3751,50,0,1988-01-04
568339200,123.25,128.45,122.95,128.35,5901,50,0,1988-01-05
568425600,128.3,131.9,126.8,129.45,9051,50,0,1988-01-06
568512000,129.55,130.75,127.75,130.4,5151,50,0,1988-01-07
568598400,130.35,130.4,128.25,128.3,2251,50,0,1988-01-08
568857600,128.4,128.9,127.85,128.55,1951,50,0,1988-01-11
568944000,128.6,128.6,127.15,127.45,1751,50,0,1988-01-12
569030400,127.4,127.6,125.5,127.35,4151,50,0,1988-01-13
569116800,127.35,127.35,126.05,126.1,1351,50,0,1988-01-14
569203200,126.1,131.25,126.1,131.15,5251,50,0,1988-01-15
569462400,131.1,131.9,129.5,129.8,3501,50,0,1988-01-18
569548800,129.8,129.95,128.3,128.6,2101,50,0,1988-01-19
569635200,128.55,129.05,127.15,127.3,2551,50,0,1988-01-20
569721600,127.3,127.9,126.55,127.3,2701,50,0,1988-01-21
569808000,127.3,128.05,127.05,127.25,1951,50,0,1988-01-22
570067200,127.5,128.15,127.4,128.1,901,50,0,1988-01-25
570153600,128.1,128.3,127.4,127.7,1401,50,0,1988-01-26
570240000,127.6,128.2,126.95,127.15,2051,50,0,1988-01-27
570326400,127.1,127.4,126.9,127.1,1001,50,0,1988-01-28
570412800,127.1,128.1,127.05,128.1,1101,50,0,1988-01-29
570672000,128.35,129.65,128.3,129.4,1651,50,0,1988-02-01
570758400,129.4,129.4,128.2,128.3,1301,50,0,1988-02-02
570844800,128.25,128.5,127.75,128.35,1401,50,0,1988-02-03
570931200,128.3,129.2,127.9,128.0,2301,50,0,1988-02-04
571017600,128.0,129.5,127.8,129.45,1951,50,0,1988-02-05
571276800,129.5,129.65,128.55,128.9,1601,50,0,1988-02-08
571363200,128.9,129.4,128.8,128.85,1151,50,0,1988-02-09
571449600,128.9,129.25,128.7,129.1,901,50,0,1988-02-10
571536000,129.1,129.45,128.9,129.35,851,50,0,1988-02-11
571622400,129.35,132.1,129.3,131.1,3851,50,0,1988-02-12
571881600,131.3,131.6,130.05,130.15,1951,50,0,1988-02-15
571968000,130.2,130.7,130.1,130.45,951,50,0,1988-02-16
572054400,130.45,130.65,130.05,130.15,901,50,0,1988-02-17
572140800,130.2,130.45,129.65,130.35,1451,50,0,1988-02-18
572227200,130.35,130.75,129.8,130.25,1801,50,0,1988-02-19
572486400,130.2,130.2,129.2,129.3,1101,50,0,1988-02-22
572572800,129.3,129.4,128.4,129.0,1701,50,0,1988-02-23
572659200,129.0,129.0,128.6,128.8,601,50,0,1988-02-24
572745600,128.8,129.4,128.25,128.5,2001,50,0,1988-02-25
572832000,128.5,128.7,128.1,128.35,1051,50,0,1988-02-26
573091200,128.35,128.55,127.95,128.3,1151,50,0,1988-02-29
573177600,128.3,128.75,128.25,128.45,851,50,0,1988-03-01
573264000,128.4,129.7,128.4,129.55,1451,50,0,1988-03-02
573350400,129.5,129.55,129.0,129.2,801,50,0,1988-03-03
573436800,129.2,129.35,128.7,128.7,801,50,0,1988-03-04
573696000,128.85,128.9,127.75,127.8,1251,50,0,1988-03-07
573782400,127.85,128.4,127.65,127.9,1451,50,0,1988-03-08
573868800,127.9,128.35,127.75,128.2,901,50,0,1988-03-09
573955200,128.2,128.45,127.75,127.95,1151,50,0,1988-03-10
574041600,127.95,128.0,127.15,127.3,1051,50,0,1988-03-11
574300800,127.3,127.4,126.55,126.95,1351,50,0,1988-03-14
574387200,126.95,127.5,126.85,127.45,801,50,0,1988-03-15
574473600,127.45,127.65,127.25,127.6,651,50,0,1988-03-16
574560000,127.65,128.9,127.35,128.8,1951,50,0,1988-03-17
574646400,128.75,128.8,127.95,128.0,951,50,0,1988-03-18
574905600,128.05,128.05,126.7,127.0,1651,50,0,1988-03-21
574992000,127.0,127.4,126.85,127.05,1051,50,0,1988-03-22
575078400,127.0,127.2,126.75,126.85,751,50,0,1988-03-23
575164800,126.8,126.85,125.6,125.6,1301,50,0,1988-03-24
575251200,125.55,126.05,125.05,125.1,1551,50,0,1988-03-25
575510400,124.8,124.8,123.8,123.8,1001,50,0,1988-03-28
575596800,123.7,125.35,123.65,125.3,1801,50,0,1988-03-29
575683200,125.3,125.9,124.55,125.25,2651,50,0,1988-03-30
575769600,125.2,125.6,123.9,124.55,2751,50,0,1988-03-31
575856000,124.5,124.55,123.95,124.0,701,50,0,1988-04-01
576115200,123.9,124.65,123.45,124.2,2101,50,0,1988-04-04
576201600,124.2,125.4,124.2,125.3,1301,50,0,1988-04-05
576288000,125.3,126.5,124.8,126.15,2551,50,0,1988-04-06
576374400,126.0,126.2,125.45,125.7,1201,50,0,1988-04-07
576460800,125.7,125.9,125.1,125.8,1501,50,0,1988-04-08
576720000,125.8,127.0,125.7,126.4,2001,50,0,1988-04-11
576806400,126.4,126.85,126.3,126.8,701,50,0,1988-04-12
576892800,126.8,127.05,126.0,126.55,1851,50,0,1988-04-13
576979200,126.55,126.55,123.4,123.85,3601,50,0,1988-04-14
577065600,123.65,124.25,123.6,124.0,951,50,0,1988-04-15
577324800,124.1,124.6,123.7,124.3,1601,50,0,1988-04-18
577411200,124.35,124.6,124.05,124.3,1051,50,0,1988-04-19
577497600,124.3,124.35,123.9,124.3,901,50,0,1988-04-20
577584000,124.25,124.45,124.05,124.4,651,50,0,1988-04-21
577670400,124.35,124.95,124.25,124.85,901,50,0,1988-04-22
577929600,124.9,125.15,124.4,124.7,1301,50,0,1988-04-25
578016000,124.7,125.2,124.3,125.1,1401,50,0,1988-04-26
578102400,125.1,125.4,124.8,124.9,1001,50,0,1988-04-27
578188800,124.9,124.95,124.5,124.55,551,50,0,1988-04-28
578275200,124.55,125.25,124.5,125.2,851,50,0,1988-04-29
578534400,125.25,125.4,124.85,124.85,701,50,0,1988-05-02
578620800,124.85,125.2,124.7,125.2,651,50,0,1988-05-03
578707200,125.2,125.35,124.65,124.75,951,50,0,1988-05-04
578793600,124.7,125.1,124.3,125.1,1201,50,0,1988-05-05
578880000,125.1,125.1,124.65,124.85,651,50,0,1988-05-06
579139200,124.75,125.0,124.55,124.9,751,50,0,1988-05-09
579225600,124.9,124.9,124.3,124.4,701,50,0,1988-05-10
579312000,124.4,124.55,124.15,124.5,701,50,0,1988-05-11
579398400,124.45,124.7,124.35,124.6,551,50,0,1988-05-12
579484800,124.6,124.85,124.5,124.8,501,50,0,1988-05-13
579744000,124.8,125.05,124.65,124.95,651,50,0,1988-05-16
579830400,124.95,126.1,124.7,125.7,2051,50,0,1988-05-17
579916800,125.7,125.7,124.85,125.0,1001,50,0,1988-05-18
580003200,124.95,125.1,124.65,124.9,851,50,0,1988-05-19
580089600,124.9,125.2,124.8,124.85,751,50,0,1988-05-20
580348800,124.9,124.9,124.4,124.6,701,50,0,1988-05-23
580435200,124.55,124.55,124.0,124.3,851,50,0,1988-05-24
580521600,124.25,124.5,124.2,124.4,451,50,0,1988-05-25
580608000,124.45,124.7,124.35,124.6,551,50,0,1988-05-26
580694400,124.6,125.1,124.55,124.95,751,50,0,1988-05-27
580953600,125.05,125.15,124.9,125.05,501,50,0,1988-05-30
581040000,125.05,125.35,124.8,125.3,851,50,0,1988-05-31
581126400,125.3,125.5,125.0,125.45,851,50,0,1988-06-01
581212800,125.45,126.75,125.4,126.3,1851,50,0,1988-06-02
581299200,126.25,126.4,125.5,126.1,1651,50,0,1988-06-03
581558400,126.1,126.5,125.75,125.75,1151,50,0,1988-06-06
581644800,125.75,125.9,125.45,125.45,601,50,0,1988-06-07
581731200,125.45,125.7,125.1,125.6,1051,50,0,1988-06-08
581817600,125.6,125.6,124.65,124.65,951,50,0,1988-06-09
581904000,124.65,125.05,124.55,124.9,751,50,0,1988-06-10
582163200,125.3,125.3,125.05,125.15,351,50,0,1988-06-13
582249600,125.15,126.65,125.0,126.55,1901,50,0,1988-06-14
582336000,126.6,126.6,126.1,126.4,801,50,0,1988-06-15
582422400,126.4,126.4,126.4,126.4,1,50,0,1988-06-16
582508800,126.35,126.35,125.55,125.6,851,50,0,1988-06-17
582768000,125.85,126.3,125.75,126.3,651,50,0,1988-06-20
582854400,126.3,126.55,126.2,126.45,551,50,0,1988-06-21
582940800,126.45,129.0,126.45,128.95,2601,50,0,1988-06-22
583027200,129.0,129.85,128.35,128.65,2651,50,0,1988-06-23
583113600,128.65,130.95,128.55,130.55,2901,50,0,1988-06-24
583372800,130.75,131.8,130.7,131.2,1751,50,0,1988-06-27
583459200,131.2,133.2,129.75,133.2,4901,50,0,1988-06-28
583545600,133.3,134.1,132.4,132.7,2801,50,0,1988-06-29
583632000,132.75,134.0,132.0,133.2,3551,50,0,1988-06-30
583718400,133.25,134.8,133.25,134.5,1851,50,0,1988-07-01
583977600,135.0,135.5,134.65,135.45,1251,50,0,1988-07-04
584064000,135.45,135.6,133.8,134.1,2251,50,0,1988-07-05
584150400,134.0,134.05,133.05,133.05,1051,50,0,1988-07-06
584236800,133.0,133.3,131.4,132.85,3651,50,0,1988-07-07
584323200,132.85,133.35,131.95,133.3,2351,50,0,1988-07-08
584582400,133.7,133.95,132.5,132.95,2151,50,0,1988-07-11
584668800,132.95,133.1,132.35,132.35,901,50,0,1988-07-12
584755200,132.3,133.15,132.2,132.75,1451,50,0,1988-07-13
584841600,132.75,133.35,132.75,133.35,601,50,0,1988-07-14
584928000,133.3,135.6,133.3,135.55,2351,50,0,1988-07-15
585187200,135.6,135.75,134.4,134.5,1601,50,0,1988-07-18
585273600,134.5,134.7,133.15,133.2,1801,50,0,1988-07-19
585360000,133.25,133.9,132.75,133.9,1651,50,0,1988-07-20
585446400,133.9,134.05,131.55,131.8,2901,50,0,1988-07-21
585532800,131.75,132.25,130.55,130.9,2551,50,0,1988-07-22
585792000,130.8,132.6,130.2,132.35,3251,50,0,1988-07-25
585878400,132.35,132.8,131.65,132.5,2151,50,0,1988-07-26
585964800,132.55,133.35,131.35,131.65,3101,50,0,1988-07-27
586051200,131.65,132.7,131.55,132.65,1301,50,0,1988-07-28
586137600,132.7,133.3,132.45,133.25,1151,50,0,1988-07-29
586396800,133.3,133.45,132.45,132.65,1351,50,0,1988-08-01
586483200,132.65,133.05,132.2,133.0,1351,50,0,1988-08-02
586569600,133.0,133.25,132.7,132.75,851,50,0,1988-08-03
586656000,132.75,133.15,132.7,133.05,601,50,0,1988-08-04
586742400,133.05,133.95,133.0,133.9,1051,50,0,1988-08-05
587001600,134.0,134.15,133.4,133.8,1301,50,0,1988-08-08
587088000,133.85,135.25,133.45,135.2,2251,50,0,1988-08-09
587174400,135.15,135.25,133.65,133.75,1801,50,0,1988-08-10
587260800,133.65,134.45,132.5,132.95,3201,50,0,1988-08-11
587347200,132.95,133.45,132.8,133.05,1201,50,0,1988-08-12
587606400,132.8,133.4,132.7,133.3,901,50,0,1988-08-15
587692800,133.3,133.9,131.7,133.75,3951,50,0,1988-08-16
587779200,133.7,134.35,133.05,134.0,2301,50,0,1988-08-17
587865600,133.95,134.15,132.85,133.4,2051,50,0,1988-08-18
587952000,133.3,133.8,133.15,133.65,951,50,0,1988-08-19
588211200,133.7,134.2,133.5,133.7,1401,50,0,1988-08-22
588297600,133.75,134.25,133.7,134.25,601,50,0,1988-08-23
588384000,134.2,134.75,133.75,133.9,1701,50,0,1988-08-24
588470400,133.9,134.1,133.1,133.35,1451,50,0,1988-08-25
588556800,133.35,134.05,133.25,133.9,1051,50,0,1988-08-26
588816000,133.95,134.6,133.75,134.4,1251,50,0,1988-08-29
588902400,134.6,135.2,134.25,134.95,1551,50,0,1988-08-30
588988800,135.0,136.9,134.85,136.6,2501,50,0,1988-08-31
589075200,136.55,137.1,136.1,136.3,1751,50,0,1988-09-01
589161600,136.3,137.3,135.65,135.95,2951,50,0,1988-09-02
589420800,135.5,136.4,135.5,136.0,1301,50,0,1988-09-05
589507200,136.0,136.3,134.8,135.0,2001,50,0,1988-09-06
589593600,135.0,135.05,133.35,133.45,1851,50,0,1988-09-07
589680000,133.45,134.45,133.45,133.6,1851,50,0,1988-09-08
589766400,133.6,133.85,132.9,133.7,1801,50,0,1988-09-09
590025600,133.8,133.9,133.35,133.45,751,50,0,1988-09-12
590112000,133.45,133.5,132.9,133.4,1151,50,0,1988-09-13
590198400,133.45,134.9,133.35,134.2,2351,50,0,1988-09-14
590284800,134.15,134.35,133.65,134.05,1301,50,0,1988-09-15
590371200,133.9,134.35,133.65,134.1,1201,50,0,1988-09-16
590630400,134.15,134.2,133.55,133.6,751,50,0,1988-09-19
590716800,133.6,134.4,133.6,134.1,1101,50,0,1988-09-20
590803200,134.05,134.35,133.9,134.3,651,50,0,1988-09-21
590889600,134.3,134.8,134.25,134.7,701,50,0,1988-09-22
590976000,134.7,134.85,134.35,134.4,701,50,0,1988-09-23
591235200,134.5,135.05,134.45,134.45,1151,50,0,1988-09-26
591321600,134.5,134.75,134.4,134.7,501,50,0,1988-09-27
591408000,134.7,134.8,133.95,134.2,1201,50,0,1988-09-28
591494400,134.15,134.55,133.9,134.35,1101,50,0,1988-09-29
591580800,134.4,134.7,133.55,133.75,1651,50,0,1988-09-30
591840000,133.85,134.05,133.6,133.65,701,50,0,1988-10-03
591926400,133.7,133.7,133.05,133.35,951,50,0,1988-10-04
592012800,133.4,133.85,133.25,133.5,1101,50,0,1988-10-05
592099200,133.45,133.7,133.3,133.7,551,50,0,1988-10-06
592185600,133.65,133.7,133.05,133.4,1051,50,0,1988-10-07
592444800,133.3,133.3,132.05,132.25,1451,50,0,1988-10-10
592531200,132.2,132.35,130.75,131.1,2101,50,0,1988-10-11
592617600,131.1,131.4,128.6,129.05,3551,50,0,1988-10-12
592704000,128.95,128.95,126.8,127.45,2801,50,0,1988-10-13
592790400,127.4,128.35,126.55,126.55,2751,50,0,1988-10-14
593049600,126.3,127.55,126.0,127.2,2201,50,0,1988-10-17
593136000,127.2,128.05,126.55,127.3,2901,50,0,1988-10-18
593222400,127.35,127.75,126.75,127.5,1851,50,0,1988-10-19
593308800,127.45,127.55,126.7,126.85,1101,50,0,1988-10-20
593395200,126.8,126.85,126.2,126.2,701,50,0,1988-10-21
593654400,126.2,127.0,126.0,127.0,1201,50,0,1988-10-24
593740800,127.0,127.25,126.65,126.8,1001,50,0,1988-10-25
593827200,126.8,126.95,125.6,125.7,1601,50,0,1988-10-26
593913600,125.65,126.2,125.45,126.1,1051,50,0,1988-10-27
594000000,126.05,126.35,125.6,125.65,1101,50,0,1988-10-28
594259200,125.65,125.9,124.6,125.7,2551,50,0,1988-10-31
594345600,125.75,125.95,125.0,125.0,1151,50,0,1988-11-01
594432000,124.95,125.15,124.05,124.35,1601,50,0,1988-11-02
594518400,124.35,124.8,124.15,124.7,951,50,0,1988-11-03
594604800,124.7,124.7,124.7,124.7,1,50,0,1988-11-04
594864000,125.25,125.4,124.55,124.6,1051,50,0,1988-11-07
594950400,124.55,125.75,124.45,125.65,1501,50,0,1988-11-08
595036800,125.65,126.0,123.75,123.9,2751,50,0,1988-11-09
595123200,123.9,124.35,123.75,124.0,1101,50,0,1988-11-10
595209600,123.95,124.0,122.6,122.9,1751,50,0,1988-11-11
595468800,123.0,124.05,122.35,123.8,2601,50,0,1988-11-14
595555200,123.85,123.85,123.15,123.4,951,50,0,1988-11-15
595641600,123.4,123.65,122.15,122.2,1801,50,0,1988-11-16
595728000,122.15,123.05,121.35,122.1,3351,50,0,1988-11-17
595814400,122.1,123.3,122.05,122.65,1951,50,0,1988-11-18
596073600,122.6,122.7,121.9,121.9,901,50,0,1988-11-21
596160000,121.9,121.95,121.25,121.3,801,50,0,1988-11-22
596246400,121.35,121.75,121.05,121.15,1201,50,0,1988-11-23
596332800,121.15,121.35,120.75,120.85,901,50,0,1988-11-24
596419200,120.85,121.55,120.7,121.2,1351,50,0,1988-11-25
596678400,121.3,122.4,121.2,122.4,1301,50,0,1988-11-28
596764800,122.4,122.6,121.45,121.85,1751,50,0,1988-11-29
596851200,121.85,122.25,121.45,121.5,1251,50,0,1988-11-30
596937600,121.45,121.7,121.25,121.55,801,50,0,1988-12-01
597024000,121.6,122.05,121.05,121.3,1701,50,0,1988-12-02
597283200,121.15,121.7,121.05,121.55,901,50,0,1988-12-05
597369600,121.55,122.0,121.35,122.0,851,50,0,1988-12-06
597456000,122.0,124.25,121.85,123.8,3001,50,0,1988-12-07
597542400,123.85,123.85,122.15,122.4,1951,50,0,1988-12-08
597628800,122.4,122.7,122.1,122.65,951,50,0,1988-12-09
597888000,122.7,123.1,122.65,122.9,701,50,0,1988-12-12
597974400,122.9,123.4,122.9,123.4,501,50,0,1988-12-13
598060800,123.4,123.5,122.55,122.8,1301,50,0,1988-12-14
598147200,122.8,124.05,122.8,123.95,1351,50,0,1988-12-15
598233600,123.95,124.8,123.75,124.05,2001,50,0,1988-12-16
598492800,124.3,124.35,123.85,124.2,901,50,0,1988-12-19
598579200,124.25,125.4,124.25,125.35,1201,50,0,1988-12-20
598665600,125.3,125.6,124.15,124.55,2151,50,0,1988-12-21
598752000,124.5,124.85,124.3,124.7,901,50,0,1988-12-22
598838400,124.7,125.05,124.65,124.7,801,50,0,1988-12-23
599097600,124.7,124.7,124.7,124.7,1,50,0,1988-12-26
599184000,124.75,124.95,124.65,124.95,401,50,0,1988-12-27
599270400,125.0,126.0,125.0,125.75,1251,50,0,1988-12-28
599356800,125.75,126.35,125.25,125.7,2151,50,0,1988-12-29
599443200,125.75,126.1,124.7,125.0,2051,50,0,1988-12-30
599702400,124.95,125.1,124.65,124.8,751,50,0,1989-01-02
599788800,124.75,124.95,123.2,123.95,2701,50,0,1989-01-03
599875200,123.9,125.25,123.65,125.1,2001,50,0,1989-01-04
599961600,125.05,126.1,124.95,126.1,1251,50,0,1989-01-05
600048000,126.1,126.95,125.75,126.95,1551,50,0,1989-01-06
600307200,126.9,126.9,125.75,126.05,1451,50,0,1989-01-09
600393600,126.1,126.5,125.6,126.4,1501,50,0,1989-01-10
600480000,126.45,127.35,125.6,126.1,3151,50,0,1989-01-11
600566400,126.0,126.55,125.7,126.5,1201,50,0,1989-01-12
600652800,126.5,127.45,126.25,127.4,1501,50,0,1989-01-13
600912000,127.45,128.4,127.15,128.05,1901,50,0,1989-01-16
600998400,128.0,128.15,127.35,127.85,1451,50,0,1989-01-17
601084800,127.85,128.85,127.0,128.7,2851,50,0,1989-01-18
601171200,128.65,129.8,128.4,128.6,2751,50,0,1989-01-19
601257600,128.65,128.8,127.7,127.8,1351,50,0,1989-01-20
601516800,127.7,128.4,127.45,127.5,1701,50,0,1989-01-23
601603200,127.45,127.9,126.3,127.8,2851,50,0,1989-01-24
601689600,127.8,128.1,127.3,127.35,1151,50,0,1989-01-25
601776000,127.35,128.4,127.35,128.35,1101,50,0,1989-01-26
601862400,128.4,129.5,128.35,129.4,1301,50,0,1989-01-27
602121600,129.5,130.1,129.25,129.4,1601,50,0,1989-01-30
602208000,129.4,130.55,129.05,130.35,2051,50,0,1989-01-31
602294400,130.35,130.65,129.45,130.35,2401,50,0,1989-02-01
602380800,130.4,130.4,128.9,129.55,2151,50,0,1989-02-02
602467200,129.55,129.85,128.85,129.35,1801,50,0,1989-02-03
602726400,129.7,130.1,129.35,129.4,1201,50,0,1989-02-06
602812800,129.4,129.7,129.15,129.55,951,50,0,1989-02-07
602899200,129.6,129.75,129.3,129.55,851,50,0,1989-02-08
602985600,129.55,129.55,127.95,128.0,1651,50,0,1989-02-09
603072000,128.0,128.9,126.9,128.75,3251,50,0,1989-02-10
603331200,128.9,128.9,127.95,127.95,951,50,0,1989-02-13
603417600,127.95,128.0,126.3,126.35,1801,50,0,1989-02-14
603504000,126.3,126.9,125.5,126.25,2751,50,0,1989-02-15
603590400,126.2,126.7,126.05,126.1,1201,50,0,1989-02-16
603676800,126.15,126.45,125.55,125.9,1551,50,0,1989-02-17
603936000,125.9,126.5,125.3,126.45,1851,50,0,1989-02-20
604022400,126.45,127.5,126.4,127.05,1601,50,0,1989-02-21
604108800,127.0,127.0,126.3,126.3,701,50,0,1989-02-22
604195200,126.3,126.4,125.75,126.3,1301,50,0,1989-02-23
604281600,126.25,126.75,126.05,126.1,1251,50,0,1989-02-24
604540800,126.1,126.85,125.7,126.85,1551,50,0,1989-02-27
604627200,126.85,127.35,126.7,126.9,1251,50,0,1989-02-28
604713600,126.9,128.4,126.9,128.3,1601,50,0,1989-03-01
604800000,128.25,128.55,127.8,128.45,1301,50,0,1989-03-02
604886400,128.45,128.75,127.55,127.8,1751,50,0,1989-03-03
605145600,127.9,129.3,127.45,129.2,2401,50,0,1989-03-06
605232000,129.15,129.3,128.55,128.8,1151,50,0,1989-03-07
605318400,128.75,129.35,128.4,129.3,1351,50,0,1989-03-08
605404800,129.25,129.45,128.75,128.8,951,50,0,1989-03-09
605491200,128.8,129.65,128.8,129.5,1001,50,0,1989-03-10
605750400,129.5,130.25,129.4,130.2,1001,50,0,1989-03-13
605836800,130.2,130.4,129.6,129.8,1201,50,0,1989-03-14
605923200,129.8,130.8,129.75,130.75,1151,50,0,1989-03-15
606009600,130.7,131.3,130.25,130.95,1851,50,0,1989-03-16
606096000,130.95,131.85,130.95,131.75,1001,50,0,1989-03-17
606355200,131.9,132.3,131.25,131.3,1501,50,0,1989-03-20
606441600,131.35,131.65,130.8,131.35,1701,50,0,1989-03-21
606528000,131.35,131.7,130.9,131.05,1301,50,0,1989-03-22
606614400,130.95,131.45,130.65,131.3,1251,50,0,1989-03-23
606700800,131.35,131.55,131.3,131.5,351,50,0,1989-03-24
606960000,131.55,132.85,131.55,132.8,1351,50,0,1989-03-27
607046400,132.8,133.35,132.5,133.25,1251,50,0,1989-03-28
607132800,133.3,133.55,132.7,133.35,1651,50,0,1989-03-29
607219200,133.3,133.5,131.85,131.9,1901,50,0,1989-03-30
607305600,131.9,132.85,131.85,131.85,1951,50,0,1989-03-31
607564800,132.9,133.35,131.7,131.7,2101,50,0,1989-04-03
607651200,131.75,131.95,130.65,130.95,1801,50,0,1989-04-04
607737600,131.0,131.95,131.0,131.75,1151,50,0,1989-04-05
607824000,131.7,132.4,131.65,132.2,1001,50,0,1989-04-06
607910400,132.35,132.85,131.7,132.8,1851,50,0,1989-04-07
608169600,132.8,132.95,132.55,132.9,701,50,0,1989-04-10
608256000,132.9,132.95,132.55,132.75,651,50,0,1989-04-11
608342400,132.75,133.15,132.65,133.1,651,50,0,1989-04-12
608428800,133.05,133.25,131.95,132.1,1651,50,0,1989-04-13
608515200,132.1,132.8,131.9,132.05,1751,50,0,1989-04-14
608774400,132.0,132.25,131.55,132.2,1201,50,0,1989-04-17
608860800,132.15,132.3,131.35,131.45,1201,50,0,1989-04-18
608947200,131.4,132.6,131.35,132.5,1401,50,0,1989-04-19
609033600,132.55,132.55,130.95,131.3,1951,50,0,1989-04-20
609120000,131.35,131.8,131.05,131.55,1301,50,0,1989-04-21
609379200,131.5,131.65,131.05,131.6,1101,50,0,1989-04-24
609465600,131.75,132.2,130.95,131.45,2201,50,0,1989-04-25
609552000,131.5,132.25,131.3,132.1,1301,50,0,1989-04-26
609638400,132.15,132.45,131.7,132.15,1501,50,0,1989-04-27
609724800,132.15,133.15,132.15,133.15,1001,50,0,1989-04-28
609984000,133.0,134.15,133.0,134.0,1301,50,0,1989-05-01
610070400,134.0,134.4,133.65,134.4,1101,50,0,1989-05-02
610156800,134.35,134.5,133.8,134.3,1351,50,0,1989-05-03
610243200,134.35,134.35,133.55,134.15,1401,50,0,1989-05-04
610329600,134.15,134.45,133.5,134.3,1751,50,0,1989-05-05
610588800,134.4,135.0,134.35,134.9,801,50,0,1989-05-08
610675200,134.9,135.1,134.55,134.6,801,50,0,1989-05-09
610761600,134.55,134.75,134.1,134.45,1201,50,0,1989-05-10
610848000,134.45,135.4,134.2,135.35,1501,50,0,1989-05-11
610934400,135.3,136.3,134.8,136.25,2051,50,0,1989-05-12
611193600,136.2,137.7,136.2,137.2,2001,50,0,1989-05-15
611280000,137.2,137.7,136.75,136.8,1501,50,0,1989-05-16
611366400,136.8,139.5,136.8,139.35,2851,50,0,1989-05-17
611452800,139.3,139.7,138.6,138.8,1701,50,0,1989-05-18
611539200,138.85,139.1,138.2,139.1,1551,50,0,1989-05-19
611798400,139.15,142.95,139.1,142.3,4551,50,0,1989-05-22
611884800,142.3,143.15,140.8,142.4,4601,50,0,1989-05-23
611971200,142.4,143.8,142.3,142.65,2751,50,0,1989-05-24
612057600,142.6,142.65,141.2,141.3,1601,50,0,1989-05-25
612144000,141.25,141.5,139.85,141.2,3251,50,0,1989-05-26
612403200,141.55,143.25,141.5,143.0,2051,50,0,1989-05-29
612489600,143.1,144.05,142.2,142.65,3251,50,0,1989-05-30
612576000,142.6,143.3,142.05,142.9,2201,50,0,1989-05-31
612662400,142.9,143.3,142.25,142.4,1601,50,0,1989-06-01
612748800,142.4,142.45,140.4,140.6,2301,50,0,1989-06-02
613008000,140.6,143.1,140.3,142.9,3301,50,0,1989-06-05
613094400,142.8,143.4,142.25,142.7,2201,50,0,1989-06-06
613180800,142.75,143.05,142.2,142.8,1651,50,0,1989-06-07
613267200,142.9,143.4,142.75,143.1,1101,50,0,1989-06-08
613353600,143.1,146.75,143.05,146.7,3801,50,0,1989-06-09
613612800,147.0,149.5,146.8,148.75,3651,50,0,1989-06-12
613699200,148.8,149.8,147.7,148.05,3451,50,0,1989-06-13
613785600,148.1,149.55,147.7,149.55,2251,50,0,1989-06-14
613872000,149.5,151.9,145.3,146.0,9701,50,0,1989-06-15
613958400,146.0,147.5,144.05,144.85,5751,50,0,1989-06-16
614217600,144.9,145.85,144.15,144.35,2851,50,0,1989-06-19
614304000,144.3,145.25,143.3,144.9,3301,50,0,1989-06-20
614390400,144.9,145.4,142.3,142.4,3701,50,0,1989-06-21
614476800,142.3,142.3,138.8,138.9,3601,50,0,1989-06-22
614563200,138.85,140.65,137.75,138.85,5801,50,0,1989-06-23
614822400,139.0,141.45,139.0,141.35,2551,50,0,1989-06-26
614908800,141.3,142.1,139.85,141.75,4051,50,0,1989-06-27
614995200,141.75,143.8,141.7,143.4,2551,50,0,1989-06-28
615081600,143.45,143.95,142.15,143.85,3201,50,0,1989-06-29
615168000,143.8,144.55,143.4,144.15,1951,50,0,1989-06-30
615427200,144.2,144.95,141.1,141.15,4651,50,0,1989-07-03
615513600,141.1,141.9,140.35,141.7,2501,50,0,1989-07-04
615600000,141.65,141.65,138.1,138.3,3751,50,0,1989-07-05
615686400,138.2,139.8,137.9,138.9,3101,50,0,1989-07-06
615772800,139.0,140.2,138.2,139.2,3801,50,0,1989-07-07
616032000,139.15,139.45,138.6,139.3,1551,50,0,1989-07-10
616118400,139.35,140.9,139.2,140.9,1851,50,0,1989-07-11
616204800,140.85,141.0,139.6,139.65,1601,50,0,1989-07-12
616291200,139.7,139.85,138.65,139.5,2201,50,0,1989-07-13
616377600,139.55,140.95,139.3,140.95,1901,50,0,1989-07-14
616636800,140.95,142.1,140.75,141.5,2151,50,0,1989-07-17
616723200,141.5,142.85,140.95,141.7,3601,50,0,1989-07-18
616809600,141.75,142.65,141.2,142.65,2001,50,0,1989-07-19
616896000,142.65,142.95,141.3,141.35,2001,50,0,1989-07-20
616982400,141.3,142.3,141.3,142.25,1051,50,0,1989-07-21
617241600,142.65,143.6,141.8,142.6,3551,50,0,1989-07-24
617328000,142.6,142.75,141.5,141.55,1451,50,0,1989-07-25
617414400,141.5,141.7,139.95,139.95,1951,50,0,1989-07-26
617500800,139.95,140.2,138.75,139.0,1951,50,0,1989-07-27
617587200,139.05,139.9,138.95,139.25,1701,50,0,1989-07-28
617846400,139.4,139.45,136.5,137.25,3751,50,0,1989-07-31
617932800,137.2,137.25,135.8,135.85,1551,50,0,1989-08-01
618019200,135.9,136.85,135.55,136.85,1651,50,0,1989-08-02
618105600,136.85,137.75,136.15,137.45,2601,50,0,1989-08-03
618192000,137.4,140.0,136.95,139.95,3551,50,0,1989-08-04
618451200,140.2,140.65,139.1,140.1,3001,50,0,1989-08-07
618537600,140.1,140.1,138.75,138.8,1401,50,0,1989-08-08
618624000,138.75,139.5,138.45,139.2,1651,50,0,1989-08-09
618710400,139.2,139.95,138.55,139.9,2101,50,0,1989-08-10
618796800,139.85,142.35,139.75,141.9,3151,50,0,1989-08-11
619056000,142.0,142.3,141.5,142.15,1451,50,0,1989-08-14
619142400,142.1,142.75,141.7,142.2,2001,50,0,1989-08-15
619228800,142.1,142.6,141.4,142.1,2401,50,0,1989-08-16
619315200,142.1,144.1,142.0,143.5,2801,50,0,1989-08-17
619401600,143.5,143.8,142.6,142.6,1501,50,0,1989-08-18
619660800,142.7,143.5,142.4,143.15,1751,50,0,1989-08-21
619747200,143.15,143.35,142.15,142.25,1501,50,0,1989-08-22
619833600,142.2,143.3,142.05,143.2,1501,50,0,1989-08-23
619920000,143.2,143.9,142.9,143.55,1651,50,0,1989-08-24
620006400,143.45,144.0,143.2,144.0,1051,50,0,1989-08-25
620265600,144.1,144.65,144.0,144.65,751,50,0,1989-08-28
620352000,144.65,144.75,142.25,143.35,3701,50,0,1989-08-29
620438400,143.3,144.5,142.75,144.5,2301,50,0,1989-08-30
620524800,144.45,145.45,144.15,145.0,2051,50,0,1989-08-31
620611200,145.0,146.05,144.8,146.0,1501,50,0,1989-09-01
620870400,146.05,146.35,145.85,146.05,1001,50,0,1989-09-04
620956800,146.15,147.3,145.85,146.8,2251,50,0,1989-09-05
621043200,146.8,147.4,145.95,146.2,2301,50,0,1989-09-06
621129600,146.25,147.3,146.15,146.65,1901,50,0,1989-09-07
621216000,146.7,147.3,146.15,147.25,1751,50,0,1989-09-08
621475200,147.3,148.1,146.6,146.75,2451,50,0,1989-09-11
621561600,146.8,147.3,146.4,147.2,1401,50,0,1989-09-12
621648000,147.15,147.4,146.15,146.35,1701,50,0,1989-09-13
621734400,146.35,147.0,145.5,146.85,2501,50,0,1989-09-14
621820800,146.85,149.0,144.1,146.55,9501,50,0,1989-09-15
622080000,146.6,147.0,145.4,145.7,2301,50,0,1989-09-18
622166400,145.7,146.4,145.5,145.9,1601,50,0,1989-09-19
622252800,145.95,146.5,144.7,145.25,2901,50,0,1989-09-20
622339200,145.2,145.95,144.8,145.7,1801,50,0,1989-09-21
622425600,145.7,146.15,144.85,146.1,2201,50,0,1989-09-22
622684800,145.6,145.6,142.15,142.15,3451,50,0,1989-09-25
622771200,142.15,143.2,141.7,142.35,2801,50,0,1989-09-26
622857600,142.4,142.4,139.85,140.3,3001,50,0,1989-09-27
622944000,140.35,141.4,140.25,140.6,2051,50,0,1989-09-28
623030400,140.7,140.95,138.9,139.15,2551,50,0,1989-09-29
623289600,139.0,139.95,138.6,139.7,2001,50,0,1989-10-02
623376000,139.75,141.5,139.7,141.25,2101,50,0,1989-10-03
623462400,141.25,141.95,140.5,141.8,2351,50,0,1989-10-04
623548800,141.25,142.7,140.35,142.4,3551,50,0,1989-10-05
623635200,142.35,143.65,141.8,142.5,3551,50,0,1989-10-06
623894400,142.45,143.1,141.55,142.85,2701,50,0,1989-10-09
623980800,142.75,144.7,142.4,144.5,2851,50,0,1989-10-10
624067200,144.6,145.15,142.6,144.6,5101,50,0,1989-10-11
624153600,144.55,144.8,143.7,144.2,1851,50,0,1989-10-12
624240000,144.2,144.9,141.5,141.55,4151,50,0,1989-10-13
624499200,141.1,142.2,139.2,141.95,5151,50,0,1989-10-16
624585600,141.9,142.85,141.0,142.7,2901,50,0,1989-10-17
624672000,142.65,142.8,140.4,141.55,3701,50,0,1989-10-18
624758400,141.45,142.2,140.8,141.8,2451,50,0,1989-10-19
624844800,141.8,142.6,141.2,142.55,2051,50,0,1989-10-20
625104000,142.5,142.65,141.85,142.0,1101,50,0,1989-10-23
625190400,142.0,142.3,141.2,141.5,1701,50,0,1989-10-24
625276800,141.5,141.95,141.2,141.6,1401,50,0,1989-10-25
625363200,141.55,142.2,141.5,142.2,751,50,0,1989-10-26
625449600,142.15,143.15,141.5,141.65,2801,50,0,1989-10-27
625708800,141.7,142.5,141.5,141.9,1801,50,0,1989-10-30
625795200,141.9,142.9,141.85,142.85,1151,50,0,1989-10-31
625881600,142.85,143.85,142.75,143.8,1251,50,0,1989-11-01
625968000,143.9,144.2,143.2,143.45,1551,50,0,1989-11-02
626054400,143.45,143.85,142.4,143.35,2801,50,0,1989-11-03
626313600,143.4,144.0,143.05,143.9,1401,50,0,1989-11-06
626400000,143.9,144.1,142.9,142.95,1451,50,0,1989-11-07
626486400,142.0,143.3,142.0,143.25,1351,50,0,1989-11-08
626572800,143.25,143.4,142.25,143.1,2151,50,0,1989-11-09
626659200,143.15,143.55,142.6,143.45,1601,50,0,1989-11-10
626918400,143.45,144.05,143.15,143.9,1351,50,0,1989-11-13
627004800,143.9,144.15,142.9,143.15,1751,50,0,1989-11-14
627091200,143.1,143.95,143.1,143.85,951,50,0,1989-11-15
627177600,143.85,144.8,143.5,144.15,2301,50,0,1989-11-16
627264000,144.1,144.5,143.9,144.35,951,50,0,1989-11-17
627523200,144.25,144.9,144.2,144.45,1201,50,0,1989-11-20
627609600,144.45,144.55,143.55,143.6,1151,50,0,1989-11-21
627696000,143.6,144.05,143.15,143.2,1401,50,0,1989-11-22
627782400,143.2,144.45,143.05,144.2,1801,50,0,1989-11-23
627868800,144.2,144.2,143.3,143.65,1251,50,0,1989-11-24
628128000,143.5,143.6,143.05,143.25,851,50,0,1989-11-27
628214400,143.25,143.95,143.1,143.25,1701,50,0,1989-11-28
628300800,143.25,143.65,142.35,142.95,2301,50,0,1989-11-29
628387200,142.9,143.2,142.5,142.85,1351,50,0,1989-11-30
628473600,142.85,143.65,142.8,143.55,1001,50,0,1989-12-01
628732800,143.4,143.75,143.25,143.7,701,50,0,1989-12-04
628819200,143.7,143.95,143.65,143.75,551,50,0,1989-12-05
628905600,143.75,144.1,143.65,144.1,551,50,0,1989-12-06
628992000,144.1,144.45,143.95,144.3,801,50,0,1989-12-07
629078400,144.25,144.45,143.95,144.25,1001,50,0,1989-12-08
629337600,144.25,144.8,144.15,144.35,1201,50,0,1989-12-11
629424000,144.3,144.6,143.8,143.95,1251,50,0,1989-12-12
629510400,143.95,144.3,143.4,144.3,1451,50,0,1989-12-13
629596800,144.3,144.3,143.9,144.15,651,50,0,1989-12-14
629683200,144.2,144.4,143.65,144.1,1401,50,0,1989-12-15
629942400,144.0,144.4,143.5,143.6,1401,50,0,1989-12-18
630028800,143.55,144.05,143.1,143.8,1651,50,0,1989-12-19
630115200,143.75,144.3,143.7,143.85,1101,50,0,1989-12-20
630201600,143.85,143.95,143.6,143.7,551,50,0,1989-12-21
630288000,143.7,143.8,142.35,142.35,1551,50,0,1989-12-22
630547200,142.35,142.8,141.95,142.8,1251,50,0,1989-12-25
630633600,142.9,143.05,141.85,141.95,1451,50,0,1989-12-26
630720000,142.0,142.25,141.8,142.1,801,50,0,1989-12-27
630806400,142.0,144.15,141.9,143.55,2951,50,0,1989-12-28
630892800,143.55,144.05,143.2,143.95,1301,50,0,1989-12-29
631152000,143.89,143.98,143.77,143.77,301,50,0,1990-01-01
631238400,143.85,146.8,143.5,146.65,3801,50,0,1990-01-02
631324800,146.65,146.9,145.15,145.4,2251,50,0,1990-01-03
631411200,145.35,145.95,142.9,143.4,4151,50,0,1990-01-04
631497600,143.25,144.65,143.1,144.55,1801,50,0,1990-01-05
631756800,144.55,144.8,143.9,144.2,1451,50,0,1990-01-08
631843200,144.2,145.5,144.15,145.2,1701,50,0,1990-01-09
631929600,145.25,145.9,144.6,145.75,2101,50,0,1990-01-10
632016000,145.75,145.75,145.1,145.5,1051,50,0,1990-01-11
632102400,145.5,145.9,144.85,145.85,1751,50,0,1990-01-12
632361600,145.85,145.95,145.15,145.8,1551,50,0,1990-01-15
632448000,145.8,146.1,145.25,145.4,1301,50,0,1990-01-16
632534400,145.4,145.7,145.25,145.45,851,50,0,1990-01-17
632620800,145.4,146.45,145.4,146.4,1101,50,0,1990-01-18
632707200,146.35,146.75,145.6,146.0,1951,50,0,1990-01-19
632966400,146.1,146.6,146.1,146.6,501,50,0,1990-01-22
633052800,146.6,146.75,145.85,145.9,1101,50,0,1990-01-23
633139200,145.9,146.1,144.85,145.7,2301,50,0,1990-01-24
633225600,145.7,145.7,143.85,143.95,1951,50,0,1990-01-25
633312000,143.95,144.25,142.8,142.85,1801,50,0,1990-01-26
633571200,143.0,143.5,142.6,142.95,1751,50,0,1990-01-29
633657600,142.9,146.2,142.8,144.85,4851,50,0,1990-01-30
633744000,144.8,145.4,143.95,144.5,2601,50,0,1990-01-31
633830400,144.5,145.1,144.35,145.0,1001,50,0,1990-02-01
633916800,144.95,145.65,144.8,145.65,1001,50,0,1990-02-02
634176000,145.6,145.75,144.65,144.75,1351,50,0,1990-02-05
634262400,144.75,145.55,144.4,145.25,1801,50,0,1990-02-06
634348800,145.25,145.75,145.0,145.65,1101,50,0,1990-02-07
634435200,145.6,145.65,144.95,145.3,1101,50,0,1990-02-08
634521600,145.3,145.45,144.65,144.75,1051,50,0,1990-02-09
634780800,144.8,144.85,144.1,144.35,1051,50,0,1990-02-12
634867200,144.35,144.75,144.25,144.4,951,50,0,1990-02-13
634953600,144.35,144.65,144.2,144.5,751,50,0,1990-02-14
635040000,144.5,144.9,144.35,144.9,701,50,0,1990-02-15
635126400,144.9,145.25,143.9,144.0,1801,50,0,1990-02-16
635385600,143.65,144.8,143.45,144.65,1701,50,0,1990-02-19
635472000,144.65,145.6,144.45,145.2,1751,50,0,1990-02-20
635558400,145.2,145.7,144.65,145.55,1751,50,0,1990-02-21
635644800,145.55,146.75,145.2,146.4,2251,50,0,1990-02-22
635731200,146.4,147.4,145.95,147.15,2151,50,0,1990-02-23
635990400,147.2,149.1,147.15,148.65,2451,50,0,1990-02-26
636076800,148.65,149.65,148.1,148.75,3001,50,0,1990-02-27
636163200,148.75,149.25,148.3,149.1,1551,50,0,1990-02-28
636249600,149.05,149.95,149.05,149.9,951,50,0,1990-03-01
636336000,149.9,150.5,149.45,150.35,1651,50,0,1990-03-02
636595200,150.45,150.55,148.6,149.1,2551,50,0,1990-03-05
636681600,149.1,150.1,148.55,150.1,2101,50,0,1990-03-06
636768000,150.1,151.45,150.1,150.35,2451,50,0,1990-03-07
636854400,150.35,151.25,149.85,151.15,2001,50,0,1990-03-08
636940800,151.2,151.55,151.0,151.3,1001,50,0,1990-03-09
637200000,151.4,152.85,151.35,152.8,1601,50,0,1990-03-12
637286400,152.8,153.1,152.0,152.15,1551,50,0,1990-03-13
637372800,152.15,152.7,151.7,152.15,2001,50,0,1990-03-14
637459200,152.15,153.35,152.05,152.05,2501,50,0,1990-03-15
637545600,152.1,152.85,151.9,152.7,1301,50,0,1990-03-16
637804800,152.7,153.85,152.35,153.05,2651,50,0,1990-03-19
637891200,153.0,154.5,152.3,154.35,3051,50,0,1990-03-20
637977600,154.35,154.7,153.65,154.6,1851,50,0,1990-03-21
638064000,154.65,155.5,154.55,155.0,1551,50,0,1990-03-22
638150400,155.0,155.3,152.9,154.3,4101,50,0,1990-03-23
638409600,154.75,156.8,154.75,156.75,2101,50,0,1990-03-26
638496000,156.75,157.95,156.65,157.85,1501,50,0,1990-03-27
638582400,157.95,159.35,157.9,158.65,2201,50,0,1990-03-28
638668800,158.7,158.7,156.2,156.35,2651,50,0,1990-03-29
638755200,156.3,158.65,155.8,158.6,3401,50,0,1990-03-30
639014400,158.75,160.4,158.65,159.25,3001,50,0,1990-04-02
639100800,159.2,159.8,158.35,159.6,2501,50,0,1990-04-03
639187200,159.65,159.95,157.95,159.05,3401,50,0,1990-04-04
639273600,159.05,159.25,157.2,157.3,2351,50,0,1990-04-05
639360000,157.35,157.85,156.6,157.8,2051,50,0,1990-04-06
639619200,158.3,159.7,155.6,158.1,8001,50,0,1990-04-09
639705600,158.1,158.8,157.55,157.65,2051,50,0,1990-04-10
639792000,157.6,158.65,157.5,158.0,1901,50,0,1990-04-11
639878400,158.0,158.6,158.0,158.2,1001,50,0,1990-04-12
639964800,158.25,158.8,158.1,158.75,901,50,0,1990-04-13
640224000,158.9,159.75,158.9,159.3,1301,50,0,1990-04-16
640310400,159.3,160.2,159.3,159.85,1251,50,0,1990-04-17
640396800,159.3,160.25,158.1,158.3,3301,50,0,1990-04-18
640483200,158.25,158.65,156.2,157.2,3851,50,0,1990-04-19
640569600,157.15,158.3,156.5,157.55,3201,50,0,1990-04-20
640828800,157.6,157.85,156.95,157.75,1651,50,0,1990-04-23
640915200,157.8,159.0,157.65,159.0,1501,50,0,1990-04-24
641001600,159.0,159.35,158.5,158.7,1401,50,0,1990-04-25
641088000,158.65,159.4,158.25,159.4,1551,50,0,1990-04-26
641174400,159.35,159.55,158.6,159.3,1851,50,0,1990-04-27
641433600,159.3,159.55,158.75,158.95,1251,50,0,1990-04-30
641520000,158.95,159.2,158.35,158.85,1601,50,0,1990-05-01
641606400,158.8,158.85,157.85,158.0,1201,50,0,1990-05-02
641692800,158.0,158.25,157.55,158.2,1201,50,0,1990-05-03
641779200,158.2,159.0,158.1,158.3,1701,50,0,1990-05-04
642038400,158.0,158.45,157.55,158.25,1551,50,0,1990-05-07
642124800,158.25,158.3,157.55,157.55,801,50,0,1990-05-08
642211200,157.6,157.65,156.35,156.55,1551,50,0,1990-05-09
642297600,156.6,157.25,156.35,156.6,1801,50,0,1990-05-10
642384000,156.65,156.65,152.65,152.8,4151,50,0,1990-05-11
642643200,152.75,153.9,152.3,152.45,2901,50,0,1990-05-14
642729600,152.45,152.5,150.55,150.7,2151,50,0,1990-05-15
642816000,150.65,152.65,150.1,152.1,3651,50,0,1990-05-16
642902400,152.05,152.6,151.7,152.15,1701,50,0,1990-05-17
642988800,152.15,153.2,151.95,153.1,1551,50,0,1990-05-18
643248000,153.1,153.8,153.1,153.8,701,50,0,1990-05-21
643334400,153.8,153.8,151.2,151.3,2701,50,0,1990-05-22
643420800,151.3,152.0,150.6,151.15,2651,50,0,1990-05-23
643507200,151.15,152.0,150.95,151.1,2051,50,0,1990-05-24
643593600,151.1,151.25,149.25,149.35,2251,50,0,1990-05-25
643852800,149.35,149.85,149.1,149.35,1501,50,0,1990-05-28
643939200,149.35,151.3,148.9,151.25,2901,50,0,1990-05-29
644025600,151.25,151.65,150.45,151.55,2101,50,0,1990-05-30
644112000,151.55,152.7,151.3,152.2,2151,50,0,1990-05-31
644198400,152.2,152.65,150.8,151.95,3451,50,0,1990-06-01
644457600,152.1,153.05,151.95,152.3,2001,50,0,1990-06-04
644544000,152.3,152.95,152.15,152.5,1401,50,0,1990-06-05
644630400,152.5,152.8,152.35,152.7,701,50,0,1990-06-06
644716800,152.7,152.75,152.35,152.6,701,50,0,1990-06-07
644803200,152.6,153.55,152.55,153.5,1101,50,0,1990-06-08
645062400,153.6,154.85,153.35,154.8,1801,50,0,1990-06-11
645148800,154.75,154.85,153.8,154.65,2001,50,0,1990-06-12
645235200,154.65,155.15,154.3,154.75,1601,50,0,1990-06-13
645321600,154.75,154.75,153.35,154.1,2151,50,0,1990-06-14
645408000,154.1,154.8,153.7,154.0,2101,50,0,1990-06-15
645667200,154.0,154.25,153.55,153.55,951,50,0,1990-06-18
645753600,153.6,154.1,153.45,153.6,1301,50,0,1990-06-19
645840000,153.6,154.2,153.55,154.0,901,50,0,1990-06-20
645926400,154.0,154.95,154.0,154.9,1001,50,0,1990-06-21
646012800,154.85,155.15,154.65,154.8,951,50,0,1990-06-22
646272000,154.9,155.8,154.85,155.4,1401,50,0,1990-06-25
646358400,155.45,155.5,154.6,154.7,1051,50,0,1990-06-26
646444800,154.6,154.6,154.0,154.5,1101,50,0,1990-06-27
646531200,154.5,154.7,152.75,153.0,2401,50,0,1990-06-28
646617600,153.0,153.3,151.7,152.2,2401,50,0,1990-06-29
646876800,152.2,152.25,150.85,150.9,1501,50,0,1990-07-02
646963200,150.95,152.2,150.8,150.95,2801,50,0,1990-07-03
647049600,150.95,150.95,149.5,149.9,1851,50,0,1990-07-04
647136000,149.85,151.15,149.15,150.65,3201,50,0,1990-07-05
647222400,150.7,151.75,150.55,151.75,1351,50,0,1990-07-06
647481600,151.85,151.95,150.4,151.2,2451,50,0,1990-07-09
647568000,151.2,151.2,148.15,148.15,3051,50,0,1990-07-10
647654400,148.15,148.85,147.55,148.55,2201,50,0,1990-07-11
647740800,148.55,149.4,146.75,147.2,3951,50,0,1990-07-12
647827200,147.25,148.25,146.9,148.2,1751,50,0,1990-07-13
648086400,148.15,148.5,147.65,148.15,1701,50,0,1990-07-16
648172800,148.15,148.5,147.8,147.85,1101,50,0,1990-07-17
648259200,147.85,147.95,147.0,147.8,1851,50,0,1990-07-18
648345600,147.8,148.3,147.4,148.1,1501,50,0,1990-07-19
648432000,148.05,149.25,147.9,148.8,1951,50,0,1990-07-20
648691200,148.75,149.25,148.1,148.2,1751,50,0,1990-07-23
648777600,148.15,148.9,147.95,148.8,1251,50,0,1990-07-24
648864000,148.8,150.1,148.7,150.0,1601,50,0,1990-07-25
648950400,150.05,150.95,149.75,150.35,2101,50,0,1990-07-26
649036800,150.35,151.1,148.8,148.8,3051,50,0,1990-07-27
649296000,148.85,149.25,147.85,147.95,1901,50,0,1990-07-30
649382400,147.95,148.2,145.8,145.8,2651,50,0,1990-07-31
649468800,145.8,147.65,145.6,147.4,2501,50,0,1990-08-01
649555200,147.4,151.65,146.5,149.4,8301,50,0,1990-08-02
649641600,149.4,150.5,148.65,149.35,3651,50,0,1990-08-03
649900800,150.2,150.55,149.15,150.4,2601,50,0,1990-08-06
649987200,150.35,151.15,149.3,151.0,3051,50,0,1990-08-07
650073600,151.0,151.25,149.65,149.85,2051,50,0,1990-08-08
650160000,149.8,150.0,149.35,149.75,1251,50,0,1990-08-09
650246400,149.75,150.5,149.45,150.5,1351,50,0,1990-08-10
650505600,150.4,150.75,149.7,150.35,2051,50,0,1990-08-13
650592000,150.35,150.4,148.7,148.8,1851,50,0,1990-08-14
650678400,148.8,148.8,146.8,147.65,2851,50,0,1990-08-15
650764800,147.65,148.5,147.15,147.2,2251,50,0,1990-08-16
650851200,147.2,148.2,147.1,147.75,1651,50,0,1990-08-17
651110400,147.65,147.95,146.25,146.45,2201,50,0,1990-08-20
651196800,146.45,147.2,146.05,146.7,2051,50,0,1990-08-21
651283200,146.7,147.0,145.35,146.45,3051,50,0,1990-08-22
651369600,146.45,146.75,145.45,146.2,2351,50,0,1990-08-23
651456000,146.2,146.8,145.45,146.55,2351,50,0,1990-08-24
651715200,146.65,146.65,144.05,144.2,2751,50,0,1990-08-27
651801600,144.25,144.45,142.8,143.8,2851,50,0,1990-08-28
651888000,143.8,144.5,143.0,143.75,2951,50,0,1990-08-29
651974400,143.8,144.8,143.1,144.35,2851,50,0,1990-08-30
652060800,144.4,144.65,143.3,143.85,2151,50,0,1990-08-31
652320000,143.8,143.9,143.25,143.55,1051,50,0,1990-09-03
652406400,143.55,144.25,143.3,143.55,1901,50,0,1990-09-04
652492800,143.45,143.45,141.5,141.8,2251,50,0,1990-09-05
652579200,141.8,142.45,140.6,140.85,2751,50,0,1990-09-06
652665600,140.8,141.05,139.95,140.15,1551,50,0,1990-09-07
652924800,140.2,140.2,138.8,139.6,2201,50,0,1990-09-10
653011200,139.6,140.65,139.6,140.2,1501,50,0,1990-09-11
653097600,140.15,140.2,137.5,138.2,3451,50,0,1990-09-12
653184000,138.2,138.65,136.0,136.2,3301,50,0,1990-09-13
653270400,136.25,137.4,135.8,136.75,2701,50,0,1990-09-14
653529600,136.75,137.55,135.95,136.65,3101,50,0,1990-09-17
653616000,136.7,138.15,136.55,137.95,1951,50,0,1990-09-18
653702400,137.95,138.9,137.0,137.6,3451,50,0,1990-09-19
653788800,137.55,137.75,136.45,137.75,2401,50,0,1990-09-20
653875200,137.75,137.9,136.5,136.7,1751,50,0,1990-09-21
654134400,136.6,137.7,135.25,137.3,4201,50,0,1990-09-24
654220800,137.3,137.7,136.4,136.8,2101,50,0,1990-09-25
654307200,136.8,137.45,136.3,136.95,2151,50,0,1990-09-26
654393600,136.95,138.55,136.9,138.05,2201,50,0,1990-09-27
654480000,138.05,138.65,137.7,138.55,1401,50,0,1990-09-28
654739200,138.5,138.5,136.55,136.6,2001,50,0,1990-10-01
654825600,136.6,137.25,136.5,136.75,1351,50,0,1990-10-02
654912000,136.7,136.85,135.55,135.9,1801,50,0,1990-10-03
654998400,135.9,136.05,133.65,133.75,2651,50,0,1990-10-04
655084800,133.65,134.05,132.05,132.15,2501,50,0,1990-10-05
655344000,131.9,132.2,129.85,130.6,3401,50,0,1990-10-08
655430400,130.65,131.0,128.95,130.5,3951,50,0,1990-10-09
655516800,130.5,131.0,129.4,129.5,2201,50,0,1990-10-10
655603200,129.55,130.8,129.3,129.6,2951,50,0,1990-10-11
655689600,129.6,130.3,128.55,129.15,3051,50,0,1990-10-12
655948800,129.15,129.2,127.65,127.8,1751,50,0,1990-10-15
656035200,127.8,128.8,126.6,126.7,3301,50,0,1990-10-16
656121600,126.75,127.0,124.7,125.25,3101,50,0,1990-10-17
656208000,125.25,125.9,123.75,124.45,3501,50,0,1990-10-18
656294400,124.45,127.5,124.0,126.0,5451,50,0,1990-10-19
656553600,125.9,126.8,125.2,126.1,3001,50,0,1990-10-22
656640000,126.1,128.35,126.1,128.25,2351,50,0,1990-10-23
656726400,128.3,129.2,126.3,126.65,4151,50,0,1990-10-24
656812800,126.6,128.35,126.3,128.35,2351,50,0,1990-10-25
656899200,128.35,129.05,127.6,128.25,2801,50,0,1990-10-26
657158400,128.1,128.75,127.25,128.7,2401,50,0,1990-10-29
657244800,128.7,130.3,128.5,128.9,3401,50,0,1990-10-30
657331200,128.95,130.2,128.9,130.05,1501,50,0,1990-10-31
657417600,130.05,131.4,130.05,130.6,2151,50,0,1990-11-01
657504000,130.55,130.6,127.75,127.8,2951,50,0,1990-11-02
657763200,127.6,127.65,126.45,126.55,1351,50,0,1990-11-05
657849600,126.5,128.3,126.35,128.2,2201,50,0,1990-11-06
657936000,128.2,129.4,127.2,129.35,3251,50,0,1990-11-07
658022400,129.45,130.5,129.05,130.3,2051,50,0,1990-11-08
658108800,130.2,131.0,128.95,129.85,3751,50,0,1990-11-09
658368000,129.7,129.7,128.3,128.3,1401,50,0,1990-11-12
658454400,128.25,129.85,127.95,129.65,2401,50,0,1990-11-13
658540800,129.65,130.15,128.95,129.1,1851,50,0,1990-11-14
658627200,129.15,129.8,128.7,129.7,1651,50,0,1990-11-15
658713600,129.7,130.05,129.05,129.45,1751,50,0,1990-11-16
658972800,129.25,129.25,128.2,128.9,1751,50,0,1990-11-19
659059200,128.95,129.3,128.45,129.0,1651,50,0,1990-11-20
659145600,128.95,128.95,127.15,127.2,1851,50,0,1990-11-21
659232000,127.15,127.55,126.7,127.1,1651,50,0,1990-11-22
659318400,127.05,127.5,126.95,127.15,1001,50,0,1990-11-23
659577600,127.15,129.15,127.1,129.05,2201,50,0,1990-11-26
659664000,129.0,129.2,128.05,128.4,1701,50,0,1990-11-27
659750400,128.4,130.6,128.15,130.45,2851,50,0,1990-11-28
659836800,130.45,133.75,129.95,133.4,4651,50,0,1990-11-29
659923200,133.35,134.65,132.4,132.55,3701,50,0,1990-11-30
660182400,132.4,134.85,131.85,134.8,3601,50,0,1990-12-03
660268800,134.8,134.8,132.8,132.9,2101,50,0,1990-12-04
660355200,132.85,134.65,132.8,133.6,2951,50,0,1990-12-05
660441600,133.6,134.65,131.25,132.25,5451,50,0,1990-12-06
660528000,132.25,132.85,130.55,130.8,3151,50,0,1990-12-07
660787200,130.7,132.35,130.1,132.2,3001,50,0,1990-12-10
660873600,132.2,132.5,131.0,132.1,2901,50,0,1990-12-11
660960000,132.15,132.35,131.3,131.4,1351,50,0,1990-12-12
661046400,131.45,132.3,131.1,132.2,1651,50,0,1990-12-13
661132800,132.3,133.35,131.85,133.1,2201,50,0,1990-12-14
661392000,133.25,133.65,132.85,133.2,1551,50,0,1990-12-17
661478400,133.15,133.45,132.45,132.5,1351,50,0,1990-12-18
661564800,132.4,134.35,132.35,134.05,2351,50,0,1990-12-19
661651200,134.05,135.95,133.85,135.8,2451,50,0,1990-12-20
661737600,135.85,136.6,135.2,135.4,2351,50,0,1990-12-21
661996800,135.7,136.3,135.1,136.1,2001,50,0,1990-12-24
662083200,136.1,136.1,136.1,136.1,1,50,0,1990-12-25
662169600,136.2,136.4,135.8,136.3,1101,50,0,1990-12-26
662256000,136.35,137.1,136.25,136.4,1651,50,0,1990-12-27
662342400,136.35,136.65,134.8,134.9,2251,50,0,1990-12-28
662601600,134.85,136.25,134.1,135.45,3701,50,0,1990-12-31
662688000,135.13,135.13,135.13,135.13,1,50,0,1991-01-01
662774400,135.13,136.09,133.9,134.49,3741,50,0,1991-01-02
662860800,134.3,134.44,132.59,133.29,2691,50,0,1991-01-03
662947200,133.29,135.2,132.94,134.84,2971,50,0,1991-01-04
663206400,135.9,137.4,135.59,136.05,3471,50,0,1991-01-07
663292800,135.99,136.85,135.99,136.59,1121,50,0,1991-01-08
663379200,136.7,137.04,133.79,136.79,6411,50,0,1991-01-09
663465600,136.79,136.79,134.24,134.26,2571,50,0,1991-01-10
663552000,134.31,135.04,133.9,133.99,1961,50,0,1991-01-11
663811200,134.91,135.79,134.75,135.02,1971,50,0,1991-01-14
663897600,135.31,135.99,135.09,135.9,1211,50,0,1991-01-15
663984000,135.96,136.89,135.74,136.89,1371,50,0,1991-01-16
664070400,136.89,137.89,132.1,132.34,7031,50,0,1991-01-17
664156800,132.29,134.55,132.2,132.59,4401,50,0,1991-01-18
664416000,131.89,133.15,131.8,132.25,2341,50,0,1991-01-21
664502400,132.25,132.69,131.02,132.43,3161,50,0,1991-01-22
664588800,132.32,132.94,131.59,131.7,2081,50,0,1991-01-23
664675200,131.64,132.5,131.4,132.29,1551,50,0,1991-01-24
664761600,132.34,132.69,131.64,132.59,1851,50,0,1991-01-25
665020800,132.69,132.71,131.54,131.8,1451,50,0,1991-01-28
665107200,131.75,132.25,130.8,132.15,2501,50,0,1991-01-29
665193600,132.11,132.29,131.09,131.09,1381,50,0,1991-01-30
665280000,131.06,131.94,130.9,131.4,1741,50,0,1991-01-31
665366400,131.3,132.1,131.14,131.59,1631,50,0,1991-02-01
665625600,131.11,131.64,130.29,130.63,2221,50,0,1991-02-04
665712000,130.73,130.73,129.44,129.55,1401,50,0,1991-02-05
665798400,129.44,129.44,128.05,128.2,1541,50,0,1991-02-06
665884800,128.22,128.66,127.69,128.6,1561,50,0,1991-02-07
665971200,128.66,128.7,127.74,127.89,1151,50,0,1991-02-08
666230400,127.74,127.94,127.29,127.74,1301,50,0,1991-02-11
666316800,127.68,128.79,127.45,128.79,1571,50,0,1991-02-12
666403200,128.91,129.7,128.6,129.66,1451,50,0,1991-02-13
666489600,129.65,129.9,129.24,129.65,1321,50,0,1991-02-14
666576000,129.6,130.54,129.5,130.54,1141,50,0,1991-02-15
666835200,130.29,130.44,129.8,130.24,1231,50,0,1991-02-18
666921600,130.24,131.7,130.24,131.59,1571,50,0,1991-02-19
667008000,131.63,131.8,131.04,131.42,1311,50,0,1991-02-20
667094400,131.4,131.7,130.94,131.4,1521,50,0,1991-02-21
667180800,131.35,132.39,130.56,132.29,2721,50,0,1991-02-22
667440000,132.5,133.54,132.1,133.54,1841,50,0,1991-02-25
667526400,133.52,133.6,132.34,132.99,1991,50,0,1991-02-26
667612800,132.97,133.08,131.85,132.34,1831,50,0,1991-02-27
667699200,132.17,133.1,131.89,132.94,1651,50,0,1991-02-28
667785600,133.01,134.64,133.01,134.64,1631,50,0,1991-03-01
668044800,134.77,135.79,134.57,135.61,1601,50,0,1991-03-04
668131200,135.59,136.29,134.55,136.29,2781,50,0,1991-03-05
668217600,136.27,136.78,135.7,135.74,1631,50,0,1991-03-06
668304000,135.77,136.2,135.24,135.59,1741,50,0,1991-03-07
668390400,135.55,136.85,135.35,136.85,1701,50,0,1991-03-08
668649600,137.19,138.6,135.74,138.25,4661,50,0,1991-03-11
668736000,138.27,138.31,135.75,135.79,2641,50,0,1991-03-12
668822400,135.74,136.89,135.15,135.85,3371,50,0,1991-03-13
668908800,135.79,136.5,135.28,135.99,2241,50,0,1991-03-14
668995200,136.2,137.89,136.05,137.85,2031,50,0,1991-03-15
669254400,138.1,138.79,137.55,138.25,2331,50,0,1991-03-18
669340800,138.1,139.0,137.23,138.25,3391,50,0,1991-03-19
669427200,138.23,139.6,137.95,138.29,3241,50,0,1991-03-20
669513600,138.27,138.5,136.7,136.79,2121,50,0,1991-03-21
669600000,136.89,137.79,136.55,137.55,1821,50,0,1991-03-22
669859200,137.78,139.27,137.65,139.27,1751,50,0,1991-03-25
669945600,139.27,139.31,137.9,138.7,2251,50,0,1991-03-26
670032000,138.7,139.61,137.85,139.6,2621,50,0,1991-03-27
670118400,139.6,141.55,139.52,141.2,2461,50,0,1991-03-28
670204800,141.2,141.25,140.22,140.65,1511,50,0,1991-03-29
670464000,140.64,140.9,139.1,139.14,2101,50,0,1991-04-01
670550400,139.19,139.7,137.6,138.04,3051,50,0,1991-04-02
670636800,138.02,138.25,137.09,137.4,1701,50,0,1991-04-03
670723200,137.43,137.68,135.55,135.99,2821,50,0,1991-04-04
670809600,135.98,136.89,135.5,136.7,2061,50,0,1991-04-05
671068800,137.0,137.3,136.55,137.19,1311,50,0,1991-04-08
671155200,137.4,137.4,134.84,134.84,2561,50,0,1991-04-09
671241600,134.8,138.25,134.62,137.79,4271,50,0,1991-04-10
671328000,137.74,137.74,135.5,136.25,2991,50,0,1991-04-11
671414400,135.9,136.55,135.5,136.35,1651,50,0,1991-04-12
671673600,136.14,136.14,134.03,134.3,2381,50,0,1991-04-15
671760000,134.19,135.24,134.1,134.69,1781,50,0,1991-04-16
671846400,134.8,136.4,134.55,136.2,2301,50,0,1991-04-17
671932800,136.11,138.0,135.9,137.74,2571,50,0,1991-04-18
672019200,137.7,138.58,137.49,138.4,1481,50,0,1991-04-19
672278400,138.6,139.45,138.54,139.39,1031,50,0,1991-04-22
672364800,138.79,138.85,137.6,137.74,1451,50,0,1991-04-23
672451200,137.74,138.4,137.17,137.89,2311,50,0,1991-04-24
672537600,138.23,138.35,137.55,137.79,1161,50,0,1991-04-25
672624000,137.81,138.35,137.7,138.35,761,50,0,1991-04-26
672883200,138.6,138.9,136.35,136.7,3201,50,0,1991-04-29
672969600,136.7,137.41,136.09,136.2,2141,50,0,1991-04-30
673056000,136.25,138.65,136.2,138.14,3011,50,0,1991-05-01
673142400,138.19,138.5,137.57,138.19,1861,50,0,1991-05-02
673228800,138.25,139.1,137.7,138.9,2151,50,0,1991-05-03
673488000,137.85,138.69,137.74,138.19,1561,50,0,1991-05-06
673574400,138.35,138.65,137.85,137.89,1141,50,0,1991-05-07
673660800,138.0,138.4,137.83,138.4,741,50,0,1991-05-08
673747200,138.29,139.35,137.85,137.89,2601,50,0,1991-05-09
673833600,138.23,139.1,138.23,138.69,1281,50,0,1991-05-10
674092800,139.25,139.64,138.79,139.45,1501,50,0,1991-05-13
674179200,139.45,139.45,137.55,137.89,2241,50,0,1991-05-14
674265600,137.89,138.29,137.04,137.19,1801,50,0,1991-05-15
674352000,137.3,137.76,136.87,137.55,1531,50,0,1991-05-16
674438400,137.7,138.6,137.57,138.5,1261,50,0,1991-05-17
674697600,138.46,138.83,138.14,138.54,1301,50,0,1991-05-20
674784000,138.54,138.54,137.19,137.3,1461,50,0,1991-05-21
674870400,137.45,138.1,137.26,137.85,1281,50,0,1991-05-22
674956800,138.1,138.14,137.55,137.79,871,50,0,1991-05-23
675043200,137.76,138.4,137.7,138.4,761,50,0,1991-05-24
675302400,138.31,138.44,138.14,138.25,541,50,0,1991-05-27
675388800,138.42,138.44,137.49,137.49,971,50,0,1991-05-28
675475200,137.64,138.19,137.15,138.19,1531,50,0,1991-05-29
675561600,138.19,138.19,137.47,137.79,1041,50,0,1991-05-30
675648000,137.85,138.44,137.74,138.4,851,50,0,1991-05-31
675907200,138.5,139.35,138.27,139.1,1561,50,0,1991-06-03
675993600,139.1,139.19,138.6,138.85,931,50,0,1991-06-04
676080000,138.9,139.64,138.77,139.29,1351,50,0,1991-06-05
676166400,139.33,139.39,139.04,139.19,561,50,0,1991-06-06
676252800,139.19,140.44,139.19,140.39,1301,50,0,1991-06-07
676512000,140.35,141.9,140.35,141.4,2051,50,0,1991-06-10
676598400,141.6,141.7,140.9,141.3,1301,50,0,1991-06-11
676684800,141.24,142.1,141.08,141.54,1741,50,0,1991-06-12
676771200,141.68,142.0,141.14,141.34,1381,50,0,1991-06-13
676857600,141.4,141.4,140.35,140.74,1441,50,0,1991-06-14
677116800,140.8,141.26,140.64,140.7,1141,50,0,1991-06-17
677203200,140.74,141.54,140.68,141.1,1361,50,0,1991-06-18
677289600,141.28,141.28,139.93,140.25,1671,50,0,1991-06-19
677376000,140.19,140.23,138.04,138.29,2481,50,0,1991-06-20
677462400,138.35,139.27,138.27,138.94,1411,50,0,1991-06-21
677721600,139.7,139.78,138.69,138.85,1331,50,0,1991-06-24
677808000,138.85,139.1,138.25,138.25,1101,50,0,1991-06-25
677894400,138.29,138.6,137.95,138.4,1191,50,0,1991-06-26
677980800,138.35,138.65,137.85,137.89,1141,50,0,1991-06-27
678067200,137.91,138.31,137.45,137.49,1301,50,0,1991-06-28
678326400,138.56,138.56,137.6,138.5,1861,50,0,1991-07-01
678412800,138.44,139.02,138.27,138.85,1091,50,0,1991-07-02
678499200,138.94,139.64,138.85,139.64,881,50,0,1991-07-03
678585600,139.72,139.72,139.04,139.1,741,50,0,1991-07-04
678672000,139.21,139.35,138.19,138.29,1401,50,0,1991-07-05
678931200,138.27,138.86,138.27,138.6,851,50,0,1991-07-08
679017600,138.58,139.0,138.29,138.79,1211,50,0,1991-07-09
679104000,138.85,138.85,138.5,138.65,501,50,0,1991-07-10
679190400,138.69,138.75,138.1,138.69,1301,50,0,1991-07-11
679276800,138.69,139.0,136.09,136.55,3681,50,0,1991-07-12
679536000,136.64,137.34,136.64,137.04,1001,50,0,1991-07-15
679622400,137.11,137.3,136.72,137.3,971,50,0,1991-07-16
679708800,137.28,137.28,136.64,137.02,1021,50,0,1991-07-17
679795200,137.0,137.74,136.35,137.6,2181,50,0,1991-07-18
679881600,137.64,137.64,136.35,136.4,1341,50,0,1991-07-19
680140800,136.57,137.79,136.14,137.79,2081,50,0,1991-07-22
680227200,137.62,137.64,136.94,137.24,1021,50,0,1991-07-23
680313600,137.19,137.64,136.59,137.55,1741,50,0,1991-07-24
680400000,137.45,139.0,137.34,138.9,1871,50,0,1991-07-25
680486400,138.9,138.9,137.55,137.6,1401,50,0,1991-07-26
680745600,138.04,138.35,137.68,137.89,1191,50,0,1991-07-29
680832000,137.85,138.0,137.51,138.0,831,50,0,1991-07-30
680918400,137.96,137.96,137.19,137.4,981,50,0,1991-07-31
681004800,137.19,137.76,137.06,137.55,1041,50,0,1991-08-01
681091200,137.66,138.02,136.61,137.24,2401,50,0,1991-08-02
681350400,137.3,137.43,136.59,136.7,1081,50,0,1991-08-05
681436800,136.7,136.79,135.39,135.7,1801,50,0,1991-08-06
681523200,135.61,136.2,135.59,135.94,891,50,0,1991-08-07
681609600,135.99,136.5,135.35,136.2,2091,50,0,1991-08-08
681696000,136.2,136.89,135.99,136.64,1361,50,0,1991-08-09
681955200,136.42,136.79,136.35,136.59,711,50,0,1991-08-12
682041600,136.57,136.63,136.18,136.5,831,50,0,1991-08-13
682128000,136.48,136.7,136.31,136.7,561,50,0,1991-08-14
682214400,136.74,137.36,136.09,137.09,2191,50,0,1991-08-15
682300800,137.06,137.55,136.7,137.34,1421,50,0,1991-08-16
682560000,137.3,139.39,137.21,138.1,3561,50,0,1991-08-19
682646400,138.19,138.31,137.04,137.19,1541,50,0,1991-08-20
682732800,137.21,137.74,136.4,136.55,2021,50,0,1991-08-21
682819200,136.48,136.89,136.4,136.64,821,50,0,1991-08-22
682905600,136.74,137.21,136.55,136.94,1121,50,0,1991-08-23
683164800,136.94,137.04,136.79,136.89,451,50,0,1991-08-26
683251200,136.91,137.38,136.85,137.0,971,50,0,1991-08-27
683337600,137.0,137.17,136.35,136.64,1281,50,0,1991-08-28
683424000,136.74,137.3,136.29,137.15,1611,50,0,1991-08-29
683510400,137.24,137.95,136.7,137.95,1791,50,0,1991-08-30
683769600,136.89,136.89,136.74,136.74,151,50,0,1991-09-02
683856000,136.74,136.74,135.85,135.85,891,50,0,1991-09-03
683942400,135.88,136.05,135.15,135.51,1431,50,0,1991-09-04
684028800,135.51,135.9,135.11,135.9,1191,50,0,1991-09-05
684115200,135.79,136.44,135.59,135.64,1551,50,0,1991-09-06
684374400,135.74,135.74,134.64,134.66,1121,50,0,1991-09-09
684460800,134.8,135.0,134.44,134.75,1071,50,0,1991-09-10
684547200,134.75,135.2,134.69,134.8,971,50,0,1991-09-11
684633600,134.75,134.75,133.7,134.15,1501,50,0,1991-09-12
684720000,134.24,134.37,133.6,134.15,1451,50,0,1991-09-13
684979200,134.1,134.33,133.6,133.65,1011,50,0,1991-09-16
685065600,133.72,133.9,133.54,133.9,541,50,0,1991-09-17
685152000,133.92,134.71,133.86,134.44,1181,50,0,1991-09-18
685238400,134.49,134.64,134.28,134.44,671,50,0,1991-09-19
685324800,134.49,134.91,134.15,134.24,1271,50,0,1991-09-20
685584000,134.19,134.19,132.55,132.8,1891,50,0,1991-09-23
685670400,132.85,133.65,132.59,133.65,1321,50,0,1991-09-24
685756800,133.52,133.56,132.92,133.24,1001,50,0,1991-09-25
685843200,133.26,133.9,133.17,133.9,821,50,0,1991-09-26
685929600,133.85,133.99,133.04,133.19,1241,50,0,1991-09-27
686188800,132.87,133.1,132.59,133.1,791,50,0,1991-09-30
686275200,133.08,133.54,132.92,133.54,781,50,0,1991-10-01
686361600,133.54,133.54,132.34,132.59,1451,50,0,1991-10-02
686448000,132.57,132.69,130.27,130.59,2861,50,0,1991-10-03
686534400,130.59,130.59,129.39,129.75,1561,50,0,1991-10-04
686793600,129.29,129.7,129.19,129.7,611,50,0,1991-10-07
686880000,129.7,130.39,129.43,130.39,1231,50,0,1991-10-08
686966400,130.44,130.87,129.8,129.88,1581,50,0,1991-10-09
687052800,129.85,130.8,129.33,130.39,2401,50,0,1991-10-10
687139200,130.37,130.71,129.6,129.6,1451,50,0,1991-10-11
687398400,128.94,129.85,128.7,129.85,1391,50,0,1991-10-14
687484800,129.75,130.19,129.39,130.14,1211,50,0,1991-10-15
687571200,130.19,130.37,129.8,130.12,1071,50,0,1991-10-16
687657600,130.15,130.15,129.39,129.44,811,50,0,1991-10-17
687744000,129.41,130.07,128.99,129.95,1621,50,0,1991-10-18
688003200,129.85,130.9,129.58,130.9,1591,50,0,1991-10-21
688089600,130.9,131.49,130.41,131.49,1571,50,0,1991-10-22
688176000,131.44,131.78,131.19,131.7,921,50,0,1991-10-23
688262400,131.68,131.68,130.99,131.4,1101,50,0,1991-10-24
688348800,131.35,131.59,131.18,131.59,581,50,0,1991-10-25
688608000,131.44,132.43,131.44,132.39,1031,50,0,1991-10-28
688694400,132.43,132.55,130.39,130.65,2541,50,0,1991-10-29
688780800,130.65,131.42,130.59,130.94,1371,50,0,1991-10-30
688867200,130.94,131.25,130.49,130.9,1481,50,0,1991-10-31
688953600,130.82,130.82,129.75,129.8,1121,50,0,1991-11-01
689212800,129.71,129.9,128.84,129.26,1671,50,0,1991-11-04
689299200,129.19,130.15,129.19,130.02,1091,50,0,1991-11-05
689385600,130.07,130.46,129.61,129.87,1501,50,0,1991-11-06
689472000,129.87,130.19,129.6,130.19,861,50,0,1991-11-07
689558400,130.17,130.46,130.05,130.34,651,50,0,1991-11-08
689817600,130.8,130.8,129.97,130.0,861,50,0,1991-11-11
689904000,130.0,130.02,129.33,130.02,1361,50,0,1991-11-12
689990400,129.97,130.12,129.7,129.81,681,50,0,1991-11-13
690076800,129.85,129.88,129.5,129.68,591,50,0,1991-11-14
690163200,129.65,130.15,129.29,129.29,1361,50,0,1991-11-15
690422400,129.11,129.7,128.74,129.7,1331,50,0,1991-11-18
690508800,129.68,129.95,129.24,129.9,1201,50,0,1991-11-19
690595200,129.92,129.92,129.43,129.75,811,50,0,1991-11-20
690681600,129.7,129.7,128.71,129.66,1941,50,0,1991-11-21
690768000,129.65,129.8,129.24,129.44,911,50,0,1991-11-22
691027200,129.34,129.34,127.66,127.97,1991,50,0,1991-11-25
691113600,128.07,131.3,127.97,130.15,4581,50,0,1991-11-26
691200000,130.19,130.29,129.14,129.98,2091,50,0,1991-11-27
691286400,130.0,130.22,129.68,129.81,891,50,0,1991-11-28
691372800,129.81,130.27,129.81,129.95,781,50,0,1991-11-29
691632000,129.8,130.19,129.8,130.19,391,50,0,1991-12-02
691718400,130.15,130.15,128.84,129.24,1711,50,0,1991-12-03
691804800,129.19,129.51,129.01,129.04,851,50,0,1991-12-04
691891200,129.01,129.08,128.63,128.65,541,50,0,1991-12-05
691977600,128.63,128.78,127.89,127.89,1041,50,0,1991-12-06
692236800,127.99,128.38,127.89,128.38,591,50,0,1991-12-09
692323200,128.4,128.79,127.97,128.78,1261,50,0,1991-12-10
692409600,128.79,129.6,128.61,129.34,1431,50,0,1991-12-11
692496000,129.13,129.33,128.79,129.33,881,50,0,1991-12-12
692582400,129.33,129.33,128.05,129.09,2321,50,0,1991-12-13
692841600,129.14,129.19,128.28,128.4,1081,50,0,1991-12-16
692928000,128.4,128.55,128.13,128.35,791,50,0,1991-12-17
693014400,128.4,128.55,128.2,128.45,651,50,0,1991-12-18
693100800,128.45,128.7,128.05,128.25,1101,50,0,1991-12-19
693187200,128.22,128.5,127.45,127.59,1471,50,0,1991-12-20
693446400,127.4,127.66,126.19,126.85,2391,50,0,1991-12-23
693532800,126.85,127.55,126.59,126.59,1661,50,0,1991-12-24
693619200,127.5,127.55,126.74,127.0,1121,50,0,1991-12-25
693705600,126.9,127.69,126.4,126.5,2181,50,0,1991-12-26
693792000,126.55,126.69,125.54,125.99,1741,50,0,1991-12-27
694051200,125.89,126.59,125.45,125.7,2091,50,0,1991-12-30
694137600,125.7,125.7,124.79,124.84,961,50,0,1991-12-31
694224000,124.78,124.95,124.78,124.85,271,50,0,1992-01-01
694310400,124.9,124.95,123.82,124.54,1901,50,0,1992-01-02
694396800,124.54,125.09,124.22,124.7,1581,50,0,1992-01-03
694656000,124.26,124.79,123.35,123.42,2041,50,0,1992-01-06
694742400,123.42,124.95,122.69,123.86,4081,50,0,1992-01-07
694828800,123.85,125.39,123.45,124.34,3391,50,0,1992-01-08
694915200,124.39,126.45,124.14,126.07,2941,50,0,1992-01-09
695001600,126.1,127.29,125.54,127.09,2511,50,0,1992-01-10
695260800,127.06,127.09,126.02,127.09,2111,50,0,1992-01-13
695347200,127.09,127.09,125.89,126.85,2161,50,0,1992-01-14
695433600,126.85,129.29,125.8,128.5,5331,50,0,1992-01-15
695520000,128.55,128.55,127.69,128.25,1421,50,0,1992-01-16
695606400,128.25,128.45,124.14,124.14,4511,50,0,1992-01-17
695865600,123.0,124.45,123.0,123.47,2431,50,0,1992-01-20
695952000,123.48,123.85,122.74,123.7,2001,50,0,1992-01-21
696038400,123.7,123.74,123.09,123.39,991,50,0,1992-01-22
696124800,123.36,124.34,123.15,124.05,1691,50,0,1992-01-23
696211200,124.05,124.59,123.19,123.5,2251,50,0,1992-01-24
696470400,124.67,125.34,124.48,125.34,1051,50,0,1992-01-27
696556800,125.34,125.92,125.07,125.84,1201,50,0,1992-01-28
696643200,125.84,125.84,124.87,125.64,1741,50,0,1992-01-29
696729600,125.64,125.94,125.34,125.84,1001,50,0,1992-01-30
696816000,125.83,125.94,125.03,125.75,1741,50,0,1992-01-31
697075200,125.64,126.63,125.53,126.24,1601,50,0,1992-02-03
697161600,126.19,127.35,125.99,126.13,2661,50,0,1992-02-04
697248000,126.15,126.16,125.39,125.45,841,50,0,1992-02-05
697334400,125.45,125.75,125.25,125.7,751,50,0,1992-02-06
697420800,125.72,125.84,124.7,125.29,1851,50,0,1992-02-07
697680000,125.34,126.82,125.2,126.74,1841,50,0,1992-02-10
697766400,126.72,127.55,126.53,127.35,1411,50,0,1992-02-11
697852800,127.29,127.69,126.77,127.45,1681,50,0,1992-02-12
697939200,127.43,128.05,127.03,127.74,1731,50,0,1992-02-13
698025600,127.74,127.99,127.09,127.89,1651,50,0,1992-02-14
698284800,127.89,128.3,126.55,126.9,2511,50,0,1992-02-17
698371200,126.9,128.05,126.53,128.05,1891,50,0,1992-02-18
698457600,128.05,128.43,127.68,128.28,1271,50,0,1992-02-19
698544000,128.15,128.9,127.5,128.58,2371,50,0,1992-02-20
698630400,128.58,128.9,128.4,128.85,731,50,0,1992-02-21
698889600,128.85,129.47,128.77,129.05,1201,50,0,1992-02-24
698976000,129.1,129.85,129.08,129.7,941,50,0,1992-02-25
699062400,129.7,130.0,129.12,129.12,1181,50,0,1992-02-26
699148800,129.15,129.57,128.95,129.05,1141,50,0,1992-02-27
699235200,129.2,129.54,128.85,129.45,1131,50,0,1992-02-28
699494400,129.53,129.7,129.45,129.65,381,50,0,1992-03-02
699580800,129.65,131.06,129.65,131.0,1471,50,0,1992-03-03
699667200,131.0,132.15,130.85,131.7,1901,50,0,1992-03-04
699753600,131.7,132.42,131.68,131.84,1341,50,0,1992-03-05
699840000,131.85,132.01,131.14,131.9,1691,50,0,1992-03-06
700099200,131.81,132.17,131.42,131.89,1421,50,0,1992-03-09
700185600,131.8,132.9,131.7,132.8,1401,50,0,1992-03-10
700272000,132.8,134.3,132.8,133.41,2391,50,0,1992-03-11
700358400,133.41,134.62,133.41,134.15,1681,50,0,1992-03-12
700444800,134.25,134.75,133.07,133.6,2711,50,0,1992-03-13
700704000,133.9,134.52,133.68,133.85,1631,50,0,1992-03-16
700790400,133.85,133.96,132.76,132.76,1311,50,0,1992-03-17
700876800,132.7,133.22,131.85,132.35,2391,50,0,1992-03-18
700963200,132.3,133.7,132.18,133.5,1841,50,0,1992-03-19
701049600,133.5,134.62,132.7,133.8,3541,50,0,1992-03-20
701308800,133.9,134.3,133.33,133.35,1391,50,0,1992-03-23
701395200,133.35,134.23,133.35,133.55,1561,50,0,1992-03-24
701481600,133.4,133.4,133.4,133.4,1,50,0,1992-03-25
701568000,133.4,134.1,132.7,134.06,2141,50,0,1992-03-26
701654400,134.0,134.17,132.9,132.95,1491,50,0,1992-03-27
701913600,133.0,133.7,132.65,133.06,2041,50,0,1992-03-30
702000000,132.99,133.33,132.62,132.7,1131,50,0,1992-03-31
702086400,132.72,134.8,132.4,134.45,3071,50,0,1992-04-01
702172800,134.47,134.95,133.58,133.7,1971,50,0,1992-04-02
702259200,133.65,134.55,133.07,133.4,2711,50,0,1992-04-03
702518400,133.37,133.67,132.7,133.1,1671,50,0,1992-04-06
702604800,133.1,133.7,132.92,133.23,1431,50,0,1992-04-07
702691200,133.2,133.55,131.8,132.6,2901,50,0,1992-04-08
702777600,132.65,133.05,131.97,132.0,1511,50,0,1992-04-09
702864000,132.0,132.9,132.0,132.9,901,50,0,1992-04-10
703123200,132.85,133.4,132.8,133.25,801,50,0,1992-04-13
703209600,132.9,133.06,132.74,133.03,511,50,0,1992-04-14
703296000,133.05,133.4,133.03,133.35,441,50,0,1992-04-15
703382400,133.37,133.95,133.3,133.95,721,50,0,1992-04-16
703468800,133.94,133.95,133.82,133.95,251,50,0,1992-04-17
703728000,133.8,134.41,133.8,134.3,721,50,0,1992-04-20
703814400,134.3,134.62,134.03,134.2,1081,50,0,1992-04-21
703900800,134.2,134.55,134.0,134.19,1091,50,0,1992-04-22
703987200,134.19,134.8,134.05,134.6,1091,50,0,1992-04-23
704073600,134.6,134.78,134.09,134.45,1231,50,0,1992-04-24
704332800,134.3,134.95,132.9,132.9,2701,50,0,1992-04-27
704419200,133.01,133.4,132.7,133.1,1311,50,0,1992-04-28
704505600,133.13,133.65,133.13,133.47,701,50,0,1992-04-29
704592000,133.55,133.65,133.1,133.1,651,50,0,1992-04-30
704678400,133.17,133.27,132.55,132.55,821,50,0,1992-05-01
704937600,132.75,133.35,132.45,133.2,1351,50,0,1992-05-04
705024000,133.2,133.4,132.75,132.8,901,50,0,1992-05-05
705110400,132.8,132.87,132.14,132.28,941,50,0,1992-05-06
705196800,132.28,132.75,132.04,132.55,1151,50,0,1992-05-07
705283200,132.5,133.63,132.3,133.33,1831,50,0,1992-05-08
705542400,133.32,133.38,132.9,132.9,541,50,0,1992-05-11
705628800,132.87,132.97,130.36,130.62,2971,50,0,1992-05-12
705715200,130.55,130.95,129.52,129.59,1901,50,0,1992-05-13
705801600,129.6,130.5,129.54,130.35,1171,50,0,1992-05-14
705888000,130.4,130.66,129.72,129.72,1201,50,0,1992-05-15
706147200,129.52,129.8,128.65,128.85,1631,50,0,1992-05-18
706233600,128.85,129.25,128.4,129.2,1351,50,0,1992-05-19
706320000,129.15,129.6,129.15,129.5,551,50,0,1992-05-20
706406400,129.5,130.36,129.35,130.2,1321,50,0,1992-05-21
706492800,130.2,130.22,129.17,129.17,1071,50,0,1992-05-22
706752000,129.11,129.4,128.9,129.27,841,50,0,1992-05-25
706838400,129.3,129.58,128.84,129.57,1211,50,0,1992-05-26
706924800,129.57,130.35,129.4,130.1,1371,50,0,1992-05-27
707011200,130.1,130.25,129.45,129.51,1011,50,0,1992-05-28
707097600,129.4,129.51,127.55,127.6,2121,50,0,1992-05-29
707356800,127.33,127.6,126.7,127.01,1481,50,0,1992-06-01
707443200,127.01,127.95,126.97,127.5,1471,50,0,1992-06-02
707529600,127.48,127.85,126.82,127.3,1881,50,0,1992-06-03
707616000,127.36,128.24,127.18,127.21,1971,50,0,1992-06-04
707702400,127.18,127.5,126.65,126.8,1321,50,0,1992-06-05
707961600,126.46,127.3,126.46,127.24,901,50,0,1992-06-08
708048000,127.24,127.55,126.8,127.47,1271,50,0,1992-06-09
708134400,127.45,127.83,127.35,127.45,961,50,0,1992-06-10
708220800,127.4,127.7,126.27,126.4,1861,50,0,1992-06-11
708307200,126.4,126.67,126.25,126.65,591,50,0,1992-06-12
708566400,126.6,127.01,126.5,126.84,781,50,0,1992-06-15
708652800,126.8,127.08,126.4,126.4,961,50,0,1992-06-16
708739200,126.4,127.37,126.24,127.28,1381,50,0,1992-06-17
708825600,127.28,127.75,126.59,126.75,1791,50,0,1992-06-18
708912000,126.75,127.25,126.65,127.01,941,50,0,1992-06-19
709171200,127.05,127.5,127.05,127.1,851,50,0,1992-06-22
709257600,127.07,127.26,126.8,127.23,761,50,0,1992-06-23
709344000,127.24,127.34,126.32,126.32,1121,50,0,1992-06-24
709430400,126.3,126.73,125.05,125.05,2111,50,0,1992-06-25
709516800,125.02,125.9,125.02,125.65,1131,50,0,1992-06-26
709776000,125.7,125.88,124.63,125.62,2421,50,0,1992-06-29
709862400,125.62,126.2,125.32,125.6,1741,50,0,1992-06-30
709948800,125.6,125.65,124.8,125.32,1421,50,0,1992-07-01
710035200,125.3,125.35,123.55,124.43,2731,50,0,1992-07-02
710121600,124.44,125.05,124.14,124.78,1481,50,0,1992-07-03
710380800,124.9,125.1,124.1,124.24,1341,50,0,1992-07-06
710467200,124.23,124.7,123.75,124.05,1721,50,0,1992-07-07
710553600,124.06,124.98,123.83,124.7,1661,50,0,1992-07-08
710640000,124.7,125.85,124.43,125.55,1991,50,0,1992-07-09
710726400,125.53,125.85,125.1,125.1,1071,50,0,1992-07-10
710985600,125.03,125.36,124.75,124.8,991,50,0,1992-07-13
711072000,124.8,125.3,124.55,125.16,1141,50,0,1992-07-14
711158400,125.17,125.47,124.98,125.12,931,50,0,1992-07-15
711244800,125.12,125.6,124.75,125.33,1491,50,0,1992-07-16
711331200,125.3,125.46,124.35,124.35,1271,50,0,1992-07-17
711590400,124.35,125.45,124.09,124.43,2641,50,0,1992-07-20
711676800,124.4,125.8,124.4,125.1,2101,50,0,1992-07-21
711763200,125.11,127.2,125.11,126.59,2701,50,0,1992-07-22
711849600,126.6,126.95,126.3,126.67,1231,50,0,1992-07-23
711936000,126.61,128.15,126.54,128.1,1731,50,0,1992-07-24
712195200,127.95,128.37,127.35,127.43,1521,50,0,1992-07-27
712281600,127.43,127.85,127.23,127.4,1211,50,0,1992-07-28
712368000,127.4,127.95,127.3,127.81,891,50,0,1992-07-29
712454400,127.8,127.9,127.4,127.4,601,50,0,1992-07-30
712540800,127.4,127.69,127.05,127.1,981,50,0,1992-07-31
712800000,127.19,127.37,127.07,127.1,511,50,0,1992-08-03
712886400,127.16,127.33,127.15,127.25,271,50,0,1992-08-04
712972800,127.25,127.66,127.23,127.59,521,50,0,1992-08-05
713059200,127.6,127.8,127.48,127.59,631,50,0,1992-08-06
713145600,127.61,128.0,127.45,127.45,941,50,0,1992-08-07
713404800,127.47,128.17,127.47,127.89,981,50,0,1992-08-10
713491200,127.99,128.11,127.68,127.93,801,50,0,1992-08-11
713577600,127.9,127.98,127.22,127.22,841,50,0,1992-08-12
713664000,127.22,127.46,126.42,126.42,1281,50,0,1992-08-13
713750400,127.41,127.42,125.95,125.95,1481,50,0,1992-08-14
714009600,126.1,126.45,125.6,125.75,1351,50,0,1992-08-17
714096000,125.79,126.41,125.7,126.15,1061,50,0,1992-08-18
714182400,126.16,126.65,126.16,126.6,541,50,0,1992-08-19
714268800,126.6,126.63,126.18,126.48,781,50,0,1992-08-20
714355200,126.47,126.54,125.65,125.65,961,50,0,1992-08-21
714614400,125.55,125.56,124.38,124.6,1411,50,0,1992-08-24
714700800,124.5,125.03,124.48,124.55,1051,50,0,1992-08-25
714787200,124.54,125.1,124.54,125.1,561,50,0,1992-08-26
714873600,125.1,125.33,124.69,124.76,941,50,0,1992-08-27
714960000,124.73,124.88,123.01,123.01,2021,50,0,1992-08-28
715219200,122.87,123.45,122.7,123.14,1231,50,0,1992-08-31
715305600,123.1,123.3,122.6,122.6,901,50,0,1992-09-01
715392000,122.59,123.2,122.25,123.1,1391,50,0,1992-09-02
715478400,123.21,124.4,122.95,123.9,2211,50,0,1992-09-03
715564800,123.9,124.71,123.04,123.05,2491,50,0,1992-09-04
715824000,123.05,123.6,123.05,123.51,641,50,0,1992-09-07
715910400,123.53,123.67,122.6,122.8,1411,50,0,1992-09-08
715996800,122.8,123.25,122.53,123.2,1041,50,0,1992-09-09
716083200,123.2,123.65,122.8,123.65,1251,50,0,1992-09-10
716169600,123.65,124.4,123.37,124.25,1461,50,0,1992-09-11
716428800,124.73,125.15,124.05,124.1,1571,50,0,1992-09-14
716515200,124.16,124.4,123.65,124.35,1311,50,0,1992-09-15
716601600,124.35,125.62,124.13,125.05,2281,50,0,1992-09-16
716688000,125.05,125.2,124.25,124.25,1101,50,0,1992-09-17
716774400,124.25,124.8,124.25,124.4,951,50,0,1992-09-18
717033600,124.4,124.4,123.61,123.61,791,50,0,1992-09-21
717120000,123.6,123.71,120.8,121.0,3221,50,0,1992-09-22
717206400,121.0,122.0,119.65,120.11,3811,50,0,1992-09-23
717292800,120.1,121.05,119.86,120.45,2031,50,0,1992-09-24
717379200,120.45,121.15,120.1,120.85,1701,50,0,1992-09-25
717638400,120.6,120.6,119.14,119.57,1891,50,0,1992-09-28
717724800,119.57,119.8,119.16,119.23,941,50,0,1992-09-29
717811200,119.2,120.25,118.65,119.8,2601,50,0,1992-09-30
717897600,119.8,120.65,119.62,119.62,1881,50,0,1992-10-01
717984000,119.6,120.3,119.25,119.33,1831,50,0,1992-10-02
718243200,119.1,120.0,118.88,119.85,1491,50,0,1992-10-05
718329600,119.85,119.99,119.46,119.6,811,50,0,1992-10-06
718416000,119.6,120.47,119.44,120.4,1261,50,0,1992-10-07
718502400,120.4,122.15,120.31,121.85,2231,50,0,1992-10-08
718588800,121.85,122.05,121.38,121.9,1291,50,0,1992-10-09
718848000,121.5,121.6,120.58,120.9,1441,50,0,1992-10-12
718934400,120.85,121.88,120.73,121.08,2071,50,0,1992-10-13
719020800,121.08,121.36,120.85,121.0,941,50,0,1992-10-14
719107200,120.95,121.0,120.18,120.39,1081,50,0,1992-10-15
719193600,120.35,120.97,119.37,119.4,2251,50,0,1992-10-16
719452800,119.48,120.66,119.48,120.66,1181,50,0,1992-10-19
719539200,120.6,122.6,120.49,122.49,2331,50,0,1992-10-20
719625600,122.49,122.93,121.63,122.61,2481,50,0,1992-10-21
719712000,122.6,122.62,120.4,120.7,2541,50,0,1992-10-22
719798400,120.7,122.2,120.2,121.65,3051,50,0,1992-10-23
720057600,121.68,122.63,121.42,122.0,2101,50,0,1992-10-26
720144000,122.01,122.66,121.85,122.1,1531,50,0,1992-10-27
720230400,122.1,123.5,121.7,123.0,2701,50,0,1992-10-28
720316800,122.95,123.4,122.75,123.16,1091,50,0,1992-10-29
720403200,123.1,123.7,122.98,123.33,1211,50,0,1992-10-30
720662400,123.35,123.96,123.3,123.54,1131,50,0,1992-11-02
720748800,123.45,123.94,121.88,122.25,2921,50,0,1992-11-03
720835200,122.3,123.35,122.09,123.05,1771,50,0,1992-11-04
720921600,123.0,123.28,122.5,122.8,1361,50,0,1992-11-05
721008000,122.8,123.5,122.68,123.47,971,50,0,1992-11-06
721267200,123.41,124.3,123.4,124.22,991,50,0,1992-11-09
721353600,124.2,124.57,124.02,124.02,921,50,0,1992-11-10
721440000,124.13,124.25,123.71,123.82,771,50,0,1992-11-11
721526400,123.9,124.2,123.73,123.9,941,50,0,1992-11-12
721612800,123.9,124.12,123.5,124.05,1091,50,0,1992-11-13
721872000,124.15,124.95,124.1,124.69,1161,50,0,1992-11-16
721958400,124.73,124.86,124.3,124.36,751,50,0,1992-11-17
722044800,124.35,124.43,123.55,123.6,1011,50,0,1992-11-18
722131200,123.61,123.88,123.3,123.3,851,50,0,1992-11-19
722217600,123.4,124.55,123.3,124.3,1601,50,0,1992-11-20
722476800,124.28,124.45,123.97,123.97,651,50,0,1992-11-23
722563200,124.04,124.27,123.75,123.75,751,50,0,1992-11-24
722649600,123.8,124.18,123.57,123.67,1091,50,0,1992-11-25
722736000,123.68,124.16,123.68,124.01,631,50,0,1992-11-26
722822400,124.05,124.5,124.01,124.35,681,50,0,1992-11-27
723081600,124.34,125.06,124.32,124.6,1221,50,0,1992-11-30
723168000,124.65,124.83,124.12,124.13,901,50,0,1992-12-01
723254400,124.15,124.55,124.08,124.43,661,50,0,1992-12-02
723340800,124.56,124.59,124.55,124.55,71,50,0,1992-12-03
723427200,124.56,124.95,124.45,124.9,661,50,0,1992-12-04
723686400,124.88,125.06,123.25,123.8,2541,50,0,1992-12-07
723772800,123.81,124.15,123.59,123.85,1081,50,0,1992-12-08
723859200,123.83,124.13,123.74,124.07,541,50,0,1992-12-09
723945600,124.01,124.43,123.35,123.6,1751,50,0,1992-12-10
724032000,123.55,124.15,123.48,123.9,991,50,0,1992-12-11
724291200,123.62,123.67,123.6,123.6,121,50,0,1992-12-14
724377600,123.62,124.1,123.62,123.95,631,50,0,1992-12-15
724464000,123.9,124.01,122.7,123.08,1801,50,0,1992-12-16
724550400,123.0,123.35,122.6,122.92,1421,50,0,1992-12-17
724636800,122.93,123.34,122.9,123.05,761,50,0,1992-12-18
724896000,123.05,123.36,122.9,122.95,821,50,0,1992-12-21
724982400,123.0,123.8,122.93,123.71,1031,50,0,1992-12-22
725068800,123.7,123.91,123.45,123.82,801,50,0,1992-12-23
725155200,123.8,123.94,123.62,123.9,541,50,0,1992-12-24
725241600,123.9,123.9,123.65,123.65,251,50,0,1992-12-25
725500800,123.7,125.15,123.7,124.8,1801,50,0,1992-12-28
725587200,124.8,124.9,124.5,124.65,651,50,0,1992-12-29
725673600,124.65,124.78,124.25,124.55,961,50,0,1992-12-30
725760000,124.55,124.84,124.4,124.8,631,50,0,1992-12-31
725846400,124.83,124.84,124.75,124.82,171,50,0,1993-01-01
726105600,124.75,125.43,124.75,125.26,851,50,0,1993-01-04
726192000,125.27,125.35,124.68,124.88,951,50,0,1993-01-05
726278400,124.84,125.2,124.75,125.05,691,50,0,1993-01-06
726364800,125.1,125.37,124.88,125.21,871,50,0,1993-01-07
726451200,125.23,125.48,125.18,125.38,451,50,0,1993-01-08
726710400,125.13,125.38,124.9,125.16,931,50,0,1993-01-11
726796800,125.15,125.35,124.95,125.2,751,50,0,1993-01-12
726883200,125.23,126.21,125.23,125.61,1581,50,0,1993-01-13
726969600,125.61,125.88,125.48,125.83,581,50,0,1993-01-14
727056000,125.82,126.1,125.73,125.9,661,50,0,1993-01-15
727315200,125.75,125.87,125.4,125.4,591,50,0,1993-01-18
727401600,125.43,125.65,125.35,125.43,601,50,0,1993-01-19
727488000,125.4,125.53,124.6,124.64,1101,50,0,1993-01-20
727574400,124.61,125.26,124.58,124.9,1071,50,0,1993-01-21
727660800,124.85,125.45,124.85,125.05,1001,50,0,1993-01-22
727920000,124.85,125.09,122.98,123.35,2721,50,0,1993-01-25
728006400,123.37,123.95,123.1,123.55,1521,50,0,1993-01-26
728092800,123.52,124.28,123.52,124.05,991,50,0,1993-01-27
728179200,124.04,124.4,123.9,124.33,711,50,0,1993-01-28
728265600,124.28,125.05,123.85,124.63,2051,50,0,1993-01-29
728524800,124.6,125.16,124.58,125.0,761,50,0,1993-02-01
728611200,125.05,125.45,124.3,124.66,1911,50,0,1993-02-02
728697600,124.65,124.87,123.9,124.43,1721,50,0,1993-02-03
728784000,124.39,124.75,124.15,124.6,991,50,0,1993-02-04
728870400,124.55,124.81,124.24,124.38,971,50,0,1993-02-05
729129600,124.35,124.55,123.68,123.7,1091,50,0,1993-02-08
729216000,123.72,123.99,121.13,121.17,3171,50,0,1993-02-09
729302400,121.13,121.71,120.68,121.38,1811,50,0,1993-02-10
729388800,121.3,121.95,119.6,121.08,4481,50,0,1993-02-11
729475200,121.1,121.16,120.1,120.65,1671,50,0,1993-02-12
729734400,120.75,121.33,120.4,121.03,1581,50,0,1993-02-15
729820800,121.07,121.28,119.67,119.95,2101,50,0,1993-02-16
729907200,119.88,120.2,119.28,119.55,1511,50,0,1993-02-17
729993600,119.55,120.05,119.12,119.12,1431,50,0,1993-02-18
730080000,119.0,119.45,118.22,118.3,1761,50,0,1993-02-19
730339200,118.15,118.4,115.94,116.27,3041,50,0,1993-02-22
730425600,116.21,117.2,116.07,117.01,1461,50,0,1993-02-23
730512000,117.15,117.68,116.65,117.63,1581,50,0,1993-02-24
730598400,117.63,118.03,117.2,117.38,1411,50,0,1993-02-25
730684800,117.38,118.38,117.38,118.1,1281,50,0,1993-02-26
730944000,118.76,119.1,118.1,118.75,1991,50,0,1993-03-01
731030400,118.75,118.78,117.45,117.57,1481,50,0,1993-03-02
731116800,117.5,117.66,116.4,116.65,1671,50,0,1993-03-03
731203200,116.66,117.18,116.2,116.87,1751,50,0,1993-03-04
731289600,116.85,117.77,116.26,117.5,2371,50,0,1993-03-05
731548800,117.5,117.55,116.5,116.65,1251,50,0,1993-03-08
731635200,116.66,118.11,116.32,117.61,2631,50,0,1993-03-09
731721600,117.62,118.51,117.62,117.95,1451,50,0,1993-03-10
731808000,117.95,118.3,117.5,117.61,1261,50,0,1993-03-11
731894400,117.6,118.15,117.25,118.07,1331,50,0,1993-03-12
732153600,118.07,118.65,117.8,118.63,1141,50,0,1993-03-15
732240000,118.64,118.66,116.65,116.99,2371,50,0,1993-03-16
732326400,116.98,117.45,116.7,117.17,1311,50,0,1993-03-17
732412800,117.15,117.3,115.65,115.85,2001,50,0,1993-03-18
732499200,115.85,116.24,115.62,116.05,1041,50,0,1993-03-19
732758400,116.13,116.45,115.4,115.61,1581,50,0,1993-03-22
732844800,115.6,116.15,115.13,115.9,1741,50,0,1993-03-23
732931200,115.9,117.85,115.7,117.54,2661,50,0,1993-03-24
733017600,117.55,117.6,116.9,117.27,1121,50,0,1993-03-25
733104000,117.3,117.34,116.3,116.5,1281,50,0,1993-03-26
733363200,116.25,117.2,116.21,116.7,1531,50,0,1993-03-29
733449600,116.7,117.0,116.5,116.5,801,50,0,1993-03-30
733536000,116.52,116.6,114.64,114.76,2161,50,0,1993-03-31
733622400,114.76,115.2,113.78,113.95,2031,50,0,1993-04-01
733708800,114.05,114.55,113.58,113.6,1491,50,0,1993-04-02
733968000,113.68,114.05,113.35,113.65,1371,50,0,1993-04-05
734054400,113.64,114.71,113.45,113.9,2261,50,0,1993-04-06
734140800,113.95,114.28,113.5,113.5,1111,50,0,1993-04-07
734227200,113.48,113.78,112.95,113.3,1481,50,0,1993-04-08
734313600,113.31,113.65,113.06,113.1,971,50,0,1993-04-09
734572800,113.15,113.15,112.73,112.73,421,50,0,1993-04-12
734659200,112.65,113.6,112.59,113.4,1271,50,0,1993-04-13
734745600,113.42,113.91,113.12,113.7,1301,50,0,1993-04-14
734832000,113.7,114.05,112.75,113.1,2001,50,0,1993-04-15
734918400,113.19,113.28,112.12,112.15,1281,50,0,1993-04-16
735177600,111.75,111.8,110.75,110.95,1301,50,0,1993-04-19
735264000,111.0,111.38,110.28,110.4,1601,50,0,1993-04-20
735350400,110.45,111.26,109.9,110.6,2571,50,0,1993-04-21
735436800,110.61,111.65,109.58,109.8,3331,50,0,1993-04-22
735523200,109.8,111.25,109.7,110.45,2451,50,0,1993-04-23
735782400,110.45,110.63,110.15,110.55,861,50,0,1993-04-26
735868800,110.55,111.9,109.28,111.85,3941,50,0,1993-04-27
735955200,111.9,112.45,111.68,112.0,1441,50,0,1993-04-28
736041600,111.94,112.13,110.87,111.15,1731,50,0,1993-04-29
736128000,111.3,111.79,110.63,111.0,2021,50,0,1993-04-30
736387200,110.9,111.18,110.7,110.72,781,50,0,1993-05-03
736473600,110.82,110.82,110.03,110.05,811,50,0,1993-05-04
736560000,110.11,110.49,109.95,110.3,891,50,0,1993-05-05
736646400,110.16,110.45,109.95,109.95,791,50,0,1993-05-06
736732800,109.95,110.38,109.65,110.3,1111,50,0,1993-05-07
736992000,110.25,111.98,110.25,111.75,1961,50,0,1993-05-10
737078400,111.65,111.88,110.93,111.4,1651,50,0,1993-05-11
737164800,111.25,112.1,110.95,111.55,2001,50,0,1993-05-12
737251200,111.49,111.94,111.3,111.94,831,50,0,1993-05-13
737337600,111.95,112.4,110.65,110.8,2351,50,0,1993-05-14
737596800,111.0,111.56,110.47,111.45,1731,50,0,1993-05-17
737683200,111.35,112.0,111.15,111.5,1551,50,0,1993-05-18
737769600,111.43,111.85,109.9,110.8,3271,50,0,1993-05-19
737856000,110.55,111.64,110.15,110.7,2831,50,0,1993-05-20
737942400,110.47,110.7,109.9,110.35,1481,50,0,1993-05-21
738201600,110.3,110.86,110.2,110.65,971,50,0,1993-05-24
738288000,110.55,110.75,109.0,109.1,2051,50,0,1993-05-25
738374400,109.21,109.3,108.35,108.55,1241,50,0,1993-05-26
738460800,108.4,108.82,107.1,107.3,2341,50,0,1993-05-27
738547200,107.4,107.85,106.78,107.0,1741,50,0,1993-05-28
738806400,107.4,107.85,106.8,107.05,1751,50,0,1993-05-31
738892800,107.4,107.5,106.45,106.92,1621,50,0,1993-06-01
738979200,106.85,107.73,106.75,107.2,1611,50,0,1993-06-02
739065600,107.2,108.05,107.0,107.17,2071,50,0,1993-06-03
739152000,107.15,108.06,106.6,107.75,2321,50,0,1993-06-04
739411200,107.75,108.05,107.0,107.1,1451,50,0,1993-06-07
739497600,107.1,107.95,105.9,106.15,3151,50,0,1993-06-08
739584000,106.18,106.78,106.07,106.42,1181,50,0,1993-06-09
739670400,106.5,106.65,105.75,105.9,1201,50,0,1993-06-10
739756800,105.8,106.65,105.8,106.12,1381,50,0,1993-06-11
740016000,105.9,106.0,104.98,105.1,1241,50,0,1993-06-14
740102400,105.14,105.99,104.75,105.99,1631,50,0,1993-06-15
740188800,105.95,106.85,105.45,106.55,2201,50,0,1993-06-16
740275200,106.55,107.55,106.45,107.2,1551,50,0,1993-06-17
740361600,107.25,110.2,107.0,109.67,3981,50,0,1993-06-18
740620800,109.55,111.95,109.25,110.6,4351,50,0,1993-06-21
740707200,110.4,111.72,110.2,110.8,2641,50,0,1993-06-22
740793600,110.85,111.28,108.7,108.75,3061,50,0,1993-06-23
740880000,108.8,109.4,108.05,108.6,2501,50,0,1993-06-24
740966400,108.65,108.85,105.92,106.2,3411,50,0,1993-06-25
741225600,105.5,106.4,105.0,106.2,2101,50,0,1993-06-28
741312000,106.5,108.0,105.8,106.4,4301,50,0,1993-06-29
741398400,106.28,107.3,105.2,107.2,3281,50,0,1993-06-30
741484800,107.1,108.45,106.25,107.73,3771,50,0,1993-07-01
741571200,107.64,108.86,106.98,108.55,2851,50,0,1993-07-02
741830400,108.75,109.3,108.45,109.1,1351,50,0,1993-07-05
741916800,108.85,109.25,107.65,108.9,3151,50,0,1993-07-06
742003200,108.88,109.05,106.78,107.5,3161,50,0,1993-07-07
742089600,107.55,109.15,106.7,108.5,3951,50,0,1993-07-08
742176000,108.59,109.97,107.3,109.97,3961,50,0,1993-07-09
742435200,110.3,110.45,109.23,109.43,1571,50,0,1993-07-12
742521600,109.3,109.4,107.75,107.82,1821,50,0,1993-07-13
742608000,107.89,109.1,106.95,106.95,3361,50,0,1993-07-14
742694400,107.06,108.54,107.02,108.25,1851,50,0,1993-07-15
742780800,108.17,108.9,107.3,107.55,2581,50,0,1993-07-16
743040000,107.85,108.7,107.45,108.45,1901,50,0,1993-07-19
743126400,108.38,108.95,107.99,108.1,1641,50,0,1993-07-20
743212800,108.0,108.78,107.9,108.05,1711,50,0,1993-07-21
743299200,108.1,108.56,105.1,105.72,4541,50,0,1993-07-22
743385600,105.3,107.45,105.3,107.05,2551,50,0,1993-07-23
743644800,106.8,107.25,106.15,106.7,2101,50,0,1993-07-26
743731200,106.55,107.05,105.95,106.19,1841,50,0,1993-07-27
743817600,106.22,106.5,104.75,105.95,3231,50,0,1993-07-28
743904000,106.09,106.82,105.39,106.45,2501,50,0,1993-07-29
743990400,106.35,106.4,104.2,104.9,2951,50,0,1993-07-30
744249600,104.55,105.35,104.02,104.25,2361,50,0,1993-08-02
744336000,104.15,104.86,103.95,104.3,1671,50,0,1993-08-03
744422400,104.5,105.15,104.35,105.05,1051,50,0,1993-08-04
744508800,104.9,105.35,103.85,104.3,2401,50,0,1993-08-05
744595200,104.3,105.0,103.97,104.4,1961,50,0,1993-08-06
744854400,104.52,105.13,104.4,104.85,1131,50,0,1993-08-09
744940800,104.82,105.05,104.24,104.6,1401,50,0,1993-08-10
745027200,104.58,104.75,103.45,103.75,1771,50,0,1993-08-11
745113600,103.65,103.8,102.85,103.15,1401,50,0,1993-08-12
745200000,102.96,103.05,101.7,101.87,1611,50,0,1993-08-13
745459200,101.6,101.85,100.7,101.65,2251,50,0,1993-08-16
745545600,101.5,102.41,100.25,101.15,3971,50,0,1993-08-17
745632000,100.93,102.25,100.93,101.7,1871,50,0,1993-08-18
745718400,101.59,106.8,101.0,105.8,7391,50,0,1993-08-19
745804800,105.45,105.6,104.1,104.5,2051,50,0,1993-08-20
746064000,103.9,104.1,102.9,103.15,1651,50,0,1993-08-23
746150400,103.1,104.1,102.85,103.7,1901,50,0,1993-08-24
746236800,103.85,105.33,103.5,105.0,2511,50,0,1993-08-25
746323200,104.91,105.65,104.05,104.4,2691,50,0,1993-08-26
746409600,104.59,104.95,103.44,103.8,2231,50,0,1993-08-27
746668800,103.61,104.3,103.6,103.8,1211,50,0,1993-08-30
746755200,103.8,104.9,103.8,104.77,1231,50,0,1993-08-31
746841600,104.72,105.85,104.6,105.4,1821,50,0,1993-09-01
746928000,105.39,106.05,104.9,105.85,1841,50,0,1993-09-02
747014400,105.76,106.05,104.25,104.65,2491,50,0,1993-09-03
747273600,104.78,104.9,104.05,104.42,1341,50,0,1993-09-06
747360000,104.42,104.75,103.33,104.29,2711,50,0,1993-09-07
747446400,104.14,105.76,104.0,105.55,2111,50,0,1993-09-08
747532800,105.6,105.8,104.0,105.3,3301,50,0,1993-09-09
747619200,105.42,106.9,105.25,106.16,2561,50,0,1993-09-10
747878400,106.02,106.76,105.7,106.35,1791,50,0,1993-09-13
747964800,106.1,106.3,105.35,105.95,1751,50,0,1993-09-14
748051200,106.0,106.63,105.4,105.55,2011,50,0,1993-09-15
748137600,104.83,105.3,103.8,104.2,2371,50,0,1993-09-16
748224000,104.2,104.76,104.05,104.45,1171,50,0,1993-09-17
748483200,104.7,104.8,103.66,104.6,2181,50,0,1993-09-20
748569600,104.54,107.61,104.25,106.65,4611,50,0,1993-09-21
748656000,106.6,106.75,105.75,106.27,1671,50,0,1993-09-22
748742400,106.32,106.59,105.65,105.8,1361,50,0,1993-09-23
748828800,105.95,106.35,105.65,106.0,1351,50,0,1993-09-24
749088000,105.7,106.49,105.6,106.27,1211,50,0,1993-09-27
749174400,106.26,106.31,104.67,105.0,2021,50,0,1993-09-28
749260800,105.01,105.55,104.85,105.19,1221,50,0,1993-09-29
749347200,105.07,106.31,104.8,106.15,1941,50,0,1993-09-30
749433600,106.04,106.75,105.77,105.9,1821,50,0,1993-10-01
749692800,106.35,106.5,105.4,105.65,1501,50,0,1993-10-04
749779200,105.7,105.85,105.07,105.8,1461,50,0,1993-10-05
749865600,105.93,106.05,105.3,105.75,1321,50,0,1993-10-06
749952000,105.62,105.67,104.7,104.94,1261,50,0,1993-10-07
750038400,105.01,106.3,104.85,106.1,1811,50,0,1993-10-08
750297600,105.98,106.53,105.8,106.22,1221,50,0,1993-10-11
750384000,106.13,106.24,105.6,106.1,1251,50,0,1993-10-12
750470400,105.81,106.1,105.55,105.85,1061,50,0,1993-10-13
750556800,105.7,107.55,105.7,107.5,1901,50,0,1993-10-14
750643200,107.25,107.35,106.78,107.2,1091,50,0,1993-10-15
750902400,107.0,107.76,106.85,107.5,1321,50,0,1993-10-18
750988800,107.42,107.6,106.78,107.11,1331,50,0,1993-10-19
751075200,107.0,107.76,106.65,107.4,1821,50,0,1993-10-20
751161600,107.28,108.45,107.2,108.07,1711,50,0,1993-10-21
751248000,108.15,108.69,107.9,108.0,1431,50,0,1993-10-22
751507200,108.1,108.85,108.1,108.53,1071,50,0,1993-10-25
751593600,108.63,108.8,107.85,108.24,1511,50,0,1993-10-26
751680000,108.1,109.05,108.0,108.71,1491,50,0,1993-10-27
751766400,108.71,108.9,107.25,108.17,2761,50,0,1993-10-28
751852800,108.05,108.65,107.9,108.62,931,50,0,1993-10-29
752112000,108.57,108.9,108.05,108.2,1331,50,0,1993-11-01
752198400,108.2,108.51,107.43,107.75,1711,50,0,1993-11-02
752284800,107.8,107.98,107.0,107.63,1791,50,0,1993-11-03
752371200,107.6,108.43,107.45,108.22,1341,50,0,1993-11-04
752457600,108.15,108.65,107.9,108.4,1251,50,0,1993-11-05
752716800,108.3,108.5,107.7,107.8,1101,50,0,1993-11-08
752803200,107.7,108.42,107.55,108.0,1441,50,0,1993-11-09
752889600,107.85,108.3,106.75,107.2,2451,50,0,1993-11-10
752976000,107.15,107.35,106.2,106.45,1601,50,0,1993-11-11
753062400,106.45,106.75,105.5,105.75,1801,50,0,1993-11-12
753321600,105.93,107.13,105.49,106.68,2531,50,0,1993-11-15
753408000,106.64,107.05,106.2,106.89,1451,50,0,1993-11-16
753494400,106.8,107.53,106.7,106.75,1611,50,0,1993-11-17
753580800,106.9,107.45,106.49,107.29,1531,50,0,1993-11-18
753667200,107.24,108.75,107.2,108.65,1691,50,0,1993-11-19
753926400,108.3,108.77,108.04,108.4,1361,50,0,1993-11-22
754012800,108.33,109.25,108.08,108.27,2281,50,0,1993-11-23
754099200,108.22,108.5,107.8,108.18,1361,50,0,1993-11-24
754185600,108.14,108.55,108.1,108.39,651,50,0,1993-11-25
754272000,108.3,108.9,108.2,108.8,901,50,0,1993-11-26
754531200,108.75,109.65,108.75,109.25,1301,50,0,1993-11-29
754617600,109.1,109.41,108.7,109.08,1401,50,0,1993-11-30
754704000,109.05,109.2,108.4,108.8,1351,50,0,1993-12-01
754790400,108.85,108.95,108.3,108.8,1251,50,0,1993-12-02
754876800,108.7,109.1,108.06,108.6,1981,50,0,1993-12-03
755136000,108.3,108.74,107.75,107.95,1631,50,0,1993-12-06
755222400,107.85,108.1,107.3,107.51,1261,50,0,1993-12-07
755308800,107.55,109.24,107.5,109.0,2031,50,0,1993-12-08
755395200,108.9,109.13,108.5,108.63,991,50,0,1993-12-09
755481600,108.6,109.28,108.35,109.1,1361,50,0,1993-12-10
755740800,109.1,109.25,108.75,109.0,901,50,0,1993-12-13
755827200,108.95,109.59,108.7,109.44,1291,50,0,1993-12-14
755913600,109.35,109.99,109.18,109.76,1211,50,0,1993-12-15
756000000,109.75,110.15,109.35,109.55,1401,50,0,1993-12-16
756086400,109.35,110.32,109.15,110.2,1491,50,0,1993-12-17
756345600,110.05,110.88,109.95,110.66,1251,50,0,1993-12-20
756432000,110.45,111.28,110.4,111.19,1021,50,0,1993-12-21
756518400,111.1,111.68,110.25,110.38,2141,50,0,1993-12-22
756604800,110.47,111.08,110.1,110.6,1831,50,0,1993-12-23
756691200,110.55,111.26,110.25,110.8,1771,50,0,1993-12-24
756950400,110.7,111.65,110.7,111.52,1081,50,0,1993-12-27
757036800,111.45,111.7,111.0,111.41,1361,50,0,1993-12-28
757123200,111.3,111.9,111.3,111.8,701,50,0,1993-12-29
757209600,111.6,112.19,111.55,111.84,1041,50,0,1993-12-30
757296000,111.78,112.05,111.44,111.85,1151,50,0,1993-12-31
757555200,111.73,112.84,111.55,112.61,1701,50,0,1994-01-03
757641600,112.6,113.56,112.2,112.64,2681,50,0,1994-01-04
757728000,112.55,113.65,112.3,113.06,2191,50,0,1994-01-05
757814400,113.1,113.45,112.28,112.71,1951,50,0,1994-01-06
757900800,112.6,112.85,111.49,111.91,2031,50,0,1994-01-07
758160000,111.9,112.5,111.35,112.26,1941,50,0,1994-01-10
758246400,112.18,112.89,112.05,112.33,1531,50,0,1994-01-11
758332800,112.33,112.78,111.95,112.1,1431,50,0,1994-01-12
758419200,112.14,112.7,111.6,111.76,1821,50,0,1994-01-13
758505600,111.63,112.05,110.75,111.01,1981,50,0,1994-01-14
758764800,111.15,111.5,110.78,111.03,1321,50,0,1994-01-17
758851200,110.85,111.35,110.55,110.83,1581,50,0,1994-01-18
758937600,110.73,111.45,110.2,111.32,1911,50,0,1994-01-19
759024000,111.28,111.77,111.25,111.31,1011,50,0,1994-01-20
759110400,111.45,111.65,109.7,111.6,3751,50,0,1994-01-21
759369600,111.9,112.47,111.55,111.71,1651,50,0,1994-01-24
759456000,111.75,111.9,110.85,111.03,1381,50,0,1994-01-25
759542400,110.9,111.05,109.8,110.01,1611,50,0,1994-01-26
759628800,110.0,110.1,108.3,108.61,2211,50,0,1994-01-27
759715200,108.65,110.3,108.15,110.01,2941,50,0,1994-01-28
759974400,110.2,110.3,108.35,108.5,2201,50,0,1994-01-31
760060800,108.0,108.5,107.48,107.65,1691,50,0,1994-02-01
760147200,107.55,108.6,107.55,108.26,1391,50,0,1994-02-02
760233600,108.2,108.5,107.8,108.16,1361,50,0,1994-02-03
760320000,108.41,109.63,107.85,109.26,2711,50,0,1994-02-04
760579200,109.33,109.39,108.33,108.36,1151,50,0,1994-02-07
760665600,108.34,109.15,108.3,108.66,1381,50,0,1994-02-08
760752000,108.61,109.0,107.65,108.23,2321,50,0,1994-02-09
760838400,108.2,108.85,108.0,108.17,1671,50,0,1994-02-10
760924800,108.12,108.54,106.75,107.1,2561,50,0,1994-02-11
761184000,106.05,106.55,101.1,102.25,7101,50,0,1994-02-14
761270400,102.36,104.0,101.8,103.65,3111,50,0,1994-02-15
761356800,103.6,104.3,103.0,103.81,2391,50,0,1994-02-16
761443200,103.9,104.65,103.2,104.16,2641,50,0,1994-02-17
761529600,104.0,105.01,103.5,104.61,2411,50,0,1994-02-18
761788800,104.58,106.85,104.25,106.32,3461,50,0,1994-02-21
761875200,106.2,106.55,105.07,105.56,2321,50,0,1994-02-22
761961600,105.6,106.65,104.5,105.71,4191,50,0,1994-02-23
762048000,105.6,106.25,104.75,104.86,2261,50,0,1994-02-24
762134400,104.75,105.35,104.2,104.81,2241,50,0,1994-02-25
762393600,104.22,104.81,103.9,104.6,1441,50,0,1994-02-28
762480000,104.55,105.15,104.19,104.56,1911,50,0,1994-03-01
762566400,104.5,104.85,102.94,104.21,3531,50,0,1994-03-02
762652800,104.25,104.55,103.3,103.94,2191,50,0,1994-03-03
762739200,103.7,105.9,103.5,105.5,3001,50,0,1994-03-04
762998400,105.4,106.0,105.2,105.61,1391,50,0,1994-03-07
763084800,105.6,105.75,105.0,105.36,1261,50,0,1994-03-08
763171200,105.12,106.15,104.8,105.72,2101,50,0,1994-03-09
763257600,105.65,106.05,105.0,105.21,1661,50,0,1994-03-10
763344000,105.1,105.45,104.65,105.06,1561,50,0,1994-03-11
763603200,105.35,106.5,105.33,106.28,1411,50,0,1994-03-14
763689600,106.35,106.75,105.81,106.13,1661,50,0,1994-03-15
763776000,106.1,106.3,105.7,106.01,1111,50,0,1994-03-16
763862400,105.85,106.1,105.48,105.78,1171,50,0,1994-03-17
763948800,105.79,106.35,105.65,106.16,1031,50,0,1994-03-18
764208000,106.34,106.5,105.8,105.9,961,50,0,1994-03-21
764294400,105.9,106.25,105.58,105.97,1271,50,0,1994-03-22
764380800,105.95,106.55,105.8,106.32,1131,50,0,1994-03-23
764467200,106.27,106.67,104.4,104.81,3081,50,0,1994-03-24
764553600,104.9,105.5,104.48,104.81,1951,50,0,1994-03-25
764812800,104.85,105.0,103.95,104.14,1391,50,0,1994-03-28
764899200,104.1,104.4,103.0,103.16,1861,50,0,1994-03-29
764985600,103.15,103.75,102.3,103.19,2861,50,0,1994-03-30
765072000,103.05,103.5,102.05,102.75,2601,50,0,1994-03-31
765158400,102.7,103.87,102.65,103.6,1541,50,0,1994-04-01
765417600,103.85,104.3,103.0,103.35,2101,50,0,1994-04-04
765504000,103.17,104.9,102.84,104.45,2841,50,0,1994-04-05
765590400,104.5,105.1,104.17,104.51,1851,50,0,1994-04-06
765676800,104.63,105.2,103.95,104.95,2181,50,0,1994-04-07
765763200,105.04,105.95,104.66,105.26,2361,50,0,1994-04-08
766022400,105.18,105.25,103.0,103.41,2731,50,0,1994-04-11
766108800,103.2,103.8,102.85,103.56,1541,50,0,1994-04-12
766195200,103.75,104.0,103.2,103.4,1251,50,0,1994-04-13
766281600,103.35,104.5,102.6,104.18,2971,50,0,1994-04-14
766368000,104.14,104.4,103.35,103.51,1471,50,0,1994-04-15
766627200,103.2,103.77,102.9,103.18,1721,50,0,1994-04-18
766713600,103.06,103.45,102.64,103.33,1351,50,0,1994-04-19
766800000,103.2,103.63,102.95,103.11,1271,50,0,1994-04-20
766886400,102.9,104.04,102.5,103.55,2431,50,0,1994-04-21
766972800,103.5,104.1,103.1,103.26,1761,50,0,1994-04-22
767232000,102.95,103.55,102.75,103.22,1331,50,0,1994-04-25
767318400,103.18,103.35,102.7,102.81,931,50,0,1994-04-26
767404800,102.7,103.45,102.14,102.31,2231,50,0,1994-04-27
767491200,102.35,102.7,101.2,101.36,2011,50,0,1994-04-28
767577600,101.29,102.36,100.58,101.7,3151,50,0,1994-04-29
767836800,101.85,102.1,101.45,101.7,1151,50,0,1994-05-02
767923200,101.6,101.9,100.8,101.06,1661,50,0,1994-05-03
768009600,100.95,102.5,100.7,101.87,2681,50,0,1994-05-04
768096000,101.83,103.15,101.73,102.9,1771,50,0,1994-05-05
768182400,102.86,103.3,102.3,102.41,1551,50,0,1994-05-06
768441600,102.55,103.1,102.2,102.83,1521,50,0,1994-05-09
768528000,102.9,104.85,102.7,104.46,2741,50,0,1994-05-10
768614400,104.3,104.58,103.9,104.31,1351,50,0,1994-05-11
768700800,104.19,104.9,103.94,104.25,1861,50,0,1994-05-12
768787200,104.19,105.15,104.0,105.01,1481,50,0,1994-05-13
769046400,105.05,105.2,104.23,104.81,1701,50,0,1994-05-16
769132800,104.69,105.0,104.06,104.6,1791,50,0,1994-05-17
769219200,104.5,104.73,103.3,103.56,1921,50,0,1994-05-18
769305600,103.39,104.4,103.31,104.3,1271,50,0,1994-05-19
769392000,104.19,104.7,103.73,104.3,1831,50,0,1994-05-20
769651200,104.12,104.6,103.85,104.37,1251,50,0,1994-05-23
769737600,104.32,105.01,103.94,104.75,1711,50,0,1994-05-24
769824000,104.74,104.9,104.25,104.41,971,50,0,1994-05-25
769910400,104.34,104.78,103.9,104.68,1421,50,0,1994-05-26
769996800,104.46,104.85,104.1,104.26,1301,50,0,1994-05-27
770256000,104.35,104.76,104.25,104.57,801,50,0,1994-05-30
770342400,104.52,104.98,104.25,104.75,1231,50,0,1994-05-31
770428800,104.7,104.88,104.4,104.53,791,50,0,1994-06-01
770515200,104.45,105.15,104.19,104.9,1471,50,0,1994-06-02
770601600,104.89,105.55,104.85,105.4,891,50,0,1994-06-03
770860800,105.32,105.64,105.15,105.3,961,50,0,1994-06-06
770947200,105.28,105.41,103.8,104.25,2191,50,0,1994-06-07
771033600,104.25,104.5,103.65,103.96,1411,50,0,1994-06-08
771120000,103.97,104.58,103.85,103.96,1451,50,0,1994-06-09
771206400,103.9,104.26,103.45,103.6,1321,50,0,1994-06-10
771465600,103.5,103.8,102.6,102.89,1791,50,0,1994-06-13
771552000,102.9,103.2,102.3,102.88,1781,50,0,1994-06-14
771638400,102.92,103.15,102.54,102.76,1061,50,0,1994-06-15
771724800,102.74,103.55,102.63,103.5,1081,50,0,1994-06-16
771811200,103.34,103.8,102.56,102.75,1891,50,0,1994-06-17
772070400,102.63,102.8,101.75,102.01,1481,50,0,1994-06-20
772156800,102.0,102.3,99.75,100.3,3401,50,0,1994-06-21
772243200,100.41,101.4,100.19,101.2,1631,50,0,1994-06-22
772329600,101.4,101.7,100.7,101.45,1951,50,0,1994-06-23
772416000,101.15,101.93,99.95,100.6,3411,50,0,1994-06-24
772675200,99.95,100.54,99.4,100.45,1781,50,0,1994-06-27
772761600,100.43,100.8,99.79,100.07,1661,50,0,1994-06-28
772848000,99.92,100.0,98.45,98.8,1981,50,0,1994-06-29
772934400,98.7,99.23,98.3,98.44,1601,50,0,1994-06-30
773020800,98.55,99.9,97.63,98.78,4311,50,0,1994-07-01
773280000,98.58,99.25,98.32,99.0,1441,50,0,1994-07-04
773366400,98.88,99.75,98.65,99.0,2081,50,0,1994-07-05
773452800,98.65,99.13,97.76,99.1,2291,50,0,1994-07-06
773539200,99.1,99.46,98.45,98.6,1521,50,0,1994-07-07
773625600,98.55,99.1,97.69,98.1,2371,50,0,1994-07-08
773884800,98.3,98.63,96.89,97.6,2781,50,0,1994-07-11
773971200,97.35,97.6,96.5,97.48,2071,50,0,1994-07-12
774057600,97.45,98.45,97.19,98.3,1671,50,0,1994-07-13
774144000,98.2,98.75,97.8,98.6,1501,50,0,1994-07-14
774230400,98.5,98.6,97.5,97.85,1551,50,0,1994-07-15
774489600,97.7,98.75,97.6,98.51,1491,50,0,1994-07-18
774576000,98.5,99.52,98.14,99.3,1961,50,0,1994-07-19
774662400,99.1,99.61,98.25,98.85,2471,50,0,1994-07-20
774748800,98.6,99.33,97.8,99.1,2561,50,0,1994-07-21
774835200,99.15,99.25,98.35,98.95,1601,50,0,1994-07-22
775094400,98.51,99.05,98.33,98.6,1351,50,0,1994-07-25
775180800,98.59,98.9,97.85,98.3,1811,50,0,1994-07-26
775267200,98.18,98.7,97.65,98.47,1811,50,0,1994-07-27
775353600,98.4,100.35,98.25,100.15,2451,50,0,1994-07-28
775440000,99.8,100.68,99.55,100.15,1911,50,0,1994-07-29
775699200,98.7,99.5,98.3,99.41,1691,50,0,1994-08-01
775785600,99.25,100.55,99.2,100.4,1551,50,0,1994-08-02
775872000,100.36,100.9,100.05,100.25,1591,50,0,1994-08-03
775958400,100.1,100.65,99.7,100.6,1401,50,0,1994-08-04
776044800,100.5,100.95,100.05,100.25,1551,50,0,1994-08-05
776304000,100.14,101.85,100.1,101.49,2151,50,0,1994-08-08
776390400,101.4,101.65,101.0,101.32,1221,50,0,1994-08-09
776476800,101.22,101.6,100.9,101.45,1171,50,0,1994-08-10
776563200,101.4,101.5,100.0,100.25,1851,50,0,1994-08-11
776649600,100.18,100.49,99.39,100.2,2181,50,0,1994-08-12
776908800,100.0,100.48,100.0,100.11,851,50,0,1994-08-15
776995200,100.12,100.76,99.72,100.68,1521,50,0,1994-08-16
777081600,100.56,101.1,100.0,100.11,1751,50,0,1994-08-17
777168000,100.0,100.18,98.38,98.7,2301,50,0,1994-08-18
777254400,98.64,98.93,98.05,98.75,1651,50,0,1994-08-19
777513600,98.55,98.77,97.62,97.88,1631,50,0,1994-08-22
777600000,97.82,98.61,97.62,97.85,1951,50,0,1994-08-23
777686400,97.81,99.18,97.5,99.1,2071,50,0,1994-08-24
777772800,99.01,99.9,98.99,99.72,1111,50,0,1994-08-25
777859200,99.66,100.9,99.04,100.5,2881,50,0,1994-08-26
778118400,100.19,100.88,99.76,100.12,2171,50,0,1994-08-29
778204800,100.02,100.2,99.33,99.67,1391,50,0,1994-08-30
778291200,99.52,100.35,99.33,100.2,1361,50,0,1994-08-31
778377600,100.14,100.48,99.44,99.71,1651,50,0,1994-09-01
778464000,99.65,100.25,99.0,99.18,2031,50,0,1994-09-02
778723200,99.16,99.46,98.69,99.25,1451,50,0,1994-09-05
778809600,99.19,99.27,98.44,98.77,1241,50,0,1994-09-06
778896000,98.66,99.73,98.66,99.43,1371,50,0,1994-09-07
778982400,99.33,99.75,99.08,99.55,1121,50,0,1994-09-08
779068800,99.48,99.83,98.97,99.17,1411,50,0,1994-09-09
779328000,99.15,99.34,98.68,99.26,1211,50,0,1994-09-12
779414400,99.19,99.31,98.57,98.8,1091,50,0,1994-09-13
779500800,98.7,99.35,98.35,99.2,1501,50,0,1994-09-14
779587200,99.14,99.6,99.03,99.49,791,50,0,1994-09-15
779673600,99.4,99.58,98.43,98.88,1781,50,0,1994-09-16
779932800,98.87,98.97,98.31,98.6,1051,50,0,1994-09-19
780019200,98.53,98.73,97.5,97.76,1691,50,0,1994-09-20
780105600,97.72,98.13,97.5,97.89,1091,50,0,1994-09-21
780192000,97.85,98.34,97.78,98.11,861,50,0,1994-09-22
780278400,98.06,98.2,97.54,97.85,1111,50,0,1994-09-23
780537600,97.7,98.93,97.57,98.73,1691,50,0,1994-09-26
780624000,98.67,98.8,97.81,97.99,1301,50,0,1994-09-27
780710400,97.87,99.21,97.74,98.99,1821,50,0,1994-09-28
780796800,98.88,98.99,98.3,98.65,1151,50,0,1994-09-29
780883200,98.58,99.4,98.3,99.37,1411,50,0,1994-09-30
781142400,98.85,100.2,98.3,99.61,3041,50,0,1994-10-03
781228800,99.52,99.82,99.13,99.55,1351,50,0,1994-10-04
781315200,99.51,99.82,99.2,99.61,1141,50,0,1994-10-05
781401600,99.53,99.97,99.35,99.86,911,50,0,1994-10-06
781488000,99.83,100.85,99.68,100.67,1501,50,0,1994-10-07
781747200,100.6,100.82,100.12,100.4,1201,50,0,1994-10-10
781833600,100.36,100.81,100.12,100.29,1311,50,0,1994-10-11
781920000,100.23,100.4,99.62,99.8,1131,50,0,1994-10-12
782006400,99.75,100.3,99.19,99.3,1771,50,0,1994-10-13
782092800,99.25,99.6,98.0,98.19,2141,50,0,1994-10-14
782352000,98.4,98.6,97.2,97.99,2391,50,0,1994-10-17
782438400,97.9,98.4,97.58,97.77,1511,50,0,1994-10-18
782524800,97.73,97.86,96.7,97.39,1981,50,0,1994-10-19
782611200,97.32,97.8,96.84,97.09,1691,50,0,1994-10-20
782697600,97.02,97.65,96.5,97.25,2071,50,0,1994-10-21
782956800,97.28,97.62,97.0,97.14,1101,50,0,1994-10-24
783043200,97.09,97.25,96.35,96.97,1681,50,0,1994-10-25
783129600,96.86,97.37,96.66,96.81,1371,50,0,1994-10-26
783216000,96.75,97.22,96.53,97.19,941,50,0,1994-10-27
783302400,97.12,97.74,96.7,97.35,1851,50,0,1994-10-28
783561600,97.35,97.6,96.69,96.98,1451,50,0,1994-10-31
783648000,96.85,97.05,96.4,96.63,1081,50,0,1994-11-01
783734400,96.55,98.08,96.05,97.52,3091,50,0,1994-11-02
783820800,97.42,98.3,97.2,97.73,1891,50,0,1994-11-03
783907200,97.6,98.15,97.35,97.52,1521,50,0,1994-11-04
784166400,97.37,97.51,97.0,97.39,1001,50,0,1994-11-07
784252800,97.36,97.45,96.75,97.1,1141,50,0,1994-11-08
784339200,97.04,98.21,96.75,97.83,2131,50,0,1994-11-09
784425600,97.77,98.16,97.51,97.69,1221,50,0,1994-11-10
784512000,97.63,98.0,97.4,97.76,1071,50,0,1994-11-11
784771200,97.65,98.58,97.65,98.42,1091,50,0,1994-11-14
784857600,98.36,98.89,98.0,98.79,1351,50,0,1994-11-15
784944000,98.7,98.85,98.15,98.25,951,50,0,1994-11-16
785030400,98.19,98.5,98.0,98.46,731,50,0,1994-11-17
785116800,98.45,98.77,98.0,98.61,1381,50,0,1994-11-18
785376000,98.61,98.85,98.15,98.28,1071,50,0,1994-11-21
785462400,98.21,98.45,97.82,98.25,1221,50,0,1994-11-22
785548800,98.19,98.59,97.85,98.42,1251,50,0,1994-11-23
785635200,98.37,98.6,98.25,98.55,521,50,0,1994-11-24
785721600,98.47,98.91,98.25,98.8,991,50,0,1994-11-25
785980800,98.72,99.05,98.38,98.71,1331,50,0,1994-11-28
786067200,98.69,99.11,98.38,98.99,1161,50,0,1994-11-29
786153600,98.93,99.26,98.75,98.91,1001,50,0,1994-11-30
786240000,98.85,99.54,98.75,99.31,1121,50,0,1994-12-01
786326400,99.25,100.81,99.2,100.68,1791,50,0,1994-12-02
786585600,100.36,100.83,100.19,100.36,1281,50,0,1994-12-05
786672000,100.3,100.59,99.9,100.14,1221,50,0,1994-12-06
786758400,100.15,100.31,99.6,99.96,1231,50,0,1994-12-07
786844800,99.92,100.7,99.8,100.55,1171,50,0,1994-12-08
786931200,100.47,100.75,99.95,100.1,1231,50,0,1994-12-09
787190400,100.15,100.43,99.75,100.1,1311,50,0,1994-12-12
787276800,100.03,100.54,99.8,100.45,1061,50,0,1994-12-13
787363200,100.37,100.57,100.05,100.26,931,50,0,1994-12-14
787449600,100.23,100.5,100.08,100.38,691,50,0,1994-12-15
787536000,100.32,100.48,100.02,100.18,781,50,0,1994-12-16
787795200,100.2,100.51,100.03,100.16,921,50,0,1994-12-19
787881600,100.1,100.42,100.0,100.24,701,50,0,1994-12-20
787968000,100.18,100.68,100.05,100.65,791,50,0,1994-12-21
788054400,100.53,100.7,100.1,100.26,931,50,0,1994-12-22
788140800,100.3,100.45,100.05,100.17,671,50,0,1994-12-23
788400000,100.04,100.48,100.04,100.19,731,50,0,1994-12-26
788486400,100.35,100.55,100.25,100.35,601,50,0,1994-12-27
788572800,100.35,100.6,98.6,99.3,2951,50,0,1994-12-28
788659200,99.28,100.26,99.2,99.85,1551,50,0,1994-12-29
788745600,99.69,100.0,99.44,99.77,1041,50,0,1994-12-30
789004800,99.6,100.55,99.57,100.32,1241,50,0,1995-01-02
789091200,100.26,100.84,100.0,100.69,1251,50,0,1995-01-03
789177600,100.61,101.54,100.6,101.4,1091,50,0,1995-01-04
789264000,101.38,101.44,100.8,100.9,801,50,0,1995-01-05
789350400,100.9,101.48,100.85,101.45,711,50,0,1995-01-06
789609600,101.25,101.35,99.65,100.07,2221,50,0,1995-01-09
789696000,100.0,100.55,99.88,100.1,1241,50,0,1995-01-10
789782400,100.03,100.25,99.45,100.1,1531,50,0,1995-01-11
789868800,100.05,100.23,98.55,98.63,1941,50,0,1995-01-12
789955200,98.55,99.16,98.25,98.5,1771,50,0,1995-01-13
790214400,98.39,98.9,97.97,98.5,1751,50,0,1995-01-16
790300800,98.43,99.35,98.4,99.17,1161,50,0,1995-01-17
790387200,99.0,99.87,98.75,99.58,1661,50,0,1995-01-18
790473600,99.52,100.13,98.6,99.1,2641,50,0,1995-01-19
790560000,99.04,99.7,98.94,99.59,971,50,0,1995-01-20
790819200,99.4,100.3,99.3,99.82,1581,50,0,1995-01-23
790905600,99.79,99.95,99.12,99.66,1531,50,0,1995-01-24
790992000,99.6,99.87,99.16,99.54,1361,50,0,1995-01-25
791078400,99.44,99.78,99.15,99.45,1251,50,0,1995-01-26
791164800,99.4,99.68,99.0,99.45,1311,50,0,1995-01-27
791424000,99.3,99.4,98.1,98.43,1731,50,0,1995-01-30
791510400,98.45,99.8,98.35,99.6,1751,50,0,1995-01-31
791596800,99.43,99.73,99.05,99.25,1181,50,0,1995-02-01
791683200,99.1,99.8,99.0,99.47,1231,50,0,1995-02-02
791769600,99.45,100.01,99.2,99.9,1171,50,0,1995-02-03
792028800,99.65,99.8,99.05,99.39,1241,50,0,1995-02-06
792115200,99.34,99.53,99.03,99.53,811,50,0,1995-02-07
792201600,99.42,99.56,98.65,98.86,1261,50,0,1995-02-08
792288000,98.85,99.1,98.6,98.95,901,50,0,1995-02-09
792374400,98.85,99.45,98.6,98.94,1611,50,0,1995-02-10
792633600,98.75,98.98,98.45,98.72,1031,50,0,1995-02-13
792720000,98.66,99.12,98.35,98.51,1391,50,0,1995-02-14
792806400,98.45,98.78,98.11,98.36,1251,50,0,1995-02-15
792892800,98.28,98.45,97.18,97.55,1811,50,0,1995-02-16
792979200,97.46,97.75,96.9,97.27,1511,50,0,1995-02-17
793238400,97.11,97.4,96.69,97.3,1231,50,0,1995-02-20
793324800,97.24,97.7,96.87,97.11,1531,50,0,1995-02-21
793411200,97.02,97.48,96.7,97.09,1491,50,0,1995-02-22
793497600,97.06,97.45,96.55,96.73,1471,50,0,1995-02-23
793584000,96.69,97.45,96.3,96.96,2031,50,0,1995-02-24
793843200,97.3,97.6,96.5,97.18,2081,50,0,1995-02-27
793929600,97.13,97.31,96.42,96.69,1341,50,0,1995-02-28
794016000,96.66,96.96,96.25,96.76,1321,50,0,1995-03-01
794102400,96.7,97.03,94.83,95.28,2981,50,0,1995-03-02
794188800,95.27,95.69,93.64,94.2,3031,50,0,1995-03-03
794448000,93.74,94.1,92.34,92.99,2771,50,0,1995-03-06
794534400,92.94,93.06,89.0,90.77,5951,50,0,1995-03-07
794620800,90.65,91.95,88.48,91.58,6011,50,0,1995-03-08
794707200,91.57,92.55,90.1,91.05,4381,50,0,1995-03-09
794793600,91.02,91.92,90.55,90.79,2511,50,0,1995-03-10
795052800,90.55,91.1,89.8,90.7,2451,50,0,1995-03-13
795139200,90.63,91.53,90.55,90.76,1831,50,0,1995-03-14
795225600,90.72,90.9,89.25,89.51,2091,50,0,1995-03-15
795312000,89.49,90.5,89.0,90.35,2141,50,0,1995-03-16
795398400,90.25,90.41,88.81,89.19,2141,50,0,1995-03-17
795657600,88.82,89.95,88.6,89.39,2131,50,0,1995-03-20
795744000,89.27,89.5,88.3,89.3,2371,50,0,1995-03-21
795830400,89.26,89.4,88.53,89.08,1561,50,0,1995-03-22
795916800,89.02,89.12,87.95,88.15,1471,50,0,1995-03-23
796003200,88.11,89.35,88.05,88.91,1801,50,0,1995-03-24
796262400,88.78,89.85,88.5,89.39,2091,50,0,1995-03-27
796348800,89.32,89.85,88.6,88.82,2001,50,0,1995-03-28
796435200,88.75,89.15,87.9,88.4,2151,50,0,1995-03-29
796521600,88.36,90.3,88.0,89.71,3251,50,0,1995-03-30
796608000,89.68,89.95,86.1,86.6,4621,50,0,1995-03-31
796867200,86.5,87.33,85.52,85.57,2691,50,0,1995-04-03
796953600,85.58,86.85,85.58,86.25,1871,50,0,1995-04-04
797040000,86.24,86.75,85.58,86.17,2271,50,0,1995-04-05
797126400,86.15,86.45,84.8,84.97,2121,50,0,1995-04-06
797212800,84.9,85.56,83.52,83.85,3031,50,0,1995-04-07
797472000,84.66,84.72,80.1,83.83,8411,50,0,1995-04-10
797558400,83.8,85.0,83.2,83.55,3351,50,0,1995-04-11
797644800,83.5,84.45,83.05,83.85,2451,50,0,1995-04-12
797731200,83.83,83.98,82.8,83.55,2081,50,0,1995-04-13
797817600,83.5,84.1,83.0,83.39,2091,50,0,1995-04-14
798076800,82.75,82.9,81.5,82.0,2051,50,0,1995-04-17
798163200,81.8,82.17,80.5,80.73,2271,50,0,1995-04-18
798249600,80.71,81.9,79.75,81.25,3761,50,0,1995-04-19
798336000,81.21,83.65,80.75,83.28,3731,50,0,1995-04-20
798422400,83.23,84.1,82.39,82.68,2871,50,0,1995-04-21
798681600,81.87,83.55,81.78,83.0,2411,50,0,1995-04-24
798768000,83.13,83.75,81.5,82.01,3381,50,0,1995-04-25
798854400,81.93,84.6,81.15,83.65,5181,50,0,1995-04-26
798940800,83.61,84.0,83.15,83.48,1571,50,0,1995-04-27
799027200,83.6,84.5,83.37,84.3,1561,50,0,1995-04-28
799286400,84.21,84.45,83.25,83.53,1721,50,0,1995-05-01
799372800,83.51,84.0,83.15,83.59,1621,50,0,1995-05-02
799459200,83.52,83.9,82.9,83.68,1841,50,0,1995-05-03
799545600,83.67,84.25,83.31,83.9,1651,50,0,1995-05-04
799632000,83.88,84.46,83.63,83.94,1601,50,0,1995-05-05
799891200,83.33,83.8,82.65,83.14,2111,50,0,1995-05-08
799977600,83.18,83.7,82.8,83.33,1651,50,0,1995-05-09
800064000,83.35,84.05,82.9,83.74,1911,50,0,1995-05-10
800150400,83.85,86.3,83.55,85.76,3591,50,0,1995-05-11
800236800,85.73,87.2,85.3,86.84,2691,50,0,1995-05-12
800496000,87.05,87.6,86.25,86.38,2031,50,0,1995-05-15
800582400,86.44,87.25,86.0,86.59,2351,50,0,1995-05-16
800668800,86.56,87.13,86.08,86.85,1811,50,0,1995-05-17
800755200,86.83,87.8,86.35,86.6,2671,50,0,1995-05-18
800841600,86.8,87.15,86.35,86.82,1581,50,0,1995-05-19
801100800,87.04,87.9,86.84,87.36,1801,50,0,1995-05-22
801187200,87.35,87.55,86.85,87.12,1171,50,0,1995-05-23
801273600,87.19,87.51,86.9,87.15,1181,50,0,1995-05-24
801360000,87.11,87.23,84.51,84.83,3161,50,0,1995-05-25
801446400,84.84,85.14,82.4,82.67,3311,50,0,1995-05-26
801705600,82.9,83.4,81.77,82.86,3221,50,0,1995-05-29
801792000,83.02,83.52,82.35,82.93,2251,50,0,1995-05-30
801878400,83.08,85.4,82.5,84.57,4311,50,0,1995-05-31
801964800,84.65,85.97,84.27,84.72,3331,50,0,1995-06-01
802051200,84.76,85.28,83.35,84.3,3401,50,0,1995-06-02
802310400,84.29,85.06,83.95,84.93,1581,50,0,1995-06-05
802396800,84.92,85.42,84.6,84.89,1611,50,0,1995-06-06
802483200,84.79,85.0,84.15,84.9,1591,50,0,1995-06-07
802569600,84.88,85.26,84.43,84.45,1231,50,0,1995-06-08
802656000,84.5,84.95,84.1,84.29,1491,50,0,1995-06-09
802915200,84.36,84.6,83.8,84.02,1261,50,0,1995-06-12
803001600,84.0,84.75,83.5,84.64,1861,50,0,1995-06-13
803088000,84.73,85.1,84.1,84.31,1581,50,0,1995-06-14
803174400,84.28,85.05,83.8,84.55,2231,50,0,1995-06-15
803260800,84.51,84.87,84.28,84.67,1021,50,0,1995-06-16
803520000,84.35,85.11,84.18,84.6,1611,50,0,1995-06-19
803606400,84.58,84.9,84.3,84.52,1141,50,0,1995-06-20
803692800,84.49,84.57,83.9,83.95,801,50,0,1995-06-21
803779200,83.85,84.84,83.8,84.56,1371,50,0,1995-06-22
803865600,84.5,84.72,84.15,84.35,991,50,0,1995-06-23
804124800,84.12,84.51,84.0,84.3,841,50,0,1995-06-26
804211200,84.27,84.5,83.8,84.26,1391,50,0,1995-06-27
804297600,84.17,86.15,83.5,85.61,3861,50,0,1995-06-28
804384000,85.54,85.83,84.26,84.4,2001,50,0,1995-06-29
804470400,84.35,85.15,84.33,84.65,1341,50,0,1995-06-30
804729600,84.68,84.9,84.55,84.74,641,50,0,1995-07-03
804816000,84.68,84.98,84.45,84.81,931,50,0,1995-07-04
804902400,84.77,85.1,84.68,84.87,741,50,0,1995-07-05
804988800,84.82,85.43,84.75,84.96,1221,50,0,1995-07-06
805075200,84.92,87.15,84.92,86.71,2671,50,0,1995-07-07
805334400,86.78,87.65,86.63,86.91,1911,50,0,1995-07-10
805420800,86.85,87.7,86.81,87.6,1031,50,0,1995-07-11
805507200,87.6,88.1,87.06,87.14,1621,50,0,1995-07-12
805593600,87.28,88.59,87.05,87.36,3001,50,0,1995-07-13
805680000,87.33,88.07,87.05,87.87,1501,50,0,1995-07-14
805939200,88.0,89.3,88.0,89.09,1511,50,0,1995-07-17
806025600,89.05,89.2,88.1,88.45,1601,50,0,1995-07-18
806112000,88.37,88.61,86.8,87.38,2631,50,0,1995-07-19
806198400,87.32,88.28,87.1,88.12,1561,50,0,1995-07-20
806284800,88.08,89.1,88.04,88.63,1571,50,0,1995-07-21
806544000,88.54,88.95,87.25,87.68,2541,50,0,1995-07-24
806630400,87.68,88.1,87.05,87.96,1821,50,0,1995-07-25
806716800,87.88,88.4,87.6,87.93,1551,50,0,1995-07-26
806803200,87.94,88.24,87.65,88.2,921,50,0,1995-07-27
806889600,88.13,88.7,87.85,88.2,1631,50,0,1995-07-28
807148800,88.09,88.58,87.75,88.49,1261,50,0,1995-07-31
807235200,88.43,88.65,87.75,88.1,1471,50,0,1995-08-01
807321600,88.06,91.32,88.0,91.19,3511,50,0,1995-08-02
807408000,91.15,91.29,90.2,90.44,1471,50,0,1995-08-03
807494400,90.34,91.55,90.34,91.45,1311,50,0,1995-08-04
807753600,91.54,91.7,90.87,91.47,1591,50,0,1995-08-07
807840000,91.4,91.97,91.01,91.58,1741,50,0,1995-08-08
807926400,91.54,91.9,91.18,91.66,1321,50,0,1995-08-09
808012800,91.6,93.0,91.45,92.75,1951,50,0,1995-08-10
808099200,92.65,94.11,92.55,93.92,1851,50,0,1995-08-11
808358400,94.14,94.5,93.18,93.67,2171,50,0,1995-08-14
808444800,93.6,97.52,93.2,97.38,4861,50,0,1995-08-15
808531200,97.32,99.1,97.23,98.05,3011,50,0,1995-08-16
808617600,98.0,98.55,96.35,97.29,3691,50,0,1995-08-17
808704000,97.2,98.15,96.55,97.56,2841,50,0,1995-08-18
808963200,97.4,97.9,96.0,97.1,3501,50,0,1995-08-21
809049600,97.12,97.27,96.3,96.99,1811,50,0,1995-08-22
809136000,96.84,97.45,96.05,96.54,2501,50,0,1995-08-23
809222400,96.5,97.53,95.93,96.75,2951,50,0,1995-08-24
809308800,96.69,97.1,96.14,96.72,1891,50,0,1995-08-25
809568000,96.62,96.9,96.12,96.77,1411,50,0,1995-08-28
809654400,96.74,98.3,96.5,98.24,2101,50,0,1995-08-29
809740800,98.21,99.35,97.95,99.05,1961,50,0,1995-08-30
809827200,99.02,99.45,96.75,97.48,3861,50,0,1995-08-31
809913600,97.44,97.97,97.14,97.46,1641,50,0,1995-09-01
810172800,97.44,97.82,96.77,97.7,1841,50,0,1995-09-04
810259200,97.64,98.35,97.4,97.67,1871,50,0,1995-09-05
810345600,97.63,99.3,97.55,99.05,2081,50,0,1995-09-06
810432000,98.94,99.4,98.06,99.16,2461,50,0,1995-09-07
810518400,99.15,100.25,98.55,99.76,2791,50,0,1995-09-08
810777600,99.27,100.04,99.05,100.04,1211,50,0,1995-09-11
810864000,100.02,101.25,99.92,101.11,1571,50,0,1995-09-12
810950400,101.07,102.88,100.7,102.7,2731,50,0,1995-09-13
811036800,102.66,103.83,102.2,102.45,3051,50,0,1995-09-14
811123200,102.38,104.26,102.33,104.2,2041,50,0,1995-09-15
811382400,104.35,104.55,102.89,102.95,1921,50,0,1995-09-18
811468800,103.27,104.8,102.97,104.6,2331,50,0,1995-09-19
811555200,104.52,104.72,102.35,102.6,2821,50,0,1995-09-20
811641600,102.75,103.05,97.2,99.17,8121,50,0,1995-09-21
811728000,99.15,101.0,98.15,100.12,4731,50,0,1995-09-22
811987200,100.26,101.55,99.15,100.56,4501,50,0,1995-09-25
812073600,100.49,101.27,99.55,101.05,2881,50,0,1995-09-26
812160000,101.01,101.06,99.65,100.5,2311,50,0,1995-09-27
812246400,100.4,100.65,99.0,99.09,1991,50,0,1995-09-28
812332800,99.08,99.98,97.35,99.75,4591,50,0,1995-09-29
812592000,99.85,100.85,99.8,100.36,1591,50,0,1995-10-02
812678400,100.28,101.75,100.08,101.6,2021,50,0,1995-10-03
812764800,101.58,101.85,100.47,100.83,2011,50,0,1995-10-04
812851200,100.8,101.05,99.2,99.71,2611,50,0,1995-10-05
812937600,99.71,101.0,99.59,100.53,2001,50,0,1995-10-06
813196800,101.2,101.3,99.65,100.45,2551,50,0,1995-10-09
813283200,100.34,101.1,100.21,100.94,1181,50,0,1995-10-10
813369600,100.9,101.25,100.45,101.13,1371,50,0,1995-10-11
813456000,101.1,101.32,99.9,100.27,2011,50,0,1995-10-12
813542400,100.19,101.06,99.93,101.06,1391,50,0,1995-10-13
813801600,100.93,100.99,100.15,100.64,1391,50,0,1995-10-16
813888000,100.61,100.8,100.12,100.36,1111,50,0,1995-10-17
813974400,100.34,101.15,99.4,100.81,3031,50,0,1995-10-18
814060800,100.77,101.0,100.26,100.36,1071,50,0,1995-10-19
814147200,100.32,100.87,99.9,100.38,1881,50,0,1995-10-20
814406400,100.14,100.25,99.3,100.0,1761,50,0,1995-10-23
814492800,99.75,100.65,99.55,100.51,1441,50,0,1995-10-24
814579200,100.48,101.65,100.2,101.27,2111,50,0,1995-10-25
814665600,101.23,102.0,101.0,101.47,1761,50,0,1995-10-26
814752000,101.44,101.95,100.6,101.92,2221,50,0,1995-10-27
815011200,101.77,102.3,101.45,102.0,1471,50,0,1995-10-30
815097600,101.84,102.52,101.23,101.93,2491,50,0,1995-10-31
815184000,101.86,103.39,101.84,103.36,1601,50,0,1995-11-01
815270400,103.32,104.16,103.12,104.12,1281,50,0,1995-11-02
815356800,104.05,104.2,103.4,103.95,1501,50,0,1995-11-03
815616000,104.0,104.1,102.7,103.26,2061,50,0,1995-11-06
815702400,103.22,103.45,102.74,102.97,1171,50,0,1995-11-07
815788800,102.93,103.25,101.85,102.61,2481,50,0,1995-11-08
815875200,102.5,102.65,99.75,100.7,4001,50,0,1995-11-09
815961600,100.66,101.16,99.87,100.95,2291,50,0,1995-11-10
816220800,100.75,102.4,100.08,101.93,3461,50,0,1995-11-13
816307200,101.85,102.23,101.25,101.55,1661,50,0,1995-11-14
816393600,101.5,101.64,100.63,101.42,1941,50,0,1995-11-15
816480000,101.33,102.5,101.2,102.06,1871,50,0,1995-11-16
816566400,101.98,102.4,101.65,102.2,1281,50,0,1995-11-17
816825600,102.11,102.85,100.93,101.28,3011,50,0,1995-11-20
816912000,101.25,101.9,101.1,101.47,1381,50,0,1995-11-21
816998400,101.39,101.8,100.4,100.91,2321,50,0,1995-11-22
817084800,100.84,100.95,100.45,100.8,961,50,0,1995-11-23
817171200,100.8,101.67,100.6,101.55,1391,50,0,1995-11-24
817430400,101.63,102.05,101.19,101.63,1721,50,0,1995-11-27
817516800,101.59,101.97,100.83,101.19,1881,50,0,1995-11-28
817603200,101.15,101.77,100.92,101.7,1151,50,0,1995-11-29
817689600,101.62,102.35,101.13,102.05,2011,50,0,1995-11-30
817776000,102.02,102.3,101.05,101.24,1721,50,0,1995-12-01
818035200,101.35,101.55,100.5,101.36,2091,50,0,1995-12-04
818121600,101.32,101.57,101.05,101.27,991,50,0,1995-12-05
818208000,101.19,101.71,101.05,101.54,971,50,0,1995-12-06
818294400,101.44,101.75,101.02,101.37,1391,50,0,1995-12-07
818380800,101.36,101.65,100.7,101.2,1741,50,0,1995-12-08
818640000,101.14,101.28,100.68,101.22,1121,50,0,1995-12-11
818726400,101.15,101.97,101.0,101.79,1301,50,0,1995-12-12
818812800,101.7,101.92,101.4,101.68,1021,50,0,1995-12-13
818899200,101.61,101.91,101.2,101.47,1281,50,0,1995-12-14
818985600,101.44,102.35,101.32,102.06,1441,50,0,1995-12-15
819244800,101.9,102.05,101.42,101.53,891,50,0,1995-12-18
819331200,101.45,102.1,101.3,102.05,1001,50,0,1995-12-19
819417600,102.06,102.22,101.54,101.74,1041,50,0,1995-12-20
819504000,101.81,102.03,101.68,101.8,691,50,0,1995-12-21
819590400,101.75,102.92,101.7,102.32,1871,50,0,1995-12-22
819849600,102.42,102.64,102.04,102.64,981,50,0,1995-12-25
819936000,102.25,102.92,102.18,102.27,1461,50,0,1995-12-26
820022400,102.29,102.97,102.25,102.86,871,50,0,1995-12-27
820108800,102.8,103.0,102.3,102.72,1321,50,0,1995-12-28
820195200,102.65,103.6,102.6,103.54,1111,50,0,1995-12-29
820540800,103.41,104.08,103.07,103.95,1481,50,0,1996-01-02
820627200,103.83,105.05,103.78,104.87,1501,50,0,1996-01-03
820713600,104.75,106.63,104.55,105.2,3711,50,0,1996-01-04
820800000,105.29,105.43,104.35,105.43,2021,50,0,1996-01-05
821059200,105.53,105.83,105.03,105.24,1311,50,0,1996-01-08
821145600,105.18,105.43,104.08,104.28,1801,50,0,1996-01-09
821232000,104.24,105.38,104.1,104.9,1901,50,0,1996-01-10
821318400,104.87,104.99,104.3,104.85,1361,50,0,1996-01-11
821404800,104.76,105.67,104.72,105.3,1361,50,0,1996-01-12
821664000,105.31,105.5,104.8,105.34,1371,50,0,1996-01-15
821750400,105.32,106.09,105.25,106.09,911,50,0,1996-01-16
821836800,106.11,106.31,105.13,105.55,1801,50,0,1996-01-17
821923200,105.51,105.8,104.99,105.6,1531,50,0,1996-01-18
822009600,105.61,106.07,105.23,105.41,1481,50,0,1996-01-19
822268800,105.26,106.2,105.25,105.77,1391,50,0,1996-01-22
822355200,105.76,106.05,105.4,105.98,1081,50,0,1996-01-23
822441600,105.95,107.22,105.87,107.16,1491,50,0,1996-01-24
822528000,106.95,107.58,106.29,107.06,2471,50,0,1996-01-25
822614400,106.93,107.15,106.23,106.65,1561,50,0,1996-01-26
822873600,106.64,107.05,106.35,106.71,1331,50,0,1996-01-29
822960000,106.68,107.5,106.55,107.45,1131,50,0,1996-01-30
823046400,107.31,107.57,106.71,106.95,1361,50,0,1996-01-31
823132800,106.94,107.43,106.45,106.8,1821,50,0,1996-02-01
823219200,106.7,107.24,106.27,106.39,1631,50,0,1996-02-02
823478400,106.32,106.6,104.69,105.25,2751,50,0,1996-02-05
823564800,105.1,105.68,105.0,105.15,1311,50,0,1996-02-06
823651200,105.09,106.3,104.7,106.23,2061,50,0,1996-02-07
823737600,106.17,107.18,105.92,107.14,1551,50,0,1996-02-08
823824000,107.15,107.5,106.48,107.1,1991,50,0,1996-02-09
824083200,106.9,107.17,106.45,106.81,1351,50,0,1996-02-12
824169600,106.79,107.11,106.5,106.74,1171,50,0,1996-02-13
824256000,106.7,107.0,106.08,106.25,1391,50,0,1996-02-14
824342400,106.18,106.4,105.45,105.65,1371,50,0,1996-02-15
824428800,105.56,106.03,104.78,105.26,2201,50,0,1996-02-16
824688000,105.09,105.45,103.54,104.18,2911,50,0,1996-02-19
824774400,104.14,106.7,104.04,105.86,3601,50,0,1996-02-20
824860800,105.82,106.1,104.7,105.09,2071,50,0,1996-02-21
824947200,105.05,105.7,104.6,104.88,2031,50,0,1996-02-22
825033600,104.89,105.4,104.4,104.94,1951,50,0,1996-02-23
825292800,104.75,105.1,104.05,104.4,1751,50,0,1996-02-26
825379200,104.33,104.85,103.3,104.5,2931,50,0,1996-02-27
825465600,104.42,104.85,103.82,104.67,1811,50,0,1996-02-28
825552000,104.6,105.42,104.47,105.17,1331,50,0,1996-02-29
825638400,105.13,105.9,105.09,105.35,1401,50,0,1996-03-01
825897600,105.32,105.47,104.84,105.3,1241,50,0,1996-03-04
825984000,105.29,105.58,104.88,105.15,1261,50,0,1996-03-05
826070400,105.09,105.54,105.03,105.49,621,50,0,1996-03-06
826156800,105.43,105.78,105.1,105.35,1281,50,0,1996-03-07
826243200,105.32,106.28,105.18,105.74,1781,50,0,1996-03-08
826502400,106.13,106.45,104.93,105.54,2451,50,0,1996-03-11
826588800,105.42,105.99,105.15,105.24,1501,50,0,1996-03-12
826675200,105.2,105.52,105.04,105.23,931,50,0,1996-03-13
826761600,105.19,105.62,105.1,105.48,751,50,0,1996-03-14
826848000,105.4,106.06,105.35,105.9,921,50,0,1996-03-15
827107200,105.89,106.2,105.6,106.12,971,50,0,1996-03-18
827193600,105.76,106.52,105.71,106.21,1171,50,0,1996-03-19
827280000,106.12,106.75,106.0,106.39,1231,50,0,1996-03-20
827366400,106.35,106.98,106.23,106.83,1021,50,0,1996-03-21
827452800,106.83,107.27,106.59,106.85,1341,50,0,1996-03-22
827712000,106.44,106.75,105.88,106.22,1521,50,0,1996-03-25
827798400,106.15,106.6,105.92,106.55,961,50,0,1996-03-26
827884800,106.51,106.88,106.3,106.71,961,50,0,1996-03-27
827971200,106.61,106.84,106.03,106.3,1311,50,0,1996-03-28
828057600,106.16,107.34,106.0,107.34,1501,50,0,1996-03-29
828316800,107.33,107.78,107.23,107.61,821,50,0,1996-04-01
828403200,107.55,107.7,107.08,107.63,1161,50,0,1996-04-02
828489600,107.52,108.05,106.55,106.99,2471,50,0,1996-04-03
828576000,106.93,107.25,106.8,107.1,731,50,0,1996-04-04
828662400,107.15,107.71,107.15,107.7,571,50,0,1996-04-05
828921600,107.73,107.85,107.2,107.8,1231,50,0,1996-04-08
829008000,107.75,108.44,107.6,108.39,1041,50,0,1996-04-09
829094400,108.35,108.82,108.15,108.35,1341,50,0,1996-04-10
829180800,108.32,108.98,108.24,108.62,1181,50,0,1996-04-11
829267200,108.56,109.07,108.33,108.65,1391,50,0,1996-04-12
829526400,108.8,108.97,108.21,108.58,1301,50,0,1996-04-15
829612800,108.55,108.6,108.0,108.17,821,50,0,1996-04-16
829699200,108.06,108.63,108.0,108.2,1121,50,0,1996-04-17
829785600,108.14,108.3,106.2,106.76,2821,50,0,1996-04-18
829872000,106.69,107.45,106.59,107.4,1011,50,0,1996-04-19
830131200,107.38,107.65,106.4,106.77,1891,50,0,1996-04-22
830217600,106.76,107.05,106.22,106.8,1621,50,0,1996-04-23
830304000,106.74,107.09,106.27,106.49,1391,50,0,1996-04-24
830390400,106.45,107.25,106.35,106.75,1501,50,0,1996-04-25
830476800,106.7,106.89,105.11,105.55,2411,50,0,1996-04-26
830736000,105.25,105.75,103.75,104.94,3691,50,0,1996-04-29
830822400,104.82,105.17,104.0,105.17,1991,50,0,1996-04-30
830908800,105.02,105.5,104.9,105.4,821,50,0,1996-05-01
830995200,105.34,105.7,104.3,104.4,1861,50,0,1996-05-02
831081600,104.34,105.35,104.16,105.2,1521,50,0,1996-05-03
831340800,104.91,105.35,104.65,104.9,1391,50,0,1996-05-06
831427200,104.82,105.33,104.7,105.33,751,50,0,1996-05-07
831513600,105.25,105.72,105.03,105.09,1221,50,0,1996-05-08
831600000,105.08,105.24,104.5,104.65,1051,50,0,1996-05-09
831686400,104.53,105.63,104.53,105.54,1191,50,0,1996-05-10
831945600,105.27,105.52,104.72,105.05,1381,50,0,1996-05-13
832032000,104.95,106.08,104.75,105.9,1711,50,0,1996-05-14
832118400,105.8,107.0,105.7,106.92,1481,50,0,1996-05-15
832204800,106.86,107.02,106.38,106.59,1011,50,0,1996-05-16
832291200,106.5,107.2,106.32,106.85,1411,50,0,1996-05-17
832550400,106.63,107.5,106.6,107.1,1331,50,0,1996-05-20
832636800,106.95,107.29,106.57,107.2,1191,50,0,1996-05-21
832723200,107.15,107.5,106.8,107.22,1331,50,0,1996-05-22
832809600,107.05,107.17,106.57,106.92,1071,50,0,1996-05-23
832896000,106.85,108.03,106.73,107.95,1501,50,0,1996-05-24
833155200,107.9,107.97,107.59,107.89,751,50,0,1996-05-27
833241600,107.89,108.96,107.85,108.88,1231,50,0,1996-05-28
833328000,108.81,109.02,108.05,108.15,1281,50,0,1996-05-29
833414400,108.1,108.35,106.65,107.74,3041,50,0,1996-05-30
833500800,107.64,108.73,107.6,108.12,1781,50,0,1996-05-31
833760000,108.05,108.53,107.35,108.42,1991,50,0,1996-06-03
833846400,108.39,109.41,108.15,108.74,2171,50,0,1996-06-04
833932800,108.73,109.18,108.48,109.1,1031,50,0,1996-06-05
834019200,108.97,109.57,108.72,109.2,1471,50,0,1996-06-06
834105600,109.1,109.45,108.41,109.31,1871,50,0,1996-06-07
834364800,109.22,109.63,108.8,109.11,1551,50,0,1996-06-10
834451200,109.04,109.75,108.61,109.51,1811,50,0,1996-06-11
834537600,109.49,109.7,108.84,109.0,1231,50,0,1996-06-12
834624000,108.96,109.37,108.45,108.65,1531,50,0,1996-06-13
834710400,108.58,109.27,107.85,109.27,2151,50,0,1996-06-14
834969600,109.15,109.25,108.67,109.07,1081,50,0,1996-06-17
835056000,109.02,109.2,107.6,107.75,1931,50,0,1996-06-18
835142400,107.81,108.43,107.65,108.02,1351,50,0,1996-06-19
835228800,107.94,108.32,107.6,108.21,1171,50,0,1996-06-20
835315200,108.2,109.29,108.1,109.2,1381,50,0,1996-06-21
835574400,108.85,109.26,108.62,108.91,1221,50,0,1996-06-24
835660800,108.85,109.29,108.8,108.95,881,50,0,1996-06-25
835747200,108.87,109.8,108.83,109.6,1211,50,0,1996-06-26
835833600,109.57,109.68,108.92,109.15,1101,50,0,1996-06-27
835920000,109.19,110.05,109.18,109.75,1181,50,0,1996-06-28
836179200,109.7,109.9,109.46,109.7,881,50,0,1996-07-01
836265600,109.65,110.45,109.65,110.36,891,50,0,1996-07-02
836352000,110.3,110.75,110.1,110.34,1261,50,0,1996-07-03
836438400,110.28,110.52,109.92,110.46,1021,50,0,1996-07-04
836524800,110.39,111.09,110.35,110.84,1031,50,0,1996-07-05
836784000,110.85,111.25,110.63,110.86,1231,50,0,1996-07-08
836870400,110.83,110.97,110.03,110.45,1501,50,0,1996-07-09
836956800,110.35,110.65,109.89,110.45,1421,50,0,1996-07-10
837043200,110.36,110.65,110.03,110.25,1131,50,0,1996-07-11
837129600,110.2,111.0,109.95,110.9,1401,50,0,1996-07-12
837388800,110.65,110.89,110.18,110.28,1051,50,0,1996-07-15
837475200,110.2,110.35,108.08,109.38,3721,50,0,1996-07-16
837561600,109.29,109.65,108.49,108.7,1731,50,0,1996-07-17
837648000,108.66,108.95,107.75,108.38,2121,50,0,1996-07-18
837734400,108.32,108.7,107.8,107.94,1421,50,0,1996-07-19
837993600,107.91,108.25,107.1,107.5,1891,50,0,1996-07-22
838080000,107.38,108.16,106.88,107.85,2091,50,0,1996-07-23
838166400,107.73,108.52,107.6,108.45,1121,50,0,1996-07-24
838252800,108.34,108.58,107.7,108.35,1751,50,0,1996-07-25
838339200,108.12,108.92,108.0,108.38,1581,50,0,1996-07-26
838598400,108.38,108.7,108.05,108.2,1121,50,0,1996-07-29
838684800,108.05,108.3,107.7,108.0,1151,50,0,1996-07-30
838771200,107.8,108.1,106.28,106.85,2691,50,0,1996-07-31
838857600,106.81,107.51,106.35,107.1,2031,50,0,1996-08-01
838944000,107.02,107.4,106.65,106.87,1351,50,0,1996-08-02
839203200,106.85,107.08,106.4,106.58,1091,50,0,1996-08-05
839289600,106.58,107.35,106.42,106.85,1591,50,0,1996-08-06
839376000,106.76,108.1,106.65,108.05,1611,50,0,1996-08-07
839462400,107.98,108.38,107.7,108.3,1041,50,0,1996-08-08
839548800,108.25,108.45,107.84,108.3,1171,50,0,1996-08-09
839808000,108.1,108.19,107.46,107.7,1061,50,0,1996-08-12
839894400,107.6,107.83,107.4,107.68,781,50,0,1996-08-13
839980800,107.61,108.2,107.5,108.15,861,50,0,1996-08-14
840067200,108.1,108.25,107.8,107.9,701,50,0,1996-08-15
840153600,107.72,108.05,107.52,107.76,1021,50,0,1996-08-16
840412800,107.68,108.2,107.6,107.86,1021,50,0,1996-08-19
840499200,107.8,108.53,107.75,108.35,1011,50,0,1996-08-20
840585600,108.28,108.68,108.1,108.51,931,50,0,1996-08-21
840672000,108.4,108.78,108.09,108.36,1341,50,0,1996-08-22
840758400,108.31,108.66,107.85,108.16,1471,50,0,1996-08-23
841017600,108.0,108.2,107.48,107.77,1211,50,0,1996-08-26
841104000,107.73,108.03,107.41,107.73,1241,50,0,1996-08-27
841190400,107.67,108.58,107.6,108.48,1151,50,0,1996-08-28
841276800,108.45,108.6,108.16,108.38,811,50,0,1996-08-29
841363200,108.32,109.0,108.23,108.92,941,50,0,1996-08-30
841622400,108.92,109.42,108.75,109.15,1111,50,0,1996-09-02
841708800,109.11,109.54,109.03,109.3,831,50,0,1996-09-03
841795200,109.24,109.4,108.57,108.8,1221,50,0,1996-09-04
841881600,108.79,109.3,108.68,109.23,801,50,0,1996-09-05
841968000,109.19,109.53,109.0,109.28,971,50,0,1996-09-06
842227200,109.19,109.44,108.8,109.21,1261,50,0,1996-09-09
842313600,109.19,110.05,109.1,109.72,1371,50,0,1996-09-10
842400000,109.75,110.5,109.7,110.31,1041,50,0,1996-09-11
842486400,110.25,110.38,109.78,110.15,1101,50,0,1996-09-12
842572800,110.09,110.6,109.89,110.47,1041,50,0,1996-09-13
842832000,110.36,110.67,110.0,110.17,1151,50,0,1996-09-16
842918400,110.12,110.49,109.9,110.31,991,50,0,1996-09-17
843004800,110.26,110.45,108.79,109.18,2241,50,0,1996-09-18
843091200,109.11,109.55,109.05,109.49,621,50,0,1996-09-19
843177600,109.44,110.08,109.43,110.03,711,50,0,1996-09-20
843436800,109.96,110.14,109.67,109.99,911,50,0,1996-09-23
843523200,109.92,110.06,108.95,109.22,1521,50,0,1996-09-24
843609600,109.25,110.55,109.2,110.4,1551,50,0,1996-09-25
843696000,110.4,110.79,110.21,110.65,911,50,0,1996-09-26
843782400,110.58,111.01,110.33,110.85,1091,50,0,1996-09-27
844041600,110.8,111.75,110.8,111.37,1331,50,0,1996-09-30
844128000,111.34,111.54,110.76,111.54,1361,50,0,1996-10-01
844214400,111.53,112.15,111.4,111.9,1131,50,0,1996-10-02
844300800,111.87,112.07,111.26,111.42,1171,50,0,1996-10-03
844387200,111.36,111.87,111.3,111.87,631,50,0,1996-10-04
844646400,111.82,112.05,111.01,111.22,1481,50,0,1996-10-07
844732800,111.17,111.8,110.91,111.65,1301,50,0,1996-10-08
844819200,111.6,111.79,111.18,111.46,1081,50,0,1996-10-09
844905600,111.43,111.55,111.0,111.22,891,50,0,1996-10-10
844992000,111.14,111.85,110.85,111.62,1521,50,0,1996-10-11
845251200,111.6,111.8,111.46,111.69,591,50,0,1996-10-14
845337600,111.67,112.43,111.62,112.26,1031,50,0,1996-10-15
845424000,112.21,112.41,111.95,112.35,781,50,0,1996-10-16
845510400,112.25,112.38,111.77,112.2,1171,50,0,1996-10-17
845596800,112.18,112.72,112.0,112.45,1171,50,0,1996-10-18
845856000,112.4,113.02,112.4,112.69,951,50,0,1996-10-21
845942400,112.65,113.0,112.15,112.27,1321,50,0,1996-10-22
846028800,112.23,113.22,111.94,112.88,1911,50,0,1996-10-23
846115200,112.8,113.12,112.55,112.88,1061,50,0,1996-10-24
846201600,112.8,113.55,112.75,113.45,951,50,0,1996-10-25
846460800,113.41,114.56,113.3,114.34,1591,50,0,1996-10-28
846547200,114.29,114.95,113.5,114.34,2851,50,0,1996-10-29
846633600,114.29,114.57,113.6,114.15,1801,50,0,1996-10-30
846720000,114.13,114.23,113.2,114.05,1981,50,0,1996-10-31
846806400,114.07,114.23,112.85,113.3,1991,50,0,1996-11-01
847065600,113.15,114.08,112.95,113.77,1641,50,0,1996-11-04
847152000,113.72,114.4,113.45,114.28,1341,50,0,1996-11-05
847238400,114.2,114.75,113.67,113.79,1751,50,0,1996-11-06
847324800,113.7,113.8,111.26,112.03,3411,50,0,1996-11-07
847411200,112.0,112.4,111.35,111.8,1901,50,0,1996-11-08
847670400,111.52,112.03,110.86,111.07,1891,50,0,1996-11-11
847756800,111.0,111.85,110.72,111.59,1671,50,0,1996-11-12
847843200,111.57,111.96,111.1,111.9,1391,50,0,1996-11-13
847929600,111.85,112.05,111.08,111.57,1661,50,0,1996-11-14
848016000,111.4,111.57,110.55,111.15,1791,50,0,1996-11-15
848275200,110.9,111.73,110.6,111.38,1781,50,0,1996-11-18
848361600,111.5,111.9,111.21,111.6,1281,50,0,1996-11-19
848448000,111.55,111.81,110.85,111.46,1831,50,0,1996-11-20
848534400,111.43,112.02,111.15,111.28,1591,50,0,1996-11-21
848620800,111.25,111.76,111.03,111.55,1161,50,0,1996-11-22
848880000,111.41,112.83,111.35,112.67,1701,50,0,1996-11-25
848966400,112.61,113.02,112.29,112.45,1301,50,0,1996-11-26
849052800,112.41,113.6,112.24,113.19,1941,50,0,1996-11-27
849139200,113.11,113.84,113.05,113.84,851,50,0,1996-11-28
849225600,113.76,114.01,113.25,113.97,1311,50,0,1996-11-29
849484800,113.77,114.85,113.5,114.49,1981,50,0,1996-12-02
849571200,114.46,114.7,112.83,113.35,2631,50,0,1996-12-03
849657600,113.34,113.55,112.75,112.95,1211,50,0,1996-12-04
849744000,112.84,113.4,112.05,112.4,2261,50,0,1996-12-05
849830400,112.32,113.1,111.73,112.95,2111,50,0,1996-12-06
850089600,113.13,113.57,112.8,113.51,1161,50,0,1996-12-09
850176000,113.51,113.78,112.96,113.17,1301,50,0,1996-12-10
850262400,113.17,113.43,112.58,112.87,1401,50,0,1996-12-11
850348800,112.82,113.67,112.43,113.05,2251,50,0,1996-12-12
850435200,113.04,114.07,112.69,113.95,1851,50,0,1996-12-13
850694400,113.98,114.36,113.6,113.75,1291,50,0,1996-12-16
850780800,113.7,114.25,113.4,113.85,1551,50,0,1996-12-17
850867200,113.8,113.9,113.25,113.52,1021,50,0,1996-12-18
850953600,113.49,114.29,113.27,114.09,1441,50,0,1996-12-19
851040000,114.0,114.48,113.99,114.35,631,50,0,1996-12-20
851299200,114.16,114.43,113.84,114.21,1131,50,0,1996-12-23
851385600,114.15,114.59,114.02,114.5,791,50,0,1996-12-24
851472000,114.4,114.78,114.31,114.67,671,50,0,1996-12-25
851558400,114.6,115.17,114.4,114.86,1281,50,0,1996-12-26
851644800,114.82,116.22,114.7,115.35,2511,50,0,1996-12-27
851904000,115.56,116.31,115.45,116.21,1071,50,0,1996-12-30
851990400,116.15,116.5,115.59,115.9,1571,50,0,1996-12-31
852163200,116.02,116.3,115.28,115.73,1751,50,0,1997-01-02
852249600,115.67,116.8,115.3,116.46,2211,50,0,1997-01-03
852508800,116.74,117.09,115.35,115.74,2481,50,0,1997-01-06
852595200,115.7,116.12,114.85,115.39,2231,50,0,1997-01-07
852681600,115.35,116.08,114.9,115.82,1891,50,0,1997-01-08
852768000,115.79,116.55,115.65,116.37,1221,50,0,1997-01-09
852854400,116.31,116.72,115.2,116.18,2911,50,0,1997-01-10
853113600,116.13,116.62,115.88,116.62,991,50,0,1997-01-13
853200000,116.45,117.21,116.2,117.05,1421,50,0,1997-01-14
853286400,117.06,117.55,116.6,116.83,1671,50,0,1997-01-15
853372800,116.8,117.42,116.3,116.66,2101,50,0,1997-01-16
853459200,116.63,117.52,116.48,116.96,1751,50,0,1997-01-17
853718400,117.31,118.32,117.25,118.0,1451,50,0,1997-01-20
853804800,117.95,118.32,117.45,118.12,1571,50,0,1997-01-21
853891200,118.07,119.25,117.8,119.06,1911,50,0,1997-01-22
853977600,119.01,119.87,118.7,118.82,2151,50,0,1997-01-23
854064000,118.75,120.2,118.31,118.85,3681,50,0,1997-01-24
854323200,119.04,119.75,118.9,119.55,1191,50,0,1997-01-27
854409600,119.64,121.85,119.45,121.0,3441,50,0,1997-01-28
854496000,120.97,122.9,120.9,122.35,2621,50,0,1997-01-29
854582400,122.3,122.7,120.85,122.1,3501,50,0,1997-01-30
854668800,122.11,122.4,120.95,121.37,2161,50,0,1997-01-31
854928000,121.24,122.32,121.18,121.85,1671,50,0,1997-02-03
855014400,121.8,122.75,121.65,122.67,1331,50,0,1997-02-04
855100800,122.6,123.9,122.48,123.63,1811,50,0,1997-02-05
855187200,123.6,124.15,122.7,123.92,2581,50,0,1997-02-06
855273600,123.87,124.81,121.35,123.2,6251,50,0,1997-02-07
855532800,121.45,123.37,121.45,122.96,2331,50,0,1997-02-10
855619200,122.9,123.48,122.55,123.48,1281,50,0,1997-02-11
855705600,123.46,124.55,123.35,124.32,1541,50,0,1997-02-12
855792000,124.24,124.74,123.8,124.44,1681,50,0,1997-02-13
855878400,124.43,124.92,123.7,124.3,2311,50,0,1997-02-14
856137600,124.65,124.77,123.9,124.65,1741,50,0,1997-02-17
856224000,124.55,124.78,123.75,124.21,1721,50,0,1997-02-18
856310400,124.15,124.68,123.38,124.62,2131,50,0,1997-02-19
856396800,124.6,124.72,122.28,122.8,3081,50,0,1997-02-20
856483200,122.76,123.4,122.44,123.3,1381,50,0,1997-02-21
856742400,123.1,123.43,121.55,122.05,2711,50,0,1997-02-24
856828800,122.0,122.43,121.4,121.69,1751,50,0,1997-02-25
856915200,121.63,122.7,120.53,122.24,3731,50,0,1997-02-26
857001600,122.22,122.42,120.29,120.73,2771,50,0,1997-02-27
857088000,120.69,121.15,119.9,120.43,2241,50,0,1997-02-28
857347200,120.25,121.38,119.95,121.35,1761,50,0,1997-03-03
857433600,121.28,122.35,121.05,122.2,1681,50,0,1997-03-04
857520000,122.06,122.4,121.05,121.17,1811,50,0,1997-03-05
857606400,121.15,121.89,120.8,121.2,2131,50,0,1997-03-06
857692800,121.11,122.2,120.95,122.1,1511,50,0,1997-03-07
857952000,122.03,122.22,121.48,121.67,1121,50,0,1997-03-10
858038400,121.67,122.11,121.1,121.93,1761,50,0,1997-03-11
858124800,121.87,123.03,121.8,122.3,2031,50,0,1997-03-12
858211200,122.23,123.5,121.9,123.38,2051,50,0,1997-03-13
858297600,123.34,124.4,123.01,123.5,2621,50,0,1997-03-14
858556800,123.4,124.0,123.18,123.88,1161,50,0,1997-03-17
858643200,123.85,124.0,122.05,122.69,2741,50,0,1997-03-18
858729600,122.66,123.4,122.42,122.78,1841,50,0,1997-03-19
858816000,122.75,123.88,122.1,123.68,2631,50,0,1997-03-20
858902400,123.65,123.7,122.28,122.7,1891,50,0,1997-03-21
859161600,122.68,123.25,122.15,123.05,1831,50,0,1997-03-24
859248000,123.01,124.06,122.75,123.56,2071,50,0,1997-03-25
859334400,123.55,124.59,123.45,124.28,1551,50,0,1997-03-26
859420800,124.23,124.41,123.26,123.67,1741,50,0,1997-03-27
859507200,123.55,124.1,123.4,123.96,991,50,0,1997-03-28
859766400,124.0,124.25,123.43,123.95,1591,50,0,1997-03-31
859852800,123.83,124.15,121.35,122.13,3901,50,0,1997-04-01
859939200,122.1,123.5,121.96,123.0,2181,50,0,1997-04-02
860025600,123.06,123.3,122.45,122.77,1411,50,0,1997-04-03
860112000,122.72,124.4,122.4,124.31,2411,50,0,1997-04-04
860371200,124.3,125.9,124.22,125.77,1891,50,0,1997-04-07
860457600,125.75,126.62,125.35,126.38,1911,50,0,1997-04-08
860544000,126.31,127.02,126.0,126.91,1441,50,0,1997-04-09
860630400,126.85,127.2,125.45,125.85,2501,50,0,1997-04-10
860716800,125.79,126.31,125.57,126.2,1071,50,0,1997-04-11
860976000,126.12,126.68,125.72,126.62,1421,50,0,1997-04-14
861062400,126.6,126.7,125.95,126.08,981,50,0,1997-04-15
861148800,126.03,126.4,125.5,125.9,1671,50,0,1997-04-16
861235200,125.84,126.23,125.03,126.07,2171,50,0,1997-04-17
861321600,125.99,126.24,125.6,125.9,1191,50,0,1997-04-18
861580800,125.68,125.88,125.05,125.41,1391,50,0,1997-04-21
861667200,125.37,126.5,125.29,126.35,1441,50,0,1997-04-22
861753600,126.35,126.57,125.78,126.1,1331,50,0,1997-04-23
861840000,126.05,126.47,125.73,126.12,1411,50,0,1997-04-24
861926400,126.17,126.41,125.45,126.3,1791,50,0,1997-04-25
862185600,126.5,127.15,126.4,126.83,1171,50,0,1997-04-28
862272000,126.78,126.98,126.49,126.88,881,50,0,1997-04-29
862358400,126.83,127.22,126.56,127.1,1051,50,0,1997-04-30
862444800,127.07,127.55,126.18,126.5,2171,50,0,1997-05-01
862531200,126.45,127.1,126.4,126.75,1101,50,0,1997-05-02
862790400,126.5,126.88,126.38,126.7,801,50,0,1997-05-05
862876800,126.65,126.9,125.1,125.3,2251,50,0,1997-05-06
862963200,125.25,125.9,124.55,125.18,2631,50,0,1997-05-07
863049600,125.15,125.38,123.39,123.8,2631,50,0,1997-05-08
863136000,123.69,123.76,118.99,120.1,5951,50,0,1997-05-09
863395200,119.75,119.8,117.4,119.27,4321,50,0,1997-05-12
863481600,119.2,119.75,118.4,118.45,1951,50,0,1997-05-13
863568000,118.4,119.35,116.5,116.65,3951,50,0,1997-05-14
863654400,116.58,117.51,114.66,115.88,5001,50,0,1997-05-15
863740800,115.88,117.1,114.8,115.85,4571,50,0,1997-05-16
864000000,115.45,116.5,114.85,115.68,3071,50,0,1997-05-19
864086400,115.63,115.71,111.88,112.65,4681,50,0,1997-05-20
864172800,112.6,114.52,112.6,114.15,2291,50,0,1997-05-21
864259200,114.45,116.28,114.23,116.18,2371,50,0,1997-05-22
864345600,116.15,116.25,115.05,115.59,1841,50,0,1997-05-23
864604800,116.05,116.75,115.62,116.23,2081,50,0,1997-05-26
864691200,116.17,116.83,115.82,116.65,1541,50,0,1997-05-27
864777600,116.6,117.02,115.09,115.65,2911,50,0,1997-05-28
864864000,115.64,116.7,115.25,116.47,2071,50,0,1997-05-29
864950400,116.45,116.88,115.78,116.24,1991,50,0,1997-05-30
865209600,116.07,116.81,115.8,116.75,1341,50,0,1997-06-02
865296000,116.71,117.0,115.6,116.06,2151,50,0,1997-06-03
865382400,116.02,116.65,115.85,116.28,1341,50,0,1997-06-04
865468800,116.23,116.31,115.39,115.55,1161,50,0,1997-06-05
865555200,115.7,116.11,114.21,114.29,2391,50,0,1997-06-06
865814400,114.17,114.22,111.8,113.09,3761,50,0,1997-06-09
865900800,113.03,113.26,111.6,112.1,2391,50,0,1997-06-10
865987200,112.0,112.6,110.51,111.23,3411,50,0,1997-06-11
866073600,111.23,115.78,111.2,114.2,6191,50,0,1997-06-12
866160000,114.22,115.0,113.93,114.88,1481,50,0,1997-06-13
866419200,114.64,114.95,113.1,113.25,2311,50,0,1997-06-16
866505600,113.19,113.87,112.8,113.19,2141,50,0,1997-06-17
866592000,113.15,113.75,112.83,113.65,1341,50,0,1997-06-18
866678400,113.59,114.4,113.05,114.12,2171,50,0,1997-06-19
866764800,114.07,115.08,114.07,114.99,1101,50,0,1997-06-20
867024000,115.15,115.7,114.6,114.68,1731,50,0,1997-06-23
867110400,114.68,115.05,114.0,114.8,1981,50,0,1997-06-24
867196800,114.77,114.9,113.2,113.89,2521,50,0,1997-06-25
867283200,113.85,114.35,113.0,113.25,2101,50,0,1997-06-26
867369600,113.2,114.8,113.0,114.65,2151,50,0,1997-06-27
867628800,114.52,114.73,114.1,114.67,1111,50,0,1997-06-30
867715200,114.65,115.4,114.45,114.97,1581,50,0,1997-07-01
867801600,114.9,115.0,114.05,114.55,1551,50,0,1997-07-02
867888000,114.53,114.73,113.28,113.5,1871,50,0,1997-07-03
867974400,113.5,114.51,112.93,114.3,2361,50,0,1997-07-04
868233600,114.15,114.2,111.9,112.58,3031,50,0,1997-07-07
868320000,112.52,113.5,112.25,112.92,2101,50,0,1997-07-08
868406400,112.88,113.4,112.3,112.66,1981,50,0,1997-07-09
868492800,112.62,113.25,112.33,113.09,1371,50,0,1997-07-10
868579200,113.06,114.29,112.93,114.29,1491,50,0,1997-07-11
868838400,114.12,114.3,113.3,113.71,1591,50,0,1997-07-14
868924800,113.66,116.06,113.66,115.6,2861,50,0,1997-07-15
869011200,115.54,116.5,115.18,115.4,2501,50,0,1997-07-16
869097600,115.35,116.55,115.3,115.77,2081,50,0,1997-07-17
869184000,115.88,116.25,115.0,115.52,2141,50,0,1997-07-18
869443200,115.51,116.27,115.33,116.22,1171,50,0,1997-07-21
869529600,116.1,116.6,114.69,115.3,3021,50,0,1997-07-22
869616000,115.24,116.05,115.02,115.75,1551,50,0,1997-07-23
869702400,115.71,116.22,115.54,116.14,931,50,0,1997-07-24
869788800,116.13,117.16,115.92,116.92,1691,50,0,1997-07-25
870048000,116.88,117.97,116.85,117.88,1241,50,0,1997-07-28
870134400,117.85,118.5,117.1,118.3,2351,50,0,1997-07-29
870220800,118.24,119.05,118.04,118.29,1971,50,0,1997-07-30
870307200,118.23,118.75,117.8,118.62,1511,50,0,1997-07-31
870393600,118.55,119.27,117.8,118.45,2841,50,0,1997-08-01
870652800,118.58,118.86,118.0,118.1,1241,50,0,1997-08-04
870739200,118.04,119.53,117.92,119.4,1861,50,0,1997-08-05
870825600,119.32,119.68,118.34,118.67,2031,50,0,1997-08-06
870912000,118.57,118.9,117.78,118.53,2201,50,0,1997-08-07
870998400,118.48,118.7,114.25,114.65,5071,50,0,1997-08-08
871257600,114.8,116.4,114.65,116.19,2111,50,0,1997-08-11
871344000,116.2,116.72,115.5,116.43,2211,50,0,1997-08-12
871430400,116.39,116.8,115.3,115.63,2241,50,0,1997-08-13
871516800,115.55,118.33,115.45,118.0,3311,50,0,1997-08-14
871603200,117.85,118.79,116.8,117.4,3531,50,0,1997-08-15
871862400,117.05,118.25,116.85,118.2,1651,50,0,1997-08-18
871948800,118.13,118.53,117.8,118.27,1321,50,0,1997-08-19
872035200,118.24,118.62,117.48,117.68,1721,50,0,1997-08-20
872121600,117.64,118.13,117.0,117.22,1841,50,0,1997-08-21
872208000,117.2,118.44,116.0,118.39,3691,50,0,1997-08-22
872467200,118.07,118.9,117.88,118.75,1361,50,0,1997-08-25
872553600,118.65,118.82,117.6,118.1,1891,50,0,1997-08-26
872640000,118.15,119.3,118.01,118.76,1971,50,0,1997-08-27
872726400,118.7,119.2,118.1,119.0,1901,50,0,1997-08-28
872812800,118.92,121.29,118.73,120.89,3151,50,0,1997-08-29
873072000,121.15,121.2,120.35,120.93,1481,50,0,1997-09-01
873158400,120.88,121.87,120.3,121.48,2541,50,0,1997-09-02
873244800,121.42,121.63,120.5,120.8,1641,50,0,1997-09-03
873331200,120.66,121.48,120.15,121.15,2171,50,0,1997-09-04
873417600,121.15,121.74,120.6,121.2,2231,50,0,1997-09-05
873676800,121.13,121.35,120.69,121.2,1251,50,0,1997-09-08
873763200,121.2,121.3,118.16,118.68,3761,50,0,1997-09-09
873849600,118.64,119.7,118.6,119.1,1741,50,0,1997-09-10
873936000,119.04,119.88,118.51,119.63,2151,50,0,1997-09-11
874022400,119.53,121.74,119.49,121.05,2981,50,0,1997-09-12
874281600,120.93,121.05,119.85,120.09,1561,50,0,1997-09-15
874368000,120.1,121.42,119.94,121.21,1851,50,0,1997-09-16
874454400,121.13,121.4,119.92,120.73,2561,50,0,1997-09-17
874540800,120.63,122.4,120.49,121.98,2471,50,0,1997-09-18
874627200,121.95,122.63,121.04,122.18,2951,50,0,1997-09-19
874886400,122.2,123.13,121.56,121.77,2711,50,0,1997-09-22
874972800,121.74,122.26,121.18,122.08,1821,50,0,1997-09-23
875059200,122.03,122.51,119.2,120.43,5021,50,0,1997-09-24
875145600,120.39,121.5,119.93,121.19,2341,50,0,1997-09-25
875232000,121.12,121.38,120.33,121.25,1971,50,0,1997-09-26
875491200,121.1,121.5,120.77,120.85,1211,50,0,1997-09-29
875577600,120.82,121.6,120.15,120.4,2481,50,0,1997-09-30
875664000,120.35,121.45,120.25,121.05,1701,50,0,1997-10-01
875750400,120.98,121.98,120.69,121.75,1811,50,0,1997-10-02
875836800,121.76,122.53,121.57,122.2,1481,50,0,1997-10-03
876096000,121.82,122.1,121.6,121.84,981,50,0,1997-10-06
876182400,121.8,122.69,121.63,122.5,1421,50,0,1997-10-07
876268800,122.4,122.48,120.75,121.18,2241,50,0,1997-10-08
876355200,121.12,121.45,120.65,121.17,1551,50,0,1997-10-09
876441600,121.12,121.29,119.58,120.14,2441,50,0,1997-10-10
876700800,120.12,121.39,120.07,121.04,1721,50,0,1997-10-13
876787200,121.01,121.86,120.91,121.49,1421,50,0,1997-10-14
876873600,121.43,121.58,120.99,121.04,791,50,0,1997-10-15
876960000,121.02,121.25,119.3,119.8,2681,50,0,1997-10-16
877046400,119.76,120.9,119.72,120.78,1341,50,0,1997-10-17
877305600,120.59,121.55,120.4,121.21,1681,50,0,1997-10-20
877392000,121.16,121.45,120.13,120.86,2341,50,0,1997-10-21
877478400,120.75,121.17,120.48,120.93,1201,50,0,1997-10-22
877564800,120.9,122.07,120.68,121.89,1791,50,0,1997-10-23
877651200,121.8,122.48,120.83,122.18,2921,50,0,1997-10-24
877910400,122.01,122.39,121.48,121.82,1631,50,0,1997-10-27
877996800,121.8,121.96,118.65,120.6,5421,50,0,1997-10-28
878083200,120.54,121.02,119.73,120.81,2311,50,0,1997-10-29
878169600,120.74,120.85,119.8,119.9,1261,50,0,1997-10-30
878256000,119.9,120.6,119.8,120.42,1081,50,0,1997-10-31
878515200,120.32,121.57,119.85,121.29,2471,50,0,1997-11-03
878601600,121.27,122.34,121.25,121.9,1551,50,0,1997-11-04
878688000,121.84,123.55,121.83,123.15,2131,50,0,1997-11-05
878774400,123.11,123.85,122.62,123.7,1871,50,0,1997-11-06
878860800,123.69,124.39,123.08,124.39,1921,50,0,1997-11-07
879120000,124.15,124.55,123.78,124.33,1361,50,0,1997-11-10
879206400,124.29,125.43,124.2,124.86,1891,50,0,1997-11-11
879292800,124.76,126.6,124.55,126.25,2611,50,0,1997-11-12
879379200,126.15,126.7,124.95,125.85,3201,50,0,1997-11-13
879465600,125.78,127.3,125.25,125.4,3721,50,0,1997-11-14
879724800,126.02,126.63,124.2,125.65,4491,50,0,1997-11-17
879811200,125.58,126.2,125.33,126.17,1151,50,0,1997-11-18
879897600,126.15,127.52,126.0,127.14,2051,50,0,1997-11-19
879984000,127.08,127.35,125.2,126.1,3321,50,0,1997-11-20
880070400,126.08,126.65,124.85,126.16,3521,50,0,1997-11-21
880329600,126.51,127.33,126.35,127.09,1381,50,0,1997-11-24
880416000,127.02,128.1,126.3,127.29,3331,50,0,1997-11-25
880502400,127.25,127.99,126.66,127.2,2611,50,0,1997-11-26
880588800,127.17,127.35,126.7,126.87,1001,50,0,1997-11-27
880675200,126.83,127.95,126.65,127.9,1531,50,0,1997-11-28
880934400,127.79,129.4,127.6,128.81,2581,50,0,1997-12-01
881020800,128.77,129.38,128.02,128.58,2531,50,0,1997-12-02
881107200,128.54,129.05,128.25,128.75,1391,50,0,1997-12-03
881193600,128.72,129.85,128.6,129.3,1921,50,0,1997-12-04
881280000,129.27,130.6,128.9,130.3,2371,50,0,1997-12-05
881539200,129.84,130.89,129.4,130.35,2471,50,0,1997-12-08
881625600,130.25,130.7,129.45,129.61,1861,50,0,1997-12-09
881712000,129.57,130.0,128.25,129.29,3221,50,0,1997-12-10
881798400,129.26,130.26,128.55,129.66,3021,50,0,1997-12-11
881884800,129.8,130.54,129.52,130.33,1511,50,0,1997-12-12
882144000,130.36,131.66,130.36,130.85,2111,50,0,1997-12-15
882230400,130.86,131.3,130.58,130.87,1431,50,0,1997-12-16
882316800,130.86,131.6,125.7,127.15,8091,50,0,1997-12-17
882403200,127.0,129.5,126.65,128.48,4221,50,0,1997-12-18
882489600,128.43,129.88,128.08,129.29,2741,50,0,1997-12-19
882748800,129.34,130.83,129.05,130.28,2621,50,0,1997-12-22
882835200,130.22,130.66,129.15,129.82,2621,50,0,1997-12-23
882921600,129.79,130.45,129.43,129.75,2001,50,0,1997-12-24
883008000,129.75,130.32,129.65,129.75,1341,50,0,1997-12-25
883094400,130.37,130.62,130.0,130.56,1051,50,0,1997-12-26
883353600,129.86,130.39,129.22,129.7,2181,50,0,1997-12-29
883440000,129.7,130.33,129.38,130.12,1481,50,0,1997-12-30
883526400,130.08,130.73,129.75,130.6,1441,50,0,1997-12-31
883699200,130.49,132.65,130.45,132.37,253,50,0,1998-01-02
883958400,132.19,134.15,131.85,133.5,330,50,0,1998-01-05
884044800,133.34,134.35,132.95,134.25,190,50,0,1998-01-06
884131200,134.11,134.45,130.8,131.97,517,50,0,1998-01-07
884217600,132.02,133.55,131.2,132.5,423,50,0,1998-01-08
884304000,132.35,132.65,130.49,132.2,418,50,0,1998-01-09
884563200,132.24,133.18,131.7,132.79,242,50,0,1998-01-12
884649600,132.75,133.01,131.2,131.37,225,50,0,1998-01-13
884736000,131.32,131.68,130.38,130.8,209,50,0,1998-01-14
884822400,130.75,131.05,129.48,129.87,227,50,0,1998-01-15
884908800,129.95,130.3,128.0,129.37,403,50,0,1998-01-16
885168000,128.72,129.55,127.36,129.13,398,50,0,1998-01-19
885254400,129.13,129.87,128.25,128.42,254,50,0,1998-01-20
885340800,128.3,128.95,126.6,126.8,321,50,0,1998-01-21
885427200,127.0,127.71,126.4,127.29,234,50,0,1998-01-22
885513600,127.4,127.65,125.4,125.8,291,50,0,1998-01-23
885772800,125.44,126.95,124.3,126.66,409,50,0,1998-01-26
885859200,126.64,126.82,125.0,125.1,211,50,0,1998-01-27
885945600,125.21,126.2,124.69,125.0,282,50,0,1998-01-28
886032000,125.0,126.05,124.75,125.95,166,50,0,1998-01-29
886118400,125.91,127.85,125.83,127.1,286,50,0,1998-01-30
886377600,126.35,127.05,126.2,126.4,166,50,0,1998-02-02
886464000,126.32,126.55,125.55,125.77,146,50,0,1998-02-03
886550400,125.85,125.9,123.25,123.78,324,50,0,1998-02-04
886636800,123.68,124.25,122.75,123.58,291,50,0,1998-02-05
886723200,123.54,124.6,123.47,124.1,171,50,0,1998-02-06
886982400,124.2,125.1,123.82,124.35,242,50,0,1998-02-09
887068800,124.31,124.46,122.99,123.27,191,50,0,1998-02-10
887155200,123.23,124.5,123.11,123.7,232,50,0,1998-02-11
887241600,123.6,124.78,122.35,124.55,392,50,0,1998-02-12
887328000,124.5,125.58,124.05,125.21,236,50,0,1998-02-13
887587200,125.66,126.43,125.48,126.12,145,50,0,1998-02-16
887673600,126.07,127.0,125.45,126.64,254,50,0,1998-02-17
887760000,126.59,126.81,125.58,126.42,230,50,0,1998-02-18
887846400,126.36,126.7,125.68,126.1,179,50,0,1998-02-19
887932800,126.06,128.2,125.85,128.0,277,50,0,1998-02-20
888192000,127.9,129.05,127.49,128.05,298,50,0,1998-02-23
888278400,127.98,128.35,127.55,127.96,159,50,0,1998-02-24
888364800,127.9,129.0,126.78,128.33,402,50,0,1998-02-25
888451200,128.49,129.0,127.0,127.49,301,50,0,1998-02-26
888537600,127.34,127.39,125.8,126.15,200,50,0,1998-02-27
888796800,126.0,126.2,124.72,125.65,262,50,0,1998-03-02
888883200,125.7,126.4,125.22,126.23,184,50,0,1998-03-03
888969600,126.17,126.96,125.33,126.55,289,50,0,1998-03-04
889056000,126.5,128.0,126.41,127.68,201,50,0,1998-03-05
889142400,127.6,128.5,126.92,127.93,284,50,0,1998-03-06
889401600,127.68,128.5,127.62,127.76,169,50,0,1998-03-09
889488000,127.77,127.91,127.2,127.35,101,50,0,1998-03-10
889574400,127.31,129.65,127.15,129.25,307,50,0,1998-03-11
889660800,129.16,129.77,128.7,128.88,187,50,0,1998-03-12
889747200,128.86,129.05,127.72,127.85,166,50,0,1998-03-13
890006400,127.83,129.85,127.65,129.45,279,50,0,1998-03-16
890092800,129.41,129.81,128.65,128.79,171,50,0,1998-03-17
890179200,128.8,130.68,128.73,130.1,261,50,0,1998-03-18
890265600,130.08,130.96,129.48,130.78,227,50,0,1998-03-19
890352000,130.71,131.35,129.35,130.42,372,50,0,1998-03-20
890611200,130.35,130.9,130.08,130.35,165,50,0,1998-03-23
890697600,130.31,130.8,129.65,130.28,228,50,0,1998-03-24
890784000,130.26,130.6,128.45,129.0,305,50,0,1998-03-25
890870400,129.09,129.66,128.2,128.35,219,50,0,1998-03-26
890956800,128.33,130.5,127.82,130.33,337,50,0,1998-03-27
891216000,130.11,132.32,129.95,132.18,268,50,0,1998-03-30
891302400,132.14,133.8,131.41,133.12,381,50,0,1998-03-31
891388800,133.1,133.92,132.6,133.65,210,50,0,1998-04-01
891475200,133.7,134.1,133.0,133.45,919,50,0,1998-04-02
891561600,133.45,135.52,133.12,135.1,1023,50,0,1998-04-03
891820800,135.1,135.25,134.45,134.71,930,50,0,1998-04-06
891907200,133.56,134.9,133.17,133.56,1068,50,0,1998-04-07
891993600,133.53,133.75,130.7,131.32,1090,50,0,1998-04-08
892080000,131.24,133.69,129.35,131.2,1089,50,0,1998-04-09
892166400,131.2,131.6,128.51,128.67,468,50,0,1998-04-10
892425600,128.74,129.88,127.55,129.46,484,50,0,1998-04-13
892512000,129.53,130.45,128.89,129.63,1075,50,0,1998-04-14
892598400,129.63,130.2,128.87,129.9,1186,50,0,1998-04-15
892684800,129.95,132.1,129.7,131.78,16065,50,0,1998-04-16
892771200,131.77,132.23,130.95,131.78,13369,50,0,1998-04-17
893030400,131.8,132.5,131.73,132.1,10105,50,0,1998-04-20
893116800,132.11,132.2,131.04,131.3,14642,50,0,1998-04-21
893203200,131.25,131.85,130.15,130.41,14832,50,0,1998-04-22
893289600,130.4,130.83,129.64,130.2,1001,50,0,1998-04-23
893376000,130.9,131.45,130.82,131.25,853,50,0,1998-04-24
893635200,131.07,132.96,130.72,132.15,11765,50,0,1998-04-27
893721600,132.1,132.63,131.29,132.25,11793,50,0,1998-04-28
893808000,132.24,132.55,131.75,132.38,9657,50,0,1998-04-29
893894400,132.34,132.98,131.68,132.88,4891,50,0,1998-04-30
893980800,132.85,133.53,132.67,133.45,5926,50,0,1998-05-01
894240000,133.4,133.63,132.84,133.03,4217,50,0,1998-05-04
894326400,133.05,133.25,131.25,131.6,5521,50,0,1998-05-05
894412800,131.63,133.32,131.4,133.19,6121,50,0,1998-05-06
894499200,133.11,133.65,132.57,133.27,8409,50,0,1998-05-07
894585600,133.25,133.54,132.29,132.85,6021,50,0,1998-05-08
894844800,133.09,133.5,132.2,132.85,7543,50,0,1998-05-11
894931200,132.82,134.17,132.6,133.95,5522,50,0,1998-05-12
895017600,134.0,134.53,133.7,134.18,6603,50,0,1998-05-13
895104000,134.16,134.67,133.55,133.69,6288,50,0,1998-05-14
895190400,133.67,134.72,133.42,134.63,8182,50,0,1998-05-15
895449600,134.68,136.5,134.65,136.23,8777,50,0,1998-05-18
895536000,136.32,136.8,135.55,136.4,8907,50,0,1998-05-19
895622400,136.47,136.7,135.61,136.01,7999,50,0,1998-05-20
895708800,136.15,136.15,134.74,134.85,6030,50,0,1998-05-21
895795200,134.8,136.18,134.8,135.73,5223,50,0,1998-05-22
896054400,136.52,137.33,136.15,137.07,2931,50,0,1998-05-25
896140800,137.01,138.12,136.9,137.87,10555,50,0,1998-05-26
896227200,137.83,138.06,137.15,137.4,10242,50,0,1998-05-27
896313600,137.4,139.0,136.75,138.8,6737,50,0,1998-05-28
896400000,138.77,139.3,138.3,138.85,6407,50,0,1998-05-29
896659200,138.7,139.8,138.4,139.7,5633,50,0,1998-06-01
896745600,139.65,139.9,138.45,138.76,10067,50,0,1998-06-02
896832000,138.67,139.0,137.4,138.75,10068,50,0,1998-06-03
896918400,138.65,138.79,137.91,138.42,12336,50,0,1998-06-04
897004800,138.43,140.01,138.2,139.7,11919,50,0,1998-06-05
897264000,139.85,140.81,139.7,140.67,12084,50,0,1998-06-08
897350400,140.64,141.3,139.78,140.2,12043,50,0,1998-06-09
897436800,140.2,141.73,140.1,141.48,14538,50,0,1998-06-10
897523200,141.44,144.02,140.9,143.76,13409,50,0,1998-06-11
897609600,143.72,144.8,143.51,144.33,14383,50,0,1998-06-12
897868800,144.25,146.7,144.18,146.13,11121,50,0,1998-06-15
897955200,146.2,146.83,142.5,143.35,12911,50,0,1998-06-16
898041600,143.35,144.19,136.0,136.78,13553,50,0,1998-06-17
898128000,136.91,138.32,135.4,137.84,12777,50,0,1998-06-18
898214400,137.7,137.93,133.65,136.05,11386,50,0,1998-06-19
898473600,138.01,138.95,137.1,138.1,10172,50,0,1998-06-22
898560000,138.12,139.6,137.3,139.32,10628,50,0,1998-06-23
898646400,139.36,141.55,138.9,141.23,12162,50,0,1998-06-24
898732800,141.21,142.4,140.52,142.07,10226,50,0,1998-06-25
898819200,142.15,143.07,141.1,142.25,10512,50,0,1998-06-26
899078400,142.65,143.4,141.35,141.72,10010,50,0,1998-06-29
899164800,141.62,142.43,137.75,138.87,12023,50,0,1998-06-30
899251200,138.92,139.05,137.43,137.9,9675,50,0,1998-07-01
899337600,137.85,141.84,137.8,140.95,11386,50,0,1998-07-02
899424000,140.85,140.93,138.6,139.4,9492,50,0,1998-07-03
899683200,140.6,140.93,139.65,140.16,10000,50,0,1998-07-06
899769600,140.15,140.22,138.23,138.65,9663,50,0,1998-07-07
899856000,138.67,139.99,138.08,139.38,10761,50,0,1998-07-08
899942400,139.47,141.55,139.3,141.07,10546,50,0,1998-07-09
900028800,141.02,141.78,140.15,141.02,9010,50,0,1998-07-10
900288000,143.04,144.4,140.4,141.15,10399,50,0,1998-07-13
900374400,141.05,141.7,139.38,139.98,10092,50,0,1998-07-14
900460800,140.08,141.4,139.9,140.51,10673,50,0,1998-07-15
900547200,140.5,140.92,138.83,140.05,10295,50,0,1998-07-16
900633600,140.05,140.19,138.58,139.5,9588,50,0,1998-07-17
900892800,139.24,139.63,138.53,138.84,7314,50,0,1998-07-20
900979200,138.85,140.55,138.83,140.35,9480,50,0,1998-07-21
901065600,140.42,141.32,140.1,141.17,9786,50,0,1998-07-22
901152000,141.2,142.2,140.53,141.32,11464,50,0,1998-07-23
901238400,141.25,141.78,140.18,141.65,9748,50,0,1998-07-24
901497600,141.55,142.55,141.38,142.4,6162,50,0,1998-07-27
901584000,142.43,142.8,140.98,141.32,7381,50,0,1998-07-28
901670400,141.34,143.0,140.75,142.45,6366,50,0,1998-07-29
901756800,142.52,143.95,141.68,143.72,6618,50,0,1998-07-30
901843200,143.77,144.93,143.45,144.54,7087,50,0,1998-07-31
902102400,144.85,146.0,144.55,145.6,7688,50,0,1998-08-03
902188800,145.6,146.05,144.2,145.03,9237,50,0,1998-08-04
902275200,144.98,145.1,143.35,143.89,8611,50,0,1998-08-05
902361600,143.85,145.09,143.58,144.51,9722,50,0,1998-08-06
902448000,144.58,146.97,144.32,146.24,10598,50,0,1998-08-07
902707200,146.23,146.87,146.0,146.28,8252,50,0,1998-08-10
902793600,146.3,147.71,146.0,147.26,9651,50,0,1998-08-11
902880000,147.24,147.41,144.89,146.07,10683,50,0,1998-08-12
902966400,145.96,147.2,144.53,144.95,10466,50,0,1998-08-13
903052800,144.67,146.48,144.3,146.48,10407,50,0,1998-08-14
903312000,146.32,146.95,145.6,146.17,10098,50,0,1998-08-17
903398400,146.1,146.5,144.63,144.71,11753,50,0,1998-08-18
903484800,144.4,145.05,143.6,143.93,11204,50,0,1998-08-19
903571200,143.95,144.25,141.47,143.09,11088,50,0,1998-08-20
903657600,143.1,145.45,142.55,144.63,9899,50,0,1998-08-21
903916800,144.85,145.28,143.5,143.6,10498,50,0,1998-08-24
904003200,143.65,145.12,143.25,144.28,12016,50,0,1998-08-25
904089600,144.35,144.92,143.85,144.09,10809,50,0,1998-08-26
904176000,144.3,144.3,141.72,142.18,9190,50,0,1998-08-27
904262400,142.11,144.5,140.0,141.8,9556,50,0,1998-08-28
904521600,141.55,142.57,139.0,139.13,6141,50,0,1998-08-31
904608000,139.16,139.95,134.93,136.74,8133,50,0,1998-09-01
904694400,136.65,138.5,136.6,138.2,9476,50,0,1998-09-02
904780800,138.22,138.49,133.79,134.04,10032,50,0,1998-09-03
904867200,133.95,136.04,132.8,133.57,9307,50,0,1998-09-04
905126400,134.5,134.7,130.55,131.73,9706,50,0,1998-09-07
905212800,131.72,133.15,131.1,132.04,7549,50,0,1998-09-08
905299200,131.7,138.6,130.45,136.0,8880,50,0,1998-09-09
905385600,136.05,136.1,133.75,134.09,8581,50,0,1998-09-10
905472000,135.1,135.1,129.1,130.68,9299,50,0,1998-09-11
905731200,131.54,133.51,130.9,132.35,14193,50,0,1998-09-14
905817600,132.59,134.35,132.35,134.14,15593,50,0,1998-09-15
905904000,134.08,135.85,133.79,134.17,16219,50,0,1998-09-16
905990400,134.4,134.81,131.67,131.97,15393,50,0,1998-09-17
906076800,131.8,133.14,131.0,132.66,14818,50,0,1998-09-18
906336000,133.47,134.67,132.32,134.55,14706,50,0,1998-09-21
906422400,134.53,136.15,134.05,135.73,13371,50,0,1998-09-22
906508800,135.57,136.98,135.22,135.45,10850,50,0,1998-09-23
906595200,135.4,137.25,134.6,134.97,14718,50,0,1998-09-24
906681600,134.94,136.55,133.3,136.17,15148,50,0,1998-09-25
906940800,135.94,136.93,134.9,135.31,15395,50,0,1998-09-28
907027200,135.86,136.48,133.35,134.31,15507,50,0,1998-09-29
907113600,134.26,136.87,133.9,136.49,12872,50,0,1998-09-30
907200000,136.49,136.93,135.01,135.8,13604,50,0,1998-10-01
907286400,135.79,135.9,133.01,135.55,13104,50,0,1998-10-02
907545600,135.25,136.05,134.05,134.22,11154,50,0,1998-10-05
907632000,134.02,134.3,129.91,130.35,13358,50,0,1998-10-06
907718400,130.3,130.8,118.85,121.98,16163,50,0,1998-10-07
907804800,122.0,123.55,111.65,118.28,17494,50,0,1998-10-08
907891200,118.47,119.9,115.22,116.65,15636,50,0,1998-10-09
908150400,117.31,118.6,115.0,117.43,11784,50,0,1998-10-12
908236800,117.45,120.47,117.45,119.1,16894,50,0,1998-10-13
908323200,119.19,120.1,118.33,118.67,16893,50,0,1998-10-14
908409600,118.67,119.2,115.46,115.8,18705,50,0,1998-10-15
908496000,115.96,116.8,113.5,115.27,16364,50,0,1998-10-16
908755200,115.6,115.88,113.76,114.38,15164,50,0,1998-10-19
908841600,114.36,118.46,114.3,115.78,15854,50,0,1998-10-20
908928000,115.84,117.6,115.3,117.16,12449,50,0,1998-10-21
909014400,117.3,118.9,117.1,117.42,12481,50,0,1998-10-22
909100800,117.28,119.59,117.24,118.07,14443,50,0,1998-10-23
909360000,118.75,119.5,118.09,119.47,12977,50,0,1998-10-26
909446400,119.49,119.85,117.7,118.28,12631,50,0,1998-10-27
909532800,118.35,118.55,116.66,117.8,13386,50,0,1998-10-28
909619200,117.82,118.08,115.83,116.98,14017,50,0,1998-10-29
909705600,117.03,117.24,114.99,115.8,12945,50,0,1998-10-30
909964800,115.32,116.2,114.4,114.93,13375,50,0,1998-11-02
910051200,114.89,116.23,114.7,115.15,11693,50,0,1998-11-03
910137600,115.15,117.48,115.1,116.98,11366,50,0,1998-11-04
910224000,116.95,118.2,116.85,118.14,11375,50,0,1998-11-05
910310400,118.25,119.15,117.69,119.0,10093,50,0,1998-11-06
910569600,119.25,122.28,119.05,121.68,10041,50,0,1998-11-09
910656000,121.55,123.44,121.35,121.96,10085,50,0,1998-11-10
910742400,122.05,122.43,120.57,121.7,11303,50,0,1998-11-11
910828800,121.73,124.15,121.5,121.89,10635,50,0,1998-11-12
910915200,121.9,123.0,121.0,122.9,10881,50,0,1998-11-13
911174400,122.23,122.67,119.55,120.54,9607,50,0,1998-11-16
911260800,120.49,122.3,119.71,121.19,10190,50,0,1998-11-17
911347200,121.35,122.25,120.66,122.2,11126,50,0,1998-11-18
911433600,122.1,122.2,118.48,119.85,10036,50,0,1998-11-19
911520000,120.22,120.93,118.77,120.35,9448,50,0,1998-11-20
911779200,120.58,121.8,120.15,121.1,9005,50,0,1998-11-23
911865600,121.19,122.03,120.27,121.29,12856,50,0,1998-11-24
911952000,121.29,122.08,120.2,121.81,14715,50,0,1998-11-25
912038400,121.77,122.72,121.3,122.43,12267,50,0,1998-11-26
912124800,122.49,123.6,122.2,123.04,14318,50,0,1998-11-27
912384000,123.24,124.1,122.4,122.96,12914,50,0,1998-11-30
912470400,122.9,123.25,121.58,121.95,14191,50,0,1998-12-01
912556800,121.92,122.2,119.78,120.08,13363,50,0,1998-12-02
912643200,120.1,120.73,117.48,117.84,14334,50,0,1998-12-03
912729600,117.78,119.48,117.3,118.93,13988,50,0,1998-12-04
912988800,118.55,120.33,118.17,120.03,14179,50,0,1998-12-07
913075200,120.01,120.55,118.88,119.07,12757,50,0,1998-12-08
913161600,119.09,119.5,116.86,118.18,14982,50,0,1998-12-09
913248000,118.15,118.4,116.6,117.36,15448,50,0,1998-12-10
913334400,117.35,118.12,116.2,116.25,14517,50,0,1998-12-11
913593600,116.39,116.84,114.92,115.66,14885,50,0,1998-12-14
913680000,115.68,117.65,115.38,116.77,10902,50,0,1998-12-15
913766400,116.8,117.3,115.35,116.65,14544,50,0,1998-12-16
913852800,116.65,116.65,115.58,116.31,14058,50,0,1998-12-17
913939200,116.4,116.55,114.45,116.18,12784,50,0,1998-12-18
914198400,115.57,116.4,114.65,115.75,14021,50,0,1998-12-21
914284800,115.71,117.52,115.6,116.59,13161,50,0,1998-12-22
914371200,116.55,116.8,115.48,115.63,11166,50,0,1998-12-23
914457600,115.64,116.55,115.0,116.29,8890,50,0,1998-12-24
914544000,116.1,116.63,115.73,116.55,2969,50,0,1998-12-25
914803200,116.13,117.14,115.6,115.67,9858,50,0,1998-12-28
914889600,115.69,116.25,114.95,115.77,16817,50,0,1998-12-29
914976000,115.79,115.92,114.45,114.88,12180,50,0,1998-12-30
915062400,114.8,114.93,113.15,113.7,6199,50,0,1998-12-31
915408000,113.47,114.36,111.57,111.94,6596,50,0,1999-01-04
915494400,112.06,112.42,110.51,111.92,7248,50,0,1999-01-05
915580800,111.82,113.43,111.6,112.77,6913,50,0,1999-01-06
915667200,112.72,113.02,109.77,111.33,7387,50,0,1999-01-07
915753600,111.37,112.17,110.52,110.8,11247,50,0,1999-01-08
916012800,110.27,111.0,108.22,109.02,10166,50,0,1999-01-11
916099200,108.97,112.85,108.64,112.6,10877,50,0,1999-01-12
916185600,112.62,114.13,111.11,113.52,7956,50,0,1999-01-13
916272000,113.44,114.45,112.82,113.52,6869,50,0,1999-01-14
916358400,113.45,114.21,112.27,114.15,6018,50,0,1999-01-15
916617600,114.17,115.01,113.34,114.16,5877,50,0,1999-01-18
916704000,114.2,114.97,113.35,113.52,6082,50,0,1999-01-19
916790400,113.62,114.06,112.66,112.91,6461,50,0,1999-01-20
916876800,113.0,114.42,112.32,113.87,6726,50,0,1999-01-21
916963200,113.9,114.74,113.5,114.56,5881,50,0,1999-01-22
917222400,114.57,114.82,113.57,113.72,5247,50,0,1999-01-25
917308800,113.73,114.28,113.3,113.86,6255,50,0,1999-01-26
917395200,113.81,116.14,113.47,115.63,6553,50,0,1999-01-27
917481600,115.62,116.83,115.17,116.29,7813,50,0,1999-01-28
917568000,116.26,116.5,115.73,116.33,6800,50,0,1999-01-29
917827200,115.93,116.02,114.79,115.09,5986,50,0,1999-02-01
917913600,115.1,115.2,111.91,111.93,7977,50,0,1999-02-02
918000000,111.95,113.16,111.75,112.91,6462,50,0,1999-02-03
918086400,112.92,114.1,111.6,112.09,7647,50,0,1999-02-04
918172800,112.07,113.73,111.34,113.13,7497,50,0,1999-02-05
918432000,112.99,115.0,112.72,114.56,6091,50,0,1999-02-08
918518400,114.54,114.92,113.9,114.02,7235,50,0,1999-02-09
918604800,113.82,115.52,113.7,114.32,7350,50,0,1999-02-10
918691200,114.29,114.83,113.59,114.65,5816,50,0,1999-02-11
918777600,114.67,115.78,113.85,114.0,7931,50,0,1999-02-12
919036800,114.05,115.97,113.8,115.92,5497,50,0,1999-02-15
919123200,115.97,118.86,115.65,118.67,7795,50,0,1999-02-16
919209600,118.68,119.25,117.98,118.72,6878,50,0,1999-02-17
919296000,118.73,120.14,118.32,119.68,7012,50,0,1999-02-18
919382400,119.68,121.45,119.41,121.35,8029,50,0,1999-02-19
919641600,121.4,122.52,120.05,121.14,8131,50,0,1999-02-22
919728000,121.02,121.9,119.8,120.79,8362,50,0,1999-02-23
919814400,120.78,122.1,120.57,121.38,7203,50,0,1999-02-24
919900800,121.35,121.82,119.11,119.82,7328,50,0,1999-02-25
919987200,119.62,121.12,118.45,119.21,8285,50,0,1999-02-26
920246400,119.27,119.9,118.86,119.74,6773,50,0,1999-03-01
920332800,119.71,120.87,119.71,120.09,5062,50,0,1999-03-02
920419200,120.04,121.9,119.92,121.85,6986,50,0,1999-03-03
920505600,121.84,123.75,121.78,123.5,6893,50,0,1999-03-04
920592000,123.4,123.57,122.03,122.72,6692,50,0,1999-03-05
920851200,122.85,123.18,121.09,121.71,6554,50,0,1999-03-08
920937600,121.65,122.1,120.63,121.12,8043,50,0,1999-03-09
921024000,121.13,121.38,119.58,119.78,7491,50,0,1999-03-10
921110400,119.77,121.05,118.64,119.11,8134,50,0,1999-03-11
921196800,119.12,120.47,118.67,118.78,7428,50,0,1999-03-12
921456000,119.1,119.39,117.39,117.86,6501,50,0,1999-03-15
921542400,117.87,118.49,117.32,117.44,6056,50,0,1999-03-16
921628800,117.39,119.18,117.2,118.26,6485,50,0,1999-03-17
921715200,118.28,118.8,117.37,117.5,7396,50,0,1999-03-18
921801600,117.53,117.8,116.89,117.05,6733,50,0,1999-03-19
922060800,116.94,118.43,116.92,118.31,6097,50,0,1999-03-22
922147200,118.32,118.78,117.81,118.17,6081,50,0,1999-03-23
922233600,118.23,118.51,117.12,118.16,6806,50,0,1999-03-24
922320000,118.13,118.38,117.69,118.17,6514,50,0,1999-03-25
922406400,118.16,120.49,117.98,120.32,6205,50,0,1999-03-26
922665600,120.36,120.58,119.62,120.22,5442,50,0,1999-03-29
922752000,120.26,120.71,119.86,120.26,4893,50,0,1999-03-30
922838400,120.25,121.0,118.15,118.86,6796,50,0,1999-03-31
922924800,118.86,120.87,118.4,120.87,5493,50,0,1999-04-01
923011200,120.87,120.87,120.35,120.77,1766,50,0,1999-04-02
923270400,120.66,122.0,120.43,121.7,2653,50,0,1999-04-05
923356800,121.71,121.81,120.43,120.55,5812,50,0,1999-04-06
923443200,120.56,121.62,120.45,121.42,5369,50,0,1999-04-07
923529600,121.41,121.6,120.38,121.24,6419,50,0,1999-04-08
923616000,121.25,121.49,120.74,120.94,5987,50,0,1999-04-09
923875200,120.87,120.9,119.75,120.42,5503,50,0,1999-04-12
923961600,120.43,120.8,119.63,119.77,5731,50,0,1999-04-13
924048000,119.78,119.96,118.52,118.72,5872,50,0,1999-04-14
924134400,118.83,119.46,118.28,119.16,6341,50,0,1999-04-15
924220800,119.15,119.17,117.42,117.86,5833,50,0,1999-04-16
924480000,117.82,118.52,117.5,117.61,4996,50,0,1999-04-19
924566400,117.62,118.97,117.46,118.91,5241,50,0,1999-04-20
924652800,118.92,119.93,118.52,119.83,5976,50,0,1999-04-21
924739200,119.82,120.41,119.37,119.53,5707,50,0,1999-04-22
924825600,119.51,119.82,119.02,119.2,5022,50,0,1999-04-23
925084800,119.23,119.58,118.68,119.37,4859,50,0,1999-04-26
925171200,119.33,120.57,119.14,120.24,5591,50,0,1999-04-27
925257600,120.23,120.42,118.31,119.05,7173,50,0,1999-04-28
925344000,119.03,119.64,118.79,119.15,5411,50,0,1999-04-29
925430400,119.14,119.97,118.95,119.5,5563,50,0,1999-04-30
925689600,119.52,120.4,119.42,120.3,3916,50,0,1999-05-03
925776000,120.29,121.29,120.17,120.82,5391,50,0,1999-05-04
925862400,120.85,121.4,120.15,120.4,5890,50,0,1999-05-05
925948800,120.39,121.14,119.82,120.54,6884,50,0,1999-05-06
926035200,120.54,120.92,120.27,120.75,5627,50,0,1999-05-07
926294400,120.91,121.29,120.41,120.62,5060,50,0,1999-05-10
926380800,120.61,121.19,120.27,120.94,5894,50,0,1999-05-11
926467200,120.95,121.61,120.31,120.89,6022,50,0,1999-05-12
926553600,120.89,121.9,120.88,121.77,4821,50,0,1999-05-13
926640000,121.78,122.85,121.52,122.85,6132,50,0,1999-05-14
926899200,122.84,123.59,122.77,123.57,6553,50,0,1999-05-17
926985600,123.53,123.66,122.63,123.32,5817,50,0,1999-05-18
927072000,123.33,124.72,123.21,124.28,7468,50,0,1999-05-19
927158400,124.28,124.82,123.81,124.32,6807,50,0,1999-05-20
927244800,124.33,124.59,123.5,123.97,6114,50,0,1999-05-21
927504000,124.06,124.37,122.92,123.07,4026,50,0,1999-05-24
927590400,123.06,123.35,122.23,122.42,5844,50,0,1999-05-25
927676800,122.33,122.47,121.59,122.34,7289,50,0,1999-05-26
927763200,122.32,122.75,119.75,120.27,7323,50,0,1999-05-27
927849600,120.22,121.78,120.19,121.57,7095,50,0,1999-05-28
928108800,121.75,121.9,121.17,121.52,4137,50,0,1999-05-31
928195200,121.53,121.97,120.36,120.65,6768,50,0,1999-06-01
928281600,120.66,121.69,120.32,121.61,6676,50,0,1999-06-02
928368000,121.63,122.02,120.96,121.52,6858,50,0,1999-06-03
928454400,121.59,122.47,121.02,122.35,5668,50,0,1999-06-04
928713600,122.41,122.42,120.55,120.8,4682,50,0,1999-06-07
928800000,120.81,121.69,118.72,119.27,7810,50,0,1999-06-08
928886400,119.26,119.63,118.57,119.22,7233,50,0,1999-06-09
928972800,119.19,119.95,117.64,118.88,9883,50,0,1999-06-10
929059200,118.89,119.1,117.85,117.89,6877,50,0,1999-06-11
929318400,118.06,120.88,117.88,120.67,8096,50,0,1999-06-14
929404800,120.67,120.77,120.13,120.42,6081,50,0,1999-06-15
929491200,120.46,120.65,119.92,120.42,5230,50,0,1999-06-16
929577600,120.38,120.42,119.12,119.47,6702,50,0,1999-06-17
929664000,119.5,120.94,118.97,120.51,5699,50,0,1999-06-18
929923200,120.72,122.6,120.6,122.35,6844,50,0,1999-06-21
930009600,122.32,122.52,121.5,121.75,6645,50,0,1999-06-22
930096000,121.76,122.33,121.68,121.87,6482,50,0,1999-06-23
930182400,121.88,122.31,121.62,121.89,5826,50,0,1999-06-24
930268800,121.82,122.05,121.12,121.48,6743,50,0,1999-06-25
930528000,121.37,121.95,120.97,121.46,6465,50,0,1999-06-28
930614400,121.48,121.62,120.76,121.08,4692,50,0,1999-06-29
930700800,121.07,121.27,120.55,121.07,6927,50,0,1999-06-30
930787200,121.08,121.52,120.6,120.76,5326,50,0,1999-07-01
930873600,120.77,121.26,120.73,120.96,4634,50,0,1999-07-02
931132800,121.05,122.86,120.87,122.37,5418,50,0,1999-07-05
931219200,122.39,122.44,121.82,122.05,4935,50,0,1999-07-06
931305600,122.04,122.35,121.8,122.34,5059,50,0,1999-07-07
931392000,122.32,122.77,122.2,122.57,5239,50,0,1999-07-08
931478400,122.56,122.72,122.05,122.37,5546,50,0,1999-07-09
931737600,122.32,122.5,121.92,122.22,4520,50,0,1999-07-12
931824000,122.22,122.27,121.12,121.25,6193,50,0,1999-07-13
931910400,121.29,121.5,120.38,120.71,6028,50,0,1999-07-14
931996800,120.74,121.22,120.25,121.0,6918,50,0,1999-07-15
932083200,120.93,121.15,120.47,120.97,6123,50,0,1999-07-16
932342400,120.98,121.05,117.67,118.32,7151,50,0,1999-07-19
932428800,118.34,119.73,117.91,118.97,6384,50,0,1999-07-20
932515200,119.05,119.7,118.05,118.17,6571,50,0,1999-07-21
932601600,118.19,118.8,116.17,116.96,7236,50,0,1999-07-22
932688000,116.96,117.45,116.12,116.48,7389,50,0,1999-07-23
932947200,116.86,117.1,115.43,116.84,7073,50,0,1999-07-26
933033600,116.86,117.4,116.17,116.44,6810,50,0,1999-07-27
933120000,116.44,116.57,115.34,116.07,6274,50,0,1999-07-28
933206400,116.07,116.14,114.91,115.44,7034,50,0,1999-07-29
933292800,115.45,115.85,114.14,114.57,4842,50,0,1999-07-30
933552000,114.86,114.99,113.87,114.45,6835,50,0,1999-08-02
933638400,114.44,115.72,114.36,115.25,6732,50,0,1999-08-03
933724800,115.26,115.35,114.05,114.31,6083,50,0,1999-08-04
933811200,114.38,114.95,113.6,114.56,7372,50,0,1999-08-05
933897600,114.54,115.03,114.24,114.88,5632,50,0,1999-08-06
934156800,115.23,115.52,114.95,115.08,4638,50,0,1999-08-09
934243200,115.09,115.45,114.38,114.89,5613,50,0,1999-08-10
934329600,114.89,115.42,114.48,115.36,5652,50,0,1999-08-11
934416000,115.35,116.07,115.22,115.29,5849,50,0,1999-08-12
934502400,115.3,116.35,114.51,115.8,6203,50,0,1999-08-13
934761600,115.75,115.91,114.55,114.56,6078,50,0,1999-08-16
934848000,114.42,114.95,113.87,114.02,5991,50,0,1999-08-17
934934400,114.01,114.3,111.63,111.96,7982,50,0,1999-08-18
935020800,111.97,112.35,110.71,111.55,8472,50,0,1999-08-19
935107200,111.55,112.16,111.05,111.25,6214,50,0,1999-08-20
935366400,111.26,112.05,110.57,111.54,6763,50,0,1999-08-23
935452800,111.52,112.92,110.68,110.84,7950,50,0,1999-08-24
935539200,110.85,112.2,110.53,111.07,7826,50,0,1999-08-25
935625600,111.09,111.96,110.77,111.57,4659,50,0,1999-08-26
935712000,111.56,111.97,111.27,111.38,5537,50,0,1999-08-27
935971200,110.92,111.6,110.56,110.58,5848,50,0,1999-08-30
936057600,110.57,111.09,109.02,109.68,7437,50,0,1999-08-31
936144000,109.7,109.85,108.66,109.05,6355,50,0,1999-09-01
936230400,109.04,109.66,108.71,109.21,6606,50,0,1999-09-02
936316800,109.21,110.47,109.09,110.04,6112,50,0,1999-09-03
936576000,109.57,109.98,109.33,109.67,5254,50,0,1999-09-06
936662400,109.65,111.42,109.43,110.72,5798,50,0,1999-09-07
936748800,110.72,111.3,110.38,111.15,6574,50,0,1999-09-08
936835200,111.15,111.16,107.56,108.03,8698,50,0,1999-09-09
936921600,108.02,109.99,107.65,108.72,9007,50,0,1999-09-10
937180800,108.85,109.16,106.11,106.69,7003,50,0,1999-09-13
937267200,106.7,107.3,105.16,105.86,9419,50,0,1999-09-14
937353600,105.86,106.05,103.19,104.56,8630,50,0,1999-09-15
937440000,104.48,105.6,103.56,105.23,8003,50,0,1999-09-16
937526400,104.91,107.32,104.78,107.18,6912,50,0,1999-09-17
937785600,107.67,108.22,105.89,106.22,6878,50,0,1999-09-20
937872000,106.23,107.37,103.77,104.88,8538,50,0,1999-09-21
937958400,104.89,105.56,103.67,104.3,6738,50,0,1999-09-22
938044800,104.31,104.62,103.47,103.81,7251,50,0,1999-09-23
938131200,103.81,105.16,103.75,104.2,6882,50,0,1999-09-24
938390400,105.52,106.47,103.9,105.79,7708,50,0,1999-09-27
938476800,105.82,106.72,105.47,106.55,6777,50,0,1999-09-28
938563200,106.53,107.27,106.06,107.16,6692,50,0,1999-09-29
938649600,107.15,107.3,105.2,106.31,7306,50,0,1999-09-30
938736000,106.28,106.38,104.83,105.14,6407,50,0,1999-10-01
938995200,105.08,106.48,104.6,106.2,6059,50,0,1999-10-04
939081600,106.21,107.18,105.88,106.45,6575,50,0,1999-10-05
939168000,106.42,107.79,105.95,107.51,6602,50,0,1999-10-06
939254400,107.49,107.98,106.99,107.16,6201,50,0,1999-10-07
939340800,107.15,108.0,107.08,107.37,5715,50,0,1999-10-08
939600000,107.41,107.48,106.55,106.85,4741,50,0,1999-10-11
939686400,106.87,106.93,106.03,106.14,5647,50,0,1999-10-12
939772800,106.13,108.02,105.91,106.63,6797,50,0,1999-10-13
939859200,106.62,107.47,106.4,107.41,6452,50,0,1999-10-14
939945600,107.46,107.63,105.2,105.25,7031,50,0,1999-10-15
940204800,105.3,105.83,104.79,105.49,6471,50,0,1999-10-18
940291200,105.49,105.92,105.18,105.41,6001,50,0,1999-10-19
940377600,105.43,106.69,105.17,106.36,6488,50,0,1999-10-20
940464000,106.37,106.53,105.75,106.06,6248,50,0,1999-10-21
940550400,106.05,106.27,105.24,105.88,6106,50,0,1999-10-22
940809600,105.86,106.23,105.2,105.35,6930,50,0,1999-10-25
940896000,105.35,105.51,104.53,104.79,6795,50,0,1999-10-26
940982400,104.78,104.86,103.67,104.46,7586,50,0,1999-10-27
941068800,104.45,105.23,103.87,105.22,6529,50,0,1999-10-28
941155200,105.21,105.3,103.95,104.02,6614,50,0,1999-10-29
941414400,104.17,104.56,103.72,104.09,6399,50,0,1999-11-01
941500800,104.05,105.09,103.79,104.04,7146,50,0,1999-11-02
941587200,104.03,105.23,103.41,104.86,7473,50,0,1999-11-03
941673600,104.88,105.57,104.35,104.84,7066,50,0,1999-11-04
941760000,104.84,106.65,104.62,105.93,6935,50,0,1999-11-05
942019200,106.14,106.41,105.08,105.23,7129,50,0,1999-11-08
942105600,105.25,105.54,104.73,105.0,5303,50,0,1999-11-09
942192000,104.94,105.25,104.37,104.58,6124,50,0,1999-11-10
942278400,104.57,105.47,104.45,104.92,5789,50,0,1999-11-11
942364800,104.91,105.39,104.5,105.33,5814,50,0,1999-11-12
942624000,105.31,105.37,104.57,104.85,5856,50,0,1999-11-15
942710400,104.87,106.01,104.8,105.87,5416,50,0,1999-11-16
942796800,105.87,106.3,104.99,105.54,5912,50,0,1999-11-17
942883200,105.57,106.0,105.33,105.96,4610,50,0,1999-11-18
942969600,105.95,106.58,105.73,106.4,5357,50,0,1999-11-19
943228800,106.3,106.59,104.56,104.7,6161,50,0,1999-11-22
943315200,104.69,104.77,104.0,104.28,5822,50,0,1999-11-23
943401600,104.3,104.77,104.05,104.74,6264,50,0,1999-11-24
943488000,104.73,104.98,104.09,104.35,5794,50,0,1999-11-25
943574400,104.35,104.56,101.26,101.82,6847,50,0,1999-11-26
943833600,102.44,104.05,101.6,102.74,8420,50,0,1999-11-29
943920000,102.68,103.11,101.34,102.05,9053,50,0,1999-11-30
944006400,102.08,102.77,101.84,102.63,6764,50,0,1999-12-01
944092800,102.65,102.81,102.19,102.76,5954,50,0,1999-12-02
944179200,102.76,102.79,102.1,102.79,5945,50,0,1999-12-03
944438400,102.63,103.48,102.03,102.92,5159,50,0,1999-12-06
944524800,102.91,103.22,102.18,102.4,5931,50,0,1999-12-07
944611200,102.41,103.2,102.38,102.92,5684,50,0,1999-12-08
944697600,102.92,103.42,102.17,102.51,5343,50,0,1999-12-09
944784000,102.5,103.0,102.12,102.19,5376,50,0,1999-12-10
945043200,102.45,103.35,102.25,103.14,3949,50,0,1999-12-13
945129600,103.13,103.8,102.8,103.51,5032,50,0,1999-12-14
945216000,103.5,103.79,103.32,103.7,4726,50,0,1999-12-15
945302400,103.66,103.68,102.54,103.11,5697,50,0,1999-12-16
945388800,103.1,103.43,102.65,103.25,4928,50,0,1999-12-17
945648000,103.14,103.47,102.26,102.55,6055,50,0,1999-12-20
945734400,102.58,102.62,101.85,102.16,6166,50,0,1999-12-21
945820800,102.17,102.45,101.4,101.6,6114,50,0,1999-12-22
945907200,101.59,102.24,101.3,102.07,3873,50,0,1999-12-23
945993600,102.05,103.17,101.75,102.91,5099,50,0,1999-12-24
946252800,102.78,102.97,102.01,102.25,4239,50,0,1999-12-27
946339200,102.25,102.76,102.02,102.34,5207,50,0,1999-12-28
946425600,102.37,102.57,101.8,102.09,4805,50,0,1999-12-29
946512000,102.13,102.58,101.95,102.52,4571,50,0,1999-12-30
946598400,102.54,102.6,102.11,102.26,1040,50,0,1999-12-31
946857600,102.14,102.26,101.39,101.68,4498,50,0,2000-01-03
946944000,101.71,103.34,101.5,103.15,6780,50,0,2000-01-04
947030400,103.16,104.47,102.8,104.12,5860,50,0,2000-01-05
947116800,104.12,105.58,103.98,105.26,6729,50,0,2000-01-06
947203200,105.26,105.92,104.87,105.41,5457,50,0,2000-01-07
947462400,105.11,105.39,104.33,105.17,5557,50,0,2000-01-10
947548800,105.16,106.33,105.09,106.05,6932,50,0,2000-01-11
947635200,106.04,106.27,105.54,105.73,6353,50,0,2000-01-12
947721600,105.73,106.25,105.42,106.1,5631,50,0,2000-01-13
947808000,106.08,106.6,105.46,105.93,5457,50,0,2000-01-14
948067200,105.85,105.88,104.64,104.9,4752,50,0,2000-01-17
948153600,104.93,105.74,104.78,105.69,5343,50,0,2000-01-18
948240000,105.68,106.11,105.16,105.3,5726,50,0,2000-01-19
948326400,105.27,105.72,105.17,105.37,5541,50,0,2000-01-20
948412800,105.39,105.45,104.42,104.86,6364,50,0,2000-01-21
948672000,105.12,105.86,104.67,105.58,5772,50,0,2000-01-24
948758400,105.55,106.07,105.5,106.05,5320,50,0,2000-01-25
948844800,106.04,106.21,105.53,105.6,5783,50,0,2000-01-26
948931200,105.59,105.9,104.67,105.06,7349,50,0,2000-01-27
949017600,105.06,107.27,104.55,107.19,6233,50,0,2000-01-28
949276800,107.06,107.54,106.59,107.27,5127,50,0,2000-01-31
949363200,107.27,107.98,107.03,107.85,5869,50,0,2000-02-01
949449600,107.86,109.07,107.73,108.21,6423,50,0,2000-02-02
949536000,108.2,108.78,107.17,107.59,6486,50,0,2000-02-03
949622400,107.59,108.06,107.12,107.17,6466,50,0,2000-02-04
949881600,107.22,108.85,107.2,108.62,5767,50,0,2000-02-07
949968000,108.63,109.7,108.62,109.45,6891,50,0,2000-02-08
950054400,109.47,109.67,108.53,108.86,7852,50,0,2000-02-09
950140800,108.84,109.3,108.3,109.25,8201,50,0,2000-02-10
950227200,109.24,109.78,108.67,108.82,6666,50,0,2000-02-11
950486400,108.87,109.0,108.05,108.94,5560,50,0,2000-02-14
950572800,108.94,109.34,108.46,109.16,6724,50,0,2000-02-15
950659200,109.15,109.67,108.88,109.38,6078,50,0,2000-02-16
950745600,109.39,110.68,109.3,110.56,6230,50,0,2000-02-17
950832000,110.58,111.27,110.32,110.98,5497,50,0,2000-02-18
951091200,110.76,111.45,110.4,111.31,6234,50,0,2000-02-21
951177600,111.37,111.73,110.54,110.7,6209,50,0,2000-02-22
951264000,110.72,111.35,110.09,111.09,5531,50,0,2000-02-23
951350400,111.11,111.53,110.55,111.43,6266,50,0,2000-02-24
951436800,111.46,111.49,110.13,110.28,5995,50,0,2000-02-25
951696000,109.62,109.88,108.32,109.46,6144,50,0,2000-02-28
951782400,109.45,110.38,109.37,110.24,6308,50,0,2000-02-29
951868800,110.2,110.25,106.55,107.19,7488,50,0,2000-03-01
951955200,107.19,107.95,106.56,107.72,8185,50,0,2000-03-02
952041600,107.71,108.08,107.3,107.73,6738,50,0,2000-03-03
952300800,107.82,107.9,106.72,107.31,6336,50,0,2000-03-06
952387200,107.33,108.15,105.78,106.22,7219,50,0,2000-03-07
952473600,106.21,107.49,106.01,107.19,7747,50,0,2000-03-08
952560000,107.18,107.57,106.17,106.62,6775,50,0,2000-03-09
952646400,106.61,106.75,106.06,106.33,6106,50,0,2000-03-10
952905600,106.29,106.61,104.78,105.58,6955,50,0,2000-03-13
952992000,105.6,105.93,104.61,105.14,6408,50,0,2000-03-14
953078400,105.15,106.25,104.76,105.65,6582,50,0,2000-03-15
953164800,105.64,105.81,105.09,105.42,5990,50,0,2000-03-16
953251200,105.4,106.8,105.37,106.74,6283,50,0,2000-03-17
953510400,106.91,107.08,106.25,106.36,7070,50,0,2000-03-20
953596800,106.33,107.25,106.24,106.73,6036,50,0,2000-03-21
953683200,106.72,107.18,106.5,107.16,6220,50,0,2000-03-22
953769600,107.14,107.82,106.98,107.24,6170,50,0,2000-03-23
953856000,107.22,107.68,106.69,106.87,5964,50,0,2000-03-24
954115200,106.86,107.17,106.6,106.78,5766,50,0,2000-03-27
954201600,106.78,106.81,105.65,105.85,6796,50,0,2000-03-28
954288000,105.82,106.35,104.97,105.75,6981,50,0,2000-03-29
954374400,105.74,105.92,104.82,105.45,6753,50,0,2000-03-30
954460800,105.47,106.08,102.03,102.77,8199,50,0,2000-03-31
954720000,103.32,105.63,102.84,104.92,7355,50,0,2000-04-03
954806400,104.92,105.77,104.14,105.3,5856,50,0,2000-04-04
954892800,105.28,105.6,104.73,104.86,6558,50,0,2000-04-05
954979200,104.84,105.14,104.55,104.79,5762,50,0,2000-04-06
955065600,104.79,105.51,104.7,105.42,4756,50,0,2000-04-07
955324800,105.39,106.85,105.29,106.49,5899,50,0,2000-04-10
955411200,106.49,107.15,106.27,106.92,5604,50,0,2000-04-11
955497600,106.91,106.99,105.25,105.75,6719,50,0,2000-04-12
955584000,105.8,106.15,105.6,105.87,6241,50,0,2000-04-13
955670400,105.85,106.2,104.72,104.8,6193,50,0,2000-04-14
955929600,104.29,105.35,103.23,104.5,6817,50,0,2000-04-17
956016000,104.5,104.87,103.47,104.68,7525,50,0,2000-04-18
956102400,104.67,105.05,104.22,104.81,6532,50,0,2000-04-19
956188800,104.89,105.89,104.43,105.77,6635,50,0,2000-04-20
956275200,105.77,105.91,105.42,105.77,4342,50,0,2000-04-21
956534400,105.82,106.01,105.06,105.7,4639,50,0,2000-04-24
956620800,105.71,106.35,105.21,106.27,6985,50,0,2000-04-25
956707200,106.31,106.8,105.52,106.25,7433,50,0,2000-04-26
956793600,106.27,106.62,105.84,106.38,7509,50,0,2000-04-27
956880000,106.39,108.31,106.35,108.09,6828,50,0,2000-04-28
957139200,107.78,109.05,107.69,108.78,4835,50,0,2000-05-01
957225600,108.77,108.98,108.22,108.47,6333,50,0,2000-05-02
957312000,108.47,109.52,108.33,109.09,6269,50,0,2000-05-03
957398400,109.1,109.66,107.66,108.02,7338,50,0,2000-05-04
957484800,108.03,108.7,107.23,108.54,6698,50,0,2000-05-05
957744000,108.77,109.22,108.3,108.92,7194,50,0,2000-05-08
957830400,108.93,109.67,108.55,109.31,7169,50,0,2000-05-09
957916800,109.27,109.63,108.6,109.36,6890,50,0,2000-05-10
958003200,109.4,110.08,108.06,108.43,7862,50,0,2000-05-11
958089600,108.45,109.06,107.67,108.18,7052,50,0,2000-05-12
958348800,108.67,109.59,108.58,109.17,5542,50,0,2000-05-15
958435200,109.09,109.91,108.75,109.69,6297,50,0,2000-05-16
958521600,109.68,110.04,109.01,109.23,6496,50,0,2000-05-17
958608000,109.21,109.46,108.44,108.52,7541,50,0,2000-05-18
958694400,108.49,108.82,106.37,106.9,8211,50,0,2000-05-19
958953600,107.13,107.5,106.73,107.16,7163,50,0,2000-05-22
959040000,107.15,107.29,106.39,106.41,7597,50,0,2000-05-23
959126400,106.42,107.99,106.39,107.75,7260,50,0,2000-05-24
959212800,107.74,107.99,107.26,107.34,7644,50,0,2000-05-25
959299200,107.35,107.85,106.58,107.15,7108,50,0,2000-05-26
959558400,107.02,107.41,106.69,106.98,6105,50,0,2000-05-29
959644800,106.99,107.03,106.05,106.59,7108,50,0,2000-05-30
959731200,106.6,107.94,106.17,107.66,7457,50,0,2000-05-31
959817600,107.65,109.02,107.6,108.56,6498,50,0,2000-06-01
959904000,108.55,109.06,107.66,108.03,6551,50,0,2000-06-02
960163200,108.01,108.29,107.25,107.36,6912,50,0,2000-06-05
960249600,107.34,107.62,105.2,105.81,7295,50,0,2000-06-06
960336000,105.82,106.22,105.03,105.48,7828,50,0,2000-06-07
960422400,105.45,106.28,105.4,105.89,7242,50,0,2000-06-08
960508800,105.89,107.2,105.84,107.09,7087,50,0,2000-06-09
960768000,106.8,107.2,106.33,106.88,6531,50,0,2000-06-12
960854400,106.87,107.03,106.19,106.93,6682,50,0,2000-06-13
960940800,106.95,107.15,106.3,106.65,7441,50,0,2000-06-14
961027200,106.67,106.75,105.87,106.47,7198,50,0,2000-06-15
961113600,106.47,106.61,106.01,106.37,6594,50,0,2000-06-16
961372800,106.42,106.51,105.57,105.85,6871,50,0,2000-06-19
961459200,105.86,105.91,105.2,105.45,7510,50,0,2000-06-20
961545600,105.46,105.66,105.15,105.57,6805,50,0,2000-06-21
961632000,105.57,105.67,104.12,104.54,7255,50,0,2000-06-22
961718400,104.54,104.92,103.9,104.76,7494,50,0,2000-06-23
961977600,104.61,105.78,104.27,105.6,7129,50,0,2000-06-26
962064000,105.57,105.93,105.22,105.26,7254,50,0,2000-06-27
962150400,105.26,105.83,105.24,105.52,6730,50,0,2000-06-28
962236800,105.5,105.53,104.38,105.32,7703,50,0,2000-06-29
962323200,105.35,106.37,104.73,106.09,7424,50,0,2000-06-30
962582400,106.04,106.49,105.59,105.68,6793,50,0,2000-07-03
962668800,105.73,106.52,105.27,106.18,7278,50,0,2000-07-04
962755200,106.17,107.2,105.8,106.99,7291,50,0,2000-07-05
962841600,106.98,107.54,106.81,107.44,7326,50,0,2000-07-06
962928000,107.44,107.97,107.21,107.92,6823,50,0,2000-07-07
963187200,107.87,107.91,106.56,107.03,6785,50,0,2000-07-10
963273600,107.03,107.18,106.59,107.09,6902,50,0,2000-07-11
963360000,107.1,108.48,107.02,108.13,7642,50,0,2000-07-12
963446400,108.12,108.39,106.96,108.03,7724,50,0,2000-07-13
963532800,108.05,108.46,107.55,108.09,7237,50,0,2000-07-14
963792000,107.72,108.83,107.3,107.96,7582,50,0,2000-07-17
963878400,108.01,108.42,107.6,108.15,7710,50,0,2000-07-18
963964800,108.18,108.38,107.71,108.26,7106,50,0,2000-07-19
964051200,108.26,108.28,107.3,107.51,6611,50,0,2000-07-20
964137600,107.51,109.2,107.4,109.01,7789,50,0,2000-07-21
964396800,108.74,109.16,108.46,108.75,7235,50,0,2000-07-24
964483200,108.77,109.33,108.56,109.16,6889,50,0,2000-07-25
964569600,109.12,109.42,108.89,109.11,7386,50,0,2000-07-26
964656000,109.12,109.35,108.71,109.15,7420,50,0,2000-07-27
964742400,109.17,109.82,108.52,109.7,7101,50,0,2000-07-28
965001600,109.6,109.8,109.15,109.31,7080,50,0,2000-07-31
965088000,109.33,109.79,108.93,109.26,7532,50,0,2000-08-01
965174400,109.27,109.34,108.3,108.88,6770,50,0,2000-08-02
965260800,108.87,109.15,107.92,108.36,7533,50,0,2000-08-03
965347200,108.37,108.66,108.05,108.58,7519,50,0,2000-08-04
965606400,108.57,109.17,108.45,109.04,6880,50,0,2000-08-07
965692800,109.05,109.27,108.31,108.55,7215,50,0,2000-08-08
965779200,108.54,108.7,107.75,107.88,6868,50,0,2000-08-09
965865600,107.86,109.07,107.47,108.64,7321,50,0,2000-08-10
965952000,108.63,108.95,108.3,108.5,4813,50,0,2000-08-11
966211200,108.65,109.64,108.56,109.42,6502,50,0,2000-08-14
966297600,109.39,109.64,108.87,109.06,7445,50,0,2000-08-15
966384000,109.07,109.21,108.31,108.53,7269,50,0,2000-08-16
966470400,108.56,108.67,108.23,108.54,6956,50,0,2000-08-17
966556800,108.57,109.15,108.06,108.35,7350,50,0,2000-08-18
966816000,108.28,108.77,107.8,108.67,6546,50,0,2000-08-21
966902400,108.69,108.69,108.12,108.32,6373,50,0,2000-08-22
966988800,108.31,108.37,106.82,107.07,7964,50,0,2000-08-23
967075200,107.06,107.42,106.56,106.85,6983,50,0,2000-08-24
967161600,106.88,107.33,106.63,106.84,7386,50,0,2000-08-25
967420800,106.77,106.85,106.05,106.45,5220,50,0,2000-08-28
967507200,106.46,106.73,105.99,106.05,6082,50,0,2000-08-29
967593600,106.05,106.73,105.92,106.47,6900,50,0,2000-08-30
967680000,106.45,106.82,106.22,106.67,6215,50,0,2000-08-31
967766400,106.65,106.74,105.56,105.89,6023,50,0,2000-09-01
968025600,105.92,105.98,105.57,105.92,6190,50,0,2000-09-04
968112000,105.93,106.57,105.76,105.82,6614,50,0,2000-09-05
968198400,105.84,106.14,105.55,105.88,7262,50,0,2000-09-06
968284800,105.92,106.47,104.77,105.16,7860,50,0,2000-09-07
968371200,105.15,106.25,105.05,106.13,7503,50,0,2000-09-08
968630400,106.12,106.55,105.84,106.14,7701,50,0,2000-09-11
968716800,106.16,107.07,106.07,106.84,7165,50,0,2000-09-12
968803200,106.83,107.37,106.8,107.07,6740,50,0,2000-09-13
968889600,107.07,107.72,106.9,107.57,6345,50,0,2000-09-14
968976000,107.55,107.78,107.07,107.11,5920,50,0,2000-09-15
969235200,107.13,107.2,106.64,106.88,6442,50,0,2000-09-18
969321600,106.87,107.15,106.67,106.98,6657,50,0,2000-09-19
969408000,106.97,107.4,106.41,106.55,7319,50,0,2000-09-20
969494400,106.55,106.79,106.27,106.65,7232,50,0,2000-09-21
969580800,106.64,108.15,106.4,107.95,8772,50,0,2000-09-22
969840000,107.9,108.15,107.38,107.76,7095,50,0,2000-09-25
969926400,107.77,107.79,107.15,107.57,6722,50,0,2000-09-26
970012800,107.57,107.93,107.17,107.31,6676,50,0,2000-09-27
970099200,107.31,107.81,107.2,107.66,6353,50,0,2000-09-28
970185600,107.64,108.52,107.49,108.08,7090,50,0,2000-09-29
970444800,108.16,108.99,108.06,108.87,7343,50,0,2000-10-02
970531200,108.78,109.01,108.4,108.83,7438,50,0,2000-10-03
970617600,108.82,109.46,108.55,109.3,6245,50,0,2000-10-04
970704000,109.3,109.61,109.0,109.16,7042,50,0,2000-10-05
970790400,109.15,109.17,108.67,108.78,6599,50,0,2000-10-06
971049600,108.9,109.15,108.72,108.81,5052,50,0,2000-10-09
971136000,108.79,108.88,107.62,107.84,7489,50,0,2000-10-10
971222400,107.82,108.18,107.49,107.76,7145,50,0,2000-10-11
971308800,107.77,108.21,107.32,107.68,6940,50,0,2000-10-12
971395200,107.69,108.02,107.51,107.85,6864,50,0,2000-10-13
971654400,107.69,108.38,107.51,108.07,7256,50,0,2000-10-16
971740800,108.06,108.27,107.85,108.01,7197,50,0,2000-10-17
971827200,107.99,108.35,107.42,107.68,7477,50,0,2000-10-18
971913600,107.65,108.63,107.55,108.36,7953,50,0,2000-10-19
972000000,108.37,109.19,108.22,108.9,7673,50,0,2000-10-20
972259200,108.92,109.06,108.19,108.27,7807,50,0,2000-10-23
972345600,108.28,108.5,107.68,107.74,8235,50,0,2000-10-24
972432000,107.74,108.26,107.62,108.25,8075,50,0,2000-10-25
972518400,108.25,108.63,107.92,108.31,7498,50,0,2000-10-26
972604800,108.3,108.87,108.22,108.65,8229,50,0,2000-10-27
972864000,108.67,109.02,108.41,108.96,9133,50,0,2000-10-30
972950400,108.95,109.31,108.7,109.01,8953,50,0,2000-10-31
973036800,108.94,109.07,108.12,108.24,8043,50,0,2000-11-01
973123200,108.23,108.48,107.96,108.24,7133,50,0,2000-11-02
973209600,108.24,108.37,106.8,107.06,8115,50,0,2000-11-03
973468800,107.23,107.6,106.87,107.45,8404,50,0,2000-11-06
973555200,107.43,107.53,106.93,107.07,8129,50,0,2000-11-07
973641600,107.07,107.87,106.92,107.24,8375,50,0,2000-11-08
973728000,107.24,107.86,107.11,107.38,7842,50,0,2000-11-09
973814400,107.39,108.03,107.35,107.87,8204,50,0,2000-11-10
974073600,107.96,108.09,107.38,107.61,7875,50,0,2000-11-13
974160000,107.6,108.27,107.49,108.19,7473,50,0,2000-11-14
974246400,108.24,108.93,107.97,108.8,8192,50,0,2000-11-15
974332800,108.77,109.14,108.67,108.89,7557,50,0,2000-11-16
974419200,108.86,109.0,108.59,108.82,6934,50,0,2000-11-17
974678400,108.81,110.33,108.79,109.89,7921,50,0,2000-11-20
974764800,109.89,110.47,109.62,110.07,8442,50,0,2000-11-21
974851200,110.07,110.29,109.42,110.13,8203,50,0,2000-11-22
974937600,110.13,110.43,110.01,110.18,7008,50,0,2000-11-23
975024000,110.18,111.45,110.18,111.25,8128,50,0,2000-11-24
975283200,111.18,111.54,110.34,110.39,8603,50,0,2000-11-27
975369600,110.39,110.86,110.02,110.17,8442,50,0,2000-11-28
975456000,110.17,111.36,109.79,111.26,8010,50,0,2000-11-29
975542400,111.26,111.39,110.3,110.37,8648,50,0,2000-11-30
975628800,110.37,112.05,110.31,111.25,8642,50,0,2000-12-01
975888000,111.38,111.42,110.38,111.13,9358,50,0,2000-12-04
975974400,111.16,111.38,110.4,111.07,9053,50,0,2000-12-05
976060800,111.02,111.16,110.13,110.27,8265,50,0,2000-12-06
976147200,110.24,110.85,110.14,110.54,8274,50,0,2000-12-07
976233600,110.54,111.47,110.45,110.95,8427,50,0,2000-12-08
976492800,111.39,111.42,110.54,110.77,6728,50,0,2000-12-11
976579200,110.76,111.77,110.67,111.41,7964,50,0,2000-12-12
976665600,111.41,112.78,111.31,112.31,10076,50,0,2000-12-13
976752000,112.32,112.85,111.84,111.88,9429,50,0,2000-12-14
976838400,111.9,112.72,111.9,112.51,8748,50,0,2000-12-15
977097600,112.54,112.77,111.9,112.19,8307,50,0,2000-12-18
977184000,112.21,112.6,111.8,112.41,8833,50,0,2000-12-19
977270400,112.44,113.05,112.39,112.81,8762,50,0,2000-12-20
977356800,112.8,113.18,111.86,112.2,9238,50,0,2000-12-21
977443200,112.21,113.01,112.02,112.86,8525,50,0,2000-12-22
977702400,112.92,113.01,112.7,112.94,2869,50,0,2000-12-25
977788800,112.95,113.71,112.92,113.67,7101,50,0,2000-12-26
977875200,113.65,114.41,113.57,114.16,8452,50,0,2000-12-27
977961600,114.18,114.92,114.11,114.4,8120,50,0,2000-12-28
978048000,114.43,115.11,114.17,114.37,8580,50,0,2000-12-29
978307200,114.41,114.61,114.33,114.44,265,50,0,2001-01-01
978393600,114.43,115.1,114.23,114.45,8469,50,0,2001-01-02
978480000,114.46,114.7,113.54,113.74,8042,50,0,2001-01-03
978566400,113.74,115.79,113.66,115.6,9091,50,0,2001-01-04
978652800,115.64,116.9,115.57,116.59,9505,50,0,2001-01-05
978912000,116.58,116.64,115.64,116.2,7412,50,0,2001-01-08
978998400,116.26,116.93,115.63,116.83,8072,50,0,2001-01-09
979084800,116.83,117.18,115.76,116.35,8111,50,0,2001-01-10
979171200,116.34,117.91,116.32,117.91,7765,50,0,2001-01-11
979257600,117.94,118.62,117.38,118.54,9195,50,0,2001-01-12
979516800,118.41,119.4,118.41,118.95,8099,50,0,2001-01-15
979603200,118.94,119.18,117.07,117.84,10536,50,0,2001-01-16
979689600,117.81,118.97,116.91,118.94,10381,50,0,2001-01-17
979776000,118.94,119.89,117.61,118.09,10854,50,0,2001-01-18
979862400,118.09,118.33,116.99,117.16,10086,50,0,2001-01-19
980121600,117.07,117.1,116.13,116.54,10340,50,0,2001-01-22
980208000,116.53,117.42,116.42,116.69,9928,50,0,2001-01-23
980294400,116.68,118.47,116.5,117.86,9638,50,0,2001-01-24
980380800,117.87,118.16,116.36,116.82,9925,50,0,2001-01-25
980467200,116.83,117.6,116.31,117.17,8926,50,0,2001-01-26
980726400,117.48,117.76,116.15,116.72,8909,50,0,2001-01-29
980812800,116.68,116.96,115.52,115.82,9635,50,0,2001-01-30
980899200,115.82,116.69,115.62,116.57,9749,50,0,2001-01-31
980985600,116.56,116.77,115.22,115.67,9907,50,0,2001-02-01
981072000,115.65,115.89,114.93,115.69,8860,50,0,2001-02-02
981331200,115.66,116.07,114.61,114.73,9162,50,0,2001-02-05
981417600,114.72,115.29,114.33,114.72,9067,50,0,2001-02-06
981504000,114.81,116.39,114.65,116.27,9122,50,0,2001-02-07
981590400,116.25,116.78,115.84,116.77,9363,50,0,2001-02-08
981676800,116.77,117.78,116.31,117.53,9474,50,0,2001-02-09
981936000,117.65,117.98,117.34,117.44,8424,50,0,2001-02-12
982022400,117.47,117.63,116.55,116.87,9104,50,0,2001-02-13
982108800,116.84,116.9,116.05,116.21,9675,50,0,2001-02-14
982195200,116.27,116.44,115.34,115.51,7504,50,0,2001-02-15
982281600,115.51,115.94,114.53,115.72,9486,50,0,2001-02-16
982540800,116.03,116.2,115.61,116.09,8872,50,0,2001-02-19
982627200,116.08,116.22,115.22,115.74,9420,50,0,2001-02-20
982713600,115.74,116.89,115.31,116.47,9534,50,0,2001-02-21
982800000,116.45,117.2,115.83,116.95,9497,50,0,2001-02-22
982886400,116.94,117.19,115.63,115.88,9813,50,0,2001-02-23
983145600,115.87,116.82,115.77,116.46,9224,50,0,2001-02-26
983232000,116.47,116.61,115.92,116.18,9280,50,0,2001-02-27
983318400,116.18,117.54,115.86,117.35,10034,50,0,2001-02-28
983404800,117.36,117.61,117.01,117.38,9349,50,0,2001-03-01
983491200,117.37,119.33,117.28,118.96,10150,50,0,2001-03-02
983750400,119.17,119.79,118.63,119.19,9240,50,0,2001-03-05
983836800,119.26,119.26,118.25,118.73,9373,50,0,2001-03-06
983923200,118.74,120.27,118.56,119.81,10541,50,0,2001-03-07
984009600,119.82,120.43,119.28,119.74,10634,50,0,2001-03-08
984096000,119.77,119.87,119.07,119.51,9499,50,0,2001-03-09
984355200,119.55,120.73,119.42,120.61,11143,50,0,2001-03-12
984441600,120.58,120.61,119.6,119.64,9779,50,0,2001-03-13
984528000,119.63,121.21,119.29,120.86,11484,50,0,2001-03-14
984614400,120.87,122.56,120.49,121.98,11912,50,0,2001-03-15
984700800,122.02,123.19,121.91,123.01,11287,50,0,2001-03-16
984960000,123.17,123.66,122.01,122.8,11336,50,0,2001-03-19
985046400,122.8,123.04,121.98,122.12,9245,50,0,2001-03-20
985132800,122.12,123.95,122.08,123.08,11077,50,0,2001-03-21
985219200,123.1,124.31,123.0,123.77,10085,50,0,2001-03-22
985305600,123.75,123.79,122.51,122.77,9381,50,0,2001-03-23
985564800,123.01,123.85,122.4,122.64,10783,50,0,2001-03-26
985651200,122.67,123.37,121.72,122.16,10490,50,0,2001-03-27
985737600,122.16,122.76,121.39,122.31,10652,50,0,2001-03-28
985824000,122.3,123.79,122.13,123.75,10765,50,0,2001-03-29
985910400,123.76,126.37,123.23,126.28,11702,50,0,2001-03-30
986169600,126.39,126.86,125.66,126.66,10523,50,0,2001-04-02
986256000,126.66,126.78,125.21,125.52,10632,50,0,2001-04-03
986342400,125.53,126.3,124.84,125.31,10615,50,0,2001-04-04
986428800,125.28,125.52,123.5,124.0,10857,50,0,2001-04-05
986515200,124.03,125.54,123.75,123.8,10280,50,0,2001-04-06
986774400,124.01,125.51,123.96,125.17,9498,50,0,2001-04-09
986860800,125.18,125.43,124.16,124.47,9369,50,0,2001-04-10
986947200,124.51,125.03,123.83,124.8,9540,50,0,2001-04-11
987033600,124.79,124.98,122.94,123.66,9540,50,0,2001-04-12
987120000,123.65,124.49,123.59,124.3,6140,50,0,2001-04-13
987379200,124.16,124.97,124.13,124.34,7006,50,0,2001-04-16
987465600,124.33,124.73,123.1,123.3,9601,50,0,2001-04-17
987552000,123.31,123.62,122.02,122.08,10030,50,0,2001-04-18
987638400,122.1,122.4,120.89,121.07,10075,50,0,2001-04-19
987724800,121.09,122.72,121.07,122.38,9555,50,0,2001-04-20
987984000,121.92,122.55,121.1,121.22,10379,50,0,2001-04-23
988070400,121.23,122.39,121.08,122.28,10602,50,0,2001-04-24
988156800,122.27,122.7,121.97,122.12,9789,50,0,2001-04-25
988243200,122.13,123.57,121.79,123.2,10276,50,0,2001-04-26
988329600,123.2,124.37,123.1,124.05,10894,50,0,2001-04-27
988588800,124.04,124.22,123.18,123.58,8960,50,0,2001-04-30
988675200,123.63,123.68,121.85,122.1,9752,50,0,2001-05-01
988761600,122.1,122.58,121.26,121.48,10205,50,0,2001-05-02
988848000,121.49,121.86,120.75,121.34,10129,50,0,2001-05-03
988934400,121.3,121.55,120.53,121.33,9190,50,0,2001-05-04
989193600,121.34,121.84,120.93,121.09,9502,50,0,2001-05-07
989280000,121.11,122.17,120.78,121.28,10091,50,0,2001-05-08
989366400,121.29,122.45,121.22,122.3,10163,50,0,2001-05-09
989452800,122.28,122.79,122.01,122.56,9409,50,0,2001-05-10
989539200,122.58,122.87,121.82,122.38,9522,50,0,2001-05-11
989798400,122.51,123.4,122.41,123.33,9361,50,0,2001-05-14
989884800,123.31,123.69,123.04,123.32,9632,50,0,2001-05-15
989971200,123.34,124.08,123.08,123.41,10295,50,0,2001-05-16
990057600,123.4,123.49,122.43,122.61,9861,50,0,2001-05-17
990144000,122.61,123.83,122.53,123.54,9610,50,0,2001-05-18
990403200,123.66,123.78,122.53,122.68,9653,50,0,2001-05-21
990489600,122.67,123.35,122.43,122.81,9849,50,0,2001-05-22
990576000,122.81,122.87,119.37,120.01,11583,50,0,2001-05-23
990662400,120.03,120.42,118.99,119.85,11107,50,0,2001-05-24
990748800,119.86,120.82,119.82,120.65,9851,50,0,2001-05-25
991008000,120.49,121.23,120.45,121.1,7179,50,0,2001-05-28
991094400,121.09,121.4,119.97,120.15,10031,50,0,2001-05-29
991180800,120.2,120.72,119.89,120.35,10020,50,0,2001-05-30
991267200,120.37,120.62,118.52,119.3,11144,50,0,2001-05-31
991353600,119.32,119.33,118.31,119.27,10430,50,0,2001-06-01
991612800,119.17,119.9,118.86,119.26,8815,50,0,2001-06-04
991699200,119.26,120.44,118.71,120.24,9332,50,0,2001-06-05
991785600,120.25,120.89,120.05,120.11,9125,50,0,2001-06-06
991872000,120.15,120.32,119.61,120.15,9246,50,0,2001-06-07
991958400,120.14,120.99,120.05,120.88,8583,50,0,2001-06-08
992217600,120.9,122.1,120.85,121.91,8507,50,0,2001-06-11
992304000,121.92,122.09,121.56,121.65,8907,50,0,2001-06-12
992390400,121.68,122.45,121.55,122.11,9317,50,0,2001-06-13
992476800,122.1,122.3,121.21,121.28,9071,50,0,2001-06-14
992563200,121.31,123.3,120.82,122.92,9957,50,0,2001-06-15
992822400,122.97,123.55,122.74,123.25,9509,50,0,2001-06-18
992908800,123.25,123.77,122.68,122.87,9808,50,0,2001-06-19
992995200,122.9,124.06,122.54,123.95,9746,50,0,2001-06-20
993081600,123.96,124.72,123.69,124.59,9937,50,0,2001-06-21
993168000,124.6,124.74,123.83,124.5,9313,50,0,2001-06-22
993427200,124.31,124.5,123.69,123.81,8531,50,0,2001-06-25
993513600,123.82,124.07,123.25,123.75,9208,50,0,2001-06-26
993600000,123.75,124.49,123.73,124.3,9606,50,0,2001-06-27
993686400,124.21,125.03,124.19,124.8,10071,50,0,2001-06-28
993772800,124.82,124.88,123.71,124.61,9289,50,0,2001-06-29
994032000,124.76,125.0,124.08,124.13,7880,50,0,2001-07-02
994118400,124.13,124.61,123.63,124.4,8683,50,0,2001-07-03
994204800,124.37,125.06,124.24,124.43,7499,50,0,2001-07-04
994291200,124.46,125.8,124.39,125.72,7927,50,0,2001-07-05
994377600,125.71,126.16,125.46,125.88,8692,50,0,2001-07-06
994636800,125.79,125.99,125.23,125.36,8197,50,0,2001-07-09
994723200,125.35,125.91,125.21,125.35,8510,50,0,2001-07-10
994809600,125.33,125.77,123.86,124.33,10171,50,0,2001-07-11
994896000,124.35,124.53,123.49,123.84,10205,50,0,2001-07-12
994982400,123.87,125.05,123.83,124.94,9519,50,0,2001-07-13
995241600,124.73,125.56,124.69,125.43,9059,50,0,2001-07-16
995328000,125.46,125.67,124.75,124.88,9121,50,0,2001-07-17
995414400,124.88,125.47,123.78,123.91,10442,50,0,2001-07-18
995500800,123.94,124.18,123.19,123.41,11647,50,0,2001-07-19
995587200,123.42,123.81,122.7,123.01,9782,50,0,2001-07-20
995846400,123.06,124.5,123.06,124.41,10378,50,0,2001-07-23
995932800,124.41,124.52,123.84,124.16,10304,50,0,2001-07-24
996019200,124.16,124.5,123.41,123.61,10252,50,0,2001-07-25
996105600,123.61,124.13,123.15,123.74,10353,50,0,2001-07-26
996192000,123.73,124.18,123.21,123.51,9375,50,0,2001-07-27
996451200,123.27,125.4,123.23,125.14,10170,50,0,2001-07-30
996537600,125.14,125.28,124.65,125.01,9858,50,0,2001-07-31
996624000,125.02,125.25,124.44,124.54,10307,50,0,2001-08-01
996710400,124.6,124.72,123.55,123.7,10855,50,0,2001-08-02
996796800,123.68,124.07,123.31,123.65,9800,50,0,2001-08-03
997056000,123.64,124.32,123.6,123.88,8576,50,0,2001-08-06
997142400,123.87,124.19,123.41,123.58,9203,50,0,2001-08-07
997228800,123.58,123.72,122.79,123.65,10049,50,0,2001-08-08
997315200,123.67,123.98,121.36,121.96,9778,50,0,2001-08-09
997401600,121.96,122.64,121.72,122.07,10449,50,0,2001-08-10
997660800,121.96,122.56,121.4,122.53,10971,50,0,2001-08-13
997747200,122.51,123.18,121.18,121.79,10744,50,0,2001-08-14
997833600,121.83,121.95,119.08,119.57,11506,50,0,2001-08-15
997920000,119.55,120.46,119.24,120.31,11707,50,0,2001-08-16
998006400,120.35,120.81,120.06,120.19,9823,50,0,2001-08-17
998265600,120.31,120.9,120.07,120.68,10048,50,0,2001-08-20
998352000,120.76,120.96,119.5,119.69,11010,50,0,2001-08-21
998438400,119.7,120.58,119.34,120.47,10347,50,0,2001-08-22
998524800,120.39,120.71,119.63,119.89,9783,50,0,2001-08-23
998611200,119.89,120.42,119.51,120.02,9348,50,0,2001-08-24
998870400,120.18,120.53,119.77,119.86,8781,50,0,2001-08-27
998956800,119.88,120.83,119.67,120.02,10354,50,0,2001-08-28
999043200,120.01,120.31,119.08,120.13,10073,50,0,2001-08-29
999129600,120.14,120.27,119.2,119.46,10501,50,0,2001-08-30
999216000,119.45,119.57,118.52,118.79,11927,50,0,2001-08-31
999475200,119.08,119.31,118.58,118.75,8800,50,0,2001-09-03
999561600,118.75,119.68,118.59,119.37,10849,50,0,2001-09-04
999648000,119.37,120.92,119.3,120.65,10776,50,0,2001-09-05
999734400,120.71,121.56,120.62,120.86,10916,50,0,2001-09-06
999820800,120.89,121.47,119.76,120.05,11222,50,0,2001-09-07
1000080000,120.14,121.19,119.77,120.96,9814,50,0,2001-09-10
1000166400,120.98,122.1,118.52,119.83,14587,50,0,2001-09-11
1000252800,119.82,119.89,118.63,119.52,10927,50,0,2001-09-12
1000339200,119.51,119.75,118.59,118.86,10785,50,0,2001-09-13
1000425600,118.88,119.21,116.89,117.37,11363,50,0,2001-09-14
1000684800,117.55,118.4,116.67,117.77,12385,50,0,2001-09-17
1000771200,117.77,118.22,117.09,117.38,11030,50,0,2001-09-18
1000857600,117.36,118.15,117.1,117.63,9932,50,0,2001-09-19
1000944000,117.63,117.67,115.79,116.35,10084,50,0,2001-09-20
1001030400,116.37,117.52,116.03,116.65,11281,50,0,2001-09-21
1001289600,116.89,117.64,116.29,117.51,8704,50,0,2001-09-24
1001376000,117.53,117.83,116.98,117.54,9208,50,0,2001-09-25
1001462400,117.66,118.11,117.09,117.75,10888,50,0,2001-09-26
1001548800,117.77,120.05,117.66,119.68,11067,50,0,2001-09-27
1001635200,119.68,119.79,118.69,119.53,10860,50,0,2001-09-28
1001894400,119.47,120.45,119.32,120.22,10641,50,0,2001-10-01
1001980800,120.23,121.15,120.08,120.69,9823,50,0,2001-10-02
1002067200,120.69,121.52,120.45,120.65,10679,50,0,2001-10-03
1002153600,120.63,120.87,120.15,120.49,9311,50,0,2001-10-04
1002240000,120.48,120.7,119.96,120.52,8795,50,0,2001-10-05
1002499200,120.29,120.31,119.62,119.78,8016,50,0,2001-10-08
1002585600,119.79,120.38,119.74,120.17,8423,50,0,2001-10-09
1002672000,120.2,120.62,119.77,120.38,8731,50,0,2001-10-10
1002758400,120.32,121.71,120.09,121.41,9451,50,0,2001-10-11
1002844800,121.41,121.81,120.72,121.1,9893,50,0,2001-10-12
1003104000,120.89,121.17,120.42,120.85,8900,50,0,2001-10-15
1003190400,120.86,121.92,120.6,121.29,9423,50,0,2001-10-16
1003276800,121.3,121.85,120.8,121.21,9463,50,0,2001-10-17
1003363200,121.21,121.5,120.75,121.11,9649,50,0,2001-10-18
1003449600,121.1,121.38,120.79,121.22,8351,50,0,2001-10-19
1003708800,121.18,122.6,121.16,122.42,10090,50,0,2001-10-22
1003795200,122.42,123.06,122.22,122.67,10566,50,0,2001-10-23
1003881600,122.67,123.01,122.33,122.76,9430,50,0,2001-10-24
1003968000,122.78,123.39,122.47,122.9,9770,50,0,2001-10-25
1004054400,122.93,123.28,122.43,122.7,9361,50,0,2001-10-26
1004313600,122.69,122.79,121.85,121.97,9409,50,0,2001-10-29
1004400000,121.95,122.17,121.57,122.08,9134,50,0,2001-10-30
1004486400,122.1,122.63,121.66,122.48,8983,50,0,2001-10-31
1004572800,122.48,122.54,121.37,122.01,9307,50,0,2001-11-01
1004659200,121.99,122.08,121.45,121.67,8879,50,0,2001-11-02
1004918400,121.63,122.17,121.59,121.65,7947,50,0,2001-11-05
1005004800,121.65,121.72,120.95,121.23,7945,50,0,2001-11-06
1005091200,121.21,121.27,120.7,121.02,8788,50,0,2001-11-07
1005177600,121.02,121.41,119.76,120.06,9662,50,0,2001-11-08
1005264000,120.1,120.56,120.03,120.34,8637,50,0,2001-11-09
1005523200,120.37,120.88,119.69,120.46,5925,50,0,2001-11-12
1005609600,120.42,121.79,120.42,121.48,9612,50,0,2001-11-13
1005696000,121.48,122.01,121.33,121.55,8769,50,0,2001-11-14
1005782400,121.53,122.51,121.47,122.4,9195,50,0,2001-11-15
1005868800,122.39,122.96,121.99,122.95,9036,50,0,2001-11-16
1006128000,122.86,123.55,122.75,123.13,9504,50,0,2001-11-19
1006214400,123.14,123.27,122.51,122.61,9197,50,0,2001-11-20
1006300800,122.63,123.44,122.52,123.23,9772,50,0,2001-11-21
1006387200,123.22,124.04,122.94,123.96,9085,50,0,2001-11-22
1006473600,123.95,124.5,123.66,124.22,8489,50,0,2001-11-23
1006732800,124.41,124.44,123.79,124.07,9047,50,0,2001-11-26
1006819200,124.09,124.6,123.69,123.93,9540,50,0,2001-11-27
1006905600,123.94,123.99,123.04,123.12,10159,50,0,2001-11-28
1006992000,123.07,123.97,122.83,123.89,9825,50,0,2001-11-29
1007078400,123.91,124.2,122.82,123.51,10543,50,0,2001-11-30
1007337600,123.37,124.18,123.26,124.1,10587,50,0,2001-12-03
1007424000,124.08,124.4,123.62,124.12,10443,50,0,2001-12-04
1007510400,124.13,124.53,123.99,124.14,10081,50,0,2001-12-05
1007596800,124.15,124.96,123.75,124.59,9464,50,0,2001-12-06
1007683200,124.56,125.76,124.47,125.53,10143,50,0,2001-12-07
1007942400,125.57,126.42,125.52,126.0,10239,50,0,2001-12-10
1008028800,125.98,126.33,125.69,126.02,9693,50,0,2001-12-11
1008115200,126.0,126.6,125.49,125.97,10288,50,0,2001-12-12
1008201600,125.96,126.67,125.85,126.02,9447,50,0,2001-12-13
1008288000,126.03,127.98,125.98,127.38,11487,50,0,2001-12-14
1008547200,127.33,128.04,127.13,127.58,10595,50,0,2001-12-17
1008633600,127.57,128.44,127.54,127.97,10204,50,0,2001-12-18
1008720000,127.98,128.45,127.59,128.2,11341,50,0,2001-12-19
1008806400,128.22,128.9,127.9,128.87,11885,50,0,2001-12-20
1008892800,128.89,129.75,128.85,129.54,11791,50,0,2001-12-21
1009152000,129.56,130.01,129.31,129.97,8377,50,0,2001-12-24
1009238400,129.96,130.97,129.75,130.9,4213,50,0,2001-12-25
1009324800,130.9,131.18,130.36,131.06,9550,50,0,2001-12-26
1009411200,131.17,132.08,130.93,131.69,13167,50,0,2001-12-27
1009497600,131.69,131.91,130.77,131.13,11069,50,0,2001-12-28
1009756800,131.31,131.73,130.62,131.68,7888,50,0,2001-12-31
1009843200,131.72,131.72,131.45,131.68,451,50,0,2002-01-01
1009929600,131.68,132.3,131.26,132.11,8927,50,0,2002-01-02
1010016000,132.16,132.24,131.36,131.82,9080,50,0,2002-01-03
1010102400,131.82,131.85,130.63,130.95,9341,50,0,2002-01-04
1010361600,130.97,131.63,130.37,131.12,9775,50,0,2002-01-07
1010448000,131.14,132.95,131.11,132.85,11508,50,0,2002-01-08
1010534400,132.9,133.4,132.19,133.17,10105,50,0,2002-01-09
1010620800,133.15,133.24,131.98,132.26,10455,50,0,2002-01-10
1010707200,132.26,132.56,131.58,132.21,9646,50,0,2002-01-11
1010966400,131.97,132.17,131.45,131.83,8429,50,0,2002-01-14
1011052800,131.84,131.95,130.88,131.12,9584,50,0,2002-01-15
1011139200,131.12,132.3,131.1,132.29,9660,50,0,2002-01-16
1011225600,132.27,132.69,131.8,132.53,9576,50,0,2002-01-17
1011312000,132.53,133.06,132.35,132.68,9138,50,0,2002-01-18
1011571200,132.66,132.92,131.97,132.87,8037,50,0,2002-01-21
1011657600,132.87,134.49,132.77,133.78,11079,50,0,2002-01-22
1011744000,133.78,134.66,133.58,134.58,9252,50,0,2002-01-23
1011830400,134.61,134.85,134.07,134.72,10010,50,0,2002-01-24
1011916800,134.8,134.96,134.08,134.6,9434,50,0,2002-01-25
1012176000,134.87,134.95,133.19,133.53,13454,50,0,2002-01-28
1012262400,133.53,133.74,132.98,133.48,8761,50,0,2002-01-29
1012348800,133.49,133.66,132.35,132.74,9119,50,0,2002-01-30
1012435200,132.78,135.19,132.63,134.72,9559,50,0,2002-01-31
1012521600,134.74,135.05,132.91,133.01,10245,50,0,2002-02-01
1012780800,133.16,133.51,131.99,132.27,8810,50,0,2002-02-04
1012867200,132.26,134.29,131.95,133.89,9277,50,0,2002-02-05
1012953600,133.89,134.39,133.35,133.78,9127,50,0,2002-02-06
1013040000,133.76,134.17,133.4,133.71,8969,50,0,2002-02-07
1013126400,133.72,135.02,133.51,134.7,9364,50,0,2002-02-08
1013385600,134.9,135.06,133.16,133.4,8299,50,0,2002-02-11
1013472000,133.4,133.74,132.46,132.64,8574,50,0,2002-02-12
1013558400,132.69,133.45,132.16,133.17,8857,50,0,2002-02-13
1013644800,133.13,133.21,131.97,132.12,9500,50,0,2002-02-14
1013731200,132.08,133.21,131.85,132.62,9133,50,0,2002-02-15
1013990400,132.68,132.88,132.39,132.72,6263,50,0,2002-02-18
1014076800,132.68,134.03,132.61,133.66,8637,50,0,2002-02-19
1014163200,133.64,133.96,132.99,133.75,8131,50,0,2002-02-20
1014249600,133.75,134.51,133.4,134.24,8922,50,0,2002-02-21
1014336000,134.25,134.52,133.52,134.13,8837,50,0,2002-02-22
1014595200,134.14,134.19,133.63,133.9,8319,50,0,2002-02-25
1014681600,133.91,134.72,133.64,134.67,9350,50,0,2002-02-26
1014768000,134.66,135.0,134.1,134.3,9179,50,0,2002-02-27
1014854400,134.3,134.41,133.18,133.34,9882,50,0,2002-02-28
1014940800,133.33,133.88,133.08,133.41,8663,50,0,2002-03-01
1015200000,133.38,133.6,131.86,132.08,8741,50,0,2002-03-04
1015286400,132.09,132.62,131.58,132.24,9175,50,0,2002-03-05
1015372800,132.24,132.54,130.53,130.7,10448,50,0,2002-03-06
1015459200,130.7,130.93,126.38,127.72,13499,50,0,2002-03-07
1015545600,127.75,128.79,127.28,128.62,12305,50,0,2002-03-08
1015804800,128.67,129.22,127.76,128.25,9424,50,0,2002-03-11
1015891200,128.23,129.3,127.97,129.17,9280,50,0,2002-03-12
1015977600,129.18,129.66,128.98,129.49,9138,50,0,2002-03-13
1016064000,129.46,129.57,128.21,129.22,9920,50,0,2002-03-14
1016150400,129.26,129.49,128.86,129.07,8298,50,0,2002-03-15
1016409600,129.27,131.59,129.23,131.26,10134,50,0,2002-03-18
1016496000,131.32,132.49,130.86,132.16,9682,50,0,2002-03-19
1016582400,132.14,132.43,131.25,131.29,9725,50,0,2002-03-20
1016668800,131.29,132.27,131.25,132.01,8796,50,0,2002-03-21
1016755200,132.0,132.96,131.98,132.96,9610,50,0,2002-03-22
1017014400,132.79,133.5,132.68,133.39,9734,50,0,2002-03-25
1017100800,133.39,133.49,132.25,133.17,10975,50,0,2002-03-26
1017187200,133.15,133.29,132.3,132.72,10484,50,0,2002-03-27
1017273600,132.73,132.9,132.18,132.76,10238,50,0,2002-03-28
1017360000,132.76,133.24,132.23,132.73,5923,50,0,2002-03-29
1017619200,132.97,133.85,132.86,133.38,8416,50,0,2002-04-01
1017705600,133.3,133.64,132.85,133.2,10139,50,0,2002-04-02
1017792000,133.22,133.33,132.37,132.72,9947,50,0,2002-04-03
1017878400,132.73,133.15,131.6,132.37,10148,50,0,2002-04-04
1017964800,132.37,132.48,131.3,131.6,8013,50,0,2002-04-05
1018224000,131.74,131.88,131.12,131.68,8287,50,0,2002-04-08
1018310400,131.69,131.95,130.57,130.65,8899,50,0,2002-04-09
1018396800,130.58,130.88,130.21,130.73,9126,50,0,2002-04-10
1018483200,130.74,131.87,130.63,131.53,8996,50,0,2002-04-11
1018569600,131.52,132.28,131.26,131.96,8487,50,0,2002-04-12
1018828800,132.08,132.41,131.33,132.18,8692,50,0,2002-04-15
1018915200,132.16,132.19,130.88,131.2,8599,50,0,2002-04-16
1019001600,131.21,131.32,130.42,130.65,8965,50,0,2002-04-17
1019088000,130.65,130.78,129.57,130.04,9903,50,0,2002-04-18
1019174400,130.05,130.67,129.87,130.36,7710,50,0,2002-04-19
1019433600,130.65,130.71,129.64,130.06,8141,50,0,2002-04-22
1019520000,130.06,130.33,129.73,130.2,7768,50,0,2002-04-23
1019606400,130.22,130.45,129.45,129.59,8767,50,0,2002-04-24
1019692800,129.6,129.7,128.16,128.73,9496,50,0,2002-04-25
1019779200,128.72,128.93,127.77,127.91,9100,50,0,2002-04-26
1020038400,127.91,128.29,127.65,128.02,8334,50,0,2002-04-29
1020124800,128.01,128.68,127.72,128.54,8637,50,0,2002-04-30
1020211200,128.53,128.71,127.16,127.39,9072,50,0,2002-05-01
1020297600,127.42,128.17,126.91,127.9,10012,50,0,2002-05-02
1020384000,127.88,128.05,126.83,126.95,8825,50,0,2002-05-03
1020643200,127.02,127.55,126.91,127.18,7107,50,0,2002-05-06
1020729600,127.16,128.38,126.73,128.08,9411,50,0,2002-05-07
1020816000,128.09,128.97,127.83,128.88,8467,50,0,2002-05-08
1020902400,128.88,129.1,128.13,128.21,8498,50,0,2002-05-09
1020988800,128.21,128.73,127.51,127.62,9326,50,0,2002-05-10
1021248000,127.7,127.96,127.18,127.79,9407,50,0,2002-05-13
1021334400,127.79,128.83,127.72,128.61,8439,50,0,2002-05-14
1021420800,128.58,128.68,127.58,127.63,9002,50,0,2002-05-15
1021507200,127.62,128.43,127.31,128.05,9243,50,0,2002-05-16
1021593600,128.04,128.15,125.53,125.96,10452,50,0,2002-05-17
1021852800,125.97,126.22,125.19,125.33,9696,50,0,2002-05-20
1021939200,125.36,126.1,123.71,124.18,10675,50,0,2002-05-21
1022025600,124.18,125.12,123.51,124.31,11690,50,0,2002-05-22
1022112000,124.3,125.37,123.88,125.1,10259,50,0,2002-05-23
1022198400,125.1,125.31,124.62,124.76,8201,50,0,2002-05-24
1022457600,124.78,125.09,124.67,124.86,6485,50,0,2002-05-27
1022544000,124.86,124.95,124.32,124.57,8371,50,0,2002-05-28
1022630400,124.59,124.72,124.15,124.31,8858,50,0,2002-05-29
1022716800,124.3,124.44,122.8,123.31,9966,50,0,2002-05-30
1022803200,123.32,124.62,122.99,124.12,10583,50,0,2002-05-31
1023062400,124.29,124.5,123.56,123.66,8129,50,0,2002-06-03
1023148800,123.66,124.41,123.26,124.17,8855,50,0,2002-06-04
1023235200,124.17,124.77,123.77,123.99,9055,50,0,2002-06-05
1023321600,123.96,125.08,123.96,124.07,9573,50,0,2002-06-06
1023408000,124.08,124.68,124.02,124.35,8580,50,0,2002-06-07
1023667200,124.45,124.96,124.31,124.72,8001,50,0,2002-06-10
1023753600,124.71,125.79,124.42,125.34,8386,50,0,2002-06-11
1023840000,125.3,125.91,125.19,125.71,8940,50,0,2002-06-12
1023926400,125.68,125.98,124.81,124.97,8269,50,0,2002-06-13
1024012800,124.96,125.13,123.93,124.17,8184,50,0,2002-06-14
1024272000,124.2,124.56,124.01,124.29,7981,50,0,2002-06-17
1024358400,124.29,124.87,124.21,124.28,8734,50,0,2002-06-18
1024444800,124.29,124.42,123.62,123.92,8508,50,0,2002-06-19
1024531200,123.91,124.23,123.24,123.51,8579,50,0,2002-06-20
1024617600,123.51,124.03,120.8,121.17,10280,50,0,2002-06-21
1024876800,121.75,122.79,120.98,121.64,9996,50,0,2002-06-24
1024963200,121.64,122.05,121.28,121.35,9155,50,0,2002-06-25
1025049600,121.35,121.76,118.93,120.13,12187,50,0,2002-06-26
1025136000,120.13,120.33,119.17,119.69,9765,50,0,2002-06-27
1025222400,119.71,120.39,118.36,119.59,10233,50,0,2002-06-28
1025481600,119.73,120.24,119.26,119.78,8641,50,0,2002-07-01
1025568000,119.8,120.79,119.66,119.9,8977,50,0,2002-07-02
1025654400,119.89,120.61,119.62,119.84,8430,50,0,2002-07-03
1025740800,119.84,120.48,119.81,120.06,7908,50,0,2002-07-04
1025827200,120.08,120.67,119.87,120.37,7690,50,0,2002-07-05
1026086400,120.06,120.19,118.31,118.48,9606,50,0,2002-07-08
1026172800,118.49,118.98,117.72,118.16,9395,50,0,2002-07-09
1026259200,118.17,118.37,117.37,117.73,9353,50,0,2002-07-10
1026345600,117.72,117.99,116.5,117.16,9734,50,0,2002-07-11
1026432000,117.17,117.27,116.47,116.93,8976,50,0,2002-07-12
1026691200,117.03,117.07,115.65,116.26,9511,50,0,2002-07-15
1026777600,116.26,116.48,115.48,115.84,10389,50,0,2002-07-16
1026864000,115.82,116.77,115.58,116.34,9905,50,0,2002-07-17
1026950400,116.34,117.35,116.24,116.43,9084,50,0,2002-07-18
1027036800,116.42,116.66,115.54,115.95,9899,50,0,2002-07-19
1027296000,115.92,116.69,115.76,116.23,10282,50,0,2002-07-22
1027382400,116.23,117.93,116.23,117.56,9692,50,0,2002-07-23
1027468800,117.55,117.6,115.9,116.67,9763,50,0,2002-07-24
1027555200,116.68,117.07,116.18,116.54,8902,50,0,2002-07-25
1027641600,116.56,119.08,116.42,118.83,10618,50,0,2002-07-26
1027900800,118.89,120.02,118.46,119.69,9075,50,0,2002-07-29
1027987200,119.68,120.32,119.26,120.25,9563,50,0,2002-07-30
1028073600,120.25,120.43,119.4,119.78,9830,50,0,2002-07-31
1028160000,119.76,120.38,119.04,119.21,9120,50,0,2002-08-01
1028246400,119.21,119.36,118.73,118.75,9702,50,0,2002-08-02
1028505600,118.87,119.82,118.64,119.68,9893,50,0,2002-08-05
1028592000,119.66,121.24,119.49,120.85,10909,50,0,2002-08-06
1028678400,120.85,121.12,120.01,120.22,10160,50,0,2002-08-07
1028764800,120.22,121.18,119.99,121.03,10444,50,0,2002-08-08
1028851200,121.02,121.36,120.0,120.1,10534,50,0,2002-08-09
1029110400,120.17,120.17,118.77,119.02,10379,50,0,2002-08-12
1029196800,119.02,119.34,118.14,118.25,9813,50,0,2002-08-13
1029283200,118.28,118.39,116.29,117.45,11052,50,0,2002-08-14
1029369600,117.45,117.88,116.88,117.36,9333,50,0,2002-08-15
1029456000,117.38,117.9,117.1,117.62,8867,50,0,2002-08-16
1029715200,117.64,118.77,117.43,118.58,8697,50,0,2002-08-19
1029801600,118.59,119.28,118.43,118.84,9012,50,0,2002-08-20
1029888000,118.88,118.88,117.73,118.52,8777,50,0,2002-08-21
1029974400,118.54,119.98,118.46,119.84,8820,50,0,2002-08-22
1030060800,119.84,120.31,119.47,119.63,8323,50,0,2002-08-23
1030320000,119.55,119.92,119.34,119.75,7481,50,0,2002-08-26
1030406400,119.74,119.94,117.96,118.24,7194,50,0,2002-08-27
1030492800,118.27,119.0,117.89,118.95,8861,50,0,2002-08-28
1030579200,118.91,119.1,117.41,118.34,9270,50,0,2002-08-29
1030665600,118.3,118.8,117.73,118.43,8774,50,0,2002-08-30
1030924800,118.5,118.85,117.94,118.1,7072,50,0,2002-09-02
1031011200,118.09,118.18,116.83,117.08,8665,50,0,2002-09-03
1031097600,117.1,118.39,116.99,117.98,8935,50,0,2002-09-04
1031184000,117.97,118.55,117.3,118.35,9003,50,0,2002-09-05
1031270400,118.35,118.91,117.94,118.48,9881,50,0,2002-09-06
1031529600,118.56,119.33,118.17,118.96,8774,50,0,2002-09-09
1031616000,118.95,120.17,118.33,119.85,9762,50,0,2002-09-10
1031702400,119.86,120.74,119.62,120.22,9654,50,0,2002-09-11
1031788800,120.24,120.72,119.76,120.09,10907,50,0,2002-09-12
1031875200,120.08,122.29,119.43,121.67,11341,50,0,2002-09-13
1032134400,121.96,122.51,121.68,122.32,11316,50,0,2002-09-16
1032220800,122.33,123.56,121.92,122.1,12640,50,0,2002-09-17
1032307200,122.11,123.1,121.34,121.4,12064,50,0,2002-09-18
1032393600,121.42,121.97,120.91,121.37,12877,50,0,2002-09-19
1032480000,121.36,123.73,121.27,123.34,11898,50,0,2002-09-20
1032739200,123.57,124.23,122.86,123.84,10049,50,0,2002-09-23
1032825600,123.85,124.06,122.93,123.25,10804,50,0,2002-09-24
1032912000,123.26,123.45,122.03,122.84,11671,50,0,2002-09-25
1032998400,122.84,123.08,121.81,122.03,11090,50,0,2002-09-26
1033084800,122.04,123.25,122.01,122.54,8987,50,0,2002-09-27
1033344000,122.62,122.83,121.08,121.68,10208,50,0,2002-09-30
1033430400,121.68,122.85,121.65,122.65,9498,50,0,2002-10-01
1033516800,122.64,123.39,122.51,122.85,9655,50,0,2002-10-02
1033603200,122.89,123.15,122.31,122.54,9446,50,0,2002-10-03
1033689600,122.55,123.34,122.31,123.26,8923,50,0,2002-10-04
1033948800,123.27,124.48,123.04,124.3,8892,50,0,2002-10-07
1034035200,124.31,124.64,123.95,124.28,9195,50,0,2002-10-08
1034121600,124.26,124.43,123.16,123.35,10083,50,0,2002-10-09
1034208000,123.34,123.77,123.01,123.65,10116,50,0,2002-10-10
1034294400,123.65,124.52,123.38,124.08,7501,50,0,2002-10-11
1034553600,124.1,124.38,123.78,124.32,6729,50,0,2002-10-14
1034640000,124.32,125.01,124.19,124.74,9758,50,0,2002-10-15
1034726400,124.72,125.07,123.88,124.57,10195,50,0,2002-10-16
1034812800,124.57,125.19,124.05,125.14,9985,50,0,2002-10-17
1034899200,125.12,125.6,124.98,125.56,9317,50,0,2002-10-18
1035158400,125.5,125.69,124.47,124.92,8961,50,0,2002-10-21
1035244800,124.92,125.51,124.76,125.18,9289,50,0,2002-10-22
1035331200,125.21,125.27,123.83,124.65,9746,50,0,2002-10-23
1035417600,124.67,124.89,123.88,124.46,9538,50,0,2002-10-24
1035504000,124.5,124.68,123.61,124.31,9157,50,0,2002-10-25
1035763200,124.29,125.04,123.43,123.47,9522,50,0,2002-10-28
1035849600,123.29,123.79,122.33,123.11,9815,50,0,2002-10-29
1035936000,123.08,123.26,122.51,122.95,9588,50,0,2002-10-30
1036022400,122.95,123.24,122.33,122.49,10153,50,0,2002-10-31
1036108800,122.5,122.85,121.63,122.26,9535,50,0,2002-11-01
1036368000,122.19,122.61,122.12,122.15,7637,50,0,2002-11-04
1036454400,122.17,122.31,121.37,121.97,8855,50,0,2002-11-05
1036540800,121.98,122.67,121.62,121.62,9174,50,0,2002-11-06
1036627200,121.64,121.98,121.08,121.19,9402,50,0,2002-11-07
1036713600,121.2,121.39,119.54,119.81,9002,50,0,2002-11-08
1036972800,119.94,120.1,119.08,119.71,8710,50,0,2002-11-11
1037059200,119.75,119.91,119.28,119.64,9911,50,0,2002-11-12
1037145600,119.63,120.36,119.55,120.08,9315,50,0,2002-11-13
1037232000,120.07,120.72,119.62,120.44,9726,50,0,2002-11-14
1037318400,120.41,120.95,120.25,120.5,8866,50,0,2002-11-15
1037577600,120.37,121.34,120.28,121.0,9930,50,0,2002-11-18
1037664000,121.04,122.52,120.79,122.21,10286,50,0,2002-11-19
1037750400,122.2,122.78,122.14,122.72,9949,50,0,2002-11-20
1037836800,122.67,122.98,121.88,122.66,10038,50,0,2002-11-21
1037923200,122.65,123.02,122.45,122.95,8950,50,0,2002-11-22
1038182400,123.07,123.21,121.73,122.09,9238,50,0,2002-11-25
1038268800,122.06,122.22,121.53,121.57,8967,50,0,2002-11-26
1038355200,121.57,122.45,121.32,122.36,9210,50,0,2002-11-27
1038441600,122.36,122.47,121.96,122.22,7013,50,0,2002-11-28
1038528000,122.25,122.79,122.13,122.5,7738,50,0,2002-11-29
1038787200,123.37,125.06,123.23,124.56,9076,50,0,2002-12-02
1038873600,124.57,124.84,124.19,124.35,9470,50,0,2002-12-03
1038960000,124.33,125.03,124.16,124.61,9504,50,0,2002-12-04
1039046400,124.61,125.79,124.4,124.9,9568,50,0,2002-12-05
1039132800,124.86,125.53,123.0,123.55,10018,50,0,2002-12-06
1039392000,123.16,123.54,122.42,123.41,9648,50,0,2002-12-09
1039478400,123.41,123.88,123.07,123.87,9043,50,0,2002-12-10
1039564800,123.88,124.07,123.09,123.67,9255,50,0,2002-12-11
1039651200,123.65,123.89,122.46,122.63,10084,50,0,2002-12-12
1039737600,122.61,122.88,120.31,120.54,10530,50,0,2002-12-13
1039996800,120.61,121.49,120.4,121.32,10044,50,0,2002-12-16
1040083200,121.34,121.66,120.15,121.53,10617,50,0,2002-12-17
1040169600,121.53,121.72,120.85,120.89,9658,50,0,2002-12-18
1040256000,120.88,121.29,120.36,120.55,11467,50,0,2002-12-19
1040342400,120.57,121.01,120.31,120.39,9479,50,0,2002-12-20
1040601600,120.42,120.82,119.78,120.37,8606,50,0,2002-12-23
1040688000,120.37,120.54,119.92,120.29,7147,50,0,2002-12-24
1040774400,120.32,120.51,120.2,120.44,3140,50,0,2002-12-25
1040860800,120.37,120.45,119.9,119.99,6526,50,0,2002-12-26
1040947200,120.01,120.22,119.8,119.89,7991,50,0,2002-12-27
1041206400,119.94,120.03,118.3,118.52,8397,50,0,2002-12-30
1041292800,118.52,118.85,118.38,118.78,7395,50,0,2002-12-31
1041379200,118.79,118.82,118.62,118.8,299,50,0,2003-01-01
1041465600,118.79,120.22,118.6,120.07,8749,50,0,2003-01-02
1041552000,120.08,120.3,119.55,119.69,8575,50,0,2003-01-03
1041811200,119.83,119.92,118.54,119.3,9231,50,0,2003-01-06
1041897600,119.29,120.63,119.16,120.37,10016,50,0,2003-01-07
1041984000,120.41,120.48,118.65,119.16,10276,50,0,2003-01-08
1042070400,119.16,119.69,118.69,119.37,9927,50,0,2003-01-09
1042156800,119.36,120.05,119.02,119.35,9955,50,0,2003-01-10
1042416000,119.12,119.48,118.73,118.99,9067,50,0,2003-01-13
1042502400,118.96,119.2,117.55,118.13,9998,50,0,2003-01-14
1042588800,118.15,118.44,117.78,118.14,9896,50,0,2003-01-15
1042675200,118.14,118.36,117.65,117.83,9437,50,0,2003-01-16
1042761600,117.82,118.22,117.42,117.8,9730,50,0,2003-01-17
1043020800,118.03,118.36,117.83,118.01,9087,50,0,2003-01-20
1043107200,118.01,119.17,117.99,118.17,9861,50,0,2003-01-21
1043193600,118.15,118.57,117.94,118.32,9665,50,0,2003-01-22
1043280000,118.34,118.85,117.61,118.07,10028,50,0,2003-01-23
1043366400,118.07,118.23,117.53,117.85,8799,50,0,2003-01-24
1043625600,117.83,119.32,117.53,118.52,10019,50,0,2003-01-27
1043712000,118.55,118.96,118.32,118.66,9411,50,0,2003-01-28
1043798400,118.67,118.77,117.85,118.47,10161,50,0,2003-01-29
1043884800,118.49,119.51,118.4,118.97,10869,50,0,2003-01-30
1043971200,118.97,120.09,118.85,119.94,9829,50,0,2003-01-31
1044230400,119.9,120.92,119.79,120.26,10303,50,0,2003-02-03
1044316800,120.26,120.6,119.59,119.66,10423,50,0,2003-02-04
1044403200,119.65,120.43,119.05,120.04,10815,50,0,2003-02-05
1044489600,120.09,120.29,119.56,119.86,9319,50,0,2003-02-06
1044576000,119.86,120.45,119.59,120.25,8625,50,0,2003-02-07
1044835200,120.29,121.43,120.25,121.31,10044,50,0,2003-02-10
1044921600,121.27,121.78,120.9,121.08,9788,50,0,2003-02-11
1045008000,121.08,121.5,120.46,121.43,9900,50,0,2003-02-12
1045094400,121.44,121.5,120.22,120.51,9972,50,0,2003-02-13
1045180800,120.51,120.87,120.11,120.32,10227,50,0,2003-02-14
1045440000,120.53,120.82,119.99,120.38,8674,50,0,2003-02-17
1045526400,120.36,120.39,118.67,119.07,10659,50,0,2003-02-18
1045612800,119.05,119.24,118.56,118.71,9485,50,0,2003-02-19
1045699200,118.7,119.1,118.1,118.37,9675,50,0,2003-02-20
1045785600,118.38,118.94,118.17,118.64,9901,50,0,2003-02-21
1046044800,118.86,118.86,117.53,117.86,9120,50,0,2003-02-24
1046131200,117.84,118.25,116.96,117.47,10161,50,0,2003-02-25
1046217600,117.47,117.67,116.96,117.12,9706,50,0,2003-02-26
1046304000,117.16,117.81,116.8,117.69,9458,50,0,2003-02-27
1046390400,117.71,118.33,117.6,118.14,8901,50,0,2003-02-28
1046649600,118.22,118.34,117.07,117.63,8324,50,0,2003-03-03
1046736000,117.63,118.12,117.31,117.38,9183,50,0,2003-03-04
1046822400,117.37,117.67,117.0,117.28,9881,50,0,2003-03-05
1046908800,117.27,117.63,117.13,117.36,9175,50,0,2003-03-06
1046995200,117.37,117.52,116.35,117.07,9544,50,0,2003-03-07
1047254400,117.14,117.17,116.4,116.92,9055,50,0,2003-03-10
1047340800,116.92,117.34,116.64,117.12,9541,50,0,2003-03-11
1047427200,117.09,117.56,117.04,117.38,10007,50,0,2003-03-12
1047513600,117.38,118.76,117.36,118.65,10022,50,0,2003-03-13
1047600000,118.69,118.78,118.04,118.27,9109,50,0,2003-03-14
1047859200,118.14,118.73,117.55,118.71,9714,50,0,2003-03-17
1047945600,118.75,119.23,118.46,118.67,9886,50,0,2003-03-18
1048032000,118.65,120.66,118.55,120.27,10403,50,0,2003-03-19
1048118400,120.27,120.52,119.72,120.24,10776,50,0,2003-03-20
1048204800,120.23,121.92,120.18,121.69,10357,50,0,2003-03-21
1048464000,121.06,121.33,120.35,120.68,10172,50,0,2003-03-24
1048550400,120.69,120.79,119.43,120.09,10386,50,0,2003-03-25
1048636800,120.09,120.51,119.84,119.93,9646,50,0,2003-03-26
1048723200,119.96,120.19,119.58,119.94,9805,50,0,2003-03-27
1048809600,119.94,120.46,119.46,119.85,9940,50,0,2003-03-28
1049068800,119.84,120.2,117.76,118.04,10674,50,0,2003-03-31
1049155200,117.99,118.51,117.78,117.98,9478,50,0,2003-04-01
1049241600,118.0,119.29,117.62,118.94,10395,50,0,2003-04-02
1049328000,118.94,119.72,118.5,119.36,10200,50,0,2003-04-03
1049414400,119.36,120.2,119.16,120.0,10057,50,0,2003-04-04
1049673600,120.38,120.94,119.59,119.82,10417,50,0,2003-04-07
1049760000,119.84,120.17,119.41,119.7,9949,50,0,2003-04-08
1049846400,119.71,120.71,119.64,120.09,10219,50,0,2003-04-09
1049932800,120.09,120.32,119.13,119.65,11063,50,0,2003-04-10
1050019200,119.66,120.87,119.51,120.52,9772,50,0,2003-04-11
1050278400,120.6,120.85,119.96,120.36,9257,50,0,2003-04-14
1050364800,120.37,120.73,120.0,120.29,9717,50,0,2003-04-15
1050451200,120.32,120.6,119.25,119.52,9526,50,0,2003-04-16
1050537600,119.52,119.78,118.93,119.59,10291,50,0,2003-04-17
1050624000,119.61,119.84,119.56,119.78,5436,50,0,2003-04-18
1050883200,119.65,120.7,119.54,120.59,7709,50,0,2003-04-21
1050969600,120.57,120.78,119.35,119.89,9288,50,0,2003-04-22
1051056000,119.85,120.65,119.77,120.47,8976,50,0,2003-04-23
1051142400,120.45,120.72,119.52,119.91,9502,50,0,2003-04-24
1051228800,119.9,121.17,119.68,120.18,9901,50,0,2003-04-25
1051488000,120.19,120.52,119.85,120.51,8684,50,0,2003-04-28
1051574400,120.51,120.75,119.62,119.82,9530,50,0,2003-04-29
1051660800,119.84,120.0,118.6,118.92,10156,50,0,2003-04-30
1051747200,118.9,119.02,118.14,118.59,9110,50,0,2003-05-01
1051833600,118.61,119.25,118.39,119.08,9016,50,0,2003-05-02
1052092800,119.01,119.11,118.47,118.54,10722,50,0,2003-05-05
1052179200,118.6,118.81,117.29,117.55,13289,50,0,2003-05-06
1052265600,117.55,117.88,116.06,116.49,13287,50,0,2003-05-07
1052352000,116.44,117.25,115.97,117.16,12935,50,0,2003-05-08
1052438400,117.13,117.67,117.07,117.32,12773,50,0,2003-05-09
1052697600,117.28,117.3,116.32,116.96,11554,50,0,2003-05-12
1052784000,116.96,117.59,116.35,116.79,12123,50,0,2003-05-13
1052870400,116.8,116.89,115.56,116.27,10258,50,0,2003-05-14
1052956800,116.27,116.67,115.28,116.54,10105,50,0,2003-05-15
1053043200,116.53,116.64,115.85,116.05,9139,50,0,2003-05-16
1053302400,115.58,117.5,115.07,117.11,9934,50,0,2003-05-19
1053388800,117.11,117.44,116.61,116.67,10284,50,0,2003-05-20
1053475200,116.66,117.81,116.52,117.68,10183,50,0,2003-05-21
1053561600,117.68,117.81,116.89,117.22,10508,50,0,2003-05-22
1053648000,117.23,117.46,116.74,116.9,9484,50,0,2003-05-23
1053907200,116.84,117.42,116.69,116.95,7275,50,0,2003-05-26
1053993600,116.95,117.36,116.18,117.28,9612,50,0,2003-05-27
1054080000,117.27,118.94,116.95,118.66,10083,50,0,2003-05-28
1054166400,118.67,119.18,117.94,118.06,10969,50,0,2003-05-29
1054252800,118.07,119.67,118.04,119.35,11126,50,0,2003-05-30
1054512000,119.61,119.66,118.33,118.61,10758,50,0,2003-06-02
1054598400,118.6,119.38,118.29,119.08,10860,50,0,2003-06-03
1054684800,119.13,119.42,118.33,118.88,11787,50,0,2003-06-04
1054771200,118.9,118.97,117.33,117.62,11750,50,0,2003-06-05
1054857600,117.61,118.97,117.6,118.73,10469,50,0,2003-06-06
1055116800,118.74,118.81,117.78,118.25,10792,50,0,2003-06-09
1055203200,118.22,118.41,117.54,117.79,11157,50,0,2003-06-10
1055289600,117.77,118.19,117.51,117.77,10979,50,0,2003-06-11
1055376000,117.79,117.99,117.46,117.7,10995,50,0,2003-06-12
1055462400,117.7,117.92,117.14,117.44,10434,50,0,2003-06-13
1055721600,117.38,117.83,117.17,117.71,10207,50,0,2003-06-16
1055808000,117.71,118.45,117.48,118.15,10027,50,0,2003-06-17
1055894400,118.17,118.76,117.73,117.95,10535,50,0,2003-06-18
1055980800,117.94,119.13,117.87,118.42,11562,50,0,2003-06-19
1056067200,118.42,118.67,117.99,118.41,11273,50,0,2003-06-20
1056326400,118.53,118.65,117.48,117.81,11471,50,0,2003-06-23
1056412800,117.83,118.11,117.59,117.84,10754,50,0,2003-06-24
1056499200,117.84,118.19,117.31,117.95,11207,50,0,2003-06-25
1056585600,117.96,119.51,117.92,119.43,11512,50,0,2003-06-26
1056672000,119.45,120.11,119.18,119.59,10576,50,0,2003-06-27
1056931200,119.71,120.26,119.58,119.7,9963,50,0,2003-06-30
1057017600,119.73,120.01,119.01,119.37,9509,50,0,2003-07-01
1057104000,119.39,119.51,117.87,118.18,11018,50,0,2003-07-02
1057190400,118.19,118.65,117.86,118.18,11111,50,0,2003-07-03
1057276800,118.2,118.51,117.96,118.06,8654,50,0,2003-07-04
1057536000,118.07,118.36,117.82,118.12,10025,50,0,2003-07-07
1057622400,118.13,118.73,117.6,118.2,10793,50,0,2003-07-08
1057708800,118.23,118.49,117.62,117.82,11093,50,0,2003-07-09
1057795200,117.86,118.07,117.39,117.68,11307,50,0,2003-07-10
1057881600,117.67,118.06,117.54,117.93,10340,50,0,2003-07-11
1058140800,117.8,117.88,117.31,117.71,9437,50,0,2003-07-14
1058227200,117.71,118.08,116.65,117.95,11761,50,0,2003-07-15
1058313600,118.0,118.72,117.83,118.09,11962,50,0,2003-07-16
1058400000,118.09,119.0,117.86,118.75,12070,50,0,2003-07-17
1058486400,118.74,119.3,118.23,118.46,11260,50,0,2003-07-18
1058745600,118.67,118.84,118.22,118.46,11068,50,0,2003-07-21
1058832000,118.46,119.45,118.43,119.06,11584,50,0,2003-07-22
1058918400,119.06,119.18,118.6,118.81,11766,50,0,2003-07-23
1059004800,118.83,119.36,118.54,118.99,11131,50,0,2003-07-24
1059091200,118.98,119.35,118.53,118.8,10743,50,0,2003-07-25
1059350400,118.99,119.67,118.87,119.44,10592,50,0,2003-07-28
1059436800,119.42,119.98,119.09,119.9,11690,50,0,2003-07-29
1059523200,119.89,120.67,119.62,120.22,11316,50,0,2003-07-30
1059609600,120.24,120.67,119.72,120.59,11798,50,0,2003-07-31
1059696000,120.56,120.74,119.81,120.18,12017,50,0,2003-08-01
1059955200,119.96,120.64,119.67,120.33,11114,50,0,2003-08-04
1060041600,120.33,120.67,119.76,119.91,11279,50,0,2003-08-05
1060128000,119.91,120.48,119.71,120.25,10840,50,0,2003-08-06
1060214400,120.25,120.28,118.8,119.04,11699,50,0,2003-08-07
1060300800,119.02,119.3,118.82,119.08,11081,50,0,2003-08-08
1060560000,119.01,119.2,118.14,118.54,11043,50,0,2003-08-11
1060646400,118.54,118.82,118.37,118.72,10860,50,0,2003-08-12
1060732800,118.68,119.52,118.51,119.15,11712,50,0,2003-08-13
1060819200,119.14,119.71,118.87,119.11,11444,50,0,2003-08-14
1060905600,119.11,119.45,118.75,119.2,11528,50,0,2003-08-15
1061164800,119.17,119.91,119.05,119.47,10446,50,0,2003-08-18
1061251200,119.45,119.84,118.22,118.46,11348,50,0,2003-08-19
1061337600,118.45,118.83,117.82,118.07,12059,50,0,2003-08-20
1061424000,118.1,118.28,117.54,117.78,11623,50,0,2003-08-21
1061510400,117.78,118.11,117.3,117.55,10715,50,0,2003-08-22
1061769600,117.53,117.71,117.15,117.29,10324,50,0,2003-08-25
1061856000,117.28,117.84,117.18,117.37,10803,50,0,2003-08-26
1061942400,117.36,118.03,117.3,117.48,11152,50,0,2003-08-27
1062028800,117.49,117.68,117.21,117.36,11322,50,0,2003-08-28
1062115200,117.41,117.44,116.14,116.92,11823,50,0,2003-08-29
1062374400,116.78,116.83,116.33,116.61,9464,50,0,2003-09-01
1062460800,116.59,117.29,115.82,116.44,11677,50,0,2003-09-02
1062547200,116.43,116.63,115.84,115.93,11916,50,0,2003-09-03
1062633600,115.92,117.11,115.75,116.84,10704,50,0,2003-09-04
1062720000,116.85,117.18,116.42,116.84,10051,50,0,2003-09-05
1062979200,117.6,117.75,116.31,116.82,10871,50,0,2003-09-08
1063065600,116.82,116.97,116.08,116.85,11117,50,0,2003-09-09
1063152000,116.82,117.33,116.63,117.11,9878,50,0,2003-09-10
1063238400,117.12,117.36,116.46,117.16,10342,50,0,2003-09-11
1063324800,117.15,117.55,116.71,117.34,8424,50,0,2003-09-12
1063584000,117.32,117.71,117.21,117.44,9215,50,0,2003-09-15
1063670400,117.44,117.49,116.03,116.23,10153,50,0,2003-09-16
1063756800,116.25,116.54,115.84,116.06,11197,50,0,2003-09-17
1063843200,116.06,116.24,114.7,115.3,11044,50,0,2003-09-18
1063929600,115.3,115.55,113.57,113.97,11168,50,0,2003-09-19
1064188800,112.46,112.78,111.37,112.3,13278,50,0,2003-09-22
1064275200,112.29,112.42,110.91,112.35,11660,50,0,2003-09-23
1064361600,112.36,112.42,111.25,111.91,11436,50,0,2003-09-24
1064448000,111.87,112.38,111.42,112.12,11003,50,0,2003-09-25
1064534400,112.14,112.33,111.61,111.76,10385,50,0,2003-09-26
1064793600,111.6,111.8,110.72,110.82,11062,50,0,2003-09-29
1064880000,110.8,112.11,110.1,111.5,12422,50,0,2003-09-30
1064966400,111.5,111.58,110.53,110.57,10536,50,0,2003-10-01
1065052800,110.61,111.36,110.51,110.77,10498,50,0,2003-10-02
1065139200,110.79,111.15,110.24,110.85,10886,50,0,2003-10-03
1065398400,110.98,111.38,110.8,110.94,10226,50,0,2003-10-06
1065484800,110.96,111.2,109.35,109.89,10528,50,0,2003-10-07
1065571200,109.91,110.07,109.38,109.52,10521,50,0,2003-10-08
1065657600,109.58,109.64,108.84,109.08,10620,50,0,2003-10-09
1065744000,109.1,109.4,108.25,108.74,10204,50,0,2003-10-10
1066003200,108.48,109.07,108.27,108.93,9250,50,0,2003-10-13
1066089600,108.93,110.28,108.66,108.87,11438,50,0,2003-10-14
1066176000,108.84,109.85,108.7,109.62,10631,50,0,2003-10-15
1066262400,109.63,110.32,109.19,109.89,10915,50,0,2003-10-16
1066348800,109.88,110.05,109.27,109.34,10250,50,0,2003-10-17
1066608000,108.84,110.61,108.8,110.39,11307,50,0,2003-10-20
1066694400,110.41,110.43,109.41,109.53,10984,50,0,2003-10-21
1066780800,109.56,109.74,108.82,108.96,10126,50,0,2003-10-22
1066867200,108.94,109.88,108.86,109.5,11040,50,0,2003-10-23
1066953600,109.51,110.03,109.03,109.25,10330,50,0,2003-10-24
1067212800,109.03,109.1,108.28,108.47,10579,50,0,2003-10-27
1067299200,108.46,108.68,108.18,108.25,10855,50,0,2003-10-28
1067385600,108.25,108.42,107.81,108.22,10179,50,0,2003-10-29
1067472000,108.2,108.92,107.93,108.79,10804,50,0,2003-10-30
1067558400,108.8,110.26,108.63,110.06,10886,50,0,2003-10-31
1067817600,109.74,111.52,109.71,110.92,10407,50,0,2003-11-03
1067904000,110.93,110.96,109.37,109.67,10507,50,0,2003-11-04
1067990400,109.68,110.1,109.47,109.86,10031,50,0,2003-11-05
1068076800,109.85,110.35,109.81,110.19,9975,50,0,2003-11-06
1068163200,110.19,110.48,109.03,109.33,10221,50,0,2003-11-07
1068422400,109.48,109.66,107.85,108.88,10070,50,0,2003-11-10
1068508800,108.89,109.19,108.4,108.73,10090,50,0,2003-11-11
1068595200,108.78,109.2,108.44,108.78,10834,50,0,2003-11-12
1068681600,108.8,108.85,108.04,108.12,10721,50,0,2003-11-13
1068768000,108.11,108.55,107.92,108.38,10076,50,0,2003-11-14
1069027200,108.39,109.77,108.23,108.94,11527,50,0,2003-11-17
1069113600,108.95,109.14,107.92,108.05,11077,50,0,2003-11-18
1069200000,108.03,109.45,107.53,109.14,12006,50,0,2003-11-19
1069286400,109.12,109.24,108.61,108.96,10754,50,0,2003-11-20
1069372800,108.96,109.41,108.63,108.63,10187,50,0,2003-11-21
1069632000,108.81,109.53,108.78,109.25,9600,50,0,2003-11-24
1069718400,109.25,110.07,109.24,109.47,11046,50,0,2003-11-25
1069804800,109.44,109.81,108.87,109.18,10893,50,0,2003-11-26
1069891200,109.14,109.32,108.86,109.17,8430,50,0,2003-11-27
1069977600,109.17,109.7,109.13,109.65,10078,50,0,2003-11-28
1070236800,109.79,110.05,109.08,109.42,10933,50,0,2003-12-01
1070323200,109.43,109.86,108.5,108.69,11311,50,0,2003-12-02
1070409600,108.67,108.85,108.09,108.25,11469,50,0,2003-12-03
1070496000,108.24,108.51,107.95,108.25,11341,50,0,2003-12-04
1070582400,108.26,108.45,107.5,107.7,10429,50,0,2003-12-05
1070841600,107.74,107.82,107.1,107.39,10674,50,0,2003-12-08
1070928000,107.39,107.55,106.72,107.17,10719,50,0,2003-12-09
1071014400,107.16,108.78,107.06,108.41,11225,50,0,2003-12-10
1071100800,108.39,108.47,107.92,108.04,10718,50,0,2003-12-11
1071187200,108.03,108.1,107.56,107.85,10230,50,0,2003-12-12
1071446400,108.29,108.31,107.36,107.65,10091,50,0,2003-12-15
1071532800,107.65,107.88,107.35,107.57,9881,50,0,2003-12-16
1071619200,107.58,107.86,107.19,107.44,10128,50,0,2003-12-17
1071705600,107.47,108.13,107.33,107.62,10371,50,0,2003-12-18
1071792000,107.59,108.05,107.51,107.72,10143,50,0,2003-12-19
1072051200,107.8,107.98,107.21,107.55,9698,50,0,2003-12-22
1072137600,107.57,107.64,107.25,107.38,8689,50,0,2003-12-23
1072224000,107.39,107.59,107.12,107.38,8170,50,0,2003-12-24
1072310400,107.4,107.41,107.1,107.32,4255,50,0,2003-12-25
1072396800,107.31,107.56,106.91,107.5,5579,50,0,2003-12-26
1072656000,107.32,107.41,106.85,107.05,8815,50,0,2003-12-29
1072742400,107.01,107.22,106.87,106.97,9464,50,0,2003-12-30
1072828800,106.95,107.76,106.78,107.21,7330,50,0,2003-12-31
1072915200,107.23,107.5,107.18,107.29,935,40,0,2004-01-01
1073001600,107.32,107.53,106.77,106.98,8080,40,0,2004-01-02
1073260800,107.01,107.38,106.01,106.27,9694,40,0,2004-01-05
1073347200,106.32,106.44,105.87,106.21,9450,40,0,2004-01-06
1073433600,106.19,106.46,105.91,106.23,9131,40,0,2004-01-07
1073520000,106.2,106.3,106.06,106.18,8081,40,0,2004-01-08
1073606400,106.21,108.3,106.14,106.67,10937,40,0,2004-01-09
1073865600,106.64,106.79,106.33,106.64,9259,40,0,2004-01-12
1073952000,106.65,106.7,106.11,106.3,9771,40,0,2004-01-13
1074038400,106.28,106.36,105.95,106.3,9900,40,0,2004-01-14
1074124800,106.29,106.55,105.97,106.29,10215,40,0,2004-01-15
1074211200,106.29,107.04,105.71,106.73,10279,40,0,2004-01-16
1074470400,106.68,107.55,106.39,107.3,10019,40,0,2004-01-19
1074556800,107.31,107.94,106.82,106.86,11439,40,0,2004-01-20
1074643200,106.87,107.33,106.58,106.89,10666,40,0,2004-01-21
1074729600,106.88,107.04,105.93,106.09,11106,40,0,2004-01-22
1074816000,106.11,106.85,105.7,106.81,10308,40,0,2004-01-23
1075075200,106.46,106.75,105.76,106.31,11180,40,0,2004-01-26
1075161600,106.28,106.44,105.46,105.64,10867,40,0,2004-01-27
1075248000,105.65,106.64,105.48,106.21,11324,40,0,2004-01-28
1075334400,106.26,106.34,105.61,105.95,10917,40,0,2004-01-29
1075420800,105.95,106.17,105.55,105.78,10525,40,0,2004-01-30
1075680000,105.74,105.81,105.36,105.56,9300,40,0,2004-02-02
1075766400,105.56,105.87,105.23,105.49,10494,40,0,2004-02-03
1075852800,105.49,105.68,105.28,105.46,10631,40,0,2004-02-04
1075939200,105.41,106.08,105.36,105.78,10594,40,0,2004-02-05
1076025600,105.81,106.82,105.37,105.52,11120,40,0,2004-02-06
1076284800,105.89,105.93,105.5,105.73,10495,40,0,2004-02-09
1076371200,105.75,105.93,105.31,105.63,10357,40,0,2004-02-10
1076457600,105.61,105.75,105.15,105.36,10296,40,0,2004-02-11
1076544000,105.37,105.57,105.26,105.35,9802,40,0,2004-02-12
1076630400,105.35,105.63,105.26,105.35,8716,40,0,2004-02-13
1076889600,105.47,105.57,105.32,105.45,7844,40,0,2004-02-16
1076976000,105.46,106.03,105.37,105.65,8854,40,0,2004-02-17
1077062400,105.65,107.16,105.51,106.67,10104,40,0,2004-02-18
1077148800,106.67,107.44,106.29,107.0,11068,40,0,2004-02-19
1077235200,106.99,109.36,106.86,109.01,11052,40,0,2004-02-20
1077494400,108.92,109.4,108.08,108.29,10629,40,0,2004-02-23
1077580800,108.28,108.77,108.02,108.22,9429,40,0,2004-02-24
1077667200,108.21,109.17,108.0,108.99,10116,40,0,2004-02-25
1077753600,108.98,109.86,108.76,109.52,10718,40,0,2004-02-26
1077840000,109.56,109.72,108.86,109.35,10132,40,0,2004-02-27
1078099200,109.07,109.46,108.83,109.0,9502,40,0,2004-03-01
1078185600,109.0,110.44,108.9,110.05,10045,40,0,2004-03-02
1078272000,110.05,110.54,109.97,110.04,11374,40,0,2004-03-03
1078358400,110.05,111.18,110.03,111.15,10321,40,0,2004-03-04
1078444800,111.12,112.34,110.86,112.02,10622,40,0,2004-03-05
1078704000,112.19,112.36,111.09,111.28,10607,40,0,2004-03-08
1078790400,111.29,111.63,110.21,111.45,9860,40,0,2004-03-09
1078876800,111.42,111.57,110.66,110.89,11080,40,0,2004-03-10
1078963200,110.89,111.1,110.42,110.83,9775,40,0,2004-03-11
1079049600,110.83,111.42,110.6,110.8,9093,40,0,2004-03-12
1079308800,110.67,111.09,109.18,110.33,9605,40,0,2004-03-15
1079395200,110.34,110.39,108.61,108.84,11151,40,0,2004-03-16
1079481600,108.83,109.0,107.94,108.19,10676,40,0,2004-03-17
1079568000,108.19,108.38,106.38,106.86,11663,40,0,2004-03-18
1079654400,106.84,107.34,106.59,106.65,10153,40,0,2004-03-19
1079913600,106.89,107.67,106.72,106.77,9657,40,0,2004-03-22
1080000000,106.75,106.96,106.44,106.7,9736,40,0,2004-03-23
1080086400,106.71,106.97,106.02,106.41,9957,40,0,2004-03-24
1080172800,106.37,106.48,105.75,106.14,10111,40,0,2004-03-25
1080259200,106.1,106.26,105.54,105.99,9971,40,0,2004-03-26
1080518400,105.6,105.98,105.26,105.53,9888,40,0,2004-03-29
1080604800,105.54,106.24,105.4,105.78,9872,40,0,2004-03-30
1080691200,105.78,105.94,103.4,104.25,12118,40,0,2004-03-31
1080777600,104.22,104.51,103.48,103.66,10668,40,0,2004-04-01
1080864000,103.67,104.79,103.65,104.47,10355,40,0,2004-04-02
1081123200,104.38,105.46,104.13,105.11,9925,40,0,2004-04-05
1081209600,105.13,107.24,104.94,105.68,11234,40,0,2004-04-06
1081296000,105.67,106.18,104.96,105.28,10504,40,0,2004-04-07
1081382400,105.3,106.42,105.21,106.3,9771,40,0,2004-04-08
1081468800,106.31,106.79,105.94,106.33,6594,40,0,2004-04-09
1081728000,106.37,106.47,105.25,105.5,9520,40,0,2004-04-12
1081814400,105.46,107.03,105.04,106.65,12290,40,0,2004-04-13
1081900800,106.67,109.0,106.6,108.69,13490,40,0,2004-04-14
1081987200,108.63,109.28,108.07,108.08,14207,40,0,2004-04-15
1082073600,108.08,108.92,107.5,107.88,13217,40,0,2004-04-16
1082332800,107.76,108.72,107.6,108.37,9481,40,0,2004-04-19
1082419200,108.38,108.9,107.67,108.83,10111,40,0,2004-04-20
1082505600,108.81,109.8,108.54,109.45,10318,40,0,2004-04-21
1082592000,109.46,109.93,109.13,109.41,10151,40,0,2004-04-22
1082678400,109.41,109.86,108.6,109.0,9601,40,0,2004-04-23
1082937600,109.12,109.35,108.3,108.71,9281,40,0,2004-04-26
1083024000,108.71,109.88,108.37,109.5,10683,40,0,2004-04-27
1083110400,109.47,110.27,108.77,110.07,11483,40,0,2004-04-28
1083196800,110.09,111.07,109.52,109.89,13513,40,0,2004-04-29
1083283200,109.88,110.67,109.79,110.55,12564,40,0,2004-04-30
1083542400,110.43,110.74,109.8,110.25,11416,40,0,2004-05-03
1083628800,110.23,110.63,109.22,109.4,12083,40,0,2004-05-04
1083715200,109.35,109.63,108.31,108.73,13066,40,0,2004-05-05
1083801600,108.73,109.93,108.62,109.87,13292,40,0,2004-05-06
1083888000,109.87,112.53,109.69,112.31,13345,40,0,2004-05-07
1084147200,112.31,114.18,112.2,113.92,13520,40,0,2004-05-10
1084233600,113.93,113.93,112.88,113.02,12710,40,0,2004-05-11
1084320000,113.02,113.53,112.41,112.96,13379,40,0,2004-05-12
1084406400,112.98,114.72,112.81,114.63,13742,40,0,2004-05-13
1084492800,114.68,114.94,113.94,114.3,12955,40,0,2004-05-14
1084752000,114.18,114.68,113.05,114.36,13217,40,0,2004-05-17
1084838400,114.38,114.75,113.36,114.18,14295,40,0,2004-05-18
1084924800,114.24,114.29,112.42,112.95,13909,40,0,2004-05-19
1085011200,112.94,113.92,112.56,112.68,13868,40,0,2004-05-20
1085097600,112.69,113.1,111.75,112.4,12650,40,0,2004-05-21
1085356800,112.2,113.03,112.09,112.97,13286,40,0,2004-05-24
1085443200,113.01,113.37,111.61,111.81,13035,40,0,2004-05-25
1085529600,111.8,112.03,111.22,111.76,12537,40,0,2004-05-26
1085616000,111.79,112.16,110.66,110.91,13455,40,0,2004-05-27
1085702400,110.91,111.11,110.01,110.38,13445,40,0,2004-05-28
1085961600,110.26,110.46,109.05,109.48,12164,40,0,2004-05-31
1086048000,109.44,110.77,109.22,110.45,13189,40,0,2004-06-01
1086134400,110.48,110.95,109.82,110.02,13453,40,0,2004-06-02
1086220800,110.07,111.6,109.8,111.06,13327,40,0,2004-06-03
1086307200,111.08,112.04,110.25,111.24,13356,40,0,2004-06-04
1086566400,110.89,111.04,109.46,109.62,13731,40,0,2004-06-07
1086652800,109.63,110.17,109.47,109.73,13158,40,0,2004-06-08
1086739200,109.72,110.61,108.66,110.31,14696,40,0,2004-06-09
1086825600,110.31,110.57,109.15,109.2,13010,40,0,2004-06-10
1086912000,109.26,110.52,109.18,110.08,11838,40,0,2004-06-11
1087171200,110.41,111.52,110.02,111.05,13649,40,0,2004-06-14
1087257600,111.05,111.43,109.29,109.47,13242,40,0,2004-06-15
1087344000,109.46,110.21,109.21,109.98,13220,40,0,2004-06-16
1087430400,109.97,110.19,108.89,109.52,12796,40,0,2004-06-17
1087516800,109.53,109.72,108.54,108.84,12568,40,0,2004-06-18
1087776000,108.6,108.94,108.22,108.92,10137,40,0,2004-06-21
1087862400,108.94,109.39,108.35,109.04,10712,40,0,2004-06-22
1087948800,109.06,109.2,108.42,108.47,10355,40,0,2004-06-23
1088035200,108.48,108.5,107.0,107.07,10940,40,0,2004-06-24
1088121600,107.08,108.02,107.04,107.55,10220,40,0,2004-06-25
1088380800,107.43,108.32,107.41,107.91,11172,40,0,2004-06-28
1088467200,107.91,108.74,107.75,108.23,12495,40,0,2004-06-29
1088553600,108.24,109.57,108.17,108.8,13299,40,0,2004-06-30
1088640000,108.79,108.88,107.81,108.4,12353,40,0,2004-07-01
1088726400,108.4,109.34,108.03,108.3,12659,40,0,2004-07-02
1088985600,108.35,109.17,108.23,109.12,7257,40,0,2004-07-05
1089072000,109.13,109.71,108.84,109.46,12387,40,0,2004-07-06
1089158400,109.45,109.5,108.17,108.63,12508,40,0,2004-07-07
1089244800,108.64,109.15,108.38,108.91,11274,40,0,2004-07-08
1089331200,108.9,108.93,107.91,108.15,11642,40,0,2004-07-09
1089590400,107.86,108.4,107.56,108.23,10848,40,0,2004-07-12
1089676800,108.22,109.39,108.16,108.57,13517,40,0,2004-07-13
1089763200,108.57,109.45,108.38,109.17,12867,40,0,2004-07-14
1089849600,109.14,109.97,108.98,109.8,12118,40,0,2004-07-15
1089936000,109.83,110.04,108.54,108.67,11485,40,0,2004-07-16
1090195200,108.78,108.85,108.08,108.22,9132,40,0,2004-07-19
1090281600,108.24,108.82,108.09,108.4,11789,40,0,2004-07-20
1090368000,108.4,110.29,108.35,109.77,12876,40,0,2004-07-21
1090454400,109.79,109.96,109.25,109.74,12693,40,0,2004-07-22
1090540800,109.77,110.24,109.61,110.16,11172,40,0,2004-07-23
1090800000,110.14,110.19,109.4,109.9,10348,40,0,2004-07-26
1090886400,109.9,111.16,109.6,110.88,11618,40,0,2004-07-27
1090972800,110.88,111.88,110.78,111.68,14312,40,0,2004-07-28
1091059200,111.71,112.46,111.48,112.03,14786,40,0,2004-07-29
1091145600,112.03,112.21,111.06,111.33,14251,40,0,2004-07-30
1091404800,111.08,111.38,110.55,110.81,10949,40,0,2004-08-02
1091491200,110.8,111.13,110.39,110.67,12125,40,0,2004-08-03
1091577600,110.65,111.72,110.51,111.1,13667,40,0,2004-08-04
1091664000,111.08,111.82,110.8,111.72,10343,40,0,2004-08-05
1091750400,111.71,111.88,109.92,110.46,11246,40,0,2004-08-06
1092009600,110.39,110.9,110.12,110.7,8651,40,0,2004-08-09
1092096000,110.69,111.46,110.41,111.33,8983,40,0,2004-08-10
1092182400,111.32,111.43,110.6,110.82,10240,40,0,2004-08-11
1092268800,110.82,111.21,110.44,110.78,10185,40,0,2004-08-12
1092355200,110.79,112.07,110.46,110.68,13324,40,0,2004-08-13
1092614400,110.45,110.99,110.35,110.44,11032,40,0,2004-08-16
1092700800,110.43,110.59,109.79,109.84,11875,40,0,2004-08-17
1092787200,109.85,110.15,109.27,109.37,9518,40,0,2004-08-18
1092873600,109.37,109.6,109.05,109.37,9483,40,0,2004-08-19
1092960000,109.37,109.73,108.93,109.09,10408,40,0,2004-08-20
1093219200,109.13,109.89,109.1,109.82,9297,40,0,2004-08-23
1093305600,109.81,110.03,109.35,109.6,11502,40,0,2004-08-24
1093392000,109.61,110.45,109.43,110.28,6937,40,0,2004-08-25
1093478400,110.2,110.28,109.27,109.63,7346,40,0,2004-08-26
1093564800,109.64,109.74,109.0,109.66,10760,40,0,2004-08-27
1093824000,109.61,110.42,109.52,109.9,8548,40,0,2004-08-30
1093910400,109.89,110.2,108.72,109.09,8897,40,0,2004-08-31
1093996800,109.08,109.7,108.94,109.38,6557,40,0,2004-09-01
1094083200,109.39,109.61,109.19,109.45,5864,40,0,2004-09-02
1094169600,109.47,110.67,109.08,110.45,6907,40,0,2004-09-03
1094428800,110.56,110.6,109.93,110.16,4974,40,0,2004-09-06
1094515200,110.17,110.22,109.2,109.35,6602,40,0,2004-09-07
1094601600,109.34,109.77,109.02,109.34,7217,40,0,2004-09-08
1094688000,109.35,110.01,109.13,109.49,7908,40,0,2004-09-09
1094774400,109.5,110.31,109.19,109.64,8496,40,0,2004-09-10
1095033600,109.44,110.33,109.27,110.0,7029,40,0,2004-09-13
1095120000,110.02,110.11,109.34,109.63,7769,40,0,2004-09-14
1095206400,109.64,110.37,109.28,110.03,8732,40,0,2004-09-15
1095292800,110.02,110.06,109.45,109.58,7617,40,0,2004-09-16
1095379200,109.59,110.23,109.34,109.79,6938,40,0,2004-09-17
1095638400,109.91,110.12,109.69,109.83,5643,40,0,2004-09-20
1095724800,109.84,110.16,109.57,109.72,7743,40,0,2004-09-21
1095811200,109.73,110.73,109.58,110.63,6845,40,0,2004-09-22
1095897600,110.62,110.9,110.24,110.78,7479,40,0,2004-09-23
1095984000,110.79,110.85,110.32,110.58,7871,40,0,2004-09-24
1096243200,110.49,111.38,110.47,111.24,7871,40,0,2004-09-27
1096329600,111.25,111.7,111.12,111.34,8609,40,0,2004-09-28
1096416000,111.34,111.37,110.64,110.88,7928,40,0,2004-09-29
1096502400,110.88,111.23,109.78,110.07,9276,40,0,2004-09-30
1096588800,110.06,110.57,109.78,110.5,7855,40,0,2004-10-01
1096848000,110.62,111.17,110.49,110.82,6994,40,0,2004-10-04
1096934400,110.81,111.32,110.66,111.2,6844,40,0,2004-10-05
1097020800,111.19,111.44,110.95,111.26,7040,40,0,2004-10-06
1097107200,111.27,111.41,110.94,111.11,6631,40,0,2004-10-07
1097193600,111.1,111.24,109.28,109.49,8596,40,0,2004-10-08
1097452800,109.51,110.72,109.11,109.33,5120,40,0,2004-10-11
1097539200,109.3,110.08,109.3,109.65,7501,40,0,2004-10-12
1097625600,109.65,110.19,109.38,109.78,7423,40,0,2004-10-13
1097712000,109.78,109.83,109.13,109.62,7411,40,0,2004-10-14
1097798400,109.62,109.67,108.78,109.31,8220,40,0,2004-10-15
1098057600,109.23,109.56,109.1,109.2,6628,40,0,2004-10-18
1098144000,109.22,109.43,108.23,108.32,7661,40,0,2004-10-19
1098230400,108.33,108.65,108.08,108.27,8255,40,0,2004-10-20
1098316800,108.29,108.37,107.33,107.55,8179,40,0,2004-10-21
1098403200,107.52,107.73,107.15,107.23,6644,40,0,2004-10-22
1098662400,107.26,107.36,106.2,106.69,9806,40,0,2004-10-25
1098748800,106.68,106.99,106.39,106.93,8972,40,0,2004-10-26
1098835200,106.92,107.13,106.19,106.57,8923,40,0,2004-10-27
1098921600,106.58,106.93,105.87,106.25,9977,40,0,2004-10-28
1099008000,106.24,106.36,105.74,105.76,8120,40,0,2004-10-29
1099267200,105.8,106.55,105.72,106.42,7431,40,0,2004-11-01
1099353600,106.45,106.73,105.97,106.01,7281,40,0,2004-11-02
1099440000,106.04,106.87,105.9,106.19,9065,40,0,2004-11-03
1099526400,106.19,106.46,105.65,106.02,8493,40,0,2004-11-04
1099612800,106.04,106.62,105.49,105.53,8537,40,0,2004-11-05
1099872000,105.49,105.74,105.25,105.49,7634,40,0,2004-11-08
1099958400,105.48,105.89,105.44,105.64,6946,40,0,2004-11-09
1100044800,105.66,107.27,105.63,106.99,9926,40,0,2004-11-10
1100131200,107.0,107.03,106.5,106.52,6481,40,0,2004-11-11
1100217600,106.51,106.78,105.29,105.54,9441,40,0,2004-11-12
1100476800,105.63,105.63,105.13,105.24,7254,40,0,2004-11-15
1100563200,105.24,105.65,105.17,105.35,6710,40,0,2004-11-16
1100649600,105.36,105.49,103.77,103.99,8645,40,0,2004-11-17
1100736000,104.0,104.39,103.62,104.24,9146,40,0,2004-11-18
1100822400,104.26,104.35,102.67,103.06,8988,40,0,2004-11-19
1101081600,103.1,103.38,102.95,103.11,6946,40,0,2004-11-22
1101168000,103.1,103.66,102.84,103.39,8023,40,0,2004-11-23
1101254400,103.42,103.68,102.53,102.83,7913,40,0,2004-11-24
1101340800,102.85,103.01,102.35,102.37,7002,40,0,2004-11-25
1101427200,102.37,103.41,102.13,102.56,10571,40,0,2004-11-26
1101686400,102.63,103.11,102.5,102.87,10412,40,0,2004-11-29
1101772800,102.85,103.34,102.4,103.03,12583,40,0,2004-11-30
1101859200,103.02,103.02,102.51,102.66,9336,40,0,2004-12-01
1101945600,102.67,103.38,101.81,103.17,12676,40,0,2004-12-02
1102032000,103.16,103.58,102.0,102.08,10316,40,0,2004-12-03
1102291200,102.06,103.36,101.9,103.13,8895,40,0,2004-12-06
1102377600,103.13,103.35,102.38,102.87,10032,40,0,2004-12-07
1102464000,102.86,104.97,102.75,103.86,15721,40,0,2004-12-08
1102550400,103.86,104.98,103.84,104.62,12351,40,0,2004-12-09
1102636800,104.61,106.17,104.59,105.19,11814,40,0,2004-12-10
1102896000,105.53,105.58,104.53,104.7,12220,40,0,2004-12-13
1102982400,104.65,105.78,104.6,105.57,10345,40,0,2004-12-14
1103068800,105.57,105.71,103.96,104.22,12740,40,0,2004-12-15
1103155200,104.21,104.95,103.43,104.6,12951,40,0,2004-12-16
1103241600,104.6,104.71,104.06,104.16,11256,40,0,2004-12-17
1103500800,104.03,104.49,103.88,104.16,7660,40,0,2004-12-20
1103587200,104.15,104.67,103.68,104.42,8690,40,0,2004-12-21
1103673600,104.43,104.48,103.89,104.22,7671,40,0,2004-12-22
1103760000,104.22,104.26,103.54,103.61,6690,40,0,2004-12-23
1103846400,103.62,103.78,103.43,103.66,3893,40,0,2004-12-24
1104105600,103.69,104.07,102.68,103.0,5037,40,0,2004-12-27
1104192000,102.99,103.31,102.8,103.01,5569,40,0,2004-12-28
1104278400,103.02,104.25,103.02,103.73,7483,40,0,2004-12-29
1104364800,103.74,104.18,102.83,103.08,7321,40,0,2004-12-30
1104451200,103.1,103.11,102.28,102.47,3986,40,0,2004-12-31
1104710400,102.64,103.48,102.35,102.83,8906,30,0,2005-01-03
1104796800,102.83,104.82,102.43,104.46,9487,30,0,2005-01-04
1104883200,104.46,105.03,103.75,104.11,9131,30,0,2005-01-05
1104969600,104.13,105.2,103.89,104.93,9771,30,0,2005-01-06
1105056000,104.95,105.17,103.86,104.92,9419,30,0,2005-01-07
1105315200,104.83,104.85,104.08,104.21,8157,30,0,2005-01-10
1105401600,104.21,104.32,103.11,103.36,8932,30,0,2005-01-11
1105488000,103.37,103.56,102.14,102.42,9167,30,0,2005-01-12
1105574400,102.43,102.87,102.24,102.43,8694,30,0,2005-01-13
1105660800,102.44,103.18,101.77,102.06,9501,30,0,2005-01-14
1105920000,102.04,102.31,101.67,102.23,7603,30,0,2005-01-17
1106006400,102.23,103.02,102.11,102.19,8900,30,0,2005-01-18
1106092800,102.19,102.99,102.03,102.83,8890,30,0,2005-01-19
1106179200,102.83,103.62,102.48,103.41,9613,30,0,2005-01-20
1106265600,103.4,103.94,102.56,102.66,8742,30,0,2005-01-21
1106524800,102.83,103.03,102.53,102.67,8254,30,0,2005-01-24
1106611200,102.66,104.36,102.5,103.97,8909,30,0,2005-01-25
1106697600,103.98,104.09,102.76,103.15,8803,30,0,2005-01-26
1106784000,103.16,103.55,102.36,102.82,9030,30,0,2005-01-27
1106870400,102.85,103.79,102.72,103.31,8410,30,0,2005-01-28
1107129600,103.68,103.82,103.34,103.62,8163,30,0,2005-01-31
1107216000,103.61,104.11,103.49,103.67,8172,30,0,2005-02-01
1107302400,103.68,104.1,103.35,103.72,8194,30,0,2005-02-02
1107388800,103.72,104.75,103.65,104.49,8797,30,0,2005-02-03
1107475200,104.5,104.64,103.47,104.11,9035,30,0,2005-02-04
1107734400,104.6,105.08,104.04,104.85,8467,30,0,2005-02-07
1107820800,104.84,105.97,104.78,105.83,8901,30,0,2005-02-08
1107907200,105.81,106.0,105.32,105.56,8904,30,0,2005-02-09
1107993600,105.57,106.88,105.35,105.83,9157,30,0,2005-02-10
1108080000,105.83,105.93,105.48,105.72,7794,30,0,2005-02-11
1108339200,105.5,105.61,104.65,105.09,8326,30,0,2005-02-14
1108425600,105.1,105.39,104.29,104.44,8659,30,0,2005-02-15
1108512000,104.44,105.75,104.41,105.37,9027,30,0,2005-02-16
1108598400,105.39,105.82,105.16,105.56,8282,30,0,2005-02-17
1108684800,105.56,105.9,105.2,105.67,7718,30,0,2005-02-18
1108944000,105.77,105.83,105.4,105.44,7024,30,0,2005-02-21
1109030400,105.45,105.62,103.82,104.17,8872,30,0,2005-02-22
1109116800,104.16,105.13,104.1,104.96,8723,30,0,2005-02-23
1109203200,104.95,105.61,104.6,105.39,8946,30,0,2005-02-24
1109289600,105.39,105.6,105.01,105.24,8111,30,0,2005-02-25
1109548800,105.23,105.3,104.09,104.57,8598,30,0,2005-02-28
1109635200,104.56,104.8,104.14,104.38,8197,30,0,2005-03-01
1109721600,104.38,105.17,104.35,104.78,8667,30,0,2005-03-02
1109808000,104.79,105.4,104.72,105.26,8105,30,0,2005-03-03
1109894400,105.26,105.59,104.33,104.81,8016,30,0,2005-03-04
1110153600,104.77,105.39,104.53,105.14,7619,30,0,2005-03-07
1110240000,105.14,105.21,104.35,104.57,7951,30,0,2005-03-08
1110326400,104.58,104.79,103.65,104.02,8788,30,0,2005-03-09
1110412800,104.02,104.36,103.71,104.1,8788,30,0,2005-03-10
1110499200,104.11,104.32,103.72,104.04,8846,30,0,2005-03-11
1110758400,103.91,105.21,103.7,104.89,8559,30,0,2005-03-14
1110844800,104.89,105.04,104.15,104.54,8776,30,0,2005-03-15
1110931200,104.55,104.72,103.9,104.19,8797,30,0,2005-03-16
1111017600,104.19,104.91,104.1,104.53,8733,30,0,2005-03-17
1111104000,104.53,105.08,104.5,104.75,7848,30,0,2005-03-18
1111363200,104.77,105.52,104.66,105.18,8450,30,0,2005-03-21
1111449600,105.2,105.7,104.84,105.54,8739,30,0,2005-03-22
1111536000,105.55,106.21,105.26,105.96,8975,30,0,2005-03-23
1111622400,105.95,106.6,105.91,106.4,8459,30,0,2005-03-24
1111708800,106.4,106.54,106.26,106.39,6312,30,0,2005-03-25
1111968000,106.35,107.39,106.34,107.18,8214,30,0,2005-03-28
1112054400,107.18,107.63,106.94,107.55,8539,30,0,2005-03-29
1112140800,107.57,107.71,107.12,107.55,8503,30,0,2005-03-30
1112227200,107.55,107.6,106.64,107.14,8842,30,0,2005-03-31
1112313600,107.15,107.79,106.75,107.56,8984,30,0,2005-04-01
1112572800,107.67,108.43,107.58,108.29,8327,30,0,2005-04-04
1112659200,108.29,108.91,108.07,108.28,8206,30,0,2005-04-05
1112745600,108.24,108.81,107.86,108.64,8564,30,0,2005-04-06
1112832000,108.64,108.81,108.09,108.64,8365,30,0,2005-04-07
1112918400,108.66,108.9,108.16,108.18,7816,30,0,2005-04-08
1113177600,108.32,108.55,107.63,107.85,8186,30,0,2005-04-11
1113264000,107.84,108.49,107.51,107.72,8642,30,0,2005-04-12
1113350400,107.72,107.86,107.14,107.34,8269,30,0,2005-04-13
1113436800,107.34,108.44,107.25,108.28,8690,30,0,2005-04-14
1113523200,108.29,108.57,107.46,107.74,9131,30,0,2005-04-15
1113782400,107.64,108.07,107.26,107.38,8406,30,0,2005-04-18
1113868800,107.37,107.55,106.72,106.83,10859,30,0,2005-04-19
1113955200,106.85,107.52,106.6,106.96,11321,30,0,2005-04-20
1114041600,106.91,107.45,106.69,106.95,11123,30,0,2005-04-21
1114128000,106.97,107.01,105.75,105.98,10759,30,0,2005-04-22
1114387200,105.56,106.09,105.48,105.76,10685,30,0,2005-04-25
1114473600,105.76,106.2,105.57,106.09,10485,30,0,2005-04-26
1114560000,106.1,106.43,105.68,105.95,10637,30,0,2005-04-27
1114646400,105.93,106.32,105.53,106.15,10522,30,0,2005-04-28
1114732800,106.14,106.17,104.61,104.68,10962,30,0,2005-04-29
1114992000,105.06,105.46,104.9,105.16,9635,30,0,2005-05-02
1115078400,105.14,105.38,104.86,104.98,10161,30,0,2005-05-03
1115164800,104.99,105.05,104.2,104.54,11005,30,0,2005-05-04
1115251200,104.56,104.71,104.22,104.52,10467,30,0,2005-05-05
1115337600,104.51,105.12,104.45,105.05,10195,30,0,2005-05-06
1115596800,105.11,105.72,105.08,105.67,9978,30,0,2005-05-09
1115683200,105.67,105.99,105.38,105.59,10033,30,0,2005-05-10
1115769600,105.56,105.97,104.89,105.86,10874,30,0,2005-05-11
1115856000,105.84,106.97,105.69,106.83,11166,30,0,2005-05-12
1115942400,106.83,107.46,106.66,107.28,10513,30,0,2005-05-13
1116201600,107.29,107.82,106.7,106.99,10738,30,0,2005-05-16
1116288000,106.97,107.58,106.56,107.44,11047,30,0,2005-05-17
1116374400,107.43,107.81,106.76,107.08,11118,30,0,2005-05-18
1116460800,107.05,107.71,106.95,107.62,10679,30,0,2005-05-19
1116547200,107.63,108.33,107.34,108.17,9987,30,0,2005-05-20
1116806400,108.21,108.34,107.54,107.7,10341,30,0,2005-05-23
1116892800,107.68,107.84,107.22,107.63,10387,30,0,2005-05-24
1116979200,107.64,107.91,107.27,107.63,10165,30,0,2005-05-25
1117065600,107.64,108.3,107.61,107.98,10893,30,0,2005-05-26
1117152000,107.96,108.12,107.72,107.97,8382,30,0,2005-05-27
1117411200,108.01,108.18,107.72,107.98,9071,30,0,2005-05-30
1117497600,107.98,108.61,107.69,108.5,11224,30,0,2005-05-31
1117584000,108.5,108.88,108.12,108.61,11435,30,0,2005-06-01
1117670400,108.6,108.82,108.09,108.22,11104,30,0,2005-06-02
1117756800,108.26,108.3,107.46,107.68,11096,30,0,2005-06-03
1118016000,107.72,107.88,106.71,106.92,11120,30,0,2005-06-06
1118102400,106.94,107.07,106.5,106.63,10532,30,0,2005-06-07
1118188800,106.63,107.42,106.51,107.23,12164,30,0,2005-06-08
1118275200,107.24,107.79,107.08,107.47,11730,30,0,2005-06-09
1118361600,107.44,108.72,107.3,108.68,11513,30,0,2005-06-10
1118620800,108.64,109.71,108.44,109.55,12574,30,0,2005-06-13
1118707200,109.54,109.64,109.07,109.44,11953,30,0,2005-06-14
1118793600,109.42,109.74,109.12,109.18,11949,30,0,2005-06-15
1118880000,109.16,109.43,108.65,108.92,12243,30,0,2005-06-16
1118966400,108.92,109.12,108.5,108.55,11330,30,0,2005-06-17
1119225600,108.92,109.63,108.6,109.33,10797,30,0,2005-06-20
1119312000,109.33,109.52,108.15,108.35,12210,30,0,2005-06-21
1119398400,108.3,109.17,108.29,108.84,11927,30,0,2005-06-22
1119484800,108.85,109.02,108.4,108.99,11757,30,0,2005-06-23
1119571200,108.95,109.43,108.87,109.06,11160,30,0,2005-06-24
1119830400,109.21,109.47,109.12,109.24,11264,30,0,2005-06-27
1119916800,109.28,110.12,109.19,109.9,11950,30,0,2005-06-28
1120003200,109.89,110.68,109.72,110.43,12320,30,0,2005-06-29
1120089600,110.42,111.02,109.99,110.75,12666,30,0,2005-06-30
1120176000,110.79,111.83,110.6,111.78,11268,30,0,2005-07-01
1120435200,111.8,111.91,111.32,111.62,9300,30,0,2005-07-04
1120521600,111.63,112.16,111.44,111.67,11635,30,0,2005-07-05
1120608000,111.66,112.32,111.44,112.18,11036,30,0,2005-07-06
1120694400,112.19,112.37,111.46,112.02,11992,30,0,2005-07-07
1120780800,112.02,112.6,111.78,112.19,10865,30,0,2005-07-08
1121040000,112.22,112.29,111.68,111.72,11862,30,0,2005-07-11
1121126400,111.72,111.82,110.75,110.92,12881,30,0,2005-07-12
1121212800,110.9,112.31,110.85,111.9,12395,30,0,2005-07-13
1121299200,111.9,112.41,111.64,112.26,12493,30,0,2005-07-14
1121385600,112.25,112.43,111.74,112.23,11565,30,0,2005-07-15
1121644800,112.27,112.38,111.48,111.94,9909,30,0,2005-07-18
1121731200,111.94,113.02,111.83,112.76,11220,30,0,2005-07-19
1121817600,112.78,113.73,112.43,112.84,12731,30,0,2005-07-20
1121904000,112.83,112.89,109.86,110.32,13046,30,0,2005-07-21
1121990400,110.33,111.48,110.31,111.36,12986,30,0,2005-07-22
1122249600,111.4,112.01,111.29,111.43,11204,30,0,2005-07-25
1122336000,111.45,112.64,111.42,112.47,12365,30,0,2005-07-26
1122422400,112.48,112.83,112.14,112.46,12074,30,0,2005-07-27
1122508800,112.44,112.9,111.96,112.17,10890,30,0,2005-07-28
1122595200,112.17,112.78,111.92,112.74,11622,30,0,2005-07-29
1122854400,112.65,112.78,111.7,112.36,10424,30,0,2005-08-01
1122940800,112.37,112.39,111.11,111.4,11684,30,0,2005-08-02
1123027200,111.4,111.96,110.98,111.15,10717,30,0,2005-08-03
1123113600,111.14,111.64,110.75,111.23,10961,30,0,2005-08-04
1123200000,111.23,112.22,111.11,111.85,11195,30,0,2005-08-05
1123459200,112.22,112.64,111.55,112.16,11599,30,0,2005-08-08
1123545600,112.18,112.26,111.66,111.87,11457,30,0,2005-08-09
1123632000,111.87,111.92,110.38,110.65,12002,30,0,2005-08-10
1123718400,110.63,110.76,109.57,109.72,12727,30,0,2005-08-11
1123804800,109.72,109.99,109.3,109.39,11772,30,0,2005-08-12
1124064000,109.44,109.83,109.2,109.31,11089,30,0,2005-08-15
1124150400,109.32,109.7,109.02,109.63,12045,30,0,2005-08-16
1124236800,109.6,110.11,109.38,109.79,12053,30,0,2005-08-17
1124323200,109.79,110.71,109.73,110.55,11136,30,0,2005-08-18
1124409600,110.53,110.85,110.3,110.49,10167,30,0,2005-08-19
1124668800,110.45,110.58,109.38,109.75,11026,30,0,2005-08-22
1124755200,109.74,110.2,109.6,109.96,11146,30,0,2005-08-23
1124841600,109.95,110.77,109.87,110.22,11033,30,0,2005-08-24
1124928000,110.24,110.48,109.76,110.07,11077,30,0,2005-08-25
1125014400,110.04,110.42,109.36,110.08,10989,30,0,2005-08-26
1125273600,110.13,110.74,109.83,110.72,10751,30,0,2005-08-29
1125360000,110.69,111.64,110.47,111.27,11553,30,0,2005-08-30
1125446400,111.25,111.81,110.37,110.62,11844,30,0,2005-08-31
1125532800,110.63,110.95,109.6,109.84,11429,30,0,2005-09-01
1125619200,109.88,110.08,109.21,109.85,11135,30,0,2005-09-02
1125878400,109.73,109.83,108.76,109.18,10733,30,0,2005-09-05
1125964800,109.17,109.86,109.12,109.62,11734,30,0,2005-09-06
1126051200,109.6,110.32,109.41,110.04,11693,30,0,2005-09-07
1126137600,110.04,110.66,109.99,110.53,10987,30,0,2005-09-08
1126224000,110.53,110.79,109.48,109.7,10354,30,0,2005-09-09
1126483200,109.19,110.43,109.14,110.37,10606,30,0,2005-09-12
1126569600,110.36,111.07,110.12,110.67,11419,30,0,2005-09-13
1126656000,110.67,110.84,109.88,110.35,11418,30,0,2005-09-14
1126742400,110.31,110.76,110.15,110.68,11411,30,0,2005-09-15
1126828800,110.69,111.5,110.45,111.33,10763,30,0,2005-09-16
1127088000,111.5,111.7,111.17,111.51,9665,30,0,2005-09-19
1127174400,111.52,112.05,111.12,111.97,10687,30,0,2005-09-20
1127260800,111.99,112.05,110.97,111.28,11516,30,0,2005-09-21
1127347200,111.3,111.84,111.05,111.65,11174,30,0,2005-09-22
1127433600,111.65,112.54,111.04,112.53,9685,30,0,2005-09-23
1127692800,112.46,112.63,112.08,112.19,10701,30,0,2005-09-26
1127779200,112.18,113.55,112.16,113.25,11711,30,0,2005-09-27
1127865600,113.25,113.48,112.87,113.02,11703,30,0,2005-09-28
1127952000,113.02,113.26,112.66,113.13,11376,30,0,2005-09-29
1128038400,113.13,114.01,112.91,114.01,11620,30,0,2005-09-30
1128297600,113.52,114.39,113.43,114.15,11537,30,0,2005-10-03
1128384000,114.15,114.42,114.0,114.32,12243,30,0,2005-10-04
1128470400,114.32,114.44,113.56,113.78,11916,30,0,2005-10-05
1128556800,113.83,114.22,113.01,113.24,12847,30,0,2005-10-06
1128643200,113.27,114.05,113.25,113.86,11233,30,0,2005-10-07
1128902400,113.75,114.32,113.54,114.14,8475,30,0,2005-10-10
1128988800,114.13,114.64,113.82,114.52,9229,30,0,2005-10-11
1129075200,114.53,114.79,114.24,114.34,9005,30,0,2005-10-12
1129161600,114.33,115.11,114.21,114.43,9770,30,0,2005-10-13
1129248000,114.47,114.92,113.86,114.09,9656,30,0,2005-10-14
1129507200,114.18,114.99,113.75,114.96,12360,30,0,2005-10-17
1129593600,114.96,115.96,114.9,115.65,10379,30,0,2005-10-18
1129680000,115.67,116.0,115.25,115.34,9279,30,0,2005-10-19
1129766400,115.35,115.79,115.26,115.33,9507,30,0,2005-10-20
1129852800,115.33,116.0,114.97,115.92,8934,30,0,2005-10-21
1130112000,115.89,116.0,115.06,115.4,8316,30,0,2005-10-24
1130198400,115.42,115.76,114.61,115.03,9365,30,0,2005-10-25
1130284800,115.04,115.95,114.91,115.9,9297,30,0,2005-10-26
1130371200,115.91,116.25,114.85,115.43,9842,30,0,2005-10-27
1130457600,115.42,115.74,115.08,115.61,8630,30,0,2005-10-28
1130716800,115.72,116.69,115.53,116.59,8783,30,0,2005-10-31
1130803200,116.58,116.79,116.4,116.67,9216,30,0,2005-11-01
1130889600,116.7,117.01,116.55,116.89,8673,30,0,2005-11-02
1130976000,116.9,117.42,116.8,117.29,8666,30,0,2005-11-03
1131062400,117.3,118.42,117.22,118.27,8621,30,0,2005-11-04
1131321600,118.32,118.4,117.45,117.72,8726,30,0,2005-11-07
1131408000,117.74,117.99,117.09,117.34,8854,30,0,2005-11-08
1131494400,117.29,117.77,116.86,117.56,8817,30,0,2005-11-09
1131580800,117.55,118.28,117.34,118.1,9044,30,0,2005-11-10
1131667200,118.08,118.21,117.63,118.01,7894,30,0,2005-11-11
1131926400,118.07,118.92,117.85,118.75,8621,30,0,2005-11-14
1132012800,118.76,119.43,118.7,118.91,8915,30,0,2005-11-15
1132099200,118.93,119.59,118.81,119.17,9228,30,0,2005-11-16
1132185600,119.17,119.31,118.47,118.82,9250,30,0,2005-11-17
1132272000,118.83,119.4,118.68,119.14,8743,30,0,2005-11-18
1132531200,119.19,119.46,118.54,119.05,8999,30,0,2005-11-21
1132617600,119.06,119.53,118.65,118.76,9406,30,0,2005-11-22
1132704000,118.76,119.05,118.2,118.75,9453,30,0,2005-11-23
1132790400,118.75,118.99,118.54,118.94,8188,30,0,2005-11-24
1132876800,118.93,119.71,118.92,119.64,7882,30,0,2005-11-25
1133136000,119.68,119.96,118.33,118.89,8939,30,0,2005-11-28
1133222400,118.88,119.76,118.78,119.74,9491,30,0,2005-11-29
1133308800,119.72,119.89,119.22,119.82,8871,30,0,2005-11-30
1133395200,119.81,120.75,119.67,120.51,9069,30,0,2005-12-01
1133481600,120.5,121.24,120.19,120.48,9392,30,0,2005-12-02
1133740800,121.15,121.42,120.7,120.93,9165,30,0,2005-12-05
1133827200,120.91,121.29,120.75,120.77,9092,30,0,2005-12-06
1133913600,120.78,121.2,120.57,121.09,8955,30,0,2005-12-07
1134000000,121.08,121.11,119.96,120.33,9249,30,0,2005-12-08
1134086400,120.32,120.77,120.31,120.68,8402,30,0,2005-12-09
1134345600,120.83,121.08,119.52,119.8,9253,30,0,2005-12-12
1134432000,119.81,120.47,119.63,120.06,9168,30,0,2005-12-13
1134518400,120.06,120.22,116.7,117.57,10450,30,0,2005-12-14
1134604800,117.56,117.71,115.8,116.44,10565,30,0,2005-12-15
1134691200,116.45,116.53,115.58,115.73,10106,30,0,2005-12-16
1134950400,115.57,116.59,115.51,116.21,8914,30,0,2005-12-19
1135036800,116.21,117.31,115.96,117.13,9295,30,0,2005-12-20
1135123200,117.14,117.56,116.75,117.35,9264,30,0,2005-12-21
1135209600,117.36,117.67,116.41,116.67,9005,30,0,2005-12-22
1135296000,116.67,116.93,116.12,116.24,8367,30,0,2005-12-23
1135555200,116.49,116.6,115.99,116.4,5282,30,0,2005-12-26
1135641600,116.39,117.49,116.39,117.44,8321,30,0,2005-12-27
1135728000,117.43,117.97,116.97,117.79,8956,30,0,2005-12-28
1135814400,117.79,118.0,117.69,117.81,8166,30,0,2005-12-29
1135900800,117.8,118.19,117.0,117.69,8871,30,0,2005-12-30
1136160000,117.89,118.07,117.54,117.89,5105,30,0,2006-01-02
1136246400,117.87,117.93,116.0,116.24,9429,30,0,2006-01-03
1136332800,116.24,116.47,115.58,116.19,9818,30,0,2006-01-04
1136419200,116.2,116.49,115.74,116.08,9325,30,0,2006-01-05
1136505600,116.07,116.31,114.22,114.42,9393,30,0,2006-01-06
1136764800,114.56,114.78,113.77,114.56,9188,30,0,2006-01-09
1136851200,114.56,114.8,114.1,114.46,9073,30,0,2006-01-10
1136937600,114.47,114.91,113.9,114.21,9274,30,0,2006-01-11
1137024000,114.19,114.61,113.41,114.58,9733,30,0,2006-01-12
1137110400,114.61,114.82,114.14,114.32,9079,30,0,2006-01-13
1137369600,114.11,115.18,113.78,115.14,8115,30,0,2006-01-16
1137456000,115.13,115.94,114.57,115.43,9010,30,0,2006-01-17
1137542400,115.45,115.91,114.8,115.24,9827,30,0,2006-01-18
1137628800,115.23,115.6,114.93,115.5,9196,30,0,2006-01-19
1137715200,115.51,115.7,114.95,115.25,8656,30,0,2006-01-20
1137974400,115.16,115.32,114.14,114.56,9784,30,0,2006-01-23
1138060800,114.57,114.94,114.32,114.9,8873,30,0,2006-01-24
1138147200,114.89,116.0,114.64,115.79,9466,30,0,2006-01-25
1138233600,115.82,116.6,115.44,116.48,9218,30,0,2006-01-26
1138320000,116.5,117.46,116.12,117.44,9326,30,0,2006-01-27
1138579200,117.27,117.84,117.0,117.62,8444,30,0,2006-01-30
1138665600,117.62,117.81,116.69,117.22,9464,30,0,2006-01-31
1138752000,117.28,118.18,117.06,118.07,8978,30,0,2006-02-01
1138838400,118.07,118.68,117.87,118.58,9331,30,0,2006-02-02
1138924800,118.57,119.42,118.32,118.86,8616,30,0,2006-02-03
1139184000,118.88,119.13,118.47,119.02,8798,30,0,2006-02-06
1139270400,119.01,119.2,117.61,117.75,9347,30,0,2006-02-07
1139356800,117.75,118.83,117.54,118.53,9148,30,0,2006-02-08
1139443200,118.55,118.93,118.28,118.85,8967,30,0,2006-02-09
1139529600,118.85,118.96,116.88,117.77,9828,30,0,2006-02-10
1139788800,117.79,118.29,117.52,117.77,8822,30,0,2006-02-13
1139875200,117.77,117.79,117.12,117.43,9047,30,0,2006-02-14
1139961600,117.45,118.14,116.74,117.85,9435,30,0,2006-02-15
1140048000,117.86,118.28,117.53,117.66,9105,30,0,2006-02-16
1140134400,117.65,118.88,117.32,118.14,9485,30,0,2006-02-17
1140393600,118.28,118.34,117.92,118.32,7664,30,0,2006-02-20
1140480000,118.33,119.01,118.28,118.82,8766,30,0,2006-02-21
1140566400,118.81,118.92,118.31,118.46,8726,30,0,2006-02-22
1140652800,118.46,118.53,116.77,117.06,10152,30,0,2006-02-23
1140739200,117.04,117.18,116.42,116.78,9561,30,0,2006-02-24
1140998400,117.06,117.18,115.66,116.23,9783,30,0,2006-02-27
1141084800,116.23,116.51,115.7,115.77,9410,30,0,2006-02-28
1141171200,115.76,116.34,115.45,115.99,9519,30,0,2006-03-01
1141257600,116.0,116.44,115.78,115.93,9425,30,0,2006-03-02
1141344000,115.92,116.82,115.56,116.41,8980,30,0,2006-03-03
1141603200,116.38,117.71,116.04,117.62,9020,30,0,2006-03-06
1141689600,117.64,118.08,117.35,117.81,10588,30,0,2006-03-07
1141776000,117.82,118.06,117.32,117.75,10001,30,0,2006-03-08
1141862400,117.75,118.46,117.08,118.16,10937,30,0,2006-03-09
1141948800,118.19,119.16,117.96,118.94,9840,30,0,2006-03-10
1142208000,118.92,119.21,118.7,118.75,9990,30,0,2006-03-13
1142294400,118.73,118.81,117.25,117.61,10488,30,0,2006-03-14
1142380800,117.61,117.8,117.13,117.42,9365,30,0,2006-03-15
1142467200,117.42,117.92,116.76,116.89,9985,30,0,2006-03-16
1142553600,116.91,117.0,115.7,115.92,10144,30,0,2006-03-17
1142812800,116.05,116.56,115.5,116.39,10152,30,0,2006-03-20
1142899200,116.38,117.38,116.24,117.09,9921,30,0,2006-03-21
1142985600,117.08,117.42,116.57,117.06,10023,30,0,2006-03-22
1143072000,117.06,117.98,116.72,117.88,9933,30,0,2006-03-23
1143158400,117.87,118.52,117.39,117.45,9643,30,0,2006-03-24
1143417600,117.57,117.68,116.4,116.75,9480,30,0,2006-03-27
1143504000,116.75,118.08,116.25,117.92,10736,30,0,2006-03-28
1143590400,117.95,118.24,117.49,117.83,9505,30,0,2006-03-29
1143676800,117.82,117.97,117.11,117.35,10083,30,0,2006-03-30
1143763200,117.32,118.16,117.14,117.79,9899,30,0,2006-03-31
1144022400,117.74,118.83,117.57,117.78,10118,30,0,2006-04-03
1144108800,117.78,117.97,117.23,117.55,10226,30,0,2006-04-04
1144195200,117.55,117.79,116.68,117.39,10588,30,0,2006-04-05
1144281600,117.37,117.99,117.26,117.81,9864,30,0,2006-04-06
1144368000,117.79,118.42,117.41,118.37,9664,30,0,2006-04-07
1144627200,118.18,118.72,117.87,118.32,8725,30,0,2006-04-10
1144713600,118.32,118.92,118.18,118.34,9599,30,0,2006-04-11
1144800000,118.35,118.63,117.81,118.5,9625,30,0,2006-04-12
1144886400,118.51,118.86,118.32,118.58,10254,30,0,2006-04-13
1144972800,118.59,118.76,118.43,118.64,6817,30,0,2006-04-14
1145232000,118.56,118.58,117.52,117.8,8609,30,0,2006-04-17
1145318400,117.78,118.24,117.0,117.04,10592,30,0,2006-04-18
1145404800,117.04,117.97,116.75,117.3,11066,30,0,2006-04-19
1145491200,117.29,117.92,117.27,117.44,10195,30,0,2006-04-20
1145577600,117.45,117.79,116.46,116.48,10361,30,0,2006-04-21
1145836800,115.69,115.99,114.23,114.75,10507,30,0,2006-04-24
1145923200,114.75,115.03,114.28,114.85,10290,30,0,2006-04-25
1146009600,114.88,115.4,114.61,114.82,10370,30,0,2006-04-26
1146096000,114.82,115.14,113.82,114.21,10371,30,0,2006-04-27
1146182400,114.18,114.5,113.65,113.83,10172,30,0,2006-04-28
1146441600,113.67,113.86,112.34,113.58,9489,30,0,2006-05-01
1146528000,113.61,114.05,113.08,113.42,9925,30,0,2006-05-02
1146614400,113.43,113.89,112.88,113.65,9739,30,0,2006-05-03
1146700800,113.64,114.21,113.24,113.5,10230,30,0,2006-05-04
1146787200,113.5,114.04,112.24,112.6,9015,30,0,2006-05-05
1147046400,111.93,112.21,110.97,111.79,10019,30,0,2006-05-08
1147132800,111.75,111.96,110.87,111.06,9779,30,0,2006-05-09
1147219200,111.06,111.28,110.1,110.62,10326,30,0,2006-05-10
1147305600,110.62,111.54,110.1,110.74,10340,30,0,2006-05-11
1147392000,110.73,110.75,109.31,110.07,10284,30,0,2006-05-12
1147651200,109.64,110.61,109.33,110.44,10833,30,0,2006-05-15
1147737600,110.48,110.89,109.65,109.69,10408,30,0,2006-05-16
1147824000,109.69,111.36,108.97,111.17,10762,30,0,2006-05-17
1147910400,111.17,111.27,110.31,110.79,10527,30,0,2006-05-18
1147996800,110.79,112.26,110.42,111.7,10168,30,0,2006-05-19
1148256000,111.84,112.96,111.28,111.43,10496,30,0,2006-05-22
1148342400,111.45,112.02,110.96,112.01,10339,30,0,2006-05-23
1148428800,112.19,112.99,111.62,112.88,11525,30,0,2006-05-24
1148515200,112.89,112.98,111.66,111.68,9923,30,0,2006-05-25
1148601600,111.69,112.85,111.46,112.67,9824,30,0,2006-05-26
1148860800,112.67,112.73,112.14,112.41,8322,30,0,2006-05-29
1148947200,112.43,112.83,111.62,112.14,10648,30,0,2006-05-30
1149033600,112.13,112.72,111.44,112.58,10380,30,0,2006-05-31
1149120000,112.58,113.4,112.36,112.59,10575,30,0,2006-06-01
1149206400,112.61,112.95,111.32,111.75,9946,30,0,2006-06-02
1149465600,111.66,112.32,111.43,112.2,9637,30,0,2006-06-05
1149552000,112.2,113.58,112.06,113.21,10495,30,0,2006-06-06
1149638400,113.21,113.71,112.91,113.41,10158,30,0,2006-06-07
1149724800,113.39,114.74,113.37,114.12,10546,30,0,2006-06-08
1149811200,114.06,114.36,113.54,113.98,9844,30,0,2006-06-09
1150070400,114.1,114.6,113.96,114.45,9160,30,0,2006-06-12
1150156800,114.44,115.46,114.25,115.31,10291,30,0,2006-06-13
1150243200,115.32,115.42,114.46,114.99,10111,30,0,2006-06-14
1150329600,114.99,115.23,114.63,114.86,9713,30,0,2006-06-15
1150416000,114.83,115.22,114.54,115.19,9092,30,0,2006-06-16
1150675200,115.23,115.79,115.14,115.48,9574,30,0,2006-06-19
1150761600,115.48,115.65,114.62,114.9,9382,30,0,2006-06-20
1150848000,114.9,115.25,114.36,114.82,9182,30,0,2006-06-21
1150934400,114.82,116.31,114.67,116.13,9583,30,0,2006-06-22
1151020800,116.13,116.61,115.76,116.45,9168,30,0,2006-06-23
1151280000,116.49,116.57,116.09,116.27,8544,30,0,2006-06-26
1151366400,116.26,116.72,115.86,116.28,9373,30,0,2006-06-27
1151452800,116.29,116.51,116.05,116.45,9061,30,0,2006-06-28
1151539200,116.45,116.65,114.84,115.06,9722,30,0,2006-06-29
1151625600,115.06,115.25,114.17,114.43,9639,30,0,2006-06-30
1151884800,114.33,114.97,114.09,114.76,9247,30,0,2006-07-03
1151971200,114.76,114.95,114.37,114.93,9012,30,0,2006-07-04
1152057600,114.93,115.81,114.57,115.7,10268,30,0,2006-07-05
1152144000,115.68,115.72,114.88,115.13,10059,30,0,2006-07-06
1152230400,115.13,115.32,113.82,113.97,9512,30,0,2006-07-07
1152489600,113.88,114.37,113.44,114.23,9155,30,0,2006-07-10
1152576000,114.21,114.71,113.91,114.28,9633,30,0,2006-07-11
1152662400,114.3,115.74,114.17,115.5,10088,30,0,2006-07-12
1152748800,115.47,115.53,114.97,115.4,9552,30,0,2006-07-13
1152835200,115.4,116.42,115.33,116.11,10297,30,0,2006-07-14
1153094400,116.38,117.31,116.14,117.11,8966,30,0,2006-07-17
1153180800,117.12,117.61,116.68,117.29,9786,30,0,2006-07-18
1153267200,117.29,117.89,116.64,116.87,9795,30,0,2006-07-19
1153353600,116.87,117.15,116.54,117.06,9474,30,0,2006-07-20
1153440000,117.06,117.06,115.82,116.06,9349,30,0,2006-07-21
1153699200,116.17,116.95,116.15,116.62,9589,30,0,2006-07-24
1153785600,116.63,117.42,116.52,117.2,9588,30,0,2006-07-25
1153872000,117.19,117.21,116.17,116.36,9915,30,0,2006-07-26
1153958400,116.36,116.45,115.29,115.78,10056,30,0,2006-07-27
1154044800,115.81,116.04,114.61,114.75,9680,30,0,2006-07-28
1154304000,114.68,114.86,114.17,114.64,9295,30,0,2006-07-31
1154390400,114.62,115.4,114.48,114.63,10278,30,0,2006-08-01
1154476800,114.64,114.9,114.2,114.65,9900,30,0,2006-08-02
1154563200,114.66,115.32,114.53,114.97,10047,30,0,2006-08-03
1154649600,114.96,115.57,113.97,114.45,9575,30,0,2006-08-04
1154908800,114.23,115.25,114.16,115.21,8938,30,0,2006-08-07
1154995200,115.21,115.4,114.56,115.34,9632,30,0,2006-08-08
1155081600,115.35,115.76,114.78,115.33,9626,30,0,2006-08-09
1155168000,115.36,115.64,114.66,115.25,10643,30,0,2006-08-10
1155254400,115.25,116.46,115.11,116.4,9950,30,0,2006-08-11
1155513600,116.37,116.77,116.16,116.65,8639,30,0,2006-08-14
1155600000,116.61,116.75,115.84,116.1,9631,30,0,2006-08-15
1155686400,116.11,116.39,115.63,115.84,9208,30,0,2006-08-16
1155772800,115.85,116.2,115.18,116.08,10002,30,0,2006-08-17
1155859200,116.04,116.11,115.45,115.81,9268,30,0,2006-08-18
1156118400,115.76,116.0,115.34,115.95,9005,30,0,2006-08-21
1156204800,115.98,116.86,115.9,116.5,9871,30,0,2006-08-22
1156291200,116.53,116.66,116.08,116.39,9077,30,0,2006-08-23
1156377600,116.39,116.61,116.15,116.5,9241,30,0,2006-08-24
1156464000,116.5,117.43,116.42,117.23,9563,30,0,2006-08-25
1156723200,117.29,117.35,116.86,117.22,9104,30,0,2006-08-28
1156809600,117.22,117.26,116.51,116.64,9776,30,0,2006-08-29
1156896000,116.65,117.3,116.58,117.13,9895,30,0,2006-08-30
1156982400,117.11,117.51,116.9,117.36,10116,30,0,2006-08-31
1157068800,117.37,117.5,116.94,117.1,9190,30,0,2006-09-01
1157328000,116.95,117.05,115.88,116.14,8719,30,0,2006-09-04
1157414400,116.14,116.21,115.57,116.11,9724,30,0,2006-09-05
1157500800,116.14,116.92,115.96,116.69,9911,30,0,2006-09-06
1157587200,116.64,117.09,115.96,116.44,10009,30,0,2006-09-07
1157673600,116.44,117.05,116.09,116.91,9625,30,0,2006-09-08
1157932800,116.95,117.8,116.61,117.64,9381,30,0,2006-09-11
1158019200,117.67,118.17,117.37,117.9,9742,30,0,2006-09-12
1158105600,117.88,118.04,117.35,117.47,9730,30,0,2006-09-13
1158192000,117.48,117.79,117.3,117.57,9788,30,0,2006-09-14
1158278400,117.56,118.13,117.35,117.55,9408,30,0,2006-09-15
1158537600,117.47,118.31,117.46,117.9,9599,30,0,2006-09-18
1158624000,117.89,118.14,116.99,117.67,10094,30,0,2006-09-19
1158710400,117.69,117.71,116.97,117.28,9800,30,0,2006-09-20
1158796800,117.36,117.5,116.22,116.37,10186,30,0,2006-09-21
1158883200,116.42,116.64,116.07,116.58,9333,30,0,2006-09-22
1159142400,116.46,116.77,116.12,116.54,10731,30,0,2006-09-25
1159228800,116.55,117.24,116.26,117.11,12948,30,0,2006-09-26
1159315200,117.1,117.64,116.89,117.45,12462,30,0,2006-09-27
1159401600,117.46,117.93,117.33,117.78,11744,30,0,2006-09-28
1159488000,117.77,118.19,117.52,118.17,11408,30,0,2006-09-29
1159747200,118.09,118.39,117.53,117.73,16490,30,0,2006-10-02
1159833600,117.74,117.98,117.38,117.96,12091,30,0,2006-10-03
1159920000,117.95,118.28,117.76,117.81,11547,30,0,2006-10-04
1160006400,117.82,117.88,117.45,117.74,9165,30,0,2006-10-05
1160092800,117.73,119.08,117.64,119.0,6846,30,0,2006-10-06
1160352000,118.96,119.28,118.81,119.09,6081,30,0,2006-10-09
1160438400,119.08,119.77,118.89,119.66,6955,30,0,2006-10-10
1160524800,119.67,119.82,119.33,119.65,6311,30,0,2006-10-11
1160611200,119.66,119.78,119.25,119.31,6356,30,0,2006-10-12
1160697600,119.32,119.87,119.06,119.62,6139,30,0,2006-10-13
1160956800,119.69,119.8,119.0,119.03,6329,30,0,2006-10-16
1161043200,119.05,119.12,118.46,118.47,7092,30,0,2006-10-17
1161129600,118.46,119.16,118.32,118.9,7184,30,0,2006-10-18
1161216000,118.89,119.01,118.04,118.21,7469,30,0,2006-10-19
1161302400,118.2,118.78,118.13,118.73,5929,30,0,2006-10-20
1161561600,118.72,119.39,118.54,119.32,6073,30,0,2006-10-23
1161648000,119.33,119.64,119.07,119.42,6833,30,0,2006-10-24
1161734400,119.43,119.43,118.87,119.02,6673,30,0,2006-10-25
1161820800,119.04,119.06,118.26,118.4,6786,30,0,2006-10-26
1161907200,118.42,118.71,117.14,117.58,7590,30,0,2006-10-27
1162166400,117.54,117.6,117.19,117.54,6875,30,0,2006-10-30
1162252800,117.53,118.03,116.61,116.87,9017,30,0,2006-10-31
1162339200,116.87,117.23,116.57,117.17,8956,30,0,2006-11-01
1162425600,117.15,117.36,116.66,117.18,7144,30,0,2006-11-02
1162512000,117.17,118.18,116.95,117.99,6536,30,0,2006-11-03
1162771200,118.0,118.46,117.78,118.2,5713,30,0,2006-11-06
1162857600,118.23,118.26,117.24,117.63,7136,30,0,2006-11-07
1162944000,117.62,117.99,117.37,117.82,6190,30,0,2006-11-08
1163030400,117.81,118.58,117.69,117.79,7173,30,0,2006-11-09
1163116800,117.78,117.85,117.17,117.59,7037,30,0,2006-11-10
1163376000,117.48,118.28,117.12,118.07,11073,30,0,2006-11-13
1163462400,118.08,118.08,117.24,117.6,8685,30,0,2006-11-14
1163548800,117.59,118.18,117.52,117.88,6839,30,0,2006-11-15
1163635200,117.89,118.33,117.74,118.18,6668,30,0,2006-11-16
1163721600,118.17,118.45,117.5,117.74,6443,30,0,2006-11-17
1163980800,117.84,118.18,117.77,118.08,5773,30,0,2006-11-20
1164067200,118.06,118.24,117.73,117.82,5335,30,0,2006-11-21
1164153600,117.84,117.89,116.35,116.7,7934,30,0,2006-11-22
1164240000,116.69,116.81,116.02,116.29,5432,30,0,2006-11-23
1164326400,116.28,116.47,115.57,115.88,6941,30,0,2006-11-24
1164585600,115.43,116.39,115.37,116.11,9114,30,0,2006-11-27
1164672000,116.1,116.39,115.88,116.22,9240,30,0,2006-11-28
1164758400,116.23,116.45,115.58,116.37,10490,30,0,2006-11-29
1164844800,116.36,116.54,115.5,115.74,7841,30,0,2006-11-30
1164931200,115.73,116.36,114.96,115.42,8850,30,0,2006-12-01
1165190400,115.1,115.82,115.08,115.3,7577,30,0,2006-12-04
1165276800,115.31,115.42,114.41,114.94,8123,30,0,2006-12-05
1165363200,114.93,115.34,114.51,115.33,7151,30,0,2006-12-06
1165449600,115.32,115.36,114.74,115.22,6831,30,0,2006-12-07
1165536000,115.23,116.49,114.88,116.31,8986,30,0,2006-12-08
1165795200,116.36,117.24,116.15,116.8,8057,30,0,2006-12-11
1165881600,116.81,117.23,116.66,116.73,7747,30,0,2006-12-12
1165968000,116.75,117.64,116.64,117.49,7218,30,0,2006-12-13
1166054400,117.5,117.87,117.25,117.73,6870,30,0,2006-12-14
1166140800,117.74,118.31,117.43,118.16,8582,30,0,2006-12-15
1166400000,117.98,118.27,117.68,118.11,5793,30,0,2006-12-18
1166486400,118.12,118.3,117.8,118.07,7816,30,0,2006-12-19
1166572800,118.06,118.5,117.94,118.37,6332,30,0,2006-12-20
1166659200,118.38,118.5,117.94,118.34,6647,30,0,2006-12-21
1166745600,118.35,118.95,118.21,118.85,5521,30,0,2006-12-22
1167091200,118.73,119.23,118.7,119.15,11782,30,0,2006-12-26
1167177600,119.14,119.21,118.28,118.64,8089,30,0,2006-12-27
1167264000,118.66,119.02,118.52,118.92,8191,30,0,2006-12-28
1167350400,118.91,119.17,118.71,119.06,7594,30,0,2006-12-29
1167696000,118.98,118.99,118.5,118.81,9670,30,0,2007-01-02
1167782400,118.8,119.67,118.65,119.41,7401,30,0,2007-01-03
1167868800,119.39,119.5,118.86,118.87,7454,30,0,2007-01-04
1167955200,118.86,119.03,117.97,118.61,8624,30,0,2007-01-05
1168214400,118.71,118.82,118.1,118.79,6374,30,0,2007-01-08
1168300800,118.78,119.53,118.66,119.36,7490,30,0,2007-01-09
1168387200,119.37,119.76,119.13,119.61,7234,30,0,2007-01-10
1168473600,119.6,120.62,119.49,120.43,8559,30,0,2007-01-11
1168560000,120.46,120.71,120.14,120.3,7509,30,0,2007-01-12
1168819200,120.31,120.58,120.04,120.46,6115,30,0,2007-01-15
1168905600,120.47,120.74,120.2,120.63,7316,30,0,2007-01-16
1168992000,120.64,120.87,120.32,120.61,7016,30,0,2007-01-17
1169078400,120.62,121.57,120.46,121.18,9127,30,0,2007-01-18
1169164800,121.17,121.46,121.08,121.21,6205,30,0,2007-01-19
1169424000,121.25,121.77,121.19,121.65,5694,30,0,2007-01-22
1169510400,121.66,121.74,121.09,121.66,7028,30,0,2007-01-23
1169596800,121.68,121.79,120.63,121.05,9817,30,0,2007-01-24
1169683200,121.06,121.31,120.17,121.24,10248,30,0,2007-01-25
1169769600,121.25,121.64,121.15,121.51,7873,30,0,2007-01-26
1170028800,121.44,122.17,121.41,121.73,5661,30,0,2007-01-29
1170115200,121.72,121.97,121.45,121.69,6626,30,0,2007-01-30
1170201600,121.72,121.72,120.6,120.85,8866,30,0,2007-01-31
1170288000,120.85,120.88,120.07,120.74,8663,30,0,2007-02-01
1170374400,120.75,121.34,120.62,121.11,7142,30,0,2007-02-02
1170633600,121.18,121.18,120.22,120.27,6726,30,0,2007-02-05
1170720000,120.26,120.55,119.94,120.03,6941,30,0,2007-02-06
1170806400,120.02,120.79,120.0,120.6,6027,30,0,2007-02-07
1170892800,120.61,121.41,120.56,121.1,6331,30,0,2007-02-08
1170979200,121.11,121.72,121.04,121.68,6690,30,0,2007-02-09
1171238400,122.04,122.05,121.56,121.82,5287,30,0,2007-02-12
1171324800,121.83,121.86,121.07,121.18,6693,30,0,2007-02-13
1171411200,121.2,121.35,120.6,120.71,7492,30,0,2007-02-14
1171497600,120.69,120.74,119.14,119.2,10507,30,0,2007-02-15
1171584000,119.21,119.54,118.96,119.4,7186,30,0,2007-02-16
1171843200,119.25,119.72,119.25,119.66,4592,30,0,2007-02-19
1171929600,119.65,120.32,119.55,120.02,6223,30,0,2007-02-20
1172016000,120.01,121.16,119.67,120.82,9358,30,0,2007-02-21
1172102400,120.83,121.61,120.81,121.5,6411,30,0,2007-02-22
1172188800,121.51,121.61,120.91,120.99,5346,30,0,2007-02-23
1172448000,120.89,120.98,120.33,120.7,4952,30,0,2007-02-26
1172534400,120.69,120.75,117.47,118.2,10469,30,0,2007-02-27
1172620800,118.21,118.81,117.94,118.5,11047,30,0,2007-02-28
1172707200,118.54,118.84,116.94,117.58,12069,30,0,2007-03-01
1172793600,117.57,117.8,116.4,116.77,9909,30,0,2007-03-02
1173052800,116.65,116.65,115.13,115.22,15057,30,0,2007-03-05
1173139200,115.21,116.8,115.2,116.77,11674,30,0,2007-03-06
1173225600,116.78,116.89,115.75,115.85,8919,30,0,2007-03-07
1173312000,115.83,117.48,115.54,117.24,10807,30,0,2007-03-08
1173398400,117.25,118.37,117.09,118.3,9931,30,0,2007-03-09
1173657600,118.37,118.49,117.22,117.5,9454,30,0,2007-03-12
1173744000,117.51,117.78,116.02,116.13,11939,30,0,2007-03-13
1173830400,116.12,117.42,115.75,117.32,14035,30,0,2007-03-14
1173916800,117.33,117.77,117.03,117.34,11796,30,0,2007-03-15
1174003200,117.35,117.44,116.51,116.68,10881,30,0,2007-03-16
1174262400,116.29,117.76,116.24,117.42,9594,30,0,2007-03-19
1174348800,117.41,118.02,116.92,117.25,10112,30,0,2007-03-20
1174435200,117.26,117.94,117.18,117.39,7419,30,0,2007-03-21
1174521600,117.4,118.31,117.25,118.13,8746,30,0,2007-03-22
1174608000,118.12,118.24,117.38,118.1,8723,30,0,2007-03-23
1174867200,117.92,118.42,117.65,118.1,7122,30,0,2007-03-26
1174953600,118.11,118.38,117.69,117.83,7798,30,0,2007-03-27
1175040000,117.82,118.03,116.38,116.9,13277,30,0,2007-03-28
1175126400,116.89,118.09,116.66,118.03,8202,30,0,2007-03-29
1175212800,118.04,118.39,117.21,117.82,9037,30,0,2007-03-30
1175472000,117.5,118.05,117.46,117.85,6686,30,0,2007-04-02
1175558400,117.86,118.98,117.71,118.91,6718,30,0,2007-04-03
1175644800,118.9,119.08,118.55,118.63,6429,30,0,2007-04-04
1175731200,118.64,118.99,118.45,118.7,5837,30,0,2007-04-05
1175817600,118.71,119.38,118.68,119.25,2920,30,0,2007-04-06
1176076800,119.24,119.38,119.18,119.29,3052,30,0,2007-04-09
1176163200,119.3,119.32,118.75,119.03,5905,30,0,2007-04-10
1176249600,119.04,119.53,118.87,119.37,6116,30,0,2007-04-11
1176336000,119.36,119.5,118.79,119.06,6446,30,0,2007-04-12
1176422400,119.07,119.55,118.21,119.25,7537,30,0,2007-04-13
1176681600,119.38,119.87,118.98,119.69,7566,30,0,2007-04-16
1176768000,119.68,119.81,118.81,118.94,8216,30,0,2007-04-17
1176854400,118.91,119.02,118.1,118.47,8197,30,0,2007-04-18
1176940800,118.48,118.58,117.6,118.41,10810,30,0,2007-04-19
1177027200,118.43,118.96,118.24,118.67,7167,30,0,2007-04-20
1177286400,118.71,119.03,118.22,118.56,7186,30,0,2007-04-23
1177372800,118.57,118.94,118.24,118.53,8204,30,0,2007-04-24
1177459200,118.54,118.84,118.27,118.62,7098,30,0,2007-04-25
1177545600,118.63,119.66,118.53,119.5,9050,30,0,2007-04-26
1177632000,119.51,119.75,118.87,119.6,9246,30,0,2007-04-27
1177891200,119.26,119.74,119.26,119.41,5093,30,0,2007-04-30
1177977600,119.41,119.86,119.06,119.74,5092,30,0,2007-05-01
1178064000,119.75,120.27,119.48,120.19,7679,30,0,2007-05-02
1178150400,120.22,120.45,119.97,120.41,5358,30,0,2007-05-03
1178236800,120.42,120.45,119.91,120.17,5845,30,0,2007-05-04
1178496000,120.13,120.18,119.78,120.09,5519,30,0,2007-05-07
1178582400,120.1,120.13,119.52,120.01,8892,30,0,2007-05-08
1178668800,120.0,120.14,119.62,120.02,7825,30,0,2007-05-09
1178755200,120.03,120.52,119.75,119.78,10250,30,0,2007-05-10
1178841600,119.77,120.21,119.47,120.18,11181,30,0,2007-05-11
1179100800,120.2,120.44,120.02,120.4,5338,30,0,2007-05-14
1179187200,120.39,120.59,120.1,120.24,6677,30,0,2007-05-15
1179273600,120.2,120.84,120.15,120.78,6460,30,0,2007-05-16
1179360000,120.8,121.36,120.67,121.24,6146,30,0,2007-05-17
1179446400,121.23,121.39,120.68,121.12,7573,30,0,2007-05-18
1179705600,121.18,121.62,121.1,121.49,5126,30,0,2007-05-21
1179792000,121.48,121.6,121.2,121.53,5390,30,0,2007-05-22
1179878400,121.54,121.87,121.31,121.6,6291,30,0,2007-05-23
1179964800,121.58,121.68,121.24,121.44,7434,30,0,2007-05-24
1180051200,121.43,121.87,120.85,121.78,7234,30,0,2007-05-25
1180310400,121.71,121.81,121.62,121.66,2122,30,0,2007-05-28
1180396800,121.67,121.81,121.18,121.67,6476,30,0,2007-05-29
1180483200,121.69,121.77,121.29,121.63,7338,30,0,2007-05-30
1180569600,121.64,121.98,121.44,121.71,6439,30,0,2007-05-31
1180656000,121.7,122.13,121.68,122.07,4942,30,0,2007-06-01
1180915200,122.0,122.11,121.54,121.69,4671,30,0,2007-06-04
1181001600,121.7,121.93,121.11,121.34,6528,30,0,2007-06-05
1181088000,121.35,121.49,120.87,121.03,6483,30,0,2007-06-06
1181174400,121.04,121.56,120.78,120.96,8610,30,0,2007-06-07
1181260800,120.95,121.82,120.76,121.71,8577,30,0,2007-06-08
1181520000,121.74,121.83,121.5,121.67,4820,30,0,2007-06-11
1181606400,121.68,121.86,121.59,121.65,6501,30,0,2007-06-12
1181692800,121.66,122.76,121.48,122.62,8188,30,0,2007-06-13
1181779200,122.61,123.12,122.54,122.96,5220,30,0,2007-06-14
1181865600,122.95,123.66,122.91,123.43,5776,30,0,2007-06-15
1182124800,123.46,123.75,123.31,123.63,5672,30,0,2007-06-18
1182211200,123.64,123.72,123.31,123.38,6950,30,0,2007-06-19
1182297600,123.39,123.67,123.09,123.51,7661,30,0,2007-06-20
1182384000,123.5,123.75,123.44,123.73,6832,30,0,2007-06-21
1182470400,123.72,124.13,123.72,123.88,7206,30,0,2007-06-22
1182729600,123.77,123.93,123.3,123.65,5876,30,0,2007-06-25
1182816000,123.64,123.67,122.8,123.2,9803,30,0,2007-06-26
1182902400,123.21,123.21,122.23,122.81,11195,30,0,2007-06-27
1182988800,122.8,123.36,122.78,123.18,8575,30,0,2007-06-28
1183075200,123.21,123.55,122.96,123.16,8809,30,0,2007-06-29
1183334400,123.05,123.28,122.08,122.35,6395,30,0,2007-07-02
1183420800,122.37,122.68,122.12,122.44,5968,30,0,2007-07-03
1183507200,122.47,122.71,122.21,122.6,4208,30,0,2007-07-04
1183593600,122.62,123.01,122.34,122.91,6896,30,0,2007-07-05
1183680000,122.92,123.55,122.85,123.33,6887,30,0,2007-07-06
1183939200,123.4,123.66,123.21,123.38,4375,30,0,2007-07-09
1184025600,123.37,123.48,121.24,121.36,9787,30,0,2007-07-10
1184112000,121.35,122.51,120.96,122.42,11135,30,0,2007-07-11
1184198400,122.41,122.58,121.83,122.37,8786,30,0,2007-07-12
1184284800,122.36,122.6,121.9,121.92,7604,30,0,2007-07-13
1184544000,121.88,122.19,121.56,121.87,5166,30,0,2007-07-16
1184630400,121.88,122.41,121.7,122.19,8006,30,0,2007-07-17
1184716800,122.21,122.28,121.57,121.84,9572,30,0,2007-07-18
1184803200,121.85,122.15,121.73,122.03,6214,30,0,2007-07-19
1184889600,122.05,122.4,120.83,121.24,7905,30,0,2007-07-20
1185148800,121.57,121.59,120.77,121.04,8876,30,0,2007-07-23
1185235200,121.05,121.12,119.96,120.17,11127,30,0,2007-07-24
1185321600,120.16,120.61,119.77,120.43,12038,30,0,2007-07-25
1185408000,120.44,120.72,117.97,118.15,15506,30,0,2007-07-26
1185494400,118.17,119.26,118.13,118.63,17517,30,0,2007-07-27
1185753600,118.22,119.2,118.0,119.17,12676,30,0,2007-07-30
1185840000,119.14,119.47,118.34,118.4,14217,30,0,2007-07-31
1185926400,118.43,118.97,117.57,118.8,19653,30,0,2007-08-01
1186012800,118.79,119.35,118.3,119.1,12072,30,0,2007-08-02
1186099200,119.11,119.29,117.91,118.03,11243,30,0,2007-08-03
1186358400,117.19,119.06,117.15,118.86,11139,30,0,2007-08-06
1186444800,118.85,118.94,117.94,118.77,10828,30,0,2007-08-07
1186531200,118.76,119.8,118.72,119.62,11784,30,0,2007-08-08
1186617600,119.61,119.75,118.09,118.12,16931,30,0,2007-08-09
1186704000,118.14,118.74,117.2,118.38,18133,30,0,2007-08-10
1186963200,118.33,118.55,117.67,118.15,13395,30,0,2007-08-13
1187049600,118.14,118.51,117.53,117.57,15303,30,0,2007-08-14
1187136000,117.56,117.64,116.25,116.25,20279,30,0,2007-08-15
1187222400,116.24,116.72,111.99,114.32,32325,30,0,2007-08-16
1187308800,114.44,114.89,111.59,114.36,32928,30,0,2007-08-17
1187568000,114.35,115.49,113.68,114.83,22420,30,0,2007-08-20
1187654400,114.82,115.22,114.0,114.22,19882,30,0,2007-08-21
1187740800,114.23,115.45,113.97,115.36,14432,30,0,2007-08-22
1187827200,115.35,117.1,115.33,116.31,18118,30,0,2007-08-23
1187913600,116.3,116.44,115.51,116.42,16495,30,0,2007-08-24
1188172800,116.39,116.72,115.55,115.66,9298,30,0,2007-08-27
1188259200,115.65,115.75,114.1,114.13,15928,30,0,2007-08-28
1188345600,114.14,116.22,113.86,116.1,19479,30,0,2007-08-29
1188432000,116.07,116.08,115.2,115.83,17680,30,0,2007-08-30
1188518400,115.85,116.59,115.49,115.75,16831,30,0,2007-08-31
1188777600,115.74,116.09,115.65,115.92,6966,30,0,2007-09-03
1188864000,115.93,116.41,115.32,116.2,12032,30,0,2007-09-04
1188950400,116.21,116.46,114.98,115.04,14561,30,0,2007-09-05
1189036800,115.06,115.55,114.8,115.42,14280,30,0,2007-09-06
1189123200,115.44,115.65,113.11,113.37,11684,30,0,2007-09-07
1189382400,112.86,113.96,112.58,113.64,12879,30,0,2007-09-10
1189468800,113.61,114.36,113.34,114.33,13418,30,0,2007-09-11
1189555200,114.32,114.36,113.76,114.16,10122,30,0,2007-09-12
1189641600,114.22,115.47,114.07,114.55,11439,30,0,2007-09-13
1189728000,114.56,115.38,114.37,115.33,15139,30,0,2007-09-14
1189987200,115.35,115.36,114.65,115.07,9595,30,0,2007-09-17
1190073600,115.11,116.36,114.78,116.03,13325,30,0,2007-09-18
1190160000,115.99,116.3,115.65,115.91,13841,30,0,2007-09-19
1190246400,115.92,116.03,113.97,114.65,15579,30,0,2007-09-20
1190332800,114.67,115.83,114.57,115.49,12714,30,0,2007-09-21
1190592000,115.38,115.38,114.65,114.9,8965,30,0,2007-09-24
1190678400,114.91,114.96,114.01,114.63,12251,30,0,2007-09-25
1190764800,114.66,115.73,114.51,115.44,11438,30,0,2007-09-26
1190851200,115.46,115.87,115.09,115.57,12112,30,0,2007-09-27
1190937600,115.59,115.68,114.66,114.78,13390,30,0,2007-09-28
1191196800,114.71,116.05,114.71,115.71,12268,30,0,2007-10-01
1191283200,115.7,115.98,115.26,115.6,11197,30,0,2007-10-02
1191369600,115.61,116.76,115.55,116.69,10815,30,0,2007-10-03
1191456000,116.67,116.74,116.26,116.34,9529,30,0,2007-10-04
1191542400,116.41,117.26,116.35,117.0,9227,30,0,2007-10-05
1191801600,117.24,117.58,116.96,117.38,5275,30,0,2007-10-08
1191888000,117.37,117.44,116.8,117.1,7864,30,0,2007-10-09
1191974400,117.13,117.51,116.94,117.19,7096,30,0,2007-10-10
1192060800,117.13,117.77,117.0,117.29,8417,30,0,2007-10-11
1192147200,117.26,117.68,117.13,117.59,7236,30,0,2007-10-12
1192406400,117.45,117.93,117.1,117.41,7580,30,0,2007-10-15
1192492800,117.42,117.45,116.44,116.87,11211,30,0,2007-10-16
1192579200,116.86,117.18,116.17,116.57,11724,30,0,2007-10-17
1192665600,116.58,116.62,115.26,115.58,10181,30,0,2007-10-18
1192752000,115.56,115.7,114.5,114.5,11679,30,0,2007-10-19
1193011200,114.0,114.61,113.23,114.49,16945,30,0,2007-10-22
1193097600,114.51,115.01,114.16,114.69,11394,30,0,2007-10-23
1193184000,114.68,114.94,113.8,114.18,13076,30,0,2007-10-24
1193270400,114.16,114.56,113.76,114.17,9993,30,0,2007-10-25
1193356800,114.2,114.56,113.91,114.2,8790,30,0,2007-10-26
1193616000,114.13,114.89,114.05,114.69,6586,30,0,2007-10-29
1193702400,114.7,115.0,114.37,114.67,7893,30,0,2007-10-30
1193788800,114.66,115.48,114.52,115.31,9686,30,0,2007-10-31
1193875200,115.3,115.91,114.47,114.5,12025,30,0,2007-11-01
1193961600,114.51,115.42,114.35,114.82,13206,30,0,2007-11-02
1194220800,114.61,114.8,114.02,114.46,10331,30,0,2007-11-05
1194307200,114.45,114.77,114.25,114.63,8983,30,0,2007-11-06
1194393600,114.64,114.77,112.04,112.36,16122,30,0,2007-11-07
1194480000,112.41,113.36,112.22,112.63,15765,30,0,2007-11-08
1194566400,112.65,112.87,110.49,110.67,17075,30,0,2007-11-09
1194825600,110.46,110.78,109.12,109.53,17596,30,0,2007-11-12
1194912000,109.54,110.98,109.45,110.96,14641,30,0,2007-11-13
1194998400,110.95,111.74,110.75,111.16,14902,30,0,2007-11-14
1195084800,111.15,111.67,110.2,110.4,14920,30,0,2007-11-15
1195171200,110.39,111.32,109.76,111.08,13892,30,0,2007-11-16
1195430400,110.83,111.06,109.6,109.75,11607,30,0,2007-11-19
1195516800,109.74,110.56,109.5,109.91,14835,30,0,2007-11-20
1195603200,109.9,109.97,108.23,108.53,15487,30,0,2007-11-21
1195689600,108.55,109.15,108.28,108.53,9158,30,0,2007-11-22
1195776000,108.54,108.59,107.55,108.29,11501,30,0,2007-11-23
1196035200,108.48,108.76,107.21,107.5,11617,30,0,2007-11-26
1196121600,107.48,109.13,107.28,108.83,16017,30,0,2007-11-27
1196208000,108.86,110.47,108.25,109.88,14136,30,0,2007-11-28
1196294400,109.95,110.3,109.46,109.82,13481,30,0,2007-11-29
1196380800,109.81,111.21,109.65,111.2,13238,30,0,2007-11-30
1196640000,110.96,111.0,110.12,110.46,9530,30,0,2007-12-03
1196726400,110.52,110.52,109.55,109.82,10288,30,0,2007-12-04
1196812800,109.84,110.95,109.75,110.86,10320,30,0,2007-12-05
1196899200,110.85,111.44,110.62,111.22,9813,30,0,2007-12-06
1196985600,111.27,111.78,111.14,111.67,7377,30,0,2007-12-07
1197244800,111.59,111.86,111.36,111.68,7128,30,0,2007-12-10
1197331200,111.69,112.13,110.5,110.7,10152,30,0,2007-12-11
1197417600,110.69,112.44,110.68,112.2,12390,30,0,2007-12-12
1197504000,112.19,112.44,111.39,112.29,10833,30,0,2007-12-13
1197590400,112.28,113.6,112.24,113.28,10592,30,0,2007-12-14
1197849600,113.31,113.47,112.82,112.84,10170,30,0,2007-12-17
1197936000,112.86,113.52,112.73,113.32,8401,30,0,2007-12-18
1198022400,113.31,113.48,112.75,113.3,9362,30,0,2007-12-19
1198108800,113.31,113.36,112.81,113.17,6802,30,0,2007-12-20
1198195200,113.16,114.19,112.95,114.05,7074,30,0,2007-12-21
1198454400,114.02,114.48,113.98,114.45,3518,30,0,2007-12-24
1198627200,114.2,114.34,113.98,114.23,1980,30,0,2007-12-26
1198713600,114.24,114.7,113.57,113.78,5010,30,0,2007-12-27
1198800000,113.79,114.02,112.28,112.28,5960,30,0,2007-12-28
1199059200,112.58,112.59,111.52,111.71,2459,30,0,2007-12-31
1199232000,111.69,111.91,109.21,109.73,8024,30,0,2008-01-02
1199318400,109.71,109.75,108.24,109.49,12223,30,0,2008-01-03
1199404800,109.47,109.58,107.89,108.57,12923,30,0,2008-01-04
1199664000,108.63,109.73,108.55,109.23,11506,30,0,2008-01-07
1199750400,109.24,109.82,108.78,108.9,12684,30,0,2008-01-08
1199836800,108.91,110.09,108.82,109.98,13066,30,0,2008-01-09
1199923200,109.96,110.07,109.1,109.43,13181,30,0,2008-01-10
1200009600,109.44,109.68,108.62,108.84,13539,30,0,2008-01-11
1200268800,108.76,108.94,107.36,108.26,9969,30,0,2008-01-14
1200355200,108.27,108.33,106.59,106.91,13361,30,0,2008-01-15
1200441600,106.92,107.91,105.9,107.43,16832,30,0,2008-01-16
1200528000,107.37,107.88,106.52,106.58,16368,30,0,2008-01-17
1200614400,106.59,107.58,106.34,106.84,14608,30,0,2008-01-18
1200873600,106.81,106.96,105.66,105.71,11689,30,0,2008-01-21
1200960000,105.73,107.03,105.6,106.7,28446,30,0,2008-01-22
1201046400,106.69,107.35,104.97,106.61,19046,30,0,2008-01-23
1201132800,106.6,107.22,105.94,107.12,25833,30,0,2008-01-24
1201219200,107.13,107.89,106.71,106.71,16294,30,0,2008-01-25
1201478400,106.82,107.13,105.99,107.07,12387,30,0,2008-01-28
1201564800,107.06,107.22,106.38,107.05,12471,30,0,2008-01-29
1201651200,107.04,107.45,106.09,106.24,13411,30,0,2008-01-30
1201737600,106.25,106.85,105.7,106.39,16578,30,0,2008-01-31
1201824000,106.39,106.72,105.74,106.47,14286,30,0,2008-02-01
1202083200,106.64,107.07,106.5,106.67,9460,30,0,2008-02-04
1202169600,106.68,107.71,106.64,106.79,12787,30,0,2008-02-05
1202256000,106.78,106.78,106.17,106.4,12384,30,0,2008-02-06
1202342400,106.42,107.81,105.91,107.34,13350,30,0,2008-02-07
1202428800,107.41,107.71,107.13,107.3,11440,30,0,2008-02-08
1202688000,107.5,107.52,106.33,106.86,9413,30,0,2008-02-11
1202774400,106.85,107.52,106.79,107.29,10403,30,0,2008-02-12
1202860800,107.3,108.35,106.98,108.15,10987,30,0,2008-02-13
1202947200,108.14,108.59,107.76,107.83,10925,30,0,2008-02-14
1203033600,107.84,108.3,107.25,107.79,10502,30,0,2008-02-15
1203292800,107.81,108.3,107.74,108.12,5429,30,0,2008-02-18
1203379200,108.13,108.27,107.2,107.82,11430,30,0,2008-02-19
1203465600,107.83,108.36,107.47,108.04,12111,30,0,2008-02-20
1203552000,108.05,108.31,107.14,107.27,11200,30,0,2008-02-21
1203638400,107.3,107.56,106.71,107.15,10173,30,0,2008-02-22
1203897600,107.26,108.21,107.22,108.1,8667,30,0,2008-02-25
1203984000,108.07,108.13,107.14,107.29,8720,30,0,2008-02-26
1204070400,107.3,107.37,105.94,106.37,11348,30,0,2008-02-27
1204156800,106.39,106.62,105.07,105.29,11392,30,0,2008-02-28
1204243200,105.28,105.36,103.67,103.71,14585,30,0,2008-02-29
1204502400,103.28,103.69,102.61,103.41,14356,30,0,2008-03-03
1204588800,103.42,103.56,102.64,103.46,12913,30,0,2008-03-04
1204675200,103.45,104.17,103.28,103.89,11562,30,0,2008-03-05
1204761600,103.9,103.99,102.44,102.55,12165,30,0,2008-03-06
1204848000,102.54,103.23,101.41,102.66,17290,30,0,2008-03-07
1205107200,102.14,102.43,101.55,101.72,12914,30,0,2008-03-10
1205193600,101.73,103.59,101.41,103.39,14450,30,0,2008-03-11
1205280000,103.4,103.43,101.08,101.55,15288,30,0,2008-03-12
1205366400,101.53,101.68,99.75,100.67,22686,30,0,2008-03-13
1205452800,100.68,101.11,98.89,99.02,20631,30,0,2008-03-14
1205712000,98.75,99.11,95.77,97.38,28722,30,0,2008-03-17
1205798400,97.37,100.44,96.85,100.05,17843,30,0,2008-03-18
1205884800,100.04,100.18,97.67,98.76,30718,30,0,2008-03-19
1205971200,98.75,100.2,98.46,99.06,17936,30,0,2008-03-20
1206057600,99.11,99.72,99.01,99.56,5316,30,0,2008-03-21
1206316800,99.51,100.89,99.47,100.7,9275,30,0,2008-03-24
1206403200,100.69,101.03,99.62,99.96,18247,30,0,2008-03-25
1206489600,99.98,100.33,98.76,98.97,17645,30,0,2008-03-26
1206576000,98.96,100.15,98.55,99.51,21928,30,0,2008-03-27
1206662400,99.52,100.38,99.1,99.22,16871,30,0,2008-03-28
1206921600,98.88,100.18,98.81,99.9,17711,30,0,2008-03-31
1207008000,99.89,102.15,99.59,101.75,17829,30,0,2008-04-01
1207094400,101.74,102.83,101.51,102.3,18137,30,0,2008-04-02
1207180800,102.31,102.94,102.07,102.26,16324,30,0,2008-04-03
1207267200,102.25,102.68,101.45,101.47,18003,30,0,2008-04-04
1207526400,101.72,102.85,101.52,102.37,14661,30,0,2008-04-07
1207612800,102.36,102.68,101.75,102.55,16060,30,0,2008-04-08
1207699200,102.56,102.83,101.49,101.73,15149,30,0,2008-04-09
1207785600,101.75,102.04,100.02,101.76,20794,30,0,2008-04-10
1207872000,101.77,102.25,100.64,101.0,18337,30,0,2008-04-11
1208131200,101.26,101.5,100.3,101.12,19658,30,0,2008-04-14
1208217600,101.11,101.88,100.79,101.84,16159,30,0,2008-04-15
1208304000,101.83,101.93,100.83,101.78,16308,30,0,2008-04-16
1208390400,101.77,102.72,101.69,102.51,18565,30,0,2008-04-17
1208476800,102.5,104.64,102.25,103.67,18845,30,0,2008-04-18
1208736000,103.83,104.06,102.98,103.22,16248,30,0,2008-04-21
1208822400,103.23,103.54,102.67,102.86,20190,30,0,2008-04-22
1208908800,102.85,103.78,102.75,103.43,16709,30,0,2008-04-23
1208995200,103.45,104.54,103.31,104.29,18429,30,0,2008-04-24
1209081600,104.3,104.81,103.9,104.42,17592,30,0,2008-04-25
1209340800,104.41,104.81,104.06,104.2,12795,30,0,2008-04-28
1209427200,104.19,104.36,103.2,104.08,16365,30,0,2008-04-29
1209513600,104.07,104.88,103.69,103.93,17499,30,0,2008-04-30
1209600000,103.92,104.58,103.53,104.39,13683,30,0,2008-05-01
1209686400,104.38,105.7,104.33,105.39,17486,30,0,2008-05-02
1209945600,105.25,105.62,104.73,104.92,10129,30,0,2008-05-05
1210032000,104.91,105.12,104.02,104.72,15367,30,0,2008-05-06
1210118400,104.74,105.59,104.59,104.67,15495,30,0,2008-05-07
1210204800,104.66,104.96,103.4,103.76,20542,30,0,2008-05-08
1210291200,103.75,103.96,102.61,102.86,17640,30,0,2008-05-09
1210550400,102.99,104.03,102.58,103.84,16159,30,0,2008-05-12
1210636800,103.82,104.91,103.38,104.66,17387,30,0,2008-05-13
1210723200,104.67,105.44,104.57,104.98,15510,30,0,2008-05-14
1210809600,104.99,105.29,104.43,104.68,15034,30,0,2008-05-15
1210896000,104.69,105.09,103.52,104.06,16525,30,0,2008-05-16
1211155200,103.95,104.69,103.62,104.32,11945,30,0,2008-05-19
1211241600,104.33,104.48,103.45,103.63,15776,30,0,2008-05-20
1211328000,103.62,103.68,102.96,102.99,16757,30,0,2008-05-21
1211414400,103.01,104.38,102.74,104.12,14185,30,0,2008-05-22
1211500800,104.11,104.25,103.06,103.37,13202,30,0,2008-05-23
1211760000,103.32,103.49,103.13,103.38,5416,30,0,2008-05-26
1211846400,103.39,104.34,103.26,104.27,12379,30,0,2008-05-27
1211932800,104.26,105.31,103.89,104.67,15193,30,0,2008-05-28
1212019200,104.66,105.87,104.61,105.57,15718,30,0,2008-05-29
1212105600,105.56,105.74,105.23,105.5,12860,30,0,2008-05-30
1212364800,105.28,105.53,104.02,104.42,14534,30,0,2008-06-02
1212451200,104.39,105.55,103.87,105.15,18426,30,0,2008-06-03
1212537600,105.13,105.35,104.53,105.27,16939,30,0,2008-06-04
1212624000,105.26,106.42,105.19,105.95,17052,30,0,2008-06-05
1212710400,105.94,106.33,104.91,104.92,16594,30,0,2008-06-06
1212969600,104.44,106.36,104.44,106.28,19461,30,0,2008-06-09
1213056000,106.3,107.44,106.23,107.34,18556,30,0,2008-06-10
1213142400,107.33,107.76,106.56,106.82,16566,30,0,2008-06-11
1213228800,106.85,108.08,106.79,107.88,17377,30,0,2008-06-12
1213315200,107.87,108.38,107.64,108.19,16447,30,0,2008-06-13
1213574400,108.06,108.58,107.92,108.22,13627,30,0,2008-06-16
1213660800,108.23,108.39,107.59,107.96,16034,30,0,2008-06-17
1213747200,107.95,108.42,107.71,107.83,12068,30,0,2008-06-18
1213833600,107.85,108.06,107.42,107.93,14215,30,0,2008-06-19
1213920000,107.94,108.06,107.12,107.33,14118,30,0,2008-06-20
1214179200,107.21,108.06,107.16,107.85,12825,30,0,2008-06-23
1214265600,107.84,108.2,107.35,107.82,12735,30,0,2008-06-24
1214352000,107.81,108.41,107.66,107.86,12558,30,0,2008-06-25
1214438400,107.84,108.18,106.61,106.86,14162,30,0,2008-06-26
1214524800,106.87,107.2,105.86,106.14,16082,30,0,2008-06-27
1214784000,106.21,106.46,104.98,106.08,13995,30,0,2008-06-30
1214870400,106.07,106.38,105.23,106.03,14487,30,0,2008-07-01
1214956800,106.05,106.77,105.78,105.83,14447,30,0,2008-07-02
1215043200,105.85,106.93,105.78,106.8,12659,30,0,2008-07-03
1215129600,106.81,106.88,106.6,106.8,6399,30,0,2008-07-04
1215388800,106.81,107.75,106.65,107.13,12744,30,0,2008-07-07
1215475200,107.14,107.54,106.25,107.42,14399,30,0,2008-07-08
1215561600,107.46,107.66,106.68,106.8,12393,30,0,2008-07-09
1215648000,106.79,107.42,106.69,107.06,13389,30,0,2008-07-10
1215734400,107.08,107.29,105.64,106.28,15502,30,0,2008-07-11
1215993600,106.13,106.8,106.03,106.18,14613,30,0,2008-07-14
1216080000,106.21,106.27,104.16,104.65,19445,30,0,2008-07-15
1216166400,104.64,105.19,103.76,105.1,16521,30,0,2008-07-16
1216252800,105.12,107.09,104.76,106.17,16198,30,0,2008-07-17
1216339200,106.16,106.98,105.97,106.95,12024,30,0,2008-07-18
1216598400,106.92,107.15,106.33,106.42,9141,30,0,2008-07-21
1216684800,106.43,107.44,106.05,107.3,12209,30,0,2008-07-22
1216771200,107.29,107.98,107.17,107.93,12411,30,0,2008-07-23
1216857600,107.94,107.97,107.18,107.39,12222,30,0,2008-07-24
1216944000,107.38,107.94,106.57,107.82,14072,30,0,2008-07-25
1217203200,107.87,108.07,107.35,107.48,9340,30,0,2008-07-28
1217289600,107.46,108.28,107.3,108.15,9534,30,0,2008-07-29
1217376000,108.14,108.33,107.7,108.05,9463,30,0,2008-07-30
1217462400,108.06,108.37,107.57,107.83,10584,30,0,2008-07-31
1217548800,107.88,107.89,107.28,107.68,12165,30,0,2008-08-01
1217808000,107.64,108.29,107.46,108.2,9303,30,0,2008-08-04
1217894400,108.21,108.41,107.67,108.29,11406,30,0,2008-08-05
1217980800,108.28,109.88,108.22,109.59,11376,30,0,2008-08-06
1218067200,109.58,109.68,109.13,109.33,11241,30,0,2008-08-07
1218153600,109.34,110.36,109.3,110.18,14088,30,0,2008-08-08
1218412800,110.37,110.4,109.54,110.11,12955,30,0,2008-08-11
1218499200,110.12,110.35,109.21,109.31,13351,30,0,2008-08-12
1218585600,109.3,109.72,108.37,109.49,17604,30,0,2008-08-13
1218672000,109.47,109.98,109.02,109.77,13223,30,0,2008-08-14
1218758400,109.76,110.66,109.62,110.51,11786,30,0,2008-08-15
1219017600,110.47,110.48,109.96,110.16,10518,30,0,2008-08-18
1219104000,110.18,110.33,109.55,109.66,11010,30,0,2008-08-19
1219190400,109.67,110.26,109.61,109.86,8663,30,0,2008-08-20
1219276800,109.85,109.85,108.13,108.46,11840,30,0,2008-08-21
1219363200,108.47,110.13,108.42,110.07,6213,30,0,2008-08-22
1219622400,110.03,110.27,109.02,109.3,9384,30,0,2008-08-25
1219708800,109.32,109.92,109.14,109.66,12144,30,0,2008-08-26
1219795200,109.68,109.89,108.7,109.52,12833,30,0,2008-08-27
1219881600,109.53,109.72,108.77,109.46,13155,30,0,2008-08-28
1219968000,109.47,109.56,108.42,108.79,12347,30,0,2008-08-29
1220227200,108.33,108.67,107.62,108.17,12853,30,0,2008-09-01
1220313600,108.16,109.18,107.79,108.6,15765,30,0,2008-09-02
1220400000,108.61,109.09,108.1,108.22,14005,30,0,2008-09-03
1220486400,108.24,108.57,106.26,106.47,17141,30,0,2008-09-04
1220572800,106.48,107.74,105.52,107.74,25070,30,0,2008-09-05
1220832000,108.99,109.07,107.74,108.15,24022,30,0,2008-09-08
1220918400,108.16,108.19,106.66,106.81,20766,30,0,2008-09-09
1221004800,106.82,107.92,106.62,107.78,21221,30,0,2008-09-10
1221091200,107.77,107.86,106.06,107.16,25144,30,0,2008-09-11
1221177600,107.24,107.97,106.72,107.93,16276,30,0,2008-09-12
1221436800,105.95,106.92,104.27,104.38,34356,30,0,2008-09-15
1221523200,104.37,106.38,103.54,105.52,38069,30,0,2008-09-16
1221609600,105.57,106.71,104.23,104.27,35999,30,0,2008-09-17
1221696000,104.36,105.78,103.99,105.56,34411,30,0,2008-09-18
1221782400,105.53,108.02,105.4,107.44,28771,30,0,2008-09-19
1222041600,106.87,107.16,105.15,105.42,24119,30,0,2008-09-22
1222128000,105.44,106.06,105.16,105.81,13893,30,0,2008-09-23
1222214400,105.8,106.34,105.35,106.16,16365,30,0,2008-09-24
1222300800,106.18,107.01,105.46,106.47,19827,30,0,2008-09-25
1222387200,106.49,106.52,105.03,106.01,20124,30,0,2008-09-26
1222646400,106.24,106.96,103.96,103.97,25234,30,0,2008-09-29
1222732800,103.98,106.5,103.49,105.99,24166,30,0,2008-09-30
1222819200,105.99,106.53,105.33,105.83,22677,30,0,2008-10-01
1222905600,105.82,106.29,105.08,105.34,23807,30,0,2008-10-02
1222992000,105.35,106.14,104.52,105.32,22972,30,0,2008-10-03
1223251200,104.89,105.15,100.22,101.54,44408,30,0,2008-10-06
1223337600,101.52,103.29,101.07,101.52,44662,30,0,2008-10-07
1223424000,101.56,101.69,98.59,99.11,57812,30,0,2008-10-08
1223510400,99.15,101.48,99.12,99.64,45334,30,0,2008-10-09
1223596800,99.62,100.71,97.91,100.66,44101,30,0,2008-10-10
1223856000,100.98,102.17,99.56,101.97,22816,30,0,2008-10-13
1223942400,101.98,103.05,101.5,102.13,24382,30,0,2008-10-14
1224028800,102.12,102.15,99.57,99.88,33252,30,0,2008-10-15
1224115200,99.86,101.72,99.27,101.66,45922,30,0,2008-10-16
1224201600,101.67,101.83,100.6,101.67,26019,30,0,2008-10-17
1224460800,101.62,102.41,101.35,102.11,25488,30,0,2008-10-20
1224547200,102.06,102.15,100.06,100.36,23667,30,0,2008-10-21
1224633600,100.37,100.56,97.22,97.99,29670,30,0,2008-10-22
1224720000,98.0,98.3,95.93,97.98,31810,30,0,2008-10-23
1224806400,97.99,97.99,90.92,94.29,46777,30,0,2008-10-24
1225065600,93.15,94.47,92.05,93.22,39353,30,0,2008-10-27
1225152000,93.29,99.68,92.65,98.21,37797,30,0,2008-10-28
1225238400,98.2,98.47,96.08,97.37,40210,30,0,2008-10-29
1225324800,97.39,99.11,97.32,98.63,33062,30,0,2008-10-30
1225411200,98.62,99.11,96.37,98.46,32278,30,0,2008-10-31
1225670400,98.23,99.63,98.21,99.24,26599,30,0,2008-11-03
1225756800,99.26,100.54,98.36,99.77,36025,30,0,2008-11-04
1225843200,99.78,99.92,97.75,97.99,44247,30,0,2008-11-05
1225929600,97.98,98.67,97.38,97.44,39171,30,0,2008-11-06
1226016000,97.45,98.67,96.76,98.22,24522,30,0,2008-11-07
1226275200,98.95,99.48,97.6,97.98,30892,30,0,2008-11-10
1226361600,97.99,98.29,97.3,97.59,30006,30,0,2008-11-11
1226448000,97.6,98.07,94.47,94.63,39101,30,0,2008-11-12
1226534400,94.65,98.18,94.61,97.71,40320,30,0,2008-11-13
1226620800,97.7,98.08,96.08,97.06,34174,30,0,2008-11-14
1226880000,96.27,97.55,95.95,96.26,33652,30,0,2008-11-17
1226966400,96.27,97.41,96.01,96.9,32475,30,0,2008-11-18
1227052800,96.92,97.08,95.56,95.75,26675,30,0,2008-11-19
1227139200,95.76,96.24,93.55,94.17,36212,30,0,2008-11-20
1227225600,94.15,95.99,93.65,95.96,36371,30,0,2008-11-21
1227484800,95.97,97.43,94.94,97.08,27840,30,0,2008-11-24
1227571200,97.06,97.07,94.94,95.29,28688,30,0,2008-11-25
1227657600,95.33,95.93,94.64,95.4,24311,30,0,2008-11-26
1227744000,95.41,95.71,94.99,95.32,13501,30,0,2008-11-27
1227830400,95.33,95.74,95.14,95.52,14235,30,0,2008-11-28
1228089600,95.54,95.55,92.88,93.02,13885,30,0,2008-12-01
1228176000,93.01,93.81,92.64,93.16,14907,30,0,2008-12-02
1228262400,93.15,93.6,92.54,93.28,15186,30,0,2008-12-03
1228348800,93.29,93.41,92.06,92.27,14284,30,0,2008-12-04
1228435200,92.26,93.37,91.6,92.82,12873,30,0,2008-12-05
1228694400,92.71,93.89,92.57,92.92,12421,30,0,2008-12-08
1228780800,92.91,93.05,91.93,92.3,10798,30,0,2008-12-09
1228867200,92.28,93.02,92.18,92.77,9631,30,0,2008-12-10
1228953600,92.78,92.87,91.16,91.47,10579,30,0,2008-12-11
1229040000,91.45,91.85,88.6,91.17,15664,30,0,2008-12-12
1229299200,90.93,91.34,90.24,90.59,15394,30,0,2008-12-15
1229385600,90.6,90.72,88.63,88.98,12264,30,0,2008-12-16
1229472000,88.97,89.21,87.13,87.33,15579,30,0,2008-12-17
1229558400,87.34,90.03,87.26,89.56,24622,30,0,2008-12-18
1229644800,89.55,89.84,88.42,89.32,23816,30,0,2008-12-19
1229904000,89.25,90.49,89.25,90.23,18178,30,0,2008-12-22
1229990400,90.21,90.98,89.89,90.89,12873,30,0,2008-12-23
1230076800,90.88,90.95,90.23,90.62,10196,30,0,2008-12-24
1230249600,90.51,90.82,90.36,90.8,2298,30,0,2008-12-26
1230508800,90.65,90.75,89.77,90.66,5459,30,0,2008-12-29
1230595200,90.68,90.96,90.02,90.23,5323,30,0,2008-12-30
1230681600,90.21,90.89,90.14,90.86,4571,30,0,2008-12-31
1230854400,91.17,92.41,90.79,91.82,5054,30,0,2009-01-02
1231113600,92.12,93.58,91.8,93.19,10688,30,0,2009-01-05
1231200000,93.18,94.61,92.83,93.43,11359,30,0,2009-01-06
1231286400,93.44,94.13,92.32,92.57,11877,30,0,2009-01-07
1231372800,92.58,92.91,90.84,91.2,12432,30,0,2009-01-08
1231459200,91.21,91.65,90.15,90.38,17389,30,0,2009-01-09
1231718400,90.04,90.25,88.88,89.34,13751,30,0,2009-01-12
1231804800,89.33,89.87,88.79,89.37,17321,30,0,2009-01-13
1231891200,89.38,89.96,88.6,88.92,15621,30,0,2009-01-14
1231977600,88.91,90.02,88.47,89.88,17996,30,0,2009-01-15
1232064000,89.87,90.9,89.83,90.71,16121,30,0,2009-01-16
1232323200,91.0,91.29,90.15,90.55,10958,30,0,2009-01-19
1232409600,90.56,90.96,89.67,89.72,17851,30,0,2009-01-20
1232496000,89.71,90.15,87.12,89.37,19159,30,0,2009-01-21
1232582400,89.36,89.55,88.06,88.86,21156,30,0,2009-01-22
1232668800,88.85,89.62,87.98,88.74,19915,30,0,2009-01-23
1232928000,88.4,89.68,88.25,89.07,21405,30,0,2009-01-26
1233014400,89.06,90.06,88.42,89.12,19615,30,0,2009-01-27
1233100800,89.11,90.74,88.87,90.4,16068,30,0,2009-01-28
1233187200,90.39,90.64,89.46,90.03,15219,30,0,2009-01-29
1233273600,90.02,90.07,89.15,89.9,19343,30,0,2009-01-30
1233532800,89.68,89.97,88.8,89.36,15375,30,0,2009-02-02
1233619200,89.37,89.96,88.58,89.36,16618,30,0,2009-02-03
1233705600,89.37,89.77,88.81,89.31,17608,30,0,2009-02-04
1233792000,89.32,92.23,89.21,91.1,17413,30,0,2009-02-05
1233878400,91.11,92.19,90.72,91.88,17435,30,0,2009-02-06
1234137600,92.11,92.396,90.88,91.46,34273,30,0,2009-02-09
1234224000,91.465,91.66,90.11,90.3,32219,30,0,2009-02-10
1234310400,90.31,90.755,89.695,90.39,20136,30,0,2009-02-11
1234396800,90.38,91.11,89.795,90.8,23688,30,0,2009-02-12
1234483200,90.81,92.145,90.525,91.845,21444,30,0,2009-02-13
1234742400,91.805,92.065,91.415,91.671,12784,30,0,2009-02-16
1234828800,91.673,92.74,91.545,92.36,23842,30,0,2009-02-17
1234915200,92.37,93.945,92.08,93.615,23601,30,0,2009-02-18
1235001600,93.62,94.455,93.293,94.055,24980,30,0,2009-02-19
1235088000,94.035,94.375,92.5,93.33,20471,30,0,2009-02-20
1235347200,93.505,94.937,92.759,94.358,41215,30,0,2009-02-23
1235433600,94.433,96.923,94.248,96.74,51949,30,0,2009-02-24
1235520000,96.742,97.77,96.351,97.419,41970,30,0,2009-02-25
1235606400,97.412,98.7,97.305,98.508,35863,30,0,2009-02-26
1235692800,98.517,98.522,96.841,97.565,42915,30,0,2009-02-27
1235952000,97.647,97.89,96.91,97.064,39860,30,0,2009-03-02
1236038400,97.078,98.576,96.981,98.197,37604,30,0,2009-03-03
1236124800,98.204,99.469,98.182,99.14,33693,30,0,2009-03-04
1236211200,99.113,99.667,97.706,98.029,33661,30,0,2009-03-05
1236297600,98.034,98.503,96.564,98.235,34742,30,0,2009-03-06
1236556800,98.256,99.18,97.891,98.93,31480,30,0,2009-03-09
1236643200,98.958,99.126,97.892,98.678,33462,30,0,2009-03-10
1236729600,98.688,98.841,97.026,97.412,34323,30,0,2009-03-11
1236816000,97.416,98.516,95.646,97.671,48386,30,0,2009-03-12
1236902400,97.679,98.647,97.131,98.001,40719,30,0,2009-03-13
1237161600,98.076,98.629,97.958,98.237,35726,30,0,2009-03-16
1237248000,98.251,98.957,98.161,98.701,36638,30,0,2009-03-17
1237334400,98.706,98.826,95.661,96.172,42114,30,0,2009-03-18
1237420800,96.179,96.591,93.533,94.524,55156,30,0,2009-03-19
1237507200,94.541,96.252,94.141,95.928,32202,30,0,2009-03-20
1237766400,95.659,97.349,95.636,96.931,34120,30,0,2009-03-23
1237852800,96.941,98.553,96.921,98.113,40728,30,0,2009-03-24
1237939200,98.121,98.341,96.986,97.506,39416,30,0,2009-03-25
1238025600,97.508,98.856,97.482,98.809,34821,30,0,2009-03-26
1238112000,98.808,98.827,97.092,97.846,38567,30,0,2009-03-27
1238371200,98.065,98.303,95.981,97.434,37551,30,0,2009-03-30
1238457600,97.426,99.351,97.276,98.881,51249,30,0,2009-03-31
1238544000,98.887,99.453,98.225,98.631,40397,30,0,2009-04-01
1238630400,98.641,99.89,98.391,99.613,36594,30,0,2009-04-02
1238716800,99.636,100.361,99.325,100.293,36450,30,0,2009-04-03
1238976000,100.307,101.43,100.199,101.061,32654,30,0,2009-04-06
1239062400,101.058,101.058,99.843,100.53,43014,30,0,2009-04-07
1239148800,100.525,100.85,99.311,99.736,41480,30,0,2009-04-08
1239235200,99.74,100.559,99.631,100.443,33244,30,0,2009-04-09
1239321600,100.448,100.711,100.197,100.211,13741,30,0,2009-04-10
1239580800,100.39,100.711,99.851,100.056,23152,30,0,2009-04-13
1239667200,100.061,100.411,98.721,98.816,37621,30,0,2009-04-14
1239753600,98.814,99.651,98.134,99.354,42115,30,0,2009-04-15
1239840000,99.348,99.497,98.5,99.361,38322,30,0,2009-04-16
1239926400,99.357,99.741,98.694,99.135,36191,30,0,2009-04-17
1240185600,99.186,99.396,97.652,97.989,37933,30,0,2009-04-20
1240272000,97.971,98.904,97.721,98.648,41321,30,0,2009-04-21
1240358400,98.644,98.726,97.542,97.966,37833,30,0,2009-04-22
1240444800,97.961,98.426,97.618,98.001,36510,30,0,2009-04-23
1240531200,98.011,98.036,96.626,97.156,36445,30,0,2009-04-24
1240790400,96.832,97.101,96.418,96.716,35993,30,0,2009-04-27
1240876800,96.711,96.731,95.614,96.398,39215,30,0,2009-04-28
1240963200,96.403,97.961,96.403,97.651,37316,30,0,2009-04-29
1241049600,97.645,98.981,97.136,98.544,41105,30,0,2009-04-30
1241136000,98.558,99.572,98.515,99.098,28332,30,0,2009-05-01
1241395200,99.276,99.56,98.712,98.924,22818,30,0,2009-05-04
1241481600,98.914,99.201,98.601,98.925,29078,30,0,2009-05-05
1241568000,98.917,99.066,97.936,98.434,34727,30,0,2009-05-06
1241654400,98.426,99.717,98.331,99.279,36149,30,0,2009-05-07
1241740800,99.281,99.607,98.308,98.451,34152,30,0,2009-05-08
1242000000,98.674,98.835,97.245,97.378,35659,30,0,2009-05-11
1242086400,97.377,97.826,96.102,96.331,40122,30,0,2009-05-12
1242172800,96.321,96.676,95.125,95.265,41992,30,0,2009-05-13
1242259200,95.274,96.094,95.1,95.964,44090,30,0,2009-05-14
1242345600,95.96,96.167,94.723,95.2,46734,30,0,2009-05-15
1242604800,95.033,96.45,94.556,96.244,43321,30,0,2009-05-18
1242691200,96.25,96.68,95.9,95.98,49454,30,0,2009-05-19
1242777600,95.98,96.21,94.69,94.83,58069,30,0,2009-05-20
1242864000,94.83,95.24,93.97,94.35,53843,30,0,2009-05-21
1242950400,94.34,94.89,93.85,94.76,69275,30,0,2009-05-22
1243209600,94.69,95.19,94.42,94.82,36206,30,0,2009-05-25
1243296000,94.82,95.12,94.51,94.93,69249,30,0,2009-05-26
1243382400,94.92,95.49,94.65,95.3,68211,30,0,2009-05-27
1243468800,95.29,97.22,95.27,96.95,75737,30,0,2009-05-28
1243555200,96.95,96.95,95.06,95.3,67164,30,0,2009-05-29
1243814400,95.28,96.78,94.44,96.57,69159,30,0,2009-06-01
1243900800,96.58,96.63,95.33,95.61,79453,30,0,2009-06-02
1243987200,95.62,96.4,95.38,95.91,79792,30,0,2009-06-03
1244073600,95.92,96.96,95.88,96.68,83446,30,0,2009-06-04
1244160000,96.68,98.87,96.56,98.64,75860,30,0,2009-06-05
1244419200,98.56,98.84,98.21,98.45,69527,30,0,2009-06-08
1244505600,98.45,98.56,97.25,97.39,76775,30,0,2009-06-09
1244592000,97.38,98.42,97.08,98.25,73140,30,0,2009-06-10
1244678400,98.25,98.54,97.29,97.72,66395,30,0,2009-06-11
1244764800,97.72,98.43,97.46,98.42,29227,30,0,2009-06-12
1245024000,98.39,98.57,97.59,97.84,11148,30,0,2009-06-15
1245110400,97.83,97.84,96.08,96.39,17289,30,0,2009-06-16
1245196800,96.38,96.78,95.52,95.68,13502,30,0,2009-06-17
1245283200,95.67,96.69,95.63,96.57,11095,30,0,2009-06-18
1245369600,96.58,97.19,96.01,96.27,10015,30,0,2009-06-19
1245628800,96.24,96.31,95.72,95.94,9977,30,0,2009-06-22
1245715200,95.93,95.94,94.88,95.24,13157,30,0,2009-06-23
1245801600,95.23,95.91,95.03,95.74,13194,30,0,2009-06-24
1245888000,95.73,96.563,95.62,95.983,35263,30,0,2009-06-25
1245974400,95.99,96.037,95.043,95.187,67160,30,0,2009-06-26
1246233600,95.271,96.164,95.152,96.081,54155,30,0,2009-06-29
1246320000,96.079,96.503,95.307,96.303,65864,30,0,2009-06-30
1246406400,96.301,96.967,96.165,96.545,60844,30,0,2009-07-01
1246492800,96.552,96.88,95.71,95.94,35484,30,0,2009-07-02
1246579200,95.93,96.12,95.7,96.04,6195,30,0,2009-07-03
1246838400,96.06,96.06,94.67,95.31,13041,30,0,2009-07-06
1246924800,95.3,95.45,94.72,94.76,10216,30,0,2009-07-07
1247011200,94.77,94.86,91.81,92.71,18266,30,0,2009-07-08
1247097600,92.7,93.6,92.38,92.98,15113,30,0,2009-07-09
1247184000,92.99,93.19,91.78,92.54,16007,30,0,2009-07-10
1247443200,92.45,93.03,91.74,93.03,13627,30,0,2009-07-13
1247529600,93.02,93.76,92.71,93.62,18071,30,0,2009-07-14
1247616000,93.63,94.46,93.27,94.25,11930,30,0,2009-07-15
1247702400,94.24,94.45,93.26,93.77,12619,30,0,2009-07-16
1247788800,93.76,94.37,93.49,94.21,10649,30,0,2009-07-17
1248048000,94.26,94.79,94.14,94.2,13847,30,0,2009-07-20
1248134400,94.21,94.39,93.29,93.65,12612,30,0,2009-07-21
1248220800,93.66,93.86,93.1,93.59,12780,30,0,2009-07-22
1248307200,93.58,95.3,93.54,95.01,12475,30,0,2009-07-23
1248393600,95.02,95.16,94.6,94.8,9775,30,0,2009-07-24
1248652800,94.74,95.38,94.69,95.2,9335,30,0,2009-07-27
1248739200,95.19,95.27,94.04,94.51,10636,30,0,2009-07-28
1248825600,94.52,95.36,94.02,95.06,12770,30,0,2009-07-29
1248912000,95.04,95.89,94.84,95.56,9986,30,0,2009-07-30
1248998400,95.57,95.83,94.51,94.67,9557,30,0,2009-07-31
1249257600,94.93,95.42,94.83,95.26,4820,30,0,2009-08-03
1249344000,95.25,95.46,94.37,95.23,9677,30,0,2009-08-04
1249430400,95.22,95.4,94.64,94.92,11306,30,0,2009-08-05
1249516800,94.91,95.81,94.78,95.41,11513,30,0,2009-08-06
1249603200,95.4,97.79,95.06,97.57,11125,30,0,2009-08-07
1249862400,97.64,97.65,96.92,97.07,11300,30,0,2009-08-10
1249948800,97.1,97.11,95.77,95.95,10830,30,0,2009-08-11
1250035200,95.96,96.72,95.13,96.12,12338,30,0,2009-08-12
1250121600,96.13,96.49,95.05,95.36,11983,30,0,2009-08-13
1250208000,95.37,95.47,94.43,94.92,10318,30,0,2009-08-14
1250467200,94.77,94.87,94.21,94.49,10656,30,0,2009-08-17
1250553600,94.5,95.29,94.35,94.72,9613,30,0,2009-08-18
1250640000,94.73,94.96,93.68,94.07,12584,30,0,2009-08-19
1250726400,94.08,94.56,93.86,94.21,9869,30,0,2009-08-20
1250812800,94.22,94.72,93.43,94.38,9693,30,0,2009-08-21
1251072000,94.37,95.06,94.37,94.51,8170,30,0,2009-08-24
1251158400,94.5,94.64,93.8,94.21,9262,30,0,2009-08-25
1251244800,94.2,94.56,93.89,94.24,8943,30,0,2009-08-26
1251331200,94.23,94.27,93.23,93.46,10396,30,0,2009-08-27
1251417600,93.47,94.07,93.43,93.59,8435,30,0,2009-08-28
1251676800,93.51,93.52,92.55,92.98,8494,30,0,2009-08-31
1251763200,92.97,93.41,92.81,92.92,50126,30,0,2009-09-01
1251849600,92.93,93.04,92.1,92.22,51289,30,0,2009-09-02
1251936000,92.23,92.77,91.94,92.6,45131,30,0,2009-09-03
1252022400,92.59,93.23,92.29,92.98,40750,30,0,2009-09-04
1252281600,92.95,93.28,92.82,93.02,34332,30,0,2009-09-07
1252368000,93.02,93.07,92.03,92.28,45192,30,0,2009-09-08
1252454400,92.28,92.58,91.61,91.96,27236,30,0,2009-09-09
1252540800,91.95,92.25,91.45,91.75,7733,30,0,2009-09-10
1252627200,91.74,91.76,90.21,90.7,8404,30,0,2009-09-11
1252886400,90.41,91.12,90.2,90.87,8100,30,0,2009-09-14
1252972800,90.88,91.62,90.78,91.01,8171,30,0,2009-09-15
1253059200,91.0,91.35,90.12,90.89,9507,30,0,2009-09-16
1253145600,90.9,91.61,90.52,91.06,9431,30,0,2009-09-17
1253232000,91.07,91.53,91.02,91.28,7471,30,0,2009-09-18
1253491200,91.46,92.52,91.3,91.98,6341,30,0,2009-09-21
1253577600,91.99,92.06,90.93,91.16,7336,30,0,2009-09-22
1253664000,91.15,91.53,90.48,91.49,8239,30,0,2009-09-23
1253750400,91.5,91.62,90.35,91.25,8768,30,0,2009-09-24
1253836800,91.24,91.34,89.51,89.63,9700,30,0,2009-09-25
1254096000,89.64,89.77,88.24,89.68,10189,30,0,2009-09-28
1254182400,89.67,90.36,89.61,90.14,8733,30,0,2009-09-29
1254268800,90.13,90.4,89.35,89.71,8298,30,0,2009-09-30
1254355200,89.72,90.16,89.41,89.57,7810,30,0,2009-10-01
1254441600,89.56,89.91,88.6,89.79,8066,30,0,2009-10-02
1254700800,89.48,89.97,89.41,89.54,5196,30,0,2009-10-05
1254787200,89.54,89.63,88.62,88.76,23706,30,0,2009-10-06
1254873600,88.75,89.38,88.0,88.59,8709,30,0,2009-10-07
1254960000,88.56,88.7,88.14,88.38,7823,30,0,2009-10-08
1255046400,88.37,89.87,88.35,89.77,8159,30,0,2009-10-09
1255305600,89.7,90.45,89.63,89.79,5478,30,0,2009-10-12
1255392000,89.8,90.18,89.43,89.68,7364,30,0,2009-10-13
1255478400,89.67,89.89,88.83,89.31,7751,30,0,2009-10-14
1255564800,89.29,90.77,89.26,90.56,7738,30,0,2009-10-15
1255651200,90.55,91.31,90.5,90.88,8146,30,0,2009-10-16
1255910400,90.95,91.11,90.36,90.65,6737,30,0,2009-10-19
1255996800,90.64,91.06,90.07,90.63,7833,30,0,2009-10-20
1256083200,90.65,91.27,90.48,91.0,7463,30,0,2009-10-21
1256169600,90.98,91.7,90.78,91.32,6789,30,0,2009-10-22
1256256000,91.3,92.12,91.28,92.04,6728,30,0,2009-10-23
1256515200,92.1,92.28,91.57,92.24,6353,30,0,2009-10-26
1256601600,92.25,92.32,91.7,91.76,6374,30,0,2009-10-27
1256688000,91.75,91.79,90.55,90.73,8051,30,0,2009-10-28
1256774400,90.72,91.61,90.24,91.52,7437,30,0,2009-10-29
1256860800,91.528,91.566,89.919,90.081,51368,30,0,2009-10-30
1257120000,89.663,90.637,89.441,90.379,54530,10,0,2009-11-02
1257206400,90.388,90.567,89.864,90.321,44378,17,0,2009-11-03
1257292800,90.32,91.263,90.055,90.828,49315,10,0,2009-11-04
1257379200,90.829,90.846,89.99,90.755,51103,10,0,2009-11-05
1257465600,90.754,90.86,89.61,89.861,47024,10,0,2009-11-06
1257724800,89.837,90.256,89.683,89.943,43761,10,0,2009-11-09
1257811200,89.881,90.167,89.679,89.792,43354,10,0,2009-11-10
1257897600,89.788,90.027,89.288,89.866,46963,14,0,2009-11-11
1257984000,89.867,90.602,89.639,90.37,48106,10,0,2009-11-12
1258070400,90.371,90.399,89.458,89.648,42138,10,0,2009-11-13
1258329600,89.562,89.695,88.749,89.127,46329,10,0,2009-11-16
1258416000,89.126,89.528,88.732,89.324,50182,10,0,2009-11-17
1258502400,89.32,89.478,89.006,89.298,41756,10,0,2009-11-18
1258588800,89.299,89.429,88.637,88.935,50180,10,0,2009-11-19
1258675200,88.94,89.127,88.677,88.866,42903,10,0,2009-11-20
1258934400,88.818,89.18,88.572,89.026,37770,10,0,2009-11-23
1259020800,89.028,89.032,88.348,88.506,40996,10,0,2009-11-24
1259107200,88.509,88.627,87.21,87.343,40407,10,0,2009-11-25
1259193600,87.344,87.484,86.304,86.396,43859,10,0,2009-11-26
1259280000,86.408,87.001,84.819,86.521,51965,10,0,2009-11-27
1259539200,86.567,86.842,85.861,86.327,49492,10,0,2009-11-30
1259625600,86.322,87.526,86.156,86.733,45119,10,0,2009-12-01
1259712000,86.736,87.659,86.586,87.604,41213,10,0,2009-12-02
1259798400,87.608,88.47,87.473,88.384,43846,10,0,2009-12-03
1259884800,88.38,90.756,87.991,90.539,46795,10,0,2009-12-04
1260144000,90.252,90.358,89.038,89.352,53450,10,0,2009-12-07
1260230400,89.376,89.437,88.175,88.341,58066,10,0,2009-12-08
1260316800,88.339,88.686,87.367,87.986,52236,10,0,2009-12-09
1260403200,87.991,88.443,87.733,88.301,43407,30,0,2009-12-10
1260489600,88.298,89.799,88.204,89.097,43844,10,0,2009-12-11
1260748800,89.285,89.305,88.314,88.693,39884,10,0,2009-12-14
1260835200,88.697,89.942,88.607,89.686,37000,10,0,2009-12-15
1260921600,89.679,89.974,89.379,89.793,35786,10,0,2009-12-16
1261008000,89.799,90.36,89.556,89.884,38483,10,0,2009-12-17
1261094400,89.859,90.895,88.966,90.485,43767,10,0,2009-12-18
1261353600,90.541,91.226,90.239,91.154,32884,11,0,2009-12-21
1261440000,91.148,91.858,90.996,91.816,37482,10,0,2009-12-22
1261526400,91.807,91.863,91.309,91.582,26913,10,0,2009-12-23
1261612800,91.585,91.767,91.123,91.628,23151,10,0,2009-12-24
1261958400,91.571,91.757,91.413,91.642,27402,26,0,2009-12-28
1262044800,91.633,92.061,91.515,91.988,32614,20,0,2009-12-29
1262131200,91.989,92.751,91.897,92.421,32291,20,0,2009-12-30
1262217600,92.421,93.129,91.902,93.129,25470,20,0,2009-12-31
1262563200,92.918,93.206,92.181,92.409,42006,10,0,2010-01-04
1262649600,92.408,92.531,91.247,91.723,42817,10,0,2010-01-05
1262736000,91.725,92.734,91.516,92.341,41448,10,0,2010-01-06
1262822400,92.339,93.748,92.103,93.589,43120,10,0,2010-01-07
1262908800,93.582,93.652,92.277,92.65,35526,10,0,2010-01-08
1263168000,92.571,92.655,91.807,92.049,35963,10,0,2010-01-11
1263254400,92.052,92.418,90.74,91.129,43788,10,0,2010-01-12
1263340800,91.128,91.548,90.903,91.364,40486,10,0,2010-01-13
1263427200,91.447,92.037,90.839,91.246,40318,10,0,2010-01-14
1263513600,91.238,91.312,90.597,90.757,42358,10,0,2010-01-15
1263772800,90.9,91.054,90.615,90.662,32396,10,0,2010-01-18
1263859200,90.662,91.257,90.31,91.128,46162,10,0,2010-01-19
1263945600,91.128,91.45,90.785,91.255,47247,10,0,2010-01-20
1264032000,91.255,91.868,90.106,90.409,54287,10,0,2010-01-21
1264118400,90.416,90.552,89.775,89.812,56078,10,0,2010-01-22
1264377600,89.929,90.327,89.812,90.237,40703,10,0,2010-01-25
1264464000,90.238,90.54,89.338,89.616,53354,10,0,2010-01-26
1264550400,89.618,90.072,89.132,89.976,52751,10,0,2010-01-27
1264636800,89.986,90.537,89.626,89.878,49117,10,0,2010-01-28
1264723200,89.883,90.909,89.577,90.255,49013,10,0,2010-01-29
1264982400,90.205,90.931,89.987,90.697,42045,10,0,2010-02-01
1265068800,90.697,90.903,90.28,90.366,38999,11,0,2010-02-02
1265155200,90.377,91.265,90.068,90.957,39257,10,0,2010-02-03
1265241600,90.958,91.067,88.572,89.114,43124,10,0,2010-02-04
1265328000,89.115,89.865,88.816,89.237,53385,10,0,2010-02-05
1265587200,89.145,89.556,89.136,89.266,40194,10,0,2010-02-08
1265673600,89.264,89.918,89.2,89.804,45008,10,0,2010-02-09
1265760000,89.793,90.048,89.238,89.955,42541,10,0,2010-02-10
1265846400,89.955,90.131,89.566,89.709,35458,10,0,2010-02-11
1265932800,89.721,90.404,89.581,89.943,40870,10,0,2010-02-12
1266192000,90.009,90.223,89.909,90.027,24499,10,0,2010-02-15
1266278400,90.022,90.497,89.706,90.194,40206,10,0,2010-02-16
1266364800,90.188,91.368,90.147,91.161,45390,10,0,2010-02-17
1266451200,91.168,92.041,90.573,92.008,48112,10,0,2010-02-18
1266537600,92.006,92.141,91.489,91.505,40960,10,0,2010-02-19
1266796800,91.634,91.891,91.019,91.199,32490,10,0,2010-02-22
1266883200,91.204,91.288,89.92,90.2,38604,10,0,2010-02-23
1266969600,90.204,90.352,89.761,90.179,35990,10,0,2010-02-24
1267056000,90.175,90.309,88.801,89.151,42969,10,0,2010-02-25
1267142400,89.15,89.494,88.741,88.956,38452,10,0,2010-02-26
1267401600,88.931,89.473,88.807,89.163,34571,10,0,2010-03-01
1267488000,89.163,89.37,88.55,88.75,36998,10,0,2010-03-02
1267574400,88.763,88.989,88.318,88.521,39887,10,0,2010-03-03
1267660800,88.519,89.248,88.136,89.109,38488,10,0,2010-03-04
1267747200,89.102,90.584,89.102,90.27,34248,10,0,2010-03-05
1268006400,90.599,90.656,90.149,90.28,26418,9,0,2010-03-08
1268092800,90.281,90.312,89.63,89.899,28427,9,0,2010-03-09
1268179200,89.901,90.816,89.896,90.51,25465,9,0,2010-03-10
1268265600,90.507,90.705,90.206,90.604,25173,9,0,2010-03-11
1268352000,90.6,91.08,90.166,90.548,29361,11,0,2010-03-12
1268611200,90.597,90.788,90.352,90.418,27594,10,0,2010-03-15
1268697600,90.421,90.731,89.974,90.32,33735,10,0,2010-03-16
1268784000,90.328,90.705,90.027,90.375,32507,10,0,2010-03-17
1268870400,90.373,90.794,89.762,90.469,36548,10,0,2010-03-18
1268956800,90.459,90.71,90.331,90.535,24908,10,0,2010-03-19
1269216000,90.505,90.766,89.83,90.14,23725,9,0,2010-03-22
1269302400,90.144,90.466,90.127,90.392,27581,10,0,2010-03-23
1269388800,90.394,92.388,90.346,92.113,36239,10,0,2010-03-24
1269475200,92.109,92.949,91.757,92.708,33557,11,0,2010-03-25
1269561600,92.695,92.888,92.301,92.505,31486,10,0,2010-03-26
1269820800,92.436,92.78,92.35,92.544,30213,10,0,2010-03-29
1269907200,92.534,93.008,92.116,92.777,33430,10,0,2010-03-30
1269993600,92.756,93.626,92.746,93.443,42008,10,0,2010-03-31
1270080000,93.433,94.035,93.278,93.868,33787,10,0,2010-04-01
1270166400,93.855,94.683,93.618,94.596,23342,12,0,2010-04-02
1270425600,94.643,94.643,94.079,94.313,20823,10,0,2010-04-05
1270512000,94.311,94.366,93.657,93.75,33158,12,0,2010-04-06
1270598400,93.729,94.251,93.145,93.25,33383,10,0,2010-04-07
1270684800,93.262,93.475,92.827,93.382,33712,12,0,2010-04-08
1270771200,93.384,93.776,93.109,93.166,29914,10,0,2010-04-09
1271030400,93.177,93.597,93.027,93.206,31878,10,0,2010-04-12
1271116800,93.196,93.403,92.57,93.181,36115,10,0,2010-04-13
1271203200,93.178,93.71,92.821,93.264,36374,10,0,2010-04-14
1271289600,93.266,93.515,92.864,93.074,35493,10,0,2010-04-15
1271376000,93.073,93.134,91.898,92.162,42463,10,0,2010-04-16
1271635200,92.006,92.525,91.595,92.415,36664,10,0,2010-04-19
1271721600,92.415,93.387,92.388,93.21,32883,10,0,2010-04-20
1271808000,93.206,93.435,92.931,93.13,33965,11,0,2010-04-21
1271894400,93.145,93.599,92.738,93.45,40103,10,0,2010-04-22
1271980800,93.449,94.304,93.306,93.952,36943,10,0,2010-04-23
1272240000,94.096,94.35,93.887,94.005,36659,10,0,2010-04-26
1272326400,94.004,94.018,92.811,93.114,45834,10,0,2010-04-27
1272412800,93.126,94.307,92.986,94.149,50091,10,0,2010-04-28
1272499200,94.147,94.256,93.846,94.094,34209,10,0,2010-04-29
1272585600,94.095,94.578,93.824,93.838,38368,9,0,2010-04-30
1272844800,93.932,94.776,93.838,94.579,27890,9,0,2010-05-03
1272931200,94.578,94.975,94.319,94.659,37918,10,0,2010-05-04
1273017600,94.672,94.978,93.533,93.958,43661,10,0,2010-05-05
1273104000,93.957,93.972,88.254,90.854,67075,13,0,2010-05-06
1273190400,90.831,93.201,90.007,91.581,84359,16,0,2010-05-07
1273449600,92.676,93.533,91.759,93.342,60346,10,0,2010-05-10
1273536000,93.342,93.383,92.211,92.658,53507,9,0,2010-05-11
1273622400,92.652,93.278,92.439,93.241,47595,13,0,2010-05-12
1273708800,93.229,93.623,92.585,92.683,43034,10,0,2010-05-13
1273795200,92.7,93.08,91.799,92.446,47745,11,0,2010-05-14
1274054400,92.328,92.688,91.758,92.591,129194,10,0,2010-05-17
1274140800,92.584,92.962,91.907,92.041,52971,10,0,2010-05-18
1274227200,92.06,92.144,90.95,91.8,39327,11,0,2010-05-19
1274313600,91.78,91.87,88.995,89.256,39873,14,0,2010-05-20
1274400000,89.26,90.468,89.219,89.975,62028,14,0,2010-05-21
1274659200,90.166,90.608,89.74,90.263,41550,10,0,2010-05-24
1274745600,90.262,90.464,89.279,90.301,50577,11,0,2010-05-25
1274832000,90.301,90.663,89.808,89.971,46678,13,0,2010-05-26
1274918400,89.968,91.075,89.895,90.951,53121,10,0,2010-05-27
1275004800,90.951,91.4,90.6,91.049,45323,10,0,2010-05-28
1275264000,90.976,91.604,90.916,91.161,34560,14,0,2010-05-31
1275350400,91.151,91.445,90.533,90.987,58175,12,0,2010-06-01
1275436800,90.987,92.348,90.986,92.219,54719,10,0,2010-06-02
1275523200,92.216,92.798,92.036,92.564,51144,6,1619410000,2010-06-03
1275609600,92.565,92.877,91.417,91.885,48821,10,0,2010-06-04
1275868800,91.849,92.074,90.977,91.462,59159,10,0,2010-06-07
1275955200,91.476,91.917,90.848,91.525,56951,11,0,2010-06-08
1276041600,91.516,91.663,91.05,91.305,47275,10,0,2010-06-09
1276128000,91.309,91.462,90.846,91.388,53336,11,0,2010-06-10
1276214400,91.358,91.766,91.248,91.644,57795,10,0,2010-06-11
1276473600,91.719,92.104,91.412,91.616,42423,10,0,2010-06-14
1276560000,91.624,91.684,91.077,91.511,68502,6,10500000,2010-06-15
1276646400,91.525,91.811,91.097,91.382,37234,11,0,2010-06-16
1276732800,91.382,91.431,90.508,90.899,39386,10,0,2010-06-17
1276819200,90.901,90.947,90.439,90.695,33296,10,0,2010-06-18
1277078400,90.428,91.465,90.285,91.021,44292,10,0,2010-06-21
1277164800,91.02,91.093,90.327,90.504,35261,10,0,2010-06-22
1277251200,90.498,90.572,89.729,89.931,27075,10,0,2010-06-23
1277337600,89.924,89.968,89.221,89.598,38469,10,0,2010-06-24
1277424000,89.595,89.764,89.217,89.223,32127,10,0,2010-06-25
1277683200,89.301,89.453,89.058,89.357,31041,6,0,2010-06-28
1277769600,89.367,89.404,88.279,88.546,38422,14,0,2010-06-29
1277856000,88.53,88.76,88.356,88.4,42019,14,0,2010-06-30
1277942400,88.399,88.549,86.963,87.744,48980,8,0,2010-07-01
1278028800,87.746,88.197,87.326,87.738,40350,7,0,2010-07-02
1278288000,87.719,87.997,87.627,87.762,17219,9,0,2010-07-05
1278374400,87.757,87.971,87.345,87.574,36626,10,0,2010-07-06
1278460800,87.567,87.804,87.015,87.76,37628,9,0,2010-07-07
1278547200,87.756,88.642,87.659,88.439,39290,6,0,2010-07-08
1278633600,88.438,88.695,88.367,88.61,29274,6,0,2010-07-09
1278892800,88.678,89.145,88.384,88.625,29937,8,0,2010-07-12
1278979200,88.646,88.859,88.025,88.676,94626,6,85094601000,2010-07-13
1279065600,88.664,89.097,88.07,88.398,35667,16,0,2010-07-14
1279152000,88.393,88.399,87.224,87.366,41035,10,0,2010-07-15
1279238400,87.374,87.493,86.262,86.564,38072,10,0,2010-07-16
1279497600,86.6,87.209,86.474,86.761,32369,10,0,2010-07-19
1279584000,86.746,87.563,86.682,87.44,38108,10,0,2010-07-20
1279670400,87.41,87.43,86.86,86.966,36789,10,0,2010-07-21
1279756800,86.966,87.208,86.337,87.032,35953,10,0,2010-07-22
1279843200,87.027,87.492,86.73,87.455,37738,10,0,2010-07-23
1280102400,87.53,87.709,86.818,86.959,31440,10,0,2010-07-26
1280188800,86.955,87.967,86.823,87.848,33591,10,0,2010-07-27
1280275200,87.842,88.11,87.256,87.359,36066,10,0,2010-07-28
1280361600,87.359,87.5,86.563,86.887,32395,10,0,2010-07-29
1280448000,86.887,86.912,85.98,86.458,36749,10,0,2010-07-30
1280707200,86.41,86.871,86.314,86.417,27276,10,0,2010-08-02
1280793600,86.417,86.644,85.666,85.816,30499,10,0,2010-08-03
1280880000,85.811,86.375,85.318,86.313,31316,10,0,2010-08-04
1280966400,86.318,86.442,85.708,85.848,29059,10,0,2010-08-05
1281052800,85.846,86.171,85.016,85.497,29005,10,0,2010-08-06
1281312000,85.37,85.978,85.295,85.922,21714,9,0,2010-08-09
1281398400,85.921,86.222,85.176,85.317,32226,10,0,2010-08-10
1281484800,85.318,85.456,84.719,85.249,38919,10,0,2010-08-11
1281571200,85.252,85.977,84.927,85.876,36510,10,0,2010-08-12
1281657600,85.857,86.365,85.562,86.185,30159,10,0,2010-08-13
1281916800,86.221,86.221,85.204,85.328,26952,10,0,2010-08-16
1282003200,85.339,85.667,85.11,85.557,28715,10,0,2010-08-17
1282089600,85.56,85.672,85.185,85.381,26226,10,0,2010-08-18
1282176000,85.381,85.908,84.885,85.286,33473,10,0,2010-08-19
1282262400,85.289,85.811,85.186,85.608,29054,10,0,2010-08-20
1282521600,85.6,85.657,85.057,85.097,25633,10,0,2010-08-23
1282608000,85.124,85.182,83.619,84.138,40404,10,0,2010-08-24
1282694400,84.13,84.824,84.087,84.595,39691,10,0,2010-08-25
1282780800,84.588,84.876,84.32,84.461,32218,10,0,2010-08-26
1282867200,84.44,85.447,84.269,85.215,38684,10,0,2010-08-27
1283126400,85.35,85.894,84.499,84.542,33131,9,0,2010-08-30
1283212800,84.544,84.654,83.821,84.169,37972,10,0,2010-08-31
1283299200,84.17,84.656,83.666,84.444,33985,10,0,2010-09-01
1283385600,84.439,84.546,83.994,84.291,28872,10,0,2010-09-02
1283472000,84.271,85.216,84.161,84.297,25373,10,0,2010-09-03
1283731200,84.33,84.484,84.041,84.114,16910,10,0,2010-09-06
1283817600,84.128,84.249,83.508,83.771,28668,10,0,2010-09-07
1283904000,83.785,84.033,83.338,83.852,36018,10,0,2010-09-08
1283990400,83.856,84.015,83.486,83.828,32648,10,0,2010-09-09
1284076800,83.824,84.371,83.745,84.138,31413,10,0,2010-09-10
1284336000,84.17,84.354,83.502,83.732,31958,10,0,2010-09-13
1284422400,83.738,83.744,82.92,83.016,36918,10,0,2010-09-14
1284508800,83.02,85.763,82.869,85.728,53616,10,0,2010-09-15
1284595200,85.731,85.916,85.224,85.818,37513,9,0,2010-09-16
1284681600,85.816,85.922,85.59,85.842,31669,10,0,2010-09-17
1284940800,85.74,85.796,85.5,85.675,17006,10,0,2010-09-20
1285027200,85.679,85.762,84.974,85.149,32948,10,0,2010-09-21
1285113600,85.143,85.173,84.267,84.532,26057,10,0,2010-09-22
1285200000,84.537,84.665,84.258,84.396,28939,10,0,2010-09-23
1285286400,84.388,85.376,84.118,84.199,17761,10,0,2010-09-24
1285545600,84.29,84.384,84.107,84.271,27418,10,0,2010-09-27
1285632000,84.271,84.337,83.691,83.821,28014,10,0,2010-09-28
1285718400,83.815,84.076,83.494,83.71,25685,10,0,2010-09-29
1285804800,83.723,83.806,83.162,83.489,35312,10,0,2010-09-30
1285891200,83.491,83.569,83.156,83.208,31320,10,0,2010-10-01
1286150400,83.26,83.858,83.179,83.414,28624,10,0,2010-10-04
1286236800,83.416,83.972,82.956,83.217,36814,10,0,2010-10-05
1286323200,83.21,83.259,82.759,82.905,33428,9,0,2010-10-06
1286409600,82.907,83.017,82.106,82.304,37683,10,0,2010-10-07
1286496000,82.296,82.556,81.719,82.07,29460,10,0,2010-10-08
1286755200,81.56,82.174,81.53,82.067,14555,10,0,2010-10-11
1286841600,82.076,82.338,81.659,81.823,33968,10,0,2010-10-12
1286928000,81.818,81.996,81.709,81.794,28485,10,0,2010-10-13
1287014400,81.793,81.836,80.881,81.451,34656,10,0,2010-10-14
1287100800,81.455,81.614,80.896,81.437,28422,10,0,2010-10-15
1287360000,81.435,81.468,81.122,81.263,29117,11,0,2010-10-18
1287446400,81.271,81.913,81.135,81.61,36885,9,0,2010-10-19
1287532800,81.61,81.653,80.839,81.137,32937,10,0,2010-10-20
1287619200,81.132,81.812,80.912,81.284,38478,10,0,2010-10-21
1287705600,81.285,81.496,80.985,81.358,31705,10,0,2010-10-22
1287964800,81.375,81.39,80.405,80.788,37487,10,0,2010-10-25
1288051200,80.793,81.645,80.611,81.401,43653,10,0,2010-10-26
1288137600,81.4,81.975,81.307,81.703,49290,9,0,2010-10-27
1288224000,81.705,81.756,80.86,81.009,40949,10,0,2010-10-28
1288310400,81.011,81.063,80.376,80.389,43845,9,0,2010-10-29
1288569600,80.357,81.41,80.295,80.551,42612,9,0,2010-11-01
1288656000,80.551,80.953,80.484,80.663,43164,10,0,2010-11-02
1288742400,80.66,81.547,80.593,81.073,52656,10,0,2010-11-03
1288828800,81.073,81.212,80.582,80.752,57888,10,0,2010-11-04
1288915200,80.741,81.458,80.616,81.252,47607,10,0,2010-11-05
1289174400,81.274,81.425,81.0,81.135,43539,10,0,2010-11-08
1289260800,81.146,81.955,80.53,81.636,54883,10,0,2010-11-09
1289347200,81.639,82.786,81.546,82.23,58976,10,0,2010-11-10
1289433600,82.222,82.597,82.034,82.492,48398,10,0,2010-11-11
1289520000,82.489,82.648,81.646,82.518,58022,11,0,2010-11-12
1289779200,82.493,83.252,82.391,83.13,53079,9,0,2010-11-15
1289865600,83.138,83.585,82.846,83.373,60294,9,0,2010-11-16
1289952000,83.373,83.546,83.031,83.164,52561,9,0,2010-11-17
1290038400,83.164,83.775,83.099,83.458,63066,10,0,2010-11-18
1290124800,83.456,83.635,83.136,83.536,54192,10,0,2010-11-19
1290384000,83.426,83.556,83.225,83.27,58136,10,0,2010-11-22
1290470400,83.27,83.836,82.782,83.128,60931,10,0,2010-11-23
1290556800,83.125,83.653,82.94,83.549,66914,10,0,2010-11-24
1290643200,83.552,83.688,83.397,83.651,46245,10,0,2010-11-25
1290729600,83.653,84.178,83.63,84.095,51627,10,0,2010-11-26
1290988800,84.043,84.398,83.817,84.253,54941,9,0,2010-11-29
1291075200,84.25,84.283,83.416,83.659,71275,10,0,2010-11-30
1291161600,83.659,84.38,83.377,84.157,75049,10,0,2010-12-01
1291248000,84.156,84.355,83.487,83.825,70055,10,0,2010-12-02
1291334400,83.829,83.853,82.518,82.525,68264,10,0,2010-12-03
1291593600,82.69,82.98,82.568,82.619,61280,10,0,2010-12-06
1291680000,82.621,83.653,82.336,83.472,72885,10,0,2010-12-07
1291766400,83.474,84.296,83.461,84.039,71487,10,0,2010-12-08
1291852800,84.039,84.105,83.512,83.749,63212,10,0,2010-12-09
1291939200,83.754,84.01,83.448,83.937,53842,10,0,2010-12-10
1292198400,83.988,84.342,83.102,83.458,60857,10,0,2010-12-13
1292284800,83.458,83.765,82.838,83.634,60486,8,0,2010-12-14
1292371200,83.629,84.494,83.623,84.289,65225,6,0,2010-12-15
1292457600,84.289,84.437,83.889,84.004,60273,4,0,2010-12-16
1292544000,84.004,84.197,83.687,83.976,59256,10,0,2010-12-17
1292803200,83.984,84.109,83.629,83.776,55557,10,0,2010-12-20
1292889600,83.775,83.901,83.497,83.74,54064,9,0,2010-12-21
1292976000,83.741,83.846,83.411,83.555,52171,10,0,2010-12-22
1293062400,83.563,83.57,82.856,83.004,48308,10,0,2010-12-23
1293148800,83.004,83.153,82.856,82.875,30359,10,0,2010-12-24
1293408000,82.899,82.967,82.645,82.781,43044,10,0,2010-12-27
1293494400,82.78,82.794,81.814,82.419,51852,9,0,2010-12-28
1293580800,82.399,82.42,81.598,81.657,44365,10,0,2010-12-29
1293667200,81.659,81.847,81.286,81.491,49716,10,0,2010-12-30
1293753600,81.494,81.537,80.934,81.126,31125,10,0,2010-12-31
1294012800,81.106,81.746,81.071,81.732,38284,10,0,2011-01-03
1294099200,81.733,82.275,81.608,82.089,56394,9,0,2011-01-04
1294185600,82.085,83.369,81.879,83.218,60065,9,0,2011-01-05
1294272000,83.217,83.386,82.878,83.274,54985,9,0,2011-01-06
1294358400,83.267,83.674,82.85,83.133,59916,9,0,2011-01-07
1294617600,83.138,83.274,82.665,82.689,47813,9,0,2011-01-10
1294704000,82.684,83.488,82.681,83.326,50130,9,0,2011-01-11
1294790400,83.326,83.459,82.808,83.023,52824,9,0,2011-01-12
1294876800,83.023,83.146,82.547,82.759,54080,9,0,2011-01-13
1294963200,82.756,83.059,82.408,82.847,58408,9,0,2011-01-14
1295222400,82.88,82.999,82.367,82.68,50504,8,0,2011-01-17
1295308800,82.681,82.813,82.328,82.602,64018,9,0,2011-01-18
1295395200,82.597,82.679,81.846,82.099,68572,10,0,2011-01-19
1295481600,82.099,83.113,82.036,82.976,67405,9,0,2011-01-20
1295568000,82.975,83.078,82.526,82.552,63860,10,0,2011-01-21
1295827200,82.661,82.913,82.301,82.529,59613,10,0,2011-01-24
1295913600,82.528,82.658,81.975,82.193,69347,10,0,2011-01-25
1296000000,82.194,82.598,81.976,82.238,67335,9,0,2011-01-26
1296086400,82.223,83.196,82.017,82.832,72542,7,0,2011-01-27
1296172800,82.832,82.918,81.987,82.111,70789,4,0,2011-01-28
1296432000,82.134,82.249,81.901,82.055,70793,9,0,2011-01-31
1296518400,82.054,82.142,81.307,81.358,72492,10,0,2011-02-01
1296604800,81.36,81.851,81.355,81.539,67605,9,0,2011-02-02
1296691200,81.54,82.051,81.399,81.62,62337,10,0,2011-02-03
1296777600,81.619,82.448,81.129,82.162,47922,9,0,2011-02-04
1297036800,82.247,82.459,82.153,82.332,44345,9,0,2011-02-07
1297123200,82.327,82.415,81.775,82.278,42347,9,0,2011-02-08
1297209600,82.287,82.657,82.204,82.355,45750,10,0,2011-02-09
1297296000,82.352,83.358,82.332,83.34,61329,10,0,2011-02-10
1297382400,83.34,83.666,83.235,83.418,39344,9,0,2011-02-11
1297641600,83.451,83.491,83.093,83.27,58436,10,0,2011-02-14
1297728000,83.271,83.909,83.192,83.74,58331,9,0,2011-02-15
1297814400,83.699,83.964,83.491,83.661,57350,9,0,2011-02-16
1297900800,83.662,83.728,83.157,83.317,46613,9,0,2011-02-17
1297987200,83.316,83.512,83.027,83.162,49069,10,0,2011-02-18
1298246400,83.111,83.527,83.016,83.131,44595,10,0,2011-02-21
1298332800,83.129,83.419,82.577,82.769,67790,9,0,2011-02-22
1298419200,82.771,82.881,82.314,82.41,57615,10,0,2011-02-23
1298505600,82.411,82.473,81.621,81.907,61333,9,0,2011-02-24
1298592000,81.917,82.055,81.639,81.662,54277,10,0,2011-02-25
1298851200,81.67,81.972,81.616,81.764,57956,9,0,2011-02-28
1298937600,81.761,82.228,81.729,81.902,67234,10,0,2011-03-01
1299024000,81.896,82.107,81.576,81.809,55700,10,0,2011-03-02
1299110400,81.803,82.507,81.721,82.395,59572,9,0,2011-03-03
1299196800,82.401,83.026,82.208,82.303,53847,9,0,2011-03-04
1299456000,82.221,82.381,81.947,82.305,62664,9,0,2011-03-07
1299542400,82.307,82.847,82.206,82.668,57549,10,0,2011-03-08
1299628800,82.675,82.926,82.569,82.756,59270,10,0,2011-03-09
1299715200,82.758,83.163,82.694,82.896,66045,10,0,2011-03-10
1299801600,82.896,83.287,81.651,81.867,68770,10,0,2011-03-11
1300060800,81.477,82.426,81.201,81.714,70139,9,0,2011-03-14
1300147200,81.712,81.958,80.605,80.78,84141,10,0,2011-03-15
1300233600,80.775,81.162,76.404,78.473,87950,10,0,2011-03-16
1300320000,78.47,79.729,78.253,79.168,112113,13,0,2011-03-17
1300406400,79.167,81.957,79.089,80.582,90733,9,0,2011-03-18
1300665600,80.867,81.31,80.744,81.248,55037,10,0,2011-03-21
1300752000,81.248,81.277,80.845,81.038,59528,10,0,2011-03-22
1300838400,81.039,81.061,80.698,80.931,64088,10,0,2011-03-23
1300924800,80.932,81.048,80.76,80.986,56331,9,0,2011-03-24
1301011200,80.985,81.484,80.871,81.33,49277,10,0,2011-03-25
1301270400,81.393,81.84,81.377,81.72,50002,10,0,2011-03-28
1301356800,81.718,82.473,81.536,82.464,58068,9,0,2011-03-29
1301443200,82.461,83.18,82.363,82.916,65715,10,0,2011-03-30
1301529600,82.918,83.213,82.564,83.171,66617,10,0,2011-03-31
1301616000,83.171,84.713,83.16,84.042,64001,9,0,2011-04-01
1301875200,84.131,84.364,83.851,84.142,53607,10,0,2011-04-04
1301961600,84.142,85.217,84.052,85.159,51215,9,0,2011-04-05
1302048000,85.159,85.514,84.838,85.402,58347,9,0,2011-04-06
1302134400,85.404,85.492,84.588,85.019,60464,9,0,2011-04-07
1302220800,85.018,85.386,84.675,84.761,54355,9,0,2011-04-08
1302480000,84.901,85.147,84.51,84.655,49466,9,0,2011-04-11
1302566400,84.657,84.776,83.464,83.555,70259,9,0,2011-04-12
1302652800,83.555,84.258,83.498,83.925,61719,9,0,2011-04-13
1302739200,83.917,83.917,82.957,83.486,65328,10,0,2011-04-14
1302825600,83.488,83.77,82.958,83.114,52896,9,0,2011-04-15
1303084800,83.13,83.251,82.181,82.486,58627,9,0,2011-04-18
1303171200,82.498,82.744,82.315,82.564,54524,9,0,2011-04-19
1303257600,82.568,83.093,82.263,82.54,55855,9,0,2011-04-20
1303344000,82.54,82.563,81.617,81.88,52724,9,0,2011-04-21
1303430400,81.88,82.102,81.661,81.841,26164,10,0,2011-04-22
1303689600,81.814,82.418,81.658,81.811,42000,10,0,2011-04-25
1303776000,81.809,81.968,81.483,81.593,47369,9,0,2011-04-26
1303862400,81.594,82.761,81.264,82.257,57335,9,0,2011-04-27
1303948800,82.232,82.267,81.399,81.543,55067,6,9620929000,2011-04-28
1304035200,81.543,81.644,81.032,81.181,32047,9,0,2011-04-29
1304294400,81.099,81.682,80.996,81.253,48275,10,0,2011-05-02
1304380800,81.247,81.263,80.694,80.958,41049,10,0,2011-05-03
1304467200,80.96,81.188,80.431,80.633,42579,9,0,2011-05-04
1304553600,80.637,80.686,79.582,80.325,55641,9,0,2011-05-05
1304640000,80.31,80.915,80.2,80.61,67521,9,0,2011-05-06
1304899200,80.678,80.831,80.175,80.266,59687,10,0,2011-05-09
1304985600,80.263,80.89,80.155,80.857,68289,10,0,2011-05-10
1305072000,80.855,81.312,80.614,81.144,64124,9,0,2011-05-11
1305158400,81.146,81.324,80.705,80.989,51869,9,0,2011-05-12
1305244800,80.988,81.081,80.367,80.758,42347,10,0,2011-05-13
1305504000,80.839,81.055,80.626,80.851,45692,9,0,2011-05-16
1305590400,80.851,81.761,80.731,81.422,42905,7,0,2011-05-17
1305676800,81.407,81.738,80.938,81.671,18123,6,0,2011-05-18
1305763200,81.674,82.229,81.468,81.672,18408,6,0,2011-05-19
1305849600,81.653,81.86,81.478,81.687,15460,6,0,2011-05-20
1306108800,81.75,82.038,81.318,81.935,19166,6,0,2011-05-23
1306195200,81.934,82.21,81.61,82.003,16362,6,0,2011-05-24
1306281600,81.997,82.168,81.79,82.034,31401,6,0,2011-05-25
1306368000,82.032,82.075,81.147,81.367,64227,7,0,2011-05-26
1306454400,81.355,81.367,80.703,80.762,58088,10,0,2011-05-27
1306713600,80.806,80.975,80.75,80.94,42654,10,0,2011-05-30
1306800000,80.943,81.763,80.707,81.499,61240,9,0,2011-05-31
1306886400,81.493,81.494,80.682,80.868,61937,9,0,2011-06-01
1306972800,80.865,81.306,80.563,80.955,59540,9,0,2011-06-02
1307059200,80.951,81.001,80.055,80.263,43750,9,0,2011-06-03
1307318400,80.24,80.386,79.983,80.105,50142,9,0,2011-06-06
1307404800,80.107,80.326,79.981,80.112,43178,9,0,2011-06-07
1307491200,80.111,80.267,79.694,79.906,46800,10,0,2011-06-08
1307577600,79.909,80.413,79.831,80.364,39563,9,0,2011-06-09
1307664000,80.364,80.45,79.964,80.305,37761,9,0,2011-06-10
1307923200,80.292,80.681,80.111,80.21,58080,10,0,2011-06-13
1308009600,80.211,80.616,80.085,80.52,55793,10,0,2011-06-14
1308096000,80.522,81.047,80.375,80.963,54142,9,0,2011-06-15
1308182400,80.963,81.023,80.481,80.602,70567,10,0,2011-06-16
1308268800,80.601,80.665,80.021,80.045,55596,9,0,2011-06-17
1308528000,80.12,80.359,80.02,80.267,52100,9,0,2011-06-20
1308614400,80.268,80.325,80.045,80.24,45389,9,0,2011-06-21
1308700800,80.238,80.373,80.009,80.32,48738,9,0,2011-06-22
1308787200,80.31,80.787,80.3,80.407,55128,9,0,2011-06-23
1308873600,80.406,80.597,80.134,80.406,49338,9,0,2011-06-24
1309132800,80.411,80.971,80.409,80.9,48609,9,0,2011-06-27
1309219200,80.903,81.258,80.66,81.032,46793,9,0,2011-06-28
1309305600,81.032,81.182,80.566,80.79,41479,9,0,2011-06-29
1309392000,80.792,80.844,80.255,80.558,48281,10,0,2011-06-30
1309478400,80.558,81.135,80.521,80.819,40093,9,0,2011-07-01
1309737600,80.802,80.889,80.532,80.736,41772,9,0,2011-07-04
1309824000,80.736,81.183,80.699,81.081,45928,9,0,2011-07-05
1309910400,81.078,81.112,80.764,80.932,43195,9,0,2011-07-06
1309996800,80.935,81.405,80.784,81.223,40764,9,0,2011-07-07
1310083200,81.222,81.467,80.495,80.592,44231,10,0,2011-07-08
1310342400,80.54,80.827,80.1,80.233,47987,9,0,2011-07-11
1310428800,80.228,80.363,78.522,79.143,64475,10,0,2011-07-12
1310515200,79.145,79.567,78.649,78.672,58224,9,0,2011-07-13
1310601600,78.669,79.576,78.463,79.145,52452,9,0,2011-07-14
1310688000,79.127,79.271,78.89,79.121,35633,9,0,2011-07-15
1310947200,79.078,79.174,78.944,79.055,41705,7,0,2011-07-18
1311033600,79.053,79.263,78.82,79.157,40099,7,0,2011-07-19
1311120000,79.154,79.304,78.705,78.834,33619,9,0,2011-07-20
1311206400,78.838,79.025,78.223,78.542,42452,9,0,2011-07-21
1311292800,78.54,78.72,78.277,78.53,33489,9,0,2011-07-22
1311552000,78.228,78.547,78.052,78.237,35813,9,0,2011-07-25
1311638400,78.234,78.637,77.825,77.943,35914,14,0,2011-07-26
1311724800,77.943,78.156,77.569,77.902,37167,7,4944600000,2011-07-27
1311811200,77.902,78.022,77.62,77.687,47125,6,22742370000,2011-07-28
1311897600,77.685,77.853,76.722,76.768,41444,9,0,2011-07-29
1312156800,77.391,78.021,76.292,77.381,53376,9,0,2011-08-01
1312243200,77.379,77.773,76.956,77.369,49793,9,0,2011-08-02
1312329600,77.367,77.392,76.78,76.973,48581,9,0,2011-08-03
1312416000,76.98,80.228,76.967,79.179,90589,6,35322860404,2011-08-04
1312502400,79.164,79.385,78.323,78.386,70189,9,0,2011-08-05
1312761600,78.16,78.431,77.494,77.839,71961,9,0,2011-08-08
1312848000,77.841,77.844,76.699,77.246,89850,10,0,2011-08-09
1312934400,77.248,77.298,76.347,76.767,73582,10,0,2011-08-10
1313020800,76.766,77.192,76.303,76.874,72994,10,0,2011-08-11
1313107200,76.869,77.011,76.504,76.673,54982,10,0,2011-08-12
1313366400,76.902,77.086,76.58,76.794,52586,9,0,2011-08-15
1313452800,76.802,76.919,76.643,76.816,52696,10,0,2011-08-16
1313539200,76.815,76.815,76.402,76.58,50470,10,0,2011-08-17
1313625600,76.581,76.69,76.441,76.528,52602,10,0,2011-08-18
1313712000,76.527,76.916,75.957,76.533,59210,10,0,2011-08-19
1313971200,76.814,77.148,76.555,76.833,53094,10,0,2011-08-22
1314057600,76.833,76.927,76.461,76.651,51623,10,0,2011-08-23
1314144000,76.65,77.057,76.463,76.95,51775,10,0,2011-08-24
1314230400,76.949,77.689,76.837,77.437,53445,10,0,2011-08-25
1314316800,77.437,77.449,76.492,76.602,49954,10,0,2011-08-26
1314576000,76.685,77.001,76.566,76.934,46084,7,25099858000,2011-08-29
1314662400,76.934,76.978,76.553,76.703,64965,6,99311899000,2011-08-30
1314748800,76.702,76.839,76.42,76.732,66875,6,90226067639,2011-08-31
1314835200,76.731,77.216,76.695,76.858,56726,10,0,2011-09-01
1314921600,76.858,76.959,76.523,76.78,47830,9,0,2011-09-02
1315180800,76.893,76.969,76.684,76.896,42011,10,0,2011-09-05
1315267200,76.898,77.717,76.709,77.621,60699,10,0,2011-09-06
1315353600,77.621,77.623,77.067,77.31,57088,10,0,2011-09-07
1315440000,77.31,77.581,77.132,77.502,55527,10,0,2011-09-08
1315526400,77.501,77.849,77.089,77.57,59258,10,0,2011-09-09
1315785600,77.503,77.579,76.743,77.117,63990,9,0,2011-09-12
1315872000,77.117,77.244,76.794,76.901,58150,10,0,2011-09-13
1315958400,76.901,77.049,76.595,76.692,51001,11,0,2011-09-14
1316044800,76.689,77.255,76.548,76.711,50920,11,0,2011-09-15
1316131200,76.709,76.964,76.66,76.764,48989,10,0,2011-09-16
1316390400,76.916,76.974,76.322,76.561,44085,10,0,2011-09-19
1316476800,76.566,76.752,76.348,76.436,53715,10,0,2011-09-20
1316563200,76.436,76.723,76.12,76.432,54997,13,0,2011-09-21
1316649600,76.431,76.953,76.094,76.272,67442,10,0,2011-09-22
1316736000,76.272,76.87,76.14,76.54,50182,10,0,2011-09-23
1316995200,76.535,76.753,76.225,76.369,63337,10,0,2011-09-26
1317081600,76.373,76.925,76.254,76.731,57196,10,0,2011-09-27
1317168000,76.735,76.857,76.325,76.53,56321,10,0,2011-09-28
1317254400,76.536,77.011,76.401,76.827,55895,9,0,2011-09-29
1317340800,76.827,77.189,76.491,76.989,56609,10,0,2011-09-30
1317600000,77.095,77.249,76.51,76.62,61564,10,0,2011-10-03
1317686400,76.615,76.971,76.53,76.836,58004,10,0,2011-10-04
1317772800,76.835,77.056,76.61,76.781,51658,9,0,2011-10-05
1317859200,76.784,76.832,76.553,76.676,51527,10,0,2011-10-06
1317945600,76.677,76.897,76.576,76.711,45639,12,0,2011-10-07
1318204800,76.797,76.848,76.561,76.668,38114,10,0,2011-10-10
1318291200,76.666,76.744,76.592,76.672,43746,19,0,2011-10-11
1318377600,76.674,77.48,76.325,77.246,55304,10,0,2011-10-12
1318464000,77.249,77.285,76.672,76.864,52926,9,0,2011-10-13
1318550400,76.866,77.441,76.842,77.182,47757,10,0,2011-10-14
1318809600,77.129,77.447,76.619,76.823,53561,10,0,2011-10-17
1318896000,76.823,76.899,76.617,76.776,51891,9,0,2011-10-18
1318982400,76.777,76.849,76.649,76.822,44649,20,0,2011-10-19
1319068800,76.822,77.081,76.67,76.834,51253,10,0,2011-10-20
1319155200,76.832,76.905,75.81,76.249,48078,10,0,2011-10-21
1319414400,76.171,76.466,75.985,76.106,48362,10,0,2011-10-24
1319500800,76.106,76.282,75.737,76.07,50868,10,0,2011-10-25
1319587200,76.07,76.307,75.713,76.25,54461,10,0,2011-10-26
1319673600,76.25,76.267,75.652,75.954,58392,10,0,2011-10-27
1319760000,75.955,75.989,75.664,75.783,42246,10,0,2011-10-28
1320019200,75.694,79.523,75.57,78.172,78147,10,0,2011-10-31
1320105600,78.107,78.963,78.009,78.355,58686,10,0,2011-11-01
1320192000,78.355,78.4,77.939,78.067,47049,15,0,2011-11-02
1320278400,78.07,78.155,77.883,78.04,40803,15,0,2011-11-03
1320364800,78.038,78.254,77.976,78.224,38440,28,0,2011-11-04
1320624000,78.128,78.178,77.972,78.072,38717,10,0,2011-11-07
1320710400,78.072,78.073,77.598,77.718,41225,10,0,2011-11-08
1320796800,77.72,77.877,77.53,77.732,46860,10,0,2011-11-09
1320883200,77.732,77.859,77.497,77.641,47972,10,0,2011-11-10
1320969600,77.64,77.676,77.039,77.159,40780,10,0,2011-11-11
1321228800,77.152,77.237,76.805,77.084,48065,10,0,2011-11-14
1321315200,77.084,77.408,76.897,77.025,50376,9,0,2011-11-15
1321401600,77.025,77.139,76.846,77.015,47179,10,0,2011-11-16
1321488000,77.016,77.077,76.902,76.981,49930,28,0,2011-11-17
1321574400,76.981,77.018,76.561,76.827,52524,7,0,2011-11-18
1321833600,76.896,76.989,76.751,76.908,50556,10,0,2011-11-21
1321920000,76.908,77.309,76.825,76.965,47382,11,0,2011-11-22
1322006400,76.96,77.572,76.915,77.279,41834,10,0,2011-11-23
1322092800,77.279,77.323,77.004,77.129,44303,10,0,2011-11-24
1322179200,77.127,77.784,77.116,77.705,47657,9,0,2011-11-25
1322438400,77.485,78.234,77.454,78.071,46922,9,0,2011-11-28
1322524800,78.053,78.271,77.613,77.937,49022,10,0,2011-11-29
1322611200,77.936,78.144,77.291,77.575,52092,9,0,2011-11-30
1322697600,77.576,77.8,77.475,77.707,47100,10,0,2011-12-01
1322784000,77.703,78.068,77.7,77.955,42924,10,0,2011-12-02
1323043200,78.07,78.091,77.686,77.824,45042,10,0,2011-12-05
1323129600,77.824,77.848,77.627,77.71,45722,13,0,2011-12-06
1323216000,77.71,77.775,77.616,77.637,38254,5,0,2011-12-07
1323302400,77.637,77.781,77.133,77.619,45728,4,0,2011-12-08
1323388800,77.619,77.766,77.482,77.567,40137,6,0,2011-12-09
1323648000,77.623,77.996,77.573,77.94,38443,9,0,2011-12-12
1323734400,77.94,78.008,77.638,77.95,38861,4,0,2011-12-13
1323820800,77.95,78.142,77.91,78.07,41174,28,0,2011-12-14
1323907200,78.068,78.127,77.723,77.893,41330,28,0,2011-12-15
1323993600,77.893,77.949,77.604,77.748,33058,10,0,2011-12-16
1324252800,77.771,78.161,77.771,78.031,23011,3,0,2011-12-19
1324339200,78.028,78.054,77.714,77.822,22000,4,0,2011-12-20
1324425600,77.822,78.095,77.681,78.024,36554,4,0,2011-12-21
1324512000,78.025,78.194,77.989,78.147,29948,9,0,2011-12-22
1324598400,78.148,78.211,77.99,78.058,23036,27,0,2011-12-23
1324857600,77.971,78.025,77.852,77.982,9877,10,0,2011-12-26
1324944000,77.981,78.013,77.783,77.856,23864,20,0,2011-12-27
1325030400,77.858,78.026,77.554,77.919,32329,10,0,2011-12-28
1325116800,77.92,77.944,77.569,77.617,32414,9,0,2011-12-29
1325203200,77.618,77.728,76.856,76.885,40202,9,0,2011-12-30
1325462400,77.09,77.155,76.849,76.895,11438,8,0,2012-01-02
1325548800,76.895,76.951,76.611,76.717,40328,10,0,2012-01-03
1325635200,76.715,76.817,76.597,76.74,41804,9,0,2012-01-04
1325721600,76.74,77.235,76.65,77.103,45235,9,0,2012-01-05
1325808000,77.105,77.324,76.952,76.957,43811,9,0,2012-01-06
1326067200,76.796,76.999,76.761,76.85,33540,9,0,2012-01-09
1326153600,76.847,76.892,76.762,76.822,35479,6,0,2012-01-10
1326240000,76.825,77.028,76.819,76.871,36405,27,0,2012-01-11
1326326400,76.867,76.967,76.658,76.763,33354,27,0,2012-01-12
1326412800,76.768,76.992,76.65,76.952,30167,8,0,2012-01-13
1326672000,76.898,76.936,76.696,76.791,27371,9,0,2012-01-16
1326758400,76.792,76.873,76.545,76.814,30029,9,0,2012-01-17
1326844800,76.815,76.866,76.64,76.772,36006,9,0,2012-01-18
1326931200,76.775,77.313,76.694,77.098,38474,9,0,2012-01-19
1327017600,77.097,77.298,76.913,76.982,36935,9,0,2012-01-20
1327276800,76.961,77.074,76.858,76.976,39048,4,0,2012-01-23
1327363200,76.975,77.843,76.949,77.642,40768,4,0,2012-01-24
1327449600,77.64,78.277,77.553,77.683,53586,9,0,2012-01-25
1327536000,77.684,77.799,77.287,77.45,44649,6,0,2012-01-26
1327622400,77.449,77.477,76.644,76.667,47564,9,0,2012-01-27
1327881600,76.752,76.767,76.21,76.366,42489,9,0,2012-01-30
1327968000,76.367,76.411,76.151,76.293,47736,6,0,2012-01-31
1328054400,76.292,76.344,76.018,76.181,43695,9,0,2012-02-01
1328140800,76.179,76.235,76.034,76.174,38162,4,0,2012-02-02
1328227200,76.174,76.729,76.132,76.551,41036,4,0,2012-02-03
1328486400,76.545,76.795,76.488,76.57,43741,9,0,2012-02-06
1328572800,76.571,76.952,76.515,76.789,47862,9,0,2012-02-07
1328659200,76.785,77.18,76.71,77.04,49680,9,0,2012-02-08
1328745600,77.041,77.719,77.022,77.643,53259,9,0,2012-02-09
1328832000,77.644,77.799,77.522,77.593,46042,9,0,2012-02-10
1329091200,77.647,77.772,77.381,77.556,43938,9,0,2012-02-13
1329177600,77.556,78.529,77.357,78.408,54747,9,0,2012-02-14
1329264000,78.407,78.651,78.176,78.383,54203,9,0,2012-02-15
1329350400,78.382,78.955,78.356,78.88,50809,9,0,2012-02-16
1329436800,78.881,79.602,78.788,79.536,48453,9,0,2012-02-17
1329696000,79.734,79.881,79.359,79.618,47758,9,0,2012-02-20
1329782400,79.618,79.842,79.544,79.732,49668,4,0,2012-02-21
1329868800,79.733,80.395,79.724,80.287,50007,9,0,2012-02-22
1329955200,80.289,80.344,79.848,79.972,46583,9,0,2012-02-23
1330041600,79.972,81.201,79.923,81.184,48112,9,0,2012-02-24
1330300800,81.567,81.575,80.129,80.478,54414,9,0,2012-02-27
1330387200,80.478,80.778,80.013,80.489,57155,9,0,2012-02-28
1330473600,80.487,81.3,80.24,81.276,60264,9,0,2012-02-29
1330560000,81.277,81.371,80.836,81.128,56584,9,0,2012-03-01
1330646400,81.127,81.863,81.079,81.786,53121,9,0,2012-03-02
1330905600,81.85,81.85,81.15,81.513,52337,10,0,2012-03-05
1330992000,81.514,81.577,80.585,80.712,58703,10,0,2012-03-06
1331078400,80.713,81.215,80.578,81.158,52053,10,0,2012-03-07
1331164800,81.157,81.724,81.086,81.527,56514,9,0,2012-03-08
1331251200,81.526,82.635,81.469,82.446,55544,9,0,2012-03-09
1331510400,82.438,82.504,82.105,82.309,49405,9,0,2012-03-12
1331596800,82.31,83.074,81.961,82.983,57385,9,0,2012-03-13
1331683200,82.984,83.82,82.884,83.745,54635,9,0,2012-03-14
1331769600,83.745,84.167,83.189,83.615,59608,9,0,2012-03-15
1331856000,83.614,83.936,83.176,83.423,52734,9,0,2012-03-16
1332115200,83.498,83.558,83.013,83.375,49635,9,0,2012-03-19
1332201600,83.376,83.826,83.314,83.674,45417,9,0,2012-03-20
1332288000,83.674,84.088,83.288,83.42,57425,10,0,2012-03-21
1332374400,83.419,83.46,82.322,82.618,69217,10,0,2012-03-22
1332460800,82.613,82.941,81.983,82.322,58259,9,0,2012-03-23
1332720000,82.432,82.995,82.43,82.874,54948,9,0,2012-03-26
1332806400,82.873,83.375,82.637,83.189,54347,5,0,2012-03-27
1332892800,83.19,83.19,82.603,82.882,59974,9,0,2012-03-28
1332979200,82.881,82.961,81.916,82.387,62600,9,0,2012-03-29
1333065600,82.386,82.873,81.831,82.848,60948,9,0,2012-03-30
1333324800,82.954,83.292,81.878,82.091,60100,7,0,2012-04-02
1333411200,82.092,82.984,81.547,82.804,60794,5,0,2012-04-03
1333497600,82.805,82.924,82.091,82.415,61130,5,0,2012-04-04
1333584000,82.415,82.464,81.824,82.365,59666,5,0,2012-04-05
1333670400,82.364,82.541,81.319,81.629,43095,6,0,2012-04-06
1333929600,81.546,81.662,81.193,81.546,47280,5,0,2012-04-09
1334016000,81.546,81.856,80.633,80.723,63757,5,0,2012-04-10
1334102400,80.724,81.114,80.58,80.858,57494,7,0,2012-04-11
1334188800,80.859,81.125,80.73,80.865,54488,6,0,2012-04-12
1334275200,80.866,81.185,80.825,80.913,49343,6,0,2012-04-13
1334534400,80.945,80.985,80.311,80.431,55001,5,0,2012-04-16
1334620800,80.431,80.917,80.326,80.883,50290,5,0,2012-04-17
1334707200,80.883,81.558,80.875,81.28,54591,5,0,2012-04-18
1334793600,81.278,81.726,81.176,81.6,56363,7,0,2012-04-19
1334880000,81.601,81.771,81.474,81.508,46345,5,0,2012-04-20
1335139200,81.564,81.656,80.967,81.165,45698,7,0,2012-04-23
1335225600,81.164,81.379,80.846,81.317,47127,5,0,2012-04-24
1335312000,81.317,81.678,81.076,81.308,53354,5,0,2012-04-25
1335398400,81.306,81.413,80.661,80.985,51559,7,0,2012-04-26
1335484800,80.985,81.432,80.215,80.26,57322,8,0,2012-04-27
1335744000,80.325,80.38,79.731,79.821,42099,5,0,2012-04-30
1335830400,79.822,80.293,79.63,80.085,41601,5,0,2012-05-01
1335916800,80.085,80.607,80.05,80.116,47843,5,0,2012-05-02
1336003200,80.115,80.542,80.094,80.186,38162,6,0,2012-05-03
1336089600,80.187,80.38,79.796,79.84,39505,5,0,2012-05-04
1336348800,79.757,79.987,79.637,79.89,46979,6,0,2012-05-07
1336435200,79.889,80.072,79.702,79.878,46097,7,0,2012-05-08
1336521600,79.879,79.928,79.426,79.623,49647,5,0,2012-05-09
1336608000,79.623,80.008,79.597,79.891,48077,6,0,2012-05-10
1336694400,79.892,79.986,79.728,79.926,44674,7,0,2012-05-11
1336953600,79.924,80.181,79.678,79.86,42765,5,0,2012-05-14
1337040000,79.86,80.329,79.807,80.229,45501,5,0,2012-05-15
1337126400,80.23,80.547,80.191,80.334,49297,5,0,2012-05-16
1337212800,80.333,80.389,79.131,79.321,50903,5,0,2012-05-17
1337299200,79.322,79.46,78.994,79.008,52569,5,0,2012-05-18
1337558400,79.211,79.439,79.099,79.289,51417,5,0,2012-05-21
1337644800,79.288,80.135,79.264,79.967,55432,5,0,2012-05-22
1337731200,79.968,80.063,79.206,79.449,63726,5,0,2012-05-23
1337817600,79.448,79.625,79.331,79.577,55325,8,0,2012-05-24
1337904000,79.577,79.816,79.489,79.671,52581,7,0,2012-05-25
1338163200,79.661,79.664,79.322,79.47,49000,6,0,2012-05-28
1338249600,79.469,79.631,79.369,79.523,58571,7,0,2012-05-29
1338336000,79.525,79.559,78.862,79.109,64379,6,0,2012-05-30
1338422400,79.107,79.118,78.206,78.364,67597,6,0,2012-05-31
1338508800,78.365,78.685,77.657,78.004,70866,5,0,2012-06-01
1338768000,78.084,78.401,77.974,78.326,58465,5,0,2012-06-04
1338854400,78.327,78.95,78.102,78.746,59606,5,0,2012-06-05
1338940800,78.745,79.268,78.606,79.248,70002,9,0,2012-06-06
1339027200,79.247,79.781,79.199,79.662,69033,7,0,2012-06-07
1339113600,79.661,79.745,79.111,79.476,68160,6,0,2012-06-08
1339372800,79.469,79.712,79.348,79.377,62178,6,0,2012-06-11
1339459200,79.378,79.685,79.161,79.56,66004,5,0,2012-06-12
1339545600,79.558,79.736,79.291,79.433,61322,5,0,2012-06-13
1339632000,79.433,79.471,79.154,79.399,59075,5,0,2012-06-14
1339718400,79.4,79.502,78.605,78.697,61257,5,0,2012-06-15
1339977600,78.923,79.296,78.859,79.089,65451,5,0,2012-06-18
1340064000,79.089,79.099,78.841,78.979,58710,5,0,2012-06-19
1340150400,78.978,79.689,78.785,79.466,64176,7,0,2012-06-20
1340236800,79.465,80.327,79.384,80.212,65018,6,0,2012-06-21
1340323200,80.212,80.562,80.003,80.415,59909,6,0,2012-06-22
1340582400,80.455,80.615,79.433,79.634,59043,5,0,2012-06-25
1340668800,79.633,79.775,79.231,79.496,56899,7,0,2012-06-26
1340755200,79.496,79.86,79.346,79.682,49873,5,0,2012-06-27
1340841600,79.684,79.748,79.216,79.413,51538,5,0,2012-06-28
1340928000,79.415,79.984,79.138,79.785,63460,5,0,2012-06-29
1341187200,79.905,79.968,79.305,79.514,52649,5,0,2012-07-02
1341273600,79.512,79.922,79.405,79.816,50979,5,0,2012-07-03
1341360000,79.823,79.879,79.585,79.87,40678,5,0,2012-07-04
1341446400,79.867,80.09,79.554,79.903,51876,6,0,2012-07-05
1341532800,79.902,80.012,79.489,79.646,50359,5,0,2012-07-06
1341792000,79.658,79.759,79.419,79.555,43289,5,0,2012-07-09
1341878400,79.555,79.588,79.206,79.397,44702,5,0,2012-07-10
1341964800,79.397,79.779,79.126,79.719,47029,5,0,2012-07-11
1342051200,79.719,79.923,79.176,79.274,52352,5,0,2012-07-12
1342137600,79.275,79.384,79.081,79.176,42692,5,0,2012-07-13
1342396800,79.223,79.232,78.683,78.854,39849,5,0,2012-07-16
1342483200,78.856,79.164,78.785,79.066,46321,5,0,2012-07-17
1342569600,79.066,79.146,78.751,78.806,43010,5,0,2012-07-18
1342656000,78.807,78.814,78.429,78.618,46381,5,0,2012-07-19
1342742400,78.617,78.794,78.442,78.475,43965,5,0,2012-07-20
1343001600,78.451,78.526,77.944,78.324,48904,6,0,2012-07-23
1343088000,78.324,78.371,78.094,78.161,44233,5,0,2012-07-24
1343174400,78.163,78.272,78.063,78.148,44194,5,0,2012-07-25
1343260800,78.147,78.306,78.015,78.204,50121,6,0,2012-07-26
1343347200,78.204,78.666,78.062,78.442,49507,5,0,2012-07-27
1343606400,78.487,78.533,78.114,78.158,42639,6,0,2012-07-30
1343692800,78.159,78.296,78.033,78.112,43828,5,0,2012-07-31
1343779200,78.114,78.495,77.917,78.419,45371,5,0,2012-08-01
1343865600,78.42,78.528,78.121,78.238,48485,5,0,2012-08-02
1343952000,78.239,78.766,78.063,78.461,48091,4,0,2012-08-03
1344211200,78.6,78.634,78.13,78.249,43973,5,0,2012-08-06
1344297600,78.251,78.734,78.151,78.592,44856,5,0,2012-08-07
1344384000,78.592,78.65,78.226,78.429,46989,5,0,2012-08-08
1344470400,78.431,78.783,78.284,78.581,48836,6,0,2012-08-09
1344556800,78.582,78.633,78.154,78.259,44175,5,0,2012-08-10
1344816000,78.284,78.369,78.158,78.322,37467,5,0,2012-08-13
1344902400,78.32,78.925,78.306,78.734,42239,5,0,2012-08-14
1344988800,78.734,79.044,78.59,78.962,42903,5,0,2012-08-15
1345075200,78.963,79.397,78.948,79.322,48064,5,0,2012-08-16
1345161600,79.321,79.566,79.226,79.557,40769,6,0,2012-08-17
1345420800,79.559,79.65,79.313,79.477,39256,5,0,2012-08-20
1345507200,79.477,79.52,79.215,79.279,38263,5,0,2012-08-21
1345593600,79.278,79.367,78.303,78.552,45834,5,0,2012-08-22
1345680000,78.551,78.688,78.357,78.534,42993,6,0,2012-08-23
1345766400,78.535,78.716,78.449,78.666,37388,5,0,2012-08-24
1346025600,78.659,78.834,78.626,78.749,27501,8,0,2012-08-27
1346112000,78.749,78.766,78.449,78.53,33585,8,0,2012-08-28
1346198400,78.531,78.779,78.471,78.683,31194,8,0,2012-08-29
1346284800,78.681,78.741,78.49,78.612,30600,8,0,2012-08-30
1346371200,78.609,78.631,78.186,78.377,38630,7,0,2012-08-31
1346630400,78.326,78.393,78.188,78.284,31360,5,0,2012-09-03
1346716800,78.286,78.463,78.274,78.429,38068,5,0,2012-09-04
1346803200,78.428,78.528,78.298,78.398,38948,5,0,2012-09-05
1346889600,78.397,79.017,78.373,78.865,44305,6,0,2012-09-06
1346976000,78.864,79.013,78.011,78.237,47756,5,0,2012-09-07
1347235200,78.246,78.324,78.18,78.26,33419,4,0,2012-09-10
1347321600,78.26,78.267,77.696,77.796,42421,5,0,2012-09-11
1347408000,77.796,77.959,77.734,77.832,50431,5,0,2012-09-12
1347494400,77.834,77.864,77.135,77.483,52831,5,0,2012-09-13
1347580800,77.48,78.387,77.48,78.383,57885,7,0,2012-09-14
1347840000,78.355,78.918,78.16,78.718,47303,5,0,2012-09-17
1347926400,78.719,78.866,78.483,78.776,48056,5,0,2012-09-18
1348012800,78.776,79.209,78.25,78.36,60228,6,0,2012-09-19
1348099200,78.359,78.451,78.013,78.234,52702,7,0,2012-09-20
1348185600,78.234,78.362,78.1,78.161,45123,6,0,2012-09-21
1348444800,78.124,78.154,77.796,77.847,39031,5,0,2012-09-24
1348531200,77.848,77.922,77.656,77.795,42737,5,0,2012-09-25
1348617600,77.796,77.89,77.58,77.725,38377,5,0,2012-09-26
1348704000,77.726,77.748,77.574,77.621,37185,5,0,2012-09-27
1348790400,77.622,78.104,77.428,77.942,42008,5,0,2012-09-28
1349049600,77.96,78.143,77.78,77.999,37030,6,0,2012-10-01
1349136000,77.997,78.209,77.974,78.169,32481,5,0,2012-10-02
1349222400,78.171,78.576,78.115,78.488,38258,5,0,2012-10-03
1349308800,78.487,78.709,78.298,78.485,40922,5,0,2012-10-04
1349395200,78.484,78.862,78.273,78.661,41512,5,0,2012-10-05
1349654400,78.658,78.754,78.075,78.301,33883,5,0,2012-10-08
1349740800,78.302,78.428,78.149,78.255,30621,5,0,2012-10-09
1349827200,78.256,78.368,78.117,78.144,30585,5,0,2012-10-10
1349913600,78.146,78.583,77.942,78.398,35470,5,0,2012-10-11
1350000000,78.393,78.528,78.28,78.434,29619,5,0,2012-10-12
1350259200,78.424,78.852,78.325,78.693,33820,5,0,2012-10-15
1350345600,78.692,78.958,78.687,78.859,36061,5,0,2012-10-16
1350432000,78.866,79.072,78.61,79.052,37258,5,0,2012-10-17
1350518400,79.053,79.455,78.99,79.285,41471,5,0,2012-10-18
1350604800,79.285,79.423,79.134,79.302,32376,5,0,2012-10-19
1350864000,79.284,79.96,79.21,79.924,36469,5,0,2012-10-22
1350950400,79.923,79.999,79.707,79.861,38536,5,0,2012-10-23
1351036800,79.86,79.916,79.687,79.797,35018,5,0,2012-10-24
1351123200,79.799,80.36,79.793,80.349,36789,8,0,2012-10-25
1351209600,80.35,80.371,79.486,79.634,29668,4,0,2012-10-26
1351468800,79.703,79.835,79.52,79.768,16724,7,0,2012-10-29
1351555200,79.766,80.131,79.269,79.595,23507,15,0,2012-10-30
1351641600,79.594,79.955,79.512,79.81,47945,5,0,2012-10-31
1351728000,79.809,80.199,79.802,80.16,64257,5,0,2012-11-01
1351814400,80.159,80.668,80.143,80.421,63124,4,0,2012-11-02
1352073600,80.511,80.555,80.134,80.221,60370,5,0,2012-11-05
1352160000,80.223,80.437,79.957,80.381,63058,4,0,2012-11-06
1352246400,80.379,80.395,79.754,79.941,86143,5,0,2012-11-07
1352332800,79.94,79.993,79.316,79.476,72572,5,0,2012-11-08
1352419200,79.478,79.603,79.07,79.471,75718,5,0,2012-11-09
1352678400,79.433,79.557,79.35,79.546,52493,5,0,2012-11-12
1352764800,79.546,79.632,79.202,79.422,66007,5,0,2012-11-13
1352851200,79.423,80.304,79.388,80.164,74996,5,0,2012-11-14
1352937600,80.165,81.452,80.118,81.122,84785,5,0,2012-11-15
1353024000,81.122,81.435,80.89,81.308,78388,5,0,2012-11-16
1353283200,81.416,81.578,81.082,81.321,70951,4,0,2012-11-19
1353369600,81.319,81.754,81.131,81.684,76763,5,0,2012-11-20
1353456000,81.684,82.545,81.646,82.523,82669,4,0,2012-11-21
1353542400,82.523,82.831,82.259,82.446,74327,5,0,2012-11-22
1353628800,82.448,82.499,82.056,82.381,71791,5,0,2012-11-23
1353888000,82.379,82.615,81.921,82.048,73396,5,0,2012-11-26
1353974400,82.046,82.307,81.853,82.087,73730,5,0,2012-11-27
1354060800,82.085,82.203,81.686,82.077,81511,4,0,2012-11-28
1354147200,82.076,82.208,81.908,82.12,56937,4,0,2012-11-29
1354233600,82.121,82.741,82.041,82.467,74696,4,0,2012-11-30
1354492800,82.4,82.497,81.989,82.174,69602,4,0,2012-12-03
1354579200,82.173,82.206,81.711,81.888,72067,4,0,2012-12-04
1354665600,81.89,82.473,81.789,82.415,53785,4,0,2012-12-05
1354752000,82.416,82.61,82.193,82.405,69700,4,0,2012-12-06
1354838400,82.406,82.818,82.182,82.478,67896,5,0,2012-12-07
1355097600,82.548,82.63,82.111,82.341,61980,4,0,2012-12-10
1355184000,82.342,82.567,82.296,82.533,60324,5,0,2012-12-11
1355270400,82.534,83.289,82.494,83.18,75034,5,0,2012-12-12
1355356800,83.179,83.667,83.154,83.614,78994,5,0,2012-12-13
1355443200,83.615,83.957,83.31,83.5,83440,5,0,2012-12-14
1355702400,84.145,84.205,83.605,83.872,81378,4,0,2012-12-17
1355788800,83.872,84.281,83.814,84.266,77059,4,0,2012-12-18
1355875200,84.266,84.61,83.933,84.091,86616,5,0,2012-12-19
1355961600,84.092,84.45,83.853,84.341,83167,4,0,2012-12-20
1356048000,84.338,84.436,83.851,84.234,86836,5,0,2012-12-21
1356307200,84.377,84.865,84.318,84.772,50247,4,0,2012-12-24
1356480000,85.275,85.715,85.247,85.485,50697,5,0,2012-12-26
1356566400,85.488,86.317,85.477,86.281,91124,4,0,2012-12-27
1356652800,86.269,86.625,85.865,85.865,83940,5,0,2012-12-28
1356912000,85.819,86.68,85.814,86.61,60982,5,0,2012-12-31
1356998400,86.658,86.842,86.627,86.765,1714,6,0,2013-01-01
1357084800,86.765,87.342,86.535,87.324,96570,5,0,2013-01-02
1357171200,87.324,87.546,86.763,87.431,86480,5,0,2013-01-03
1357257600,87.431,88.397,87.399,88.14,100981,5,0,2013-01-04
1357516800,88.322,88.322,87.351,87.456,95521,5,0,2013-01-07
1357603200,87.457,87.788,86.823,86.841,97533,5,0,2013-01-08
1357689600,86.843,88.065,86.824,88.034,98771,5,0,2013-01-09
1357776000,88.03,89.03,87.964,88.923,102408,5,0,2013-01-10
1357862400,88.925,89.435,88.734,89.176,105752,5,0,2013-01-11
1358121600,89.487,89.638,89.078,89.476,95689,5,0,2013-01-14
1358208000,89.474,89.623,88.292,88.819,113268,5,0,2013-01-15
1358294400,88.818,88.849,87.79,88.568,111439,5,0,2013-01-16
1358380800,88.567,90.105,88.129,89.953,120314,5,0,2013-01-17
1358467200,89.952,90.182,89.632,90.083,105490,5,0,2013-01-18
1358726400,90.148,90.228,89.336,89.813,91509,5,0,2013-01-21
1358812800,89.814,90.118,88.364,88.752,117091,5,0,2013-01-22
1358899200,88.751,88.789,88.056,88.538,106533,5,0,2013-01-23
1358985600,88.535,90.531,88.416,90.42,111112,5,0,2013-01-24
1359072000,90.422,91.192,90.285,90.877,106284,5,0,2013-01-25
1359331200,91.059,91.248,90.559,90.652,98543,5,0,2013-01-28
1359417600,90.648,91.008,90.324,90.753,104027,5,0,2013-01-29
1359504000,90.755,91.401,90.712,91.066,102076,5,0,2013-01-30
1359590400,91.065,91.797,90.742,91.733,102365,5,0,2013-01-31
1359676800,91.732,92.952,91.613,92.789,109464,5,0,2013-02-01
1359936000,92.83,93.178,91.976,92.095,111694,5,0,2013-02-04
1360022400,92.092,93.777,92.071,93.709,120867,5,0,2013-02-05
1360108800,93.71,94.045,93.277,93.517,117089,5,0,2013-02-06
1360195200,93.518,93.912,93.082,93.714,112292,5,0,2013-02-07
1360281600,93.713,93.725,92.167,92.672,108175,5,0,2013-02-08
1360540800,92.564,94.431,92.448,94.238,98843,3,0,2013-02-11
1360627200,94.239,94.403,92.964,93.221,113427,1,0,2013-02-12
1360713600,93.222,93.772,92.819,93.221,107206,1,0,2013-02-13
1360800000,93.222,93.707,92.676,92.882,111427,3,0,2013-02-14
1360886400,92.881,93.834,92.22,93.505,114650,3,0,2013-02-15
1361145600,93.878,94.208,93.708,93.904,87446,3,0,2013-02-18
1361232000,93.906,93.943,93.292,93.568,90396,3,0,2013-02-19
1361318400,93.564,94.029,93.136,93.699,101970,3,0,2013-02-20
1361404800,93.698,93.856,92.771,92.976,106891,3,0,2013-02-21
1361491200,92.975,93.506,92.922,93.405,97914,3,0,2013-02-22
1361750400,94.203,94.303,90.929,92.171,121581,3,0,2013-02-25
1361836800,92.171,92.743,91.125,91.968,129861,3,0,2013-02-26
1361923200,91.969,92.431,91.137,92.203,116353,2,0,2013-02-27
1362009600,92.203,92.843,92.009,92.623,103340,3,0,2013-02-28
1362096000,92.622,93.68,92.438,93.579,103026,3,0,2013-03-01
1362355200,93.547,93.721,93.173,93.482,12393,1,0,2013-03-04
1362441600,93.482,93.507,92.914,93.35,13533,3,0,2013-03-05
1362528000,93.35,94.11,93.009,93.984,24146,1,0,2013-03-06
1362614400,93.985,95.088,93.788,94.918,44037,1,0,2013-03-07
1362700800,94.919,96.551,94.845,95.987,40607,1,0,2013-03-08
1362960000,96.163,96.652,95.962,96.616,33262,1,0,2013-03-11
1363046400,96.617,96.707,95.639,95.881,46697,1,0,2013-03-12
1363132800,95.88,96.252,95.444,96.039,43794,1,0,2013-03-13
1363219200,96.039,96.586,95.68,96.063,44150,1,0,2013-03-14
1363305600,96.059,96.273,95.076,95.28,45854,1,0,2013-03-15
1363564800,94.887,95.594,94.308,95.37,49278,1,0,2013-03-18
1363651200,95.37,95.742,94.721,95.019,47745,1,0,2013-03-19
1363737600,95.017,96.129,94.827,96.065,43556,1,0,2013-03-20
1363824000,96.067,96.088,94.554,95.077,55134,1,0,2013-03-21
1363910400,95.077,95.088,94.195,94.421,48154,1,0,2013-03-22
1364169600,94.621,94.959,93.524,94.222,53166,1,0,2013-03-25
1364256000,94.224,94.632,93.862,94.628,47185,1,0,2013-03-26
1364342400,94.627,94.906,94.021,94.35,46112,1,0,2013-03-27
1364428800,94.35,94.431,93.875,94.282,42967,1,0,2013-03-28
1364515200,94.29,94.291,93.905,94.15,22986,1,0,2013-03-29
1364774400,94.252,94.371,93.056,93.196,35174,1,0,2013-04-01
1364860800,93.198,93.557,92.568,93.367,40920,1,0,2013-04-02
1364947200,93.366,93.685,92.713,93.078,41165,1,0,2013-04-03
1365033600,93.08,96.412,92.728,96.371,60390,1,0,2013-04-04
1365120000,96.362,97.829,95.797,97.52,66213,1,0,2013-04-05
1365379200,98.235,99.495,98.073,99.475,59419,1,0,2013-04-08
1365465600,99.473,99.66,98.587,99.174,54700,1,0,2013-04-09
1365552000,99.173,99.87,98.908,99.813,50377,4,0,2013-04-10
1365638400,99.813,99.944,99.127,99.794,53005,5,0,2013-04-11
1365724800,99.792,99.792,98.088,98.338,54179,5,0,2013-04-12
1365984000,98.337,98.709,95.792,96.571,71516,5,0,2013-04-15
1366070400,96.574,98.152,96.513,97.776,67624,5,0,2013-04-16
1366156800,97.776,98.428,97.205,98.256,64558,5,0,2013-04-17
1366243200,98.261,98.527,97.628,98.217,57217,5,0,2013-04-18
1366329600,98.217,99.68,98.105,99.48,54539,5,0,2013-04-19
1366588800,99.776,99.879,98.98,99.296,49390,2,0,2013-04-22
1366675200,99.297,99.531,98.483,99.379,55728,2,0,2013-04-23
1366761600,99.379,99.757,99.184,99.524,44960,2,0,2013-04-24
1366848000,99.524,99.562,98.981,99.321,41518,2,0,2013-04-25
1366934400,99.32,99.411,97.553,97.998,57018,1,0,2013-04-26
1367193600,97.953,98.197,97.347,97.832,35394,5,0,2013-04-29
1367280000,97.831,98.121,97.005,97.381,41477,1,0,2013-04-30
1367366400,97.383,97.674,97.022,97.285,37801,1,0,2013-05-01
1367452800,97.285,98.39,97.086,97.913,41965,1,0,2013-05-02
1367539200,97.913,99.265,97.885,98.956,35361,1,0,2013-05-03
1367798400,99.143,99.452,99.057,99.329,25655,1,0,2013-05-06
1367884800,99.33,99.431,98.826,98.961,40494,1,0,2013-05-07
1367971200,98.965,99.148,98.58,98.941,40974,1,0,2013-05-08
1368057600,98.938,100.788,98.647,100.633,46261,1,0,2013-05-09
1368144000,100.635,101.982,100.538,101.589,54459,1,0,2013-05-10
1368403200,101.782,102.151,101.515,101.762,43458,1,0,2013-05-13
1368489600,101.764,102.429,101.26,102.265,45572,1,0,2013-05-14
1368576000,102.27,102.763,101.852,102.253,44272,1,0,2013-05-15
1368662400,102.26,102.683,101.832,102.222,43891,1,0,2013-05-16
1368748800,102.226,103.306,102.08,103.178,38554,1,0,2013-05-17
1369008000,102.661,102.917,102.162,102.256,41875,1,0,2013-05-20
1369094400,102.256,102.884,102.069,102.503,42937,1,0,2013-05-21
1369180800,102.501,103.733,102.347,103.12,58745,1,0,2013-05-22
1369267200,103.117,103.57,100.832,101.985,91081,1,0,2013-05-23
1369353600,101.992,102.583,100.663,101.254,81274,1,0,2013-05-24
1369612800,101.241,101.295,100.745,101.071,42820,1,0,2013-05-27
1369699200,101.071,102.501,101.046,102.27,69772,1,0,2013-05-28
1369785600,102.275,102.525,100.716,101.131,77232,1,0,2013-05-29
1369872000,101.131,101.801,100.467,100.766,82252,1,0,2013-05-30
1369958400,100.778,101.277,100.222,100.433,78373,1,0,2013-05-31
1370217600,100.544,100.721,98.862,99.443,71066,1,0,2013-06-03
1370304000,99.447,100.413,99.333,100.048,67781,1,0,2013-06-04
1370390400,100.047,100.46,98.966,99.146,77397,1,0,2013-06-05
1370476800,99.053,99.461,95.909,96.964,91483,3,0,2013-06-06
1370563200,96.963,97.779,94.982,97.533,111528,3,0,2013-06-07
1370822400,97.85,99.278,97.709,98.755,83068,3,0,2013-06-10
1370908800,98.755,99.036,95.6,96.012,102655,3,0,2013-06-11
1370995200,96.011,97.013,95.138,96.008,88512,3,0,2013-06-12
1371081600,96.007,96.072,93.788,95.362,101577,3,0,2013-06-13
1371168000,95.61,95.728,93.992,94.055,84632,1,0,2013-06-14
1371427200,94.192,95.216,94.178,94.67,61140,1,0,2013-06-17
1371513600,94.672,95.763,94.445,95.395,59786,1,0,2013-06-18
1371600000,95.391,97.031,94.833,96.284,64319,1,0,2013-06-19
1371686400,96.283,98.286,96.205,97.313,93512,1,0,2013-06-20
1371772800,97.324,98.133,96.864,97.881,74399,1,0,2013-06-21
1372032000,97.975,98.7,97.222,97.718,79369,1,0,2013-06-24
1372118400,97.718,98.058,96.965,97.953,69354,1,0,2013-06-25
1372204800,97.962,98.234,97.238,97.78,64007,1,0,2013-06-26
1372291200,97.707,98.565,97.563,98.337,66483,3,0,2013-06-27
1372377600,98.345,99.443,98.336,99.121,72504,3,0,2013-06-28
1372636800,99.212,99.861,99.178,99.616,47023,1,0,2013-07-01
1372723200,99.622,100.725,99.508,100.627,49899,1,0,2013-07-02
1372809600,100.627,100.853,99.261,99.955,60094,1,0,2013-07-03
1372896000,99.952,100.159,99.493,100.113,40571,1,0,2013-07-04
1372982400,100.115,101.223,99.889,101.18,51287,1,0,2013-07-05
1373241600,101.28,101.531,100.787,100.886,47099,1,0,2013-07-08
1373328000,100.888,101.298,100.769,101.075,47374,1,0,2013-07-09
1373414400,101.074,101.214,99.417,99.537,61787,1,0,2013-07-10
1373500800,99.536,99.644,98.248,98.991,79014,1,0,2013-07-11
1373587200,98.989,99.693,98.675,99.169,50477,1,0,2013-07-12
1373846400,99.305,100.483,99.076,99.953,40786,1,0,2013-07-15
1373932800,99.948,100.068,98.893,99.156,49504,1,0,2013-07-16
1374019200,99.155,99.945,99.042,99.584,52553,1,0,2013-07-17
1374105600,99.584,100.653,99.465,100.522,53534,1,0,2013-07-18
1374192000,100.512,100.864,99.806,100.617,56987,1,0,2013-07-19
1374451200,100.39,100.618,99.285,99.613,50997,1,0,2013-07-22
1374537600,99.613,100.18,99.144,99.473,51135,1,0,2013-07-23
1374624000,99.474,100.438,99.383,100.267,49259,1,0,2013-07-24
1374710400,100.27,100.453,98.888,99.258,55579,1,0,2013-07-25
1374796800,99.27,99.392,97.961,98.224,56146,1,0,2013-07-26
1375056000,98.296,98.296,97.633,97.917,53817,1,0,2013-07-29
1375142400,97.917,98.462,97.758,98.038,48102,1,0,2013-07-30
1375228800,98.037,98.516,97.584,97.803,60026,1,0,2013-07-31
1375315200,97.808,99.57,97.654,99.499,52834,1,0,2013-08-01
1375401600,99.501,99.948,98.662,98.92,53124,1,0,2013-08-02
1375660800,98.972,99.149,98.189,98.251,43734,1,0,2013-08-05
1375747200,98.251,98.584,97.512,97.772,51178,1,0,2013-08-06
1375833600,97.77,97.777,96.322,96.372,63482,1,0,2013-08-07
1375920000,96.372,96.934,95.809,96.603,59950,1,0,2013-08-08
1376006400,96.601,96.969,96.127,96.218,48801,1,0,2013-08-09
1376265600,96.302,97.149,95.924,97.094,45514,1,0,2013-08-12
1376352000,97.098,98.341,97.049,98.24,55032,1,0,2013-08-13
1376438400,98.265,98.427,97.864,98.014,46872,0,0,2013-08-14
1376524800,98.014,98.649,97.078,97.276,64439,1,0,2013-08-15
1376611200,97.263,97.773,97.051,97.521,48654,1,0,2013-08-16
1376870400,97.619,98.123,97.357,97.621,47105,1,0,2013-08-19
1376956800,97.622,97.862,96.912,97.31,54554,1,0,2013-08-20
1377043200,97.309,97.981,97.122,97.702,52949,1,0,2013-08-21
1377129600,97.707,98.811,97.691,98.76,50800,1,0,2013-08-22
1377216000,98.76,99.147,98.389,98.671,46715,1,0,2013-08-23
1377475200,98.611,98.842,98.268,98.434,34346,1,0,2013-08-26
1377561600,98.447,98.53,96.985,97.033,54713,1,0,2013-08-27
1377648000,97.034,97.837,96.817,97.705,49285,1,0,2013-08-28
1377734400,97.705,98.52,97.448,98.331,48172,1,0,2013-08-29
1377820800,98.331,98.476,97.884,98.116,44959,1,0,2013-08-30
1378080000,98.321,99.428,98.274,99.368,36803,1,0,2013-09-02
1378166400,99.368,99.86,99.169,99.558,47273,1,0,2013-09-03
1378252800,99.562,99.813,99.328,99.755,41774,1,0,2013-09-04
1378339200,99.755,100.194,99.567,100.169,45602,1,0,2013-09-05
1378425600,100.167,100.224,98.541,99.094,42421,1,0,2013-09-06
1378684800,99.78,100.106,99.335,99.612,41529,1,0,2013-09-09
1378771200,99.613,100.466,99.478,100.383,44292,1,0,2013-09-10
1378857600,100.384,100.608,99.794,99.972,43953,1,0,2013-09-11
1378944000,99.966,99.984,99.011,99.489,44704,1,0,2013-09-12
1379030400,99.487,99.975,99.192,99.361,39321,1,0,2013-09-13
1379289600,98.832,99.182,98.644,99.088,33353,1,0,2013-09-16
1379376000,99.088,99.381,99.005,99.121,33748,1,0,2013-09-17
1379462400,99.128,99.335,97.763,98.159,41458,1,0,2013-09-18
1379548800,98.149,99.615,97.986,99.405,48758,1,0,2013-09-19
1379635200,99.404,99.667,99.174,99.284,36159,1,0,2013-09-20
1379894400,99.272,99.357,98.648,98.794,30760,1,0,2013-09-23
1379980800,98.803,99.174,98.474,98.731,37383,1,0,2013-09-24
1380067200,98.731,98.813,98.384,98.438,34923,1,0,2013-09-25
1380153600,98.439,99.133,98.267,98.971,41529,1,0,2013-09-26
1380240000,98.977,99.038,98.094,98.22,37002,1,0,2013-09-27
1380499200,97.79,98.46,97.499,98.24,45007,1,0,2013-09-30
1380585600,98.245,98.726,97.656,98.027,47322,1,0,2013-10-01
1380672000,98.03,98.084,97.147,97.387,45882,1,0,2013-10-02
1380758400,97.387,97.87,96.931,97.226,45662,1,0,2013-10-03
1380844800,97.227,97.482,96.952,97.457,41752,1,0,2013-10-04
1381104000,97.288,97.328,96.567,96.689,42304,1,0,2013-10-07
1381190400,96.7,97.249,96.598,96.881,42866,1,0,2013-10-08
1381276800,96.882,97.641,96.826,97.369,43263,1,0,2013-10-09
1381363200,97.367,98.327,97.353,98.281,42887,1,0,2013-10-10
1381449600,98.281,98.594,97.921,98.556,40724,1,0,2013-10-11
1381708800,98.233,98.688,98.095,98.65,23382,1,0,2013-10-14
1381795200,98.648,98.702,97.994,98.21,39508,1,0,2013-10-15
1381881600,98.215,98.969,98.133,98.787,42106,1,0,2013-10-16
1381968000,98.788,99.003,97.739,97.897,43381,1,0,2013-10-17
1382054400,97.897,98.156,97.557,97.734,31118,1,0,2013-10-18
1382313600,97.951,98.24,97.833,98.175,25129,1,0,2013-10-21
1382400000,98.177,98.482,97.872,98.107,27685,1,0,2013-10-22
1382486400,98.109,98.193,97.158,97.326,35300,1,0,2013-10-23
1382572800,97.326,97.617,97.175,97.323,30720,1,0,2013-10-24
1382659200,97.328,97.49,96.944,97.408,30902,1,0,2013-10-25
1382918400,97.523,97.789,97.445,97.682,23770,1,0,2013-10-28
1383004800,97.681,98.275,97.463,98.163,29947,1,0,2013-10-29
1383091200,98.163,98.677,98.055,98.509,29435,1,0,2013-10-30
1383177600,98.509,98.57,98.088,98.353,33233,1,0,2013-10-31
1383264000,98.354,98.849,97.81,98.597,31970,1,0,2013-11-01
1383523200,98.689,98.844,98.535,98.657,19591,1,0,2013-11-04
1383609600,98.654,98.664,98.168,98.534,29017,1,0,2013-11-05
1383696000,98.536,98.754,98.41,98.632,25807,1,0,2013-11-06
1383782400,98.633,99.408,97.633,98.191,38644,1,0,2013-11-07
1383868800,98.191,99.221,97.981,99.044,35191,1,0,2013-11-08
1384128000,99.171,99.299,98.925,99.162,22151,1,0,2013-11-11
1384214400,99.161,99.797,99.104,99.626,35627,1,0,2013-11-12
1384300800,99.626,99.672,99.103,99.291,31183,1,0,2013-11-13
1384387200,99.283,100.149,99.135,100.069,39675,1,0,2013-11-14
1384473600,100.071,100.433,99.939,100.169,31553,1,0,2013-11-15
1384732800,100.27,100.39,99.789,99.929,29732,1,0,2013-11-18
1384819200,99.93,100.256,99.571,100.198,33245,1,0,2013-11-19
1384905600,100.197,100.239,99.788,100.054,35899,1,0,2013-11-20
1384992000,100.054,101.183,100.036,101.176,38065,1,0,2013-11-21
1385078400,101.177,101.353,100.956,101.273,32927,1,0,2013-11-22
1385337600,101.273,101.917,101.139,101.527,29825,1,0,2013-11-25
1385424000,101.531,101.651,101.146,101.3,28127,1,0,2013-11-26
1385510400,101.298,102.277,101.184,102.232,29485,1,0,2013-11-27
1385596800,102.242,102.373,101.936,102.291,26781,1,0,2013-11-28
1385683200,102.294,102.612,102.117,102.405,32817,1,0,2013-11-29
1385942400,102.499,103.127,102.227,102.934,31620,1,0,2013-12-02
1386028800,102.941,103.378,101.977,102.434,40452,1,0,2013-12-03
1386115200,102.436,102.836,101.819,102.331,46539,1,0,2013-12-04
1386201600,102.333,102.44,101.624,101.79,42559,1,0,2013-12-05
1386288000,101.792,102.962,101.631,102.893,38376,1,0,2013-12-06
1386547200,103.137,103.329,102.89,103.281,33137,1,0,2013-12-09
1386633600,103.283,103.393,102.576,102.876,35389,1,0,2013-12-10
1386720000,102.876,102.947,102.156,102.472,37884,1,0,2013-12-11
1386806400,102.47,103.619,102.407,103.561,39081,1,0,2013-12-12
1386892800,103.579,103.921,102.991,103.186,38565,1,0,2013-12-13
1387152000,103.155,103.29,102.643,103.091,33658,1,0,2013-12-16
1387238400,103.091,103.107,102.502,102.579,27763,1,0,2013-12-17
1387324800,102.574,104.361,102.555,104.26,41222,1,0,2013-12-18
1387411200,104.263,104.363,103.78,104.228,36626,1,0,2013-12-19
1387497600,104.225,104.635,103.859,104.008,32993,1,0,2013-12-20
1387756800,104.05,104.233,103.773,104.193,19114,1,0,2013-12-23
1387843200,104.19,104.411,104.133,104.254,19386,1,0,2013-12-24
1388016000,104.777,104.832,104.684,104.809,15019,1,0,2013-12-26
1388102400,104.812,105.182,104.649,105.147,28320,1,0,2013-12-27
1388361600,105.304,105.412,104.957,105.072,22941,1,0,2013-12-30
1388448000,105.071,105.299,104.861,105.252,18370,1,0,2013-12-31
1388534400,105.237,105.38,105.217,105.361,1092,6,0,2014-01-01
1388620800,105.358,105.44,104.547,104.831,37755,1,0,2014-01-02
1388707200,104.835,104.88,104.075,104.844,31922,1,0,2014-01-03
1388966400,104.845,104.949,103.912,104.23,38998,1,0,2014-01-06
1389052800,104.23,104.734,104.178,104.683,35544,1,0,2014-01-07
1389139200,104.681,105.123,104.626,104.881,38743,1,0,2014-01-08
1389225600,104.878,105.057,104.58,104.829,34615,1,0,2014-01-09
1389312000,104.828,105.334,103.828,104.154,35754,1,0,2014-01-10
1389571200,104.079,104.119,102.854,103.065,38985,1,0,2014-01-13
1389657600,103.06,104.29,103.02,104.252,39763,1,0,2014-01-14
1389744000,104.24,104.695,104.091,104.568,33635,1,0,2014-01-15
1389830400,104.57,104.921,104.151,104.331,32581,1,0,2014-01-16
1389916800,104.344,104.474,104.196,104.239,28338,1,0,2014-01-17
1390176000,104.298,104.299,103.862,104.178,25002,1,0,2014-01-20
1390262400,104.178,104.748,104.025,104.299,33438,1,0,2014-01-21
1390348800,104.3,104.571,103.97,104.538,35380,1,0,2014-01-22
1390435200,104.535,104.84,102.975,103.358,47479,1,0,2014-01-23
1390521600,103.363,103.584,102.001,102.257,55164,1,0,2014-01-24
1390780800,102.069,102.929,101.918,102.646,51251,1,0,2014-01-27
1390867200,102.645,103.441,102.525,103.362,40756,1,0,2014-01-28
1390953600,103.372,103.417,101.842,102.158,50958,1,0,2014-01-29
1391040000,102.159,102.889,102.086,102.785,43873,1,0,2014-01-30
1391126400,102.788,102.932,101.918,101.932,45559,1,0,2014-01-31
1391385600,102.142,102.41,100.776,101.121,48847,1,0,2014-02-03
1391472000,101.095,101.684,100.755,101.625,48627,1,0,2014-02-04
1391558400,101.622,101.764,100.801,101.498,56522,1,0,2014-02-05
1391644800,101.495,102.17,101.241,101.973,48352,1,0,2014-02-06
1391731200,101.974,102.578,101.438,102.323,48959,1,0,2014-02-07
1391990400,102.609,102.64,101.992,102.217,29942,1,0,2014-02-10
1392076800,102.21,102.7,102.075,102.623,27530,1,0,2014-02-11
1392163200,102.624,102.646,102.223,102.54,30239,1,0,2014-02-12
1392249600,102.536,102.539,101.695,102.25,34296,1,0,2014-02-13
1392336000,102.258,102.403,101.567,101.783,33149,1,0,2014-02-14
1392595200,101.724,101.985,101.385,101.952,21956,1,0,2014-02-17
1392681600,101.953,102.742,101.757,102.4,35401,1,0,2014-02-18
1392768000,102.402,102.465,101.849,102.317,31421,1,0,2014-02-19
1392854400,102.318,102.417,101.668,102.35,35825,1,0,2014-02-20
1392940800,102.349,102.827,102.295,102.482,29011,1,0,2014-02-21
1393200000,102.557,102.679,102.165,102.483,28460,1,0,2014-02-24
1393286400,102.483,102.625,102.007,102.205,31740,1,0,2014-02-25
1393372800,102.209,102.608,102.103,102.363,32709,1,0,2014-02-26
1393459200,102.364,102.443,101.722,102.174,36878,1,0,2014-02-27
1393545600,102.175,102.291,101.555,101.779,37023,1,0,2014-02-28
1393804800,101.48,101.57,101.199,101.433,36965,1,0,2014-03-03
1393891200,101.429,102.285,101.394,102.252,33821,1,0,2014-03-04
1393977600,102.258,102.549,102.116,102.364,28418,1,0,2014-03-05
1394064000,102.361,103.167,102.328,103.081,31284,1,0,2014-03-06
1394150400,103.081,103.759,102.84,103.248,43837,0,0,2014-03-07
1394409600,103.172,103.405,102.935,103.299,48825,0,0,2014-03-10
1394496000,103.297,103.426,102.845,102.948,51290,0,0,2014-03-11
1394582400,102.947,103.099,102.549,102.727,56194,0,0,2014-03-12
1394668800,102.729,102.861,101.541,101.863,78975,0,0,2014-03-13
1394755200,101.863,101.863,101.207,101.345,77026,0,0,2014-03-14
1395014400,101.351,101.871,101.293,101.81,55759,0,0,2014-03-17
1395100800,101.808,101.939,101.277,101.381,60722,0,0,2014-03-18
1395187200,101.383,102.681,101.298,102.37,62744,0,0,2014-03-19
1395273600,102.369,102.547,102.211,102.388,60240,0,0,2014-03-20
1395360000,102.39,102.426,102.014,102.27,39068,0,0,2014-03-21
1395619200,102.222,102.646,102.128,102.22,54082,0,0,2014-03-24
1395705600,102.213,102.488,102.093,102.29,48514,0,0,2014-03-25
1395792000,102.288,102.472,101.872,102.044,48871,0,0,2014-03-26
1395878400,102.042,102.431,101.718,102.194,62570,0,0,2014-03-27
1395964800,102.195,102.978,102.033,102.82,47125,0,0,2014-03-28
1396224000,102.885,103.438,102.793,103.224,52580,0,0,2014-03-31
1396310400,103.224,103.71,103.087,103.685,46231,1,0,2014-04-01
1396396800,103.685,103.934,103.583,103.86,47288,1,0,2014-04-02
1396483200,103.86,104.112,103.811,103.922,46308,1,0,2014-04-03
1396569600,103.922,104.127,103.197,103.263,58910,1,0,2014-04-04
1396828800,103.341,103.389,102.993,103.067,39541,1,0,2014-04-07
1396915200,103.069,103.117,101.55,101.866,100881,1,0,2014-04-08
1397001600,101.864,102.161,101.719,101.987,79125,1,0,2014-04-09
1397088000,101.989,102.134,101.33,101.443,47320,1,0,2014-04-10
1397174400,101.443,101.866,101.324,101.622,46070,1,0,2014-04-11
1397433600,101.607,102.011,101.416,101.858,35501,1,0,2014-04-14
1397520000,101.859,101.992,101.501,101.844,42676,1,0,2014-04-15
1397606400,101.85,102.364,101.809,102.228,34805,1,0,2014-04-16
1397692800,102.231,102.466,101.864,102.398,28351,1,0,2014-04-17
1397779200,102.396,102.57,102.21,102.399,10064,1,0,2014-04-18
1398038400,102.436,102.705,102.392,102.621,16059,1,0,2014-04-21
1398124800,102.622,102.723,102.413,102.591,24911,1,0,2014-04-22
1398211200,102.593,102.691,102.165,102.532,27905,1,0,2014-04-23
1398297600,102.529,102.644,102.087,102.276,32628,1,0,2014-04-24
1398384000,102.276,102.495,101.961,102.175,29839,1,0,2014-04-25
1398643200,102.135,102.624,102.045,102.487,31215,0,0,2014-04-28
1398729600,102.488,102.78,102.466,102.651,24315,0,0,2014-04-29
1398816000,102.648,102.652,102.027,102.217,35932,0,0,2014-04-30
1398902400,102.222,102.356,102.156,102.317,22804,0,0,2014-05-01
1398988800,102.318,103.018,102.131,102.178,43533,0,0,2014-05-02
1399248000,102.254,102.254,101.863,102.153,19529,1,0,2014-05-05
1399334400,102.153,102.188,101.497,101.74,32179,0,0,2014-05-06
1399420800,101.738,102.006,101.429,101.871,50558,0,0,2014-05-07
1399507200,101.871,101.955,101.46,101.655,39264,1,0,2014-05-08
1399593600,101.647,101.856,101.545,101.856,28694,0,0,2014-05-09
1399852800,101.839,102.182,101.814,102.145,23457,1,0,2014-05-12
1399939200,102.143,102.362,102.06,102.263,28538,0,0,2014-05-13
1400025600,102.263,102.275,101.719,101.841,26373,0,0,2014-05-14
1400112000,101.844,102.114,101.313,101.577,33508,1,0,2014-05-15
1400198400,101.576,101.665,101.358,101.499,39307,0,0,2014-05-16
1400457600,101.51,101.593,101.098,101.476,43471,2,0,2014-05-19
1400544000,101.476,101.594,101.182,101.311,43005,3,0,2014-05-20
1400630400,101.311,101.606,100.821,101.422,51971,0,0,2014-05-21
1400716800,101.42,101.814,101.353,101.75,35342,1,0,2014-05-22
1400803200,101.751,102.0,101.593,101.961,38861,1,0,2014-05-23
1401062400,101.971,102.046,101.835,101.926,14994,0,0,2014-05-26
1401148800,101.925,102.134,101.72,102.014,25007,1,0,2014-05-27
1401235200,102.016,102.024,101.632,101.811,25999,2,0,2014-05-28
1401321600,101.81,101.828,101.424,101.721,28553,2,0,2014-05-29
1401408000,101.725,101.84,101.492,101.746,27276,1,0,2014-05-30
1401667200,101.811,102.48,101.748,102.372,33222,1,0,2014-06-02
1401753600,102.379,102.55,102.269,102.533,33529,1,0,2014-06-03
1401840000,102.535,102.794,102.437,102.724,38225,1,0,2014-06-04
1401926400,102.723,102.731,102.336,102.418,40264,1,0,2014-06-05
1402012800,102.417,102.609,102.116,102.466,36778,0,0,2014-06-06
1402272000,102.553,102.648,102.375,102.55,29025,0,0,2014-06-09
1402358400,102.548,102.569,102.214,102.351,35749,1,0,2014-06-10
1402444800,102.35,102.39,101.86,101.989,35617,1,0,2014-06-11
1402531200,101.988,102.137,101.6,101.741,37463,1,0,2014-06-12
1402617600,101.742,102.131,101.653,102.031,35162,1,0,2014-06-13
1402876800,102.016,102.039,101.72,101.818,32128,1,0,2014-06-16
1402963200,101.816,102.24,101.816,102.159,33116,1,0,2014-06-17
1403049600,102.161,102.345,101.878,101.93,35247,1,0,2014-06-18
1403136000,101.93,101.998,101.738,101.932,33382,1,0,2014-06-19
1403222400,101.934,102.193,101.813,102.068,28380,1,0,2014-06-20
1403481600,102.065,102.134,101.815,101.909,27192,1,0,2014-06-23
1403568000,101.911,102.165,101.817,101.964,27942,1,0,2014-06-24
1403654400,101.962,101.967,101.624,101.833,25488,1,0,2014-06-25
1403740800,101.833,101.855,101.486,101.676,26880,0,0,2014-06-26
1403827200,101.675,101.715,101.312,101.373,28461,1,0,2014-06-27
1404086400,101.429,101.47,101.233,101.299,26304,1,0,2014-06-30
1404172800,101.301,101.589,101.285,101.547,33318,5,0,2014-07-01
1404259200,101.549,101.841,101.405,101.768,33079,5,0,2014-07-02
1404345600,101.769,102.266,101.759,102.202,36140,1,0,2014-07-03
1404432000,102.203,102.219,101.972,102.061,23414,3,0,2014-07-04
1404691200,102.067,102.197,101.785,101.871,32864,3,0,2014-07-07
1404777600,101.873,101.887,101.486,101.544,37276,3,0,2014-07-08
1404864000,101.544,101.851,101.445,101.637,35414,1,0,2014-07-09
1404950400,101.636,101.638,101.065,101.32,42513,3,0,2014-07-10
1405036800,101.319,101.387,101.216,101.339,47287,3,0,2014-07-11
1405296000,101.335,101.62,101.328,101.545,45762,4,0,2014-07-14
1405382400,101.545,101.748,101.438,101.679,48223,1,0,2014-07-15
1405468800,101.679,101.788,101.634,101.656,23379,1,0,2014-07-16
1405555200,101.659,101.666,101.118,101.149,31061,1,0,2014-07-17
1405641600,101.149,101.445,101.084,101.343,29453,1,0,2014-07-18
1405900800,101.332,101.412,101.191,101.404,19933,7,0,2014-07-21
1405987200,101.404,101.601,101.33,101.465,34762,1,0,2014-07-22
1406073600,101.464,101.553,101.312,101.539,35031,6,0,2014-07-23
1406160000,101.537,101.855,101.412,101.803,40373,4,0,2014-07-24
1406246400,101.801,101.934,101.708,101.708,44128,5,0,2014-07-25
1406505600,101.789,101.903,101.744,101.839,43225,6,0,2014-07-28
1406592000,101.84,102.154,101.819,102.112,53239,6,0,2014-07-29
1406678400,102.113,103.079,102.032,102.803,52416,1,0,2014-07-30
1406764800,102.805,103.002,102.671,102.798,33652,2,0,2014-07-31
1406851200,102.8,103.023,102.334,102.552,37404,1,0,2014-08-01
1407110400,102.573,102.724,102.401,102.549,29593,10,0,2014-08-04
1407196800,102.552,102.92,102.456,102.614,37220,10,0,2014-08-05
1407283200,102.614,102.636,101.777,102.116,47295,10,0,2014-08-06
1407369600,102.117,102.454,101.993,102.097,45393,10,0,2014-08-07
1407456000,102.095,102.138,101.505,102.02,58560,10,0,2014-08-08
1407715200,102.106,102.221,102.018,102.186,29492,10,0,2014-08-11
1407801600,102.185,102.359,102.086,102.244,28786,10,0,2014-08-12
1407888000,102.249,102.539,102.218,102.417,31796,10,0,2014-08-13
1407974400,102.421,102.65,102.304,102.475,29831,10,0,2014-08-14
1408060800,102.477,102.712,102.133,102.35,38927,10,0,2014-08-15
1408320000,102.366,102.59,102.241,102.563,23885,10,0,2014-08-18
1408406400,102.564,102.931,102.515,102.917,26526,10,0,2014-08-19
1408492800,102.918,103.842,102.899,103.7,42264,10,0,2014-08-20
1408579200,103.703,103.953,103.595,103.825,34906,10,0,2014-08-21
1408665600,103.826,104.189,103.496,103.938,38503,2,0,2014-08-22
1408924800,104.191,104.268,103.857,104.041,26704,3,0,2014-08-25
1409011200,104.04,104.167,103.744,104.085,30925,10,0,2014-08-26
1409097600,104.085,104.157,103.774,103.871,29907,10,0,2014-08-27
1409184000,103.876,103.916,103.551,103.714,37087,3,0,2014-08-28
1409270400,103.716,104.111,103.655,104.084,35488,1,0,2014-08-29
1409529600,104.144,104.345,104.096,104.317,16968,10,0,2014-09-01
1409616000,104.316,105.209,104.294,105.092,38734,10,0,2014-09-02
1409702400,105.092,105.304,104.742,104.856,35750,1,0,2014-09-03
1409788800,104.853,105.366,104.76,105.309,39027,1,0,2014-09-04
1409875200,105.309,105.706,104.684,105.091,46436,1,0,2014-09-05
1410134400,105.137,106.086,104.992,105.968,51489,1,0,2014-09-08
1410220800,105.969,106.473,105.945,106.204,62639,1,0,2014-09-09
1410307200,106.206,106.88,106.042,106.837,56010,1,0,2014-09-10
1410393600,106.837,107.194,106.636,107.016,54885,1,0,2014-09-11
1410480000,107.021,107.393,107.014,107.315,55981,1,0,2014-09-12
1410739200,107.287,107.365,107.01,107.192,44461,1,0,2014-09-15
1410825600,107.191,107.332,106.81,107.142,53737,1,0,2014-09-16
1410912000,107.143,108.531,107.101,108.481,46786,1,0,2014-09-17
1410998400,108.478,108.96,108.374,108.763,45027,1,0,2014-09-18
1411084800,108.764,109.46,108.593,109.022,49865,1,0,2014-09-19
1411344000,109.024,109.194,108.66,108.817,125151,1,0,2014-09-22
1411430400,108.82,108.993,108.253,108.862,43030,1,0,2014-09-23
1411516800,108.863,109.152,108.46,109.072,44939,1,0,2014-09-24
1411603200,109.072,109.375,108.522,108.744,57823,1,0,2014-09-25
1411689600,108.747,109.536,108.478,109.284,52695,1,0,2014-09-26
1411948800,109.343,109.746,109.131,109.449,52951,1,0,2014-09-29
1412035200,109.45,109.849,109.185,109.606,54556,1,0,2014-09-30
1412121600,109.61,110.088,108.868,108.984,66332,1,0,2014-10-01
1412208000,108.983,109.116,108.008,108.397,80781,1,0,2014-10-02
1412294400,108.397,109.904,108.368,109.758,55064,1,0,2014-10-03
1412553600,109.752,109.85,108.651,108.732,47949,1,0,2014-10-06
1412640000,108.729,109.235,107.818,108.152,73991,1,0,2014-10-07
1412726400,108.152,108.744,107.751,108.135,75750,1,0,2014-10-08
1412812800,108.137,108.317,107.529,107.812,83973,1,0,2014-10-09
1412899200,107.814,108.155,107.623,107.647,75079,1,0,2014-10-10
1413158400,107.531,107.575,106.758,106.989,68467,1,0,2014-10-13
1413244800,106.989,107.311,106.672,107.133,74189,1,0,2014-10-14
1413331200,107.133,107.497,105.197,106.06,103196,1,0,2014-10-15
1413417600,106.052,106.463,105.506,106.286,106147,1,0,2014-10-16
1413504000,106.287,106.937,106.132,106.874,69552,1,0,2014-10-17
1413763200,107.044,107.386,106.775,106.961,66883,10,0,2014-10-20
1413849600,106.961,107.107,106.245,107.08,71502,10,0,2014-10-21
1413936000,107.077,107.372,106.783,107.201,60817,10,0,2014-10-22
1414022400,107.201,108.347,107.1,108.298,64064,3,0,2014-10-23
1414108800,108.296,108.296,107.779,108.147,62198,6,0,2014-10-24
1414368000,108.175,108.213,107.601,107.84,59895,7,0,2014-10-27
1414454400,107.843,108.181,107.687,108.101,47036,1,0,2014-10-28
1414540800,108.1,108.956,107.936,108.794,56413,9,0,2014-10-29
1414627200,108.794,109.46,108.743,109.342,82213,2,0,2014-10-30
1414713600,109.342,112.469,109.168,112.315,115870,9,0,2014-10-31
1414972800,112.939,114.21,112.567,113.765,92601,9,0,2014-11-03
1415059200,113.764,113.828,113.16,113.437,99867,4,0,2014-11-04
1415145600,113.437,114.84,113.416,114.718,105647,3,0,2014-11-05
1415232000,114.715,115.512,114.055,115.212,122678,1,0,2014-11-06
1415318400,115.213,115.602,114.247,114.589,111713,10,0,2014-11-07
1415577600,114.459,114.903,113.851,114.82,89142,10,0,2014-11-10
1415664000,114.824,116.1,114.63,115.825,101013,1,0,2014-11-11
1415750400,115.825,115.913,114.88,115.583,113051,10,0,2014-11-12
1415836800,115.582,115.878,115.304,115.755,101757,1,0,2014-11-13
1415923200,115.757,116.791,115.72,116.252,83722,1,0,2014-11-14
1416182400,116.604,117.047,115.45,116.652,93592,1,0,2014-11-17
1416268800,116.649,117.012,116.333,116.907,69470,1,0,2014-11-18
1416355200,116.91,118.243,116.807,118.16,70958,1,0,2014-11-19
1416441600,118.161,118.974,117.739,118.254,64832,7,0,2014-11-20
1416528000,118.246,118.363,117.351,117.775,77933,7,0,2014-11-21
1416787200,117.868,118.478,117.58,118.269,44526,3,22717330000,2014-11-24
1416873600,118.257,118.568,117.686,117.965,61957,7,189500000,2014-11-25
1416960000,117.964,117.971,117.434,117.718,64959,1,150000000,2014-11-26
1417046400,117.738,117.876,117.232,117.693,33711,7,0,2014-11-27
1417132800,117.72,118.766,117.707,118.584,65296,9,0,2014-11-28
1417392000,118.741,119.135,117.86,118.387,64349,7,0,2014-12-01
1417478400,118.384,119.279,118.216,119.207,62035,7,0,2014-12-02
1417564800,119.218,119.858,119.124,119.784,55266,7,0,2014-12-03
1417651200,119.782,120.246,119.335,119.777,52511,7,0,2014-12-04
1417737600,119.74,121.681,119.7,121.462,64990,1,0,2014-12-05
1417996800,121.566,121.843,120.202,120.674,65309,1,90867168000,2014-12-08
1418083200,120.627,121.001,117.944,119.691,74956,1,96879075000,2014-12-09
1418169600,119.62,119.914,117.71,117.809,80978,1,103675223000,2014-12-10
1418256000,117.786,119.554,117.435,118.598,72593,1,93189577000,2014-12-11
1418342400,118.626,119.199,118.05,118.743,75490,1,78938834000,2014-12-12
1418601600,118.586,119.057,117.562,117.721,79845,1,99023833000,2014-12-15
1418688000,117.789,118.004,115.564,116.32,85295,1,105615720000,2014-12-16
1418774400,116.349,118.899,116.291,118.635,82243,1,102261620000,2014-12-17
1418860800,118.6,119.31,118.257,118.826,68019,1,88448330000,2014-12-18
1418947200,118.817,119.623,118.8,119.504,60842,0,80539946000,2014-12-19
1419206400,119.525,120.083,119.312,120.046,202598,0,375938811000,2014-12-22
1419292800,120.049,120.822,119.958,120.678,170783,0,320973684000,2014-12-23
1419379200,120.676,120.76,120.277,120.459,145600,0,260341160000,2014-12-24
1419552000,120.218,120.462,120.21,120.332,89972,0,145443578000,2014-12-26
1419811200,120.341,120.73,120.225,120.651,82711,0,127133991000,2014-12-29
1419897600,120.656,120.683,118.862,119.462,51563,0,65953778000,2014-12-30
1419984000,119.345,119.936,119.246,119.836,31644,0,39634117000,2014-12-31
1420156800,120.401,120.741,119.808,120.419,29601,0,36046585000,2015-01-02
1420416000,120.363,120.643,119.373,119.626,69509,0,91534578000,2015-01-05
1420502400,119.592,119.639,118.053,118.29,74449,0,94640659000,2015-01-06
1420588800,118.29,119.647,118.29,119.241,81499,0,83002975000,2015-01-07
1420675200,119.24,119.956,119.152,119.619,78444,0,65627198000,2015-01-08
1420761600,119.559,119.875,118.376,118.376,127639,0,194624494000,2015-01-09
1421020800,118.317,119.317,118.101,118.339,242241,0,483837350000,2015-01-12
1421107200,118.339,118.847,117.536,117.921,282649,0,550127825000,2015-01-13
1421193600,117.921,117.957,116.068,117.317,302038,0,573409155000,2015-01-14
1421280000,117.319,117.94,116.139,116.147,330141,0,494475304000,2015-01-15
1421366400,116.147,117.756,115.85,117.614,227005,0,278673917000,2015-01-16
1421625600,117.476,117.776,116.916,117.54,58274,6,0,2015-01-19
1421712000,117.568,118.858,117.556,118.792,56341,6,0,2015-01-20
1421798400,118.793,118.818,117.173,117.948,61288,6,0,2015-01-21
1421884800,117.961,118.658,117.245,118.465,57786,6,0,2015-01-22
1421971200,118.481,118.807,117.539,117.733,57981,7,0,2015-01-23
1422230400,117.506,118.494,117.257,118.446,47259,6,0,2015-01-26
1422316800,118.452,118.651,117.334,117.862,60004,2,0,2015-01-27
1422403200,117.865,118.259,117.25,117.521,70361,2,0,2015-01-28
1422489600,117.531,118.484,117.381,118.268,56016,2,14000000,2015-01-29
1422576000,118.296,118.453,117.296,117.47,51983,6,0,2015-01-30
1422835200,116.93,117.873,116.93,117.581,69637,2,0,2015-02-02
1422921600,117.53,117.741,116.872,117.557,73829,2,0,2015-02-03
1423008000,117.573,117.996,117.07,117.266,70108,1,0,2015-02-04
1423094400,117.27,117.593,117.019,117.518,73039,7,0,2015-02-05
1423180800,117.517,119.218,117.152,119.098,71495,7,0,2015-02-06
1423440000,119.021,119.091,118.329,118.623,68747,6,0,2015-02-09
1423526400,118.634,119.612,118.398,119.42,70378,7,0,2015-02-10
1423612800,119.421,120.471,119.283,120.445,68687,6,0,2015-02-11
1423699200,120.443,120.465,118.509,119.102,79269,6,0,2015-02-12
1423785600,119.101,119.195,118.41,118.652,64922,7,0,2015-02-13
1424044800,118.443,118.772,118.277,118.47,53838,7,0,2015-02-16
1424131200,118.469,119.413,118.233,119.241,65930,7,0,2015-02-17
1424217600,119.239,119.408,118.541,118.78,68652,7,0,2015-02-18
1424304000,118.781,119.175,118.432,118.939,63728,7,0,2015-02-19
1424390400,118.94,119.186,118.301,118.993,68226,1,0,2015-02-20
1424649600,119.097,119.351,118.736,118.809,55689,7,0,2015-02-23
1424736000,118.812,119.817,118.764,118.966,60863,7,0,2015-02-24
1424822400,118.962,119.063,118.624,118.856,57624,7,0,2015-02-25
1424908800,118.849,119.499,118.678,119.411,60093,7,0,2015-02-26
1424995200,119.412,119.795,119.115,119.622,62144,6,0,2015-02-27
1425254400,119.698,120.189,119.629,120.126,54384,7,0,2015-03-02
1425340800,120.126,120.262,119.381,119.719,60058,7,0,2015-03-03
1425427200,119.724,119.823,119.469,119.668,58382,6,0,2015-03-04
1425513600,119.667,120.393,119.627,120.126,58980,7,0,2015-03-05
1425600000,120.127,121.275,119.902,120.835,64189,7,0,2015-03-06
1425859200,120.803,121.41,120.609,121.2,59867,2,0,2015-03-09
1425945600,121.201,122.021,120.921,121.173,79950,6,0,2015-03-10
1426032000,121.185,121.622,120.852,121.482,77275,7,0,2015-03-11
1426118400,121.482,121.666,120.655,121.283,70532,7,0,2015-03-12
1426204800,121.288,121.568,121.131,121.367,71800,6,0,2015-03-13
1426464000,121.375,121.458,121.088,121.367,66841,1,0,2015-03-16
1426550400,121.4,121.515,121.111,121.342,54347,1,0,2015-03-17
1426636800,121.357,121.406,119.293,120.211,61890,1,0,2015-03-18
1426723200,120.202,121.027,119.674,120.784,89680,2,0,2015-03-19
1426809600,120.787,121.197,119.895,120.014,66641,7,0,2015-03-20
1427068800,119.838,120.159,119.581,119.692,65839,6,0,2015-03-23
1427155200,119.697,119.978,119.217,119.722,60668,10,0,2015-03-24
1427241600,119.723,119.821,119.231,119.465,53775,10,0,2015-03-25
1427328000,119.466,119.568,118.324,119.218,81618,7,0,2015-03-26
1427414400,119.219,119.485,118.929,119.128,72636,7,0,2015-03-27
1427673600,119.128,120.223,119.109,120.054,64538,7,0,2015-03-30
1427760000,120.056,120.36,119.773,120.113,58680,10,0,2015-03-31
1427846400,120.092,120.324,119.41,119.753,66268,7,0,2015-04-01
1427932800,119.747,119.89,119.448,119.71,53043,5,0,2015-04-02
1428019200,119.718,119.942,118.716,118.939,34564,7,0,2015-04-03
1428278400,118.939,119.676,118.797,119.526,35726,2,0,2015-04-06
1428364800,119.523,120.444,119.435,120.257,53086,4,0,2015-04-07
1428451200,120.265,120.344,119.639,120.124,64876,4,0,2015-04-08
1428537600,120.126,120.736,119.856,120.569,57723,4,0,2015-04-09
1428624000,120.565,120.621,120.052,120.184,56370,4,0,2015-04-10
1428883200,120.184,120.841,119.692,120.12,55857,4,0,2015-04-13
1428969600,120.133,120.169,119.068,119.386,65771,4,0,2015-04-14
1429056000,119.382,119.741,118.786,119.164,62590,4,0,2015-04-15
1429142400,119.164,119.464,118.791,118.938,75045,7,0,2015-04-16
1429228800,118.938,119.255,118.566,118.931,68037,4,0,2015-04-17
1429488000,118.931,119.432,118.526,119.198,54551,4,0,2015-04-20
1429574400,119.198,119.827,119.161,119.63,70734,4,0,2015-04-21
1429660800,119.63,119.957,119.339,119.858,77478,6,0,2015-04-22
1429747200,119.858,120.089,119.421,119.58,85166,6,0,2015-04-23
1429833600,119.58,119.654,118.822,118.992,83454,6,0,2015-04-24
1430092800,118.877,119.429,118.771,119.033,62471,6,0,2015-04-27
1430179200,119.023,119.193,118.77,118.889,69245,6,0,2015-04-28
1430265600,118.85,119.357,118.604,119.029,79519,6,0,2015-04-29
1430352000,119.028,119.89,118.492,119.395,102970,6,0,2015-04-30
1430438400,119.386,120.287,119.371,120.114,66050,6,0,2015-05-01
1430697600,120.232,120.27,119.992,120.136,38131,4,0,2015-05-04
1430784000,120.098,120.501,119.723,119.864,25526,3,0,2015-05-05
1430870400,119.826,120.046,119.212,119.431,32789,2,0,2015-05-06
1430956800,119.426,119.856,119.057,119.729,17099,3,0,2015-05-07
1431043200,119.728,120.229,119.587,119.729,21010,7,0,2015-05-08
1431302400,119.674,120.148,119.674,120.071,32023,7,0,2015-05-11
1431388800,120.07,120.271,119.785,119.856,73480,7,0,2015-05-12
1431475200,119.854,120.015,119.033,119.137,64173,7,0,2015-05-13
1431561600,119.137,119.334,118.886,119.157,77997,7,0,2015-05-14
1431648000,119.137,119.92,119.137,119.379,60115,4,0,2015-05-15
1431907200,119.269,120.028,119.252,119.973,36917,7,0,2015-05-18
1431993600,119.966,120.73,119.825,120.685,78619,9,0,2015-05-19
1432080000,120.675,121.466,120.575,121.32,89207,6,0,2015-05-20
1432166400,121.306,121.372,120.84,121.02,83377,7,0,2015-05-21
1432252800,121.031,121.565,120.634,121.543,76254,6,0,2015-05-22
1432512000,121.485,121.769,121.439,121.548,45357,9,0,2015-05-25
1432598400,121.553,123.315,121.495,123.081,92785,6,0,2015-05-26
1432684800,123.058,124.062,122.77,123.641,94204,9,0,2015-05-27
1432771200,123.616,124.448,123.487,123.946,100086,6,0,2015-05-28
1432857600,123.937,124.176,123.6,124.112,90015,7,0,2015-05-29
1433116800,124.096,124.909,123.852,124.763,91070,6,0,2015-06-01
1433203200,124.761,125.046,123.747,124.1,159437,6,0,2015-06-02
1433289600,124.083,124.678,123.784,124.24,81313,3,0,2015-06-03
1433376000,124.242,124.679,123.777,124.348,53888,2,0,2015-06-04
1433462400,124.348,125.853,124.336,125.57,124309,7,0,2015-06-05
1433721600,125.586,125.675,124.291,124.471,117844,7,0,2015-06-08
1433808000,124.475,124.734,123.858,124.33,127375,7,0,2015-06-09
1433894400,124.322,124.617,122.456,122.651,163683,7,0,2015-06-10
1433980800,122.618,124.116,122.617,123.406,128916,6,0,2015-06-11
1434067200,123.405,123.813,123.127,123.417,144502,6,0,2015-06-12
1434326400,123.163,123.657,123.141,123.403,82930,6,0,2015-06-15
1434412800,123.394,123.798,123.287,123.351,85175,6,0,2015-06-16
1434499200,123.348,124.435,123.207,123.416,108965,7,0,2015-06-17
1434585600,123.414,123.608,122.471,122.948,126222,7,0,2015-06-18
1434672000,122.944,123.213,122.555,122.674,95503,6,0,2015-06-19
1434931200,122.927,123.415,122.556,123.349,96238,7,0,2015-06-22
1435017600,123.346,124.18,123.337,123.934,96856,7,0,2015-06-23
1435104000,123.929,124.372,123.712,123.831,105195,7,0,2015-06-24
1435190400,123.835,123.952,123.315,123.617,96345,7,0,2015-06-25
1435276800,123.618,123.984,123.22,123.837,92636,7,0,2015-06-26
1435536000,122.741,123.187,122.099,122.525,157416,7,0,2015-06-29
1435622400,122.53,122.72,121.935,122.487,130682,7,0,2015-06-30
1435708800,122.483,123.232,122.352,123.163,105112,6,0,2015-07-01
1435795200,123.154,123.719,122.952,123.044,107165,4,0,2015-07-02
1435881600,123.049,123.179,122.597,122.87,80623,5,0,2015-07-03
1436140800,121.985,122.926,121.841,122.561,144764,6,0,2015-07-06
1436227200,122.56,122.88,122.002,122.521,144701,6,0,2015-07-07
1436313600,122.517,122.561,120.408,120.695,189780,6,0,2015-07-08
1436400000,120.695,121.573,120.456,121.323,150174,6,0,2015-07-09
1436486400,121.321,122.876,121.272,122.751,142987,6,0,2015-07-10
1436745600,122.305,123.53,122.305,123.414,126331,6,0,2015-07-13
1436832000,123.416,123.728,122.912,123.381,107618,6,0,2015-07-14
1436918400,123.38,123.966,123.256,123.751,114377,6,0,2015-07-15
1437004800,123.749,124.173,123.718,124.14,111574,6,0,2015-07-16
1437091200,124.141,124.227,123.911,124.047,86621,9,0,2015-07-17
1437350400,124.029,124.37,124.023,124.275,48911,10,0,2015-07-20
1437436800,124.268,124.471,123.757,123.86,111358,9,0,2015-07-21
1437523200,123.847,124.145,123.566,123.94,103851,8,0,2015-07-22
1437609600,123.947,124.184,123.671,123.885,131496,9,153280525000,2015-07-23
1437696000,123.851,124.092,123.593,123.821,116881,9,156787935000,2015-07-24
1437955200,123.753,123.833,123.006,123.235,131486,7,180779937000,2015-07-27
1438041600,123.233,123.79,123.072,123.543,131434,7,186995536000,2015-07-28
1438128000,123.548,124.022,123.328,123.935,132138,3,183188314000,2015-07-29
1438214400,123.902,124.577,123.865,124.134,130563,4,187108549000,2015-07-30
1438300800,124.119,124.371,123.516,123.85,145026,8,197508456000,2015-07-31
1438560000,123.866,124.267,123.852,124.026,121611,4,182850371000,2015-08-03
1438646400,124.017,124.398,123.797,124.371,134861,4,181772585000,2015-08-04
1438732800,124.372,125.009,124.014,124.842,134314,7,172934331000,2015-08-05
1438819200,124.836,124.959,124.538,124.722,120016,5,168965333000,2015-08-06
1438905600,124.708,125.064,124.1,124.203,102148,5,126835727000,2015-08-07
1439164800,124.145,124.779,124.145,124.601,71168,5,86343277000,2015-08-10
1439251200,124.607,125.203,124.516,125.035,109222,4,136358278000,2015-08-11
1439337600,125.096,125.276,123.788,124.124,125095,9,157866645000,2015-08-12
1439424000,124.184,124.624,124.064,124.378,94031,4,116970660000,2015-08-13
1439510400,124.396,124.53,124.052,124.313,90929,9,122138787000,2015-08-14
1439769600,124.213,124.571,124.17,124.356,97686,9,132442949000,2015-08-17
1439856000,124.356,124.511,124.177,124.37,108938,9,155786420000,2015-08-18
1439942400,124.372,124.466,123.685,123.69,135892,9,180064437000,2015-08-19
1440028800,123.758,124.153,123.326,123.375,142105,9,184856209000,2015-08-20
1440115200,123.38,123.493,121.811,122.049,184992,9,223744277000,2015-08-21
1440374400,121.863,122.021,116.131,118.345,270643,3,187196925000,2015-08-24
1440460800,118.364,120.393,118.246,118.843,271247,6,256789620000,2015-08-25
1440547200,118.828,120.01,118.446,119.827,250078,9,236781967000,2015-08-26
1440633600,119.868,121.394,119.788,120.992,209596,9,193698286000,2015-08-27
1440720000,120.992,121.741,120.648,121.712,170291,9,189645636000,2015-08-28
1440979200,121.635,121.635,120.878,121.215,126268,9,161070032000,2015-08-31
1441065600,121.191,121.262,119.249,119.359,205599,8,219564766000,2015-09-01
1441152000,119.329,120.462,119.215,120.32,183059,9,208739227000,2015-09-02
1441238400,120.318,120.694,119.637,120.046,162052,9,194083479000,2015-09-03
1441324800,120.057,120.183,118.591,119.017,182046,9,196002947000,2015-09-04
1441584000,118.892,119.585,118.795,119.26,124514,9,124968027000,2015-09-07
1441670400,119.229,120.223,118.849,119.798,167014,9,179156693000,2015-09-08
1441756800,119.774,121.193,119.769,120.515,203085,9,258404409000,2015-09-09
1441843200,120.448,121.326,119.973,120.603,208745,9,234691444000,2015-09-10
1441929600,120.587,120.964,120.358,120.568,156580,9,180219121000,2015-09-11
1442188800,120.49,120.839,119.849,120.191,151059,9,186748573000,2015-09-14
1442275200,120.213,120.649,119.396,120.405,162220,9,217385817000,2015-09-15
1442361600,120.405,120.724,120.104,120.555,156557,9,234386025000,2015-09-16
1442448000,120.551,120.989,119.789,119.996,158224,9,187893689000,2015-09-17
1442534400,119.986,120.408,119.051,119.962,186132,9,216164412000,2015-09-18
1442793600,120.114,120.655,119.722,120.551,149420,9,190690641000,2015-09-21
1442880000,120.537,120.605,119.691,120.144,159462,9,218334955000,2015-09-22
1442966400,120.132,120.54,119.622,120.262,168974,9,218405067000,2015-09-23
1443052800,120.248,120.387,119.222,120.041,200578,9,254980694000,2015-09-24
1443139200,120.106,121.23,120.02,120.577,201896,9,250619016000,2015-09-25
1443398400,120.496,120.588,119.693,119.913,178947,9,227583206000,2015-09-28
1443484800,119.911,120.157,119.246,119.725,198697,9,245344005000,2015-09-29
1443571200,119.727,120.346,119.545,119.872,172479,4,221964998000,2015-09-30
1443657600,119.871,120.272,119.489,119.911,173372,9,215816385000,2015-10-01
1443744000,119.912,120.401,118.676,119.903,184779,9,204583582000,2015-10-02
1444003200,119.985,120.547,119.865,120.451,164192,9,213957014000,2015-10-05
1444089600,120.453,120.564,120.104,120.22,145185,9,204847120000,2015-10-06
1444176000,120.202,120.358,119.744,120.001,156057,9,215142790000,2015-10-07
1444262400,119.996,120.105,119.621,119.924,143342,8,206007739000,2015-10-08
1444348800,119.91,120.344,119.833,120.211,127204,9,186775093000,2015-10-09
1444608000,120.163,120.26,119.89,120.024,72373,9,105502096000,2015-10-12
1444694400,120.019,120.076,119.549,119.725,106859,9,158371113000,2015-10-13
1444780800,119.722,119.796,118.628,118.826,135815,9,188067110000,2015-10-14
1444867200,118.821,119.165,118.058,118.89,147647,9,194068254000,2015-10-15
1444953600,118.873,119.659,118.826,119.459,124771,9,166091033000,2015-10-16
1445212800,119.377,119.608,119.135,119.495,123572,9,166705088000,2015-10-19
1445299200,119.482,119.959,119.396,119.842,114240,9,172409825000,2015-10-20
1445385600,119.825,120.089,119.753,119.923,121719,9,176822192000,2015-10-21
1445472000,119.913,120.768,119.61,120.685,143143,9,201268178000,2015-10-22
1445558400,120.677,121.481,120.223,121.439,159190,0,221262981000,2015-10-23
1445817600,121.468,121.485,120.595,120.986,130433,0,183699907000,2015-10-26
1445904000,120.986,121.072,120.159,120.383,134374,0,177085699000,2015-10-27
1445990400,120.383,121.257,120.019,121.101,132038,0,187230349000,2015-10-28
1446076800,121.101,121.181,120.584,121.05,127545,0,164986819000,2015-10-29
1446163200,121.051,121.483,120.275,120.603,144905,9,180137538000,2015-10-30
1446422400,120.385,120.807,120.252,120.748,98848,9,132720503000,2015-11-02
1446508800,120.748,121.227,120.594,121.059,103581,0,139739286000,2015-11-03
1446595200,121.054,121.715,120.997,121.541,138603,9,177809425000,2015-11-04
1446681600,121.549,122.0,121.383,121.738,138492,9,186655074000,2015-11-05
1446768000,121.74,123.264,121.629,123.218,134946,0,193387056000,2015-11-06
1447027200,123.256,123.601,122.973,123.178,127563,6,177128245000,2015-11-09
1447113600,123.159,123.433,123.024,123.157,125695,6,177765528000,2015-11-10
1447200000,123.128,123.219,122.734,122.853,100686,9,133062961000,2015-11-11
1447286400,122.828,123.068,122.549,122.586,131215,0,180982689000,2015-11-12
1447372800,122.58,122.986,122.435,122.606,128710,9,166469117000,2015-11-13
1447632000,122.238,123.275,122.221,123.164,133196,0,180301325000,2015-11-16
1447718400,123.164,123.484,123.164,123.436,127295,0,179511822000,2015-11-17
1447804800,123.427,123.751,123.217,123.619,113707,0,156759960000,2015-11-18
1447891200,123.624,123.629,122.618,122.863,132568,9,181608427000,2015-11-19
1447977600,122.846,123.048,122.72,122.783,112395,9,155645696000,2015-11-20
1448236800,122.821,123.255,122.778,122.819,103189,9,147851918000,2015-11-23
1448323200,122.814,122.958,122.304,122.527,122742,9,172102938000,2015-11-24
1448409600,122.545,122.931,122.254,122.709,125275,9,181036797000,2015-11-25
1448496000,122.646,122.733,122.498,122.591,85954,9,107983697000,2015-11-26
1448582400,122.577,122.876,122.302,122.709,90134,9,122673195000,2015-11-27
1448841600,122.81,123.338,122.683,123.1,100324,7,145221815000,2015-11-30
1448928000,123.1,123.271,122.637,122.871,112596,0,159081416000,2015-12-01
1449014400,122.824,123.667,122.798,123.235,106833,0,160958175000,2015-12-02
1449100800,123.236,123.557,122.294,122.598,151730,9,208154574000,2015-12-03
1449187200,122.553,123.37,122.472,123.099,147685,9,206351363000,2015-12-04
1449446400,123.208,123.473,123.148,123.366,106336,9,157058701000,2015-12-07
1449532800,123.357,123.39,122.718,122.927,117293,9,163305635000,2015-12-08
1449619200,122.915,123.042,121.071,121.438,149044,9,192831890000,2015-12-09
1449705600,121.427,121.863,121.242,121.583,134628,0,140945597000,2015-12-10
1449792000,121.563,122.226,120.576,120.959,151429,9,157685672000,2015-12-11
1450051200,121.102,121.349,120.339,120.999,170252,9,173608695000,2015-12-14
1450137600,121.018,121.789,120.572,121.677,143297,9,156680295000,2015-12-15
1450224000,121.654,122.429,121.377,122.194,154732,9,163568988000,2015-12-16
1450310400,122.185,122.872,122.184,122.547,137112,0,160114534000,2015-12-17
1450396800,122.538,123.559,121.053,121.126,172485,0,153635799000,2015-12-18
1450656000,121.212,121.5,120.835,121.166,124834,0,136228720000,2015-12-21
1450742400,121.167,121.305,120.72,121.061,108886,9,115377996000,2015-12-22
1450828800,121.047,121.132,120.809,120.905,79784,0,83610792000,2015-12-23
1450915200,120.912,120.99,120.247,120.32,64756,5,57729382000,2015-12-24
1451260800,120.103,120.626,120.103,120.379,74163,0,68240536000,2015-12-28
1451347200,120.385,120.504,120.232,120.446,76822,9,77533476000,2015-12-29
1451433600,120.43,120.65,120.348,120.508,69347,0,74118835000,2015-12-30
1451520000,120.503,120.575,119.999,120.207,58123,0,60370378000,2015-12-31
1451865600,120.196,120.462,118.699,119.447,161507,9,154977410000,2016-01-04
1451952000,119.429,119.698,118.79,119.043,151923,0,161545688000,2016-01-05
1452038400,119.039,119.166,118.247,118.457,175512,0,166734534000,2016-01-06
1452124800,118.454,118.753,117.325,117.654,198110,0,173826939000,2016-01-07
1452211200,117.645,118.838,117.223,117.229,195657,9,181079417000,2016-01-08
1452470400,117.097,118.022,116.691,117.748,176032,9,174127998000,2016-01-11
1452556800,117.735,118.068,117.223,117.638,188770,9,186548408000,2016-01-12
1452643200,117.614,118.376,117.614,117.66,170502,9,166907666000,2016-01-13
1452729600,117.658,118.275,117.288,118.041,192688,9,189771194000,2016-01-14
1452816000,118.044,118.267,116.505,116.997,198409,4,199955140000,2016-01-15
1453075200,116.65,117.435,116.65,117.323,148400,9,142635494000,2016-01-18
1453161600,117.299,118.109,117.229,117.613,181873,9,187721131000,2016-01-19
1453248000,117.609,117.681,115.97,116.92,220440,0,216777688000,2016-01-20
1453334400,116.918,117.804,116.467,117.693,239592,0,244960889000,2016-01-21
1453420800,117.678,118.876,117.534,118.769,181499,4,200928838000,2016-01-22
1453680000,118.637,118.852,118.167,118.285,172769,9,203612983000,2016-01-25
1453766400,118.293,118.618,117.651,118.406,167646,0,208251145000,2016-01-26
1453852800,118.403,119.067,118.039,118.666,190884,0,227608499000,2016-01-27
1453939200,118.643,118.987,118.411,118.798,183089,9,216587611000,2016-01-28
1454025600,118.799,121.686,118.395,121.119,223570,9,190822631000,2016-01-29
1454284800,121.314,121.482,120.675,120.961,160161,9,154085989000,2016-02-01
1454371200,120.952,121.032,119.833,119.949,171709,9,169802388000,2016-02-02
1454457600,119.931,120.04,117.049,117.88,229730,9,214443769000,2016-02-03
1454544000,117.875,118.234,116.524,116.76,233454,9,211993062000,2016-02-04
1454630400,116.767,117.428,116.29,116.819,197340,9,202106820000,2016-02-05
1454889600,116.783,117.52,115.17,115.835,209637,0,244898329000,2016-02-08
1454976000,115.832,115.843,114.204,115.126,256045,0,241801779000,2016-02-09
1455062400,115.107,115.255,113.115,113.317,264772,9,255198250000,2016-02-10
1455148800,113.315,113.593,110.979,112.405,269972,9,197266324000,2016-02-11
1455235200,112.402,113.536,111.657,113.209,240662,9,155512788000,2016-02-12
1455494400,113.357,114.727,113.267,114.558,170963,9,145698368000,2016-02-15
1455580800,114.568,114.871,113.591,114.032,195037,9,178972028000,2016-02-16
1455667200,114.065,114.5,113.37,114.066,189468,9,172800114000,2016-02-17
1455753600,114.062,114.317,113.139,113.216,178616,9,171710177000,2016-02-18
1455840000,113.246,113.375,112.301,112.531,177750,0,167832992000,2016-02-19
1456099200,112.572,113.383,112.422,112.905,143233,0,154122250000,2016-02-22
1456185600,112.803,113.05,111.768,112.093,175359,0,169748799000,2016-02-23
1456272000,112.075,112.262,111.039,112.169,185691,9,226217000000,2016-02-24
1456358400,112.152,113.02,111.893,112.981,190488,9,219714453000,2016-02-25
1456444800,112.962,113.988,112.558,113.984,172956,9,209632906000,2016-02-26
1456704000,113.947,113.979,112.649,112.669,182674,9,194002061000,2016-02-29
1456790400,112.666,114.18,112.153,113.974,168730,0,182929696000,2016-03-01
1456876800,113.977,114.55,113.212,113.476,175751,0,217008565000,2016-03-02
1456963200,113.47,114.264,113.293,113.667,162182,0,179965800000,2016-03-03
1457049600,113.665,114.254,113.116,113.769,166988,9,178487154000,2016-03-04
1457308800,113.922,113.925,113.221,113.43,141104,0,160944785000,2016-03-07
1457395200,113.408,113.517,112.419,112.611,156711,9,165756230000,2016-03-08
1457481600,112.612,113.449,112.223,113.315,144713,0,164515272000,2016-03-09
1457568000,113.314,114.443,112.603,113.211,174292,0,183719919000,2016-03-10
1457654400,113.168,113.913,112.749,113.795,136661,0,138082816000,2016-03-11
1457913600,113.912,114.002,113.503,113.789,114199,0,132946427000,2016-03-14
1458000000,113.794,114.143,112.627,113.188,143875,0,183806668000,2016-03-15
1458086400,113.19,113.814,112.328,112.663,139275,0,171346311000,2016-03-16
1458172800,112.662,112.952,110.664,111.418,171384,9,180466703000,2016-03-17
1458259200,111.419,111.753,110.817,111.52,114967,9,103800009000,2016-03-18
1458518400,111.524,111.973,111.215,111.959,109529,0,132144966000,2016-03-21
1458604800,111.954,112.485,111.377,112.379,143380,0,152426558000,2016-03-22
1458691200,112.379,112.901,112.137,112.387,108766,0,90591826000,2016-03-23
1458777600,112.382,113.002,112.29,112.821,106296,9,124733234000,2016-03-24
1458864000,112.819,113.319,112.747,113.048,51914,9,43243368000,2016-03-25
1459123200,113.156,113.684,113.113,113.435,71513,9,104039616000,2016-03-28
1459209600,113.428,113.799,112.607,112.673,136593,0,198271461000,2016-03-29
1459296000,112.659,112.802,112.012,112.434,140263,0,208338667000,2016-03-30
1459382400,112.413,112.657,112.105,112.571,131210,0,200587698000,2016-03-31
1459468800,112.549,112.58,111.583,111.61,149407,9,199341012000,2016-04-01
1459728000,111.585,111.792,111.093,111.314,127396,9,175163385000,2016-04-04
1459814400,111.298,111.352,109.948,110.322,165500,0,240936022000,2016-04-05
1459900800,110.3,110.639,109.335,109.778,148408,0,202786613000,2016-04-06
1459987200,109.771,109.901,107.665,108.177,186074,9,263719093000,2016-04-07
1460073600,108.175,109.094,107.99,108.022,157999,0,196959254000,2016-04-08
1460332800,107.965,108.437,107.625,107.941,155589,0,195935904000,2016-04-11
1460419200,107.918,108.782,107.866,108.522,141243,0,212756092000,2016-04-12
1460505600,108.526,109.401,108.502,109.325,134727,0,201452975000,2016-04-13
1460592000,109.323,109.542,108.891,109.4,126618,0,184501529000,2016-04-14
1460678400,109.351,109.729,108.596,108.728,109683,0,163050812000,2016-04-15
1460937600,108.199,108.985,107.832,108.803,133117,0,143570279000,2016-04-18
1461024000,108.793,109.482,108.746,109.184,126991,0,164503600000,2016-04-19
1461110400,109.183,109.875,108.758,109.818,128908,9,166406889000,2016-04-20
1461196800,109.818,109.894,109.319,109.453,136649,0,163340894000,2016-04-21
1461283200,109.442,111.802,109.256,111.748,151736,9,179028879000,2016-04-22
1461542400,111.853,111.86,110.837,111.193,131374,0,150609927000,2016-04-25
1461628800,111.188,111.472,110.666,111.298,129171,0,164094845000,2016-04-26
1461715200,111.296,111.751,111.024,111.428,124656,9,153960976000,2016-04-27
1461801600,111.408,111.88,107.86,108.087,170506,0,172110375000,2016-04-28
1461888000,108.078,108.196,106.274,106.334,152032,0,158274336000,2016-04-29
1462147200,106.223,106.815,106.136,106.392,144833,0,177882953000,2016-05-02
1462233600,106.411,106.674,105.545,106.598,140140,0,177458896000,2016-05-03
1462320000,106.585,107.453,106.243,106.982,148301,0,189613575000,2016-05-04
1462406400,106.972,107.495,106.799,107.249,111778,0,147174000000,2016-05-05
1462492800,107.238,107.416,106.43,107.074,142616,0,194437939000,2016-05-06
1462752000,107.07,108.601,107.068,108.318,123567,9,164696694000,2016-05-09
1462838400,108.309,109.346,108.27,109.256,129362,0,176674694000,2016-05-10
1462924800,109.244,109.369,108.364,108.394,120230,0,160306789000,2016-05-11
1463011200,108.391,109.391,108.222,108.993,140713,0,207848692000,2016-05-12
1463097600,108.979,109.55,108.509,108.607,141520,9,192205299000,2016-05-13
1463356800,108.605,109.092,108.46,109.019,102098,0,124144060000,2016-05-16
1463443200,109.004,109.649,108.837,109.122,128417,0,182660612000,2016-05-17
1463529600,109.102,110.252,108.718,110.19,149119,0,193617399000,2016-05-18
1463616000,110.175,110.38,109.694,109.947,135435,9,160172508000,2016-05-19
1463702400,109.948,110.584,109.846,110.102,109215,0,142778678000,2016-05-20
1463961600,110.103,110.238,109.106,109.22,118655,0,150810114000,2016-05-23
1464048000,109.23,110.127,109.166,109.98,114094,0,151926257000,2016-05-24
1464134400,109.981,110.443,109.86,110.196,114760,0,152158107000,2016-05-25
1464220800,110.136,110.226,109.414,109.762,124642,0,156255174000,2016-05-26
1464307200,109.752,110.443,109.469,110.242,112419,0,140585490000,2016-05-27
1464566400,110.419,111.445,110.31,111.12,94729,0,103007401000,2016-05-30
1464652800,111.111,111.345,110.497,110.707,132484,0,196307129000,2016-05-31
1464739200,110.707,110.827,109.047,109.531,156131,0,199194062000,2016-06-01
1464825600,109.523,109.58,108.52,108.866,154631,0,222909391000,2016-06-02
1464912000,108.855,109.132,106.505,106.532,177815,0,252309073000,2016-06-03
1465171200,106.543,107.651,106.363,107.546,163472,9,215363840000,2016-06-06
1465257600,107.528,107.898,107.15,107.334,143190,0,213571524000,2016-06-07
1465344000,107.35,107.383,106.587,106.982,142007,0,205593829000,2016-06-08
1465430400,106.977,107.172,106.249,107.075,146968,0,211662935000,2016-06-09
1465516800,107.073,107.258,106.55,106.912,148771,0,200211936000,2016-06-10
1465776000,106.793,106.852,105.733,106.242,183543,0,243001749000,2016-06-13
1465862400,106.208,106.417,105.623,106.095,188138,0,252271276000,2016-06-14
1465948800,106.095,106.392,105.436,105.999,165851,0,215129455000,2016-06-15
1466035200,105.99,106.023,103.547,104.244,220743,0,314422925000,2016-06-16
1466121600,104.237,104.824,104.042,104.042,174518,0,225700332000,2016-06-17
1466380800,104.099,104.839,103.783,103.919,157320,0,224680669000,2016-06-20
1466467200,103.888,105.053,103.575,104.748,154531,0,217663492000,2016-06-21
1466553600,104.726,104.847,104.311,104.376,142471,0,211573069000,2016-06-22
1466640000,104.378,106.149,104.021,106.12,162303,9,207457524000,2016-06-23
1466726400,106.123,106.805,98.935,102.195,238567,0,315044758000,2016-06-24
1466985600,101.495,102.467,101.395,101.991,219724,9,217208705000,2016-06-27
1467072000,101.951,102.836,101.553,102.735,174213,0,242813154000,2016-06-28
1467158400,102.723,102.931,102.167,102.819,155026,0,208295943000,2016-06-29
1467244800,102.764,103.289,102.351,103.176,173866,0,258024170000,2016-06-30
1467331200,103.19,103.391,102.438,102.529,144658,0,194274253000,2016-07-01
1467590400,102.617,102.801,102.415,102.521,105189,0,123651902000,2016-07-04
1467676800,102.512,102.585,101.446,101.737,144066,0,202820204000,2016-07-05
1467763200,101.685,101.761,100.194,101.295,185099,0,253846741000,2016-07-06
1467849600,101.295,101.395,100.593,100.745,148657,0,205361756000,2016-07-07
1467936000,100.772,101.273,99.988,100.401,142025,0,196493004000,2016-07-08
1468195200,100.602,102.89,100.511,102.781,137736,0,184780085000,2016-07-11
1468281600,102.768,104.98,102.445,104.659,192866,0,273946218000,2016-07-12
1468368000,104.66,104.873,103.906,104.492,189606,0,251425227000,2016-07-13
1468454400,104.437,105.932,103.973,105.332,201549,0,281351431000,2016-07-14
1468540800,105.337,106.311,104.624,104.808,193305,0,319246922000,2016-07-15
1468800000,105.336,106.26,105.268,106.145,135846,0,226576456000,2016-07-18
1468886400,106.141,106.528,105.642,106.097,147027,0,229240220000,2016-07-19
1468972800,106.118,107.016,105.825,106.871,134822,0,225819878000,2016-07-20
1469059200,106.868,107.488,105.419,105.805,185929,0,307593166000,2016-07-21
1469145600,105.798,106.396,105.562,106.025,151631,0,211168679000,2016-07-22
1469404800,106.106,106.719,105.736,105.801,127452,9,175529185000,2016-07-25
1469491200,105.786,105.886,103.988,104.621,153220,0,209765457000,2016-07-26
1469577600,104.613,106.535,104.555,105.385,169641,0,216488087000,2016-07-27
1469664000,105.386,105.499,104.479,105.253,143662,0,177903923000,2016-07-28
1469750400,105.233,105.645,101.968,102.04,213545,0,254114257000,2016-07-29
1470009600,102.212,102.679,102.004,102.393,131193,0,135738238000,2016-08-01
1470096000,102.39,102.828,100.675,100.879,144063,0,152306314000,2016-08-02
1470182400,100.855,101.567,100.744,101.231,130516,0,146923622000,2016-08-03
1470268800,101.229,101.662,100.856,101.207,127747,0,136512775000,2016-08-04
1470355200,101.205,102.058,100.867,101.8,122283,0,143472349000,2016-08-05
1470614400,101.928,102.651,101.852,102.447,103574,9,109940866000,2016-08-08
1470700800,102.432,102.525,101.785,101.858,103414,0,126874086000,2016-08-09
1470787200,101.849,101.953,100.961,101.266,122310,0,145846731000,2016-08-10
1470873600,101.262,102.05,101.007,101.935,101432,9,134510748000,2016-08-11
1470960000,101.92,102.267,100.829,101.283,121154,9,147814243000,2016-08-12
1471219200,101.113,101.45,100.865,101.247,102534,0,125874574000,2016-08-15
1471305600,101.252,101.287,99.536,100.295,143096,0,162269847000,2016-08-16
1471392000,100.284,101.159,100.031,100.259,135051,0,150798192000,2016-08-17
1471478400,100.26,100.497,99.64,99.871,137934,0,147462929000,2016-08-18
1471564800,99.875,100.454,99.868,100.217,116783,0,139853332000,2016-08-19
1471824000,100.681,100.928,100.208,100.32,122433,9,138725310000,2016-08-22
1471910400,100.315,100.385,99.937,100.23,115775,0,128524150000,2016-08-23
1471996800,100.228,100.605,100.092,100.438,110016,0,129506601000,2016-08-24
1472083200,100.438,100.612,100.297,100.51,96531,9,112796267000,2016-08-25
1472169600,100.49,101.939,100.059,101.739,134699,0,152998723000,2016-08-26
1472428800,102.07,102.387,101.827,101.908,112199,9,112903652000,2016-08-29
1472515200,101.901,103.131,101.744,102.959,117496,0,127077290000,2016-08-30
1472601600,102.937,103.528,102.854,103.414,121464,0,130836184000,2016-08-31
1472688000,103.41,103.994,103.057,103.219,129648,9,137707933000,2016-09-01
1472774400,103.189,104.316,102.794,103.746,146469,0,148664513000,2016-09-02
1473033600,104.065,104.132,103.141,103.401,104390,0,97594826000,2016-09-05
1473120000,103.4,103.804,101.928,102.012,142212,9,141654066000,2016-09-06
1473206400,102.001,102.124,101.193,101.72,137530,0,136092851000,2016-09-07
1473292800,101.723,102.592,101.409,102.497,141915,0,145798796000,2016-09-08
1473379200,102.479,103.051,101.961,102.562,145170,0,152905749000,2016-09-09
1473638400,102.55,102.663,101.558,101.824,147215,0,158090686000,2016-09-12
1473724800,101.833,102.744,101.417,102.543,150158,0,161662442000,2016-09-13
1473811200,102.55,103.353,102.245,102.423,139513,0,145842268000,2016-09-14
1473897600,102.38,102.752,101.922,102.076,142081,0,153180687000,2016-09-15
1473984000,102.061,102.457,101.735,102.232,125491,9,135613155000,2016-09-16
1474243200,102.112,102.411,101.574,101.917,106643,9,102147400000,2016-09-19
1474329600,101.922,102.06,101.531,101.714,110933,0,119030786000,2016-09-20
1474416000,101.691,102.78,100.294,100.319,186418,0,176610308000,2016-09-21
1474502400,100.306,100.928,100.094,100.745,122400,0,122513211000,2016-09-22
1474588800,100.736,101.238,100.67,100.865,133007,0,134104102000,2016-09-23
1474848000,100.924,101.07,100.244,100.318,105789,0,146932888000,2016-09-26
1474934400,100.298,100.983,100.081,100.413,146078,9,148549326000,2016-09-27
1475020800,100.403,100.813,100.256,100.67,126545,0,130816125000,2016-09-28
1475107200,100.664,101.835,100.644,101.008,154917,0,154340793000,2016-09-29
1475193600,100.998,101.777,100.741,101.322,161563,9,151367334000,2016-09-30
1475452800,101.208,101.668,101.125,101.632,110437,0,100571531000,2016-10-03
1475539200,101.632,102.962,101.566,102.905,155475,0,148721794000,2016-10-04
1475625600,102.882,103.665,102.664,103.488,135144,0,126675798000,2016-10-05
1475712000,103.484,104.157,103.344,103.941,127970,0,128285345000,2016-10-06
1475798400,103.923,104.019,102.853,102.876,159365,0,143346293000,2016-10-07
1476057600,103.23,103.784,102.805,103.607,107265,9,106681670000,2016-10-10
1476144000,103.58,104.067,103.168,103.52,144016,0,127698402000,2016-10-11
1476230400,103.49,104.477,103.273,104.189,136036,0,120908700000,2016-10-12
1476316800,104.203,104.63,103.329,103.67,127107,0,102585131000,2016-10-13
1476403200,103.69,104.475,103.603,104.046,142839,9,121362827000,2016-10-14
1476662400,104.315,104.366,103.784,103.878,115332,0,101943834000,2016-10-17
1476748800,103.884,104.196,103.677,103.862,107162,0,94865690000,2016-10-18
1476835200,103.854,103.944,103.161,103.439,105128,0,94246295000,2016-10-19
1476921600,103.42,104.1,103.339,103.936,113010,0,98717758000,2016-10-20
1477008000,103.928,104.202,103.517,103.689,106023,9,93878037000,2016-10-21
1477267200,103.816,104.317,103.717,104.17,99689,0,92190394000,2016-10-24
1477353600,104.16,104.87,104.108,104.21,119574,0,105464693000,2016-10-25
1477440000,104.208,104.614,104.016,104.461,107337,0,76360500000,2016-10-26
1477526400,104.455,105.345,104.293,105.276,128808,0,106596658000,2016-10-27
1477612800,105.27,105.528,104.461,104.725,149305,0,120486301000,2016-10-28
1477872000,104.563,105.229,104.52,104.761,113487,0,92302465000,2016-10-31
1477958400,104.76,105.114,103.794,104.063,147053,9,123350919000,2016-11-01
1478044800,104.062,104.162,103.015,103.33,165978,9,130620322000,2016-11-02
1478131200,103.331,103.437,102.544,102.961,156818,9,142069359000,2016-11-03
1478217600,102.96,103.35,102.825,103.093,153352,9,140406390000,2016-11-04
1478476800,103.963,104.627,103.759,104.461,141313,9,129518419000,2016-11-07
1478563200,104.465,105.187,104.292,105.157,139617,0,132799117000,2016-11-08
1478649600,105.13,105.884,101.186,105.664,341483,0,292448369000,2016-11-09
1478736000,105.647,106.942,104.954,106.788,249106,0,194840147000,2016-11-10
1478822400,106.784,106.929,106.026,106.62,198911,0,177055114000,2016-11-11
1479081600,106.842,108.539,106.728,108.405,201923,0,165608060000,2016-11-14
1479168000,108.397,109.333,107.765,109.169,192889,0,168925718000,2016-11-15
1479254400,109.165,109.752,108.788,109.054,183933,0,173219221000,2016-11-16
1479340800,109.058,110.172,108.548,110.095,198798,9,177633921000,2016-11-17
1479427200,110.114,110.948,109.796,110.867,198099,0,154470169000,2016-11-18
1479686400,112.004,112.004,110.45,110.791,195534,0,150166843000,2016-11-21
1479772800,110.741,111.35,110.264,111.119,191564,9,150969746000,2016-11-22
1479859200,111.134,112.969,110.848,112.476,162373,0,126499449000,2016-11-23
1479945600,112.478,113.529,112.366,113.292,147448,9,114376704000,2016-11-24
1480032000,113.271,113.895,112.548,113.213,188735,0,129434983000,2016-11-25
1480291200,112.796,112.968,111.353,111.924,193606,0,139351026000,2016-11-28
1480377600,111.916,113.336,111.614,112.385,181469,0,133385358000,2016-11-29
1480464000,112.371,114.534,112.051,114.444,207939,0,148300899000,2016-11-30
1480550400,114.406,114.821,113.826,114.055,188122,0,105544868000,2016-12-01
1480636800,114.064,114.2,113.324,113.439,160155,0,98769739000,2016-12-02
1480896000,113.195,114.769,112.859,113.85,177797,9,97379327000,2016-12-05
1480982400,113.817,114.182,113.497,113.999,128790,0,78863237000,2016-12-06
1481068800,113.977,114.398,113.409,113.743,122098,9,75366062000,2016-12-07
1481155200,113.738,114.37,113.12,114.026,159918,0,90384037000,2016-12-08
1481241600,113.999,115.363,113.978,115.219,137089,0,85925787000,2016-12-09
1481500800,115.375,116.118,114.847,115.012,156871,0,83250001000,2016-12-12
1481587200,115.009,115.473,114.731,115.175,143622,0,91115050000,2016-12-13
1481673600,115.163,117.387,114.766,117.024,156627,0,99825036000,2016-12-14
1481760000,117.014,118.659,117.004,118.159,218692,0,135352095000,2016-12-15
1481846400,118.182,118.423,117.467,117.776,172466,0,124207184000,2016-12-16
1482105600,117.936,117.956,116.543,117.074,155821,0,114667520000,2016-12-19
1482192000,117.096,118.238,116.983,117.835,158510,0,118845699000,2016-12-20
1482278400,117.826,118.065,117.103,117.534,137160,0,106664421000,2016-12-21
1482364800,117.526,117.872,117.263,117.504,118979,0,96641453000,2016-12-22
1482451200,117.506,117.604,117.166,117.198,89301,9,73059162000,2016-12-23
1482710400,117.034,117.216,116.862,117.061,18033,0,14791313000,2016-12-26
1482796800,117.05,117.613,117.015,117.411,95885,0,83511619000,2016-12-27
1482883200,117.385,117.809,117.051,117.242,108826,0,92928195000,2016-12-28
1482969600,117.157,117.242,116.227,116.539,152684,9,130634868000,2016-12-29
1483056000,116.508,117.192,116.037,116.814,181324,0,137122286000,2016-12-30
1483315200,116.78,117.651,116.634,117.478,43827,0,37425258000,2017-01-02
1483401600,117.461,118.602,117.21,117.731,173432,0,147091435000,2017-01-03
1483488000,117.72,118.182,117.047,117.214,172525,0,141471272000,2017-01-04
1483574400,117.215,117.425,115.213,115.339,222906,0,153808965000,2017-01-05
1483660800,115.328,117.175,115.065,116.942,190299,0,135880459000,2017-01-06
1483920000,116.993,117.528,115.949,116.005,157851,0,117525648000,2017-01-09
1484006400,115.999,116.34,115.192,115.759,188619,0,135899268000,2017-01-10
1484092800,115.743,116.87,114.239,115.399,218378,0,157508934000,2017-01-11
1484179200,115.401,115.502,113.75,114.703,229931,0,162459681000,2017-01-12
1484265600,114.674,115.44,114.154,114.338,184292,0,121693602000,2017-01-13
1484524800,114.221,114.462,113.617,114.174,131932,0,87764749000,2017-01-16
1484611200,114.174,114.279,112.591,112.609,217208,0,149813222000,2017-01-17
1484697600,112.611,114.754,112.566,114.631,183822,0,142874763000,2017-01-18
1484784000,114.63,115.616,114.397,114.842,210633,0,185612200000,2017-01-19
1484870400,114.838,115.382,114.206,114.464,210636,0,195571582000,2017-01-20
1485129600,114.313,114.414,112.68,112.686,212531,9,203488484000,2017-01-23
1485216000,112.679,113.891,112.519,113.789,194258,0,186270718000,2017-01-24
1485302400,113.747,113.985,113.033,113.258,187262,0,183563508000,2017-01-25
1485388800,113.233,114.853,113.044,114.505,187443,0,178477571000,2017-01-26
1485475200,114.508,115.372,114.386,115.028,169915,0,168413093000,2017-01-27
1485734400,114.761,114.946,113.442,113.75,177602,9,183487655000,2017-01-30
1485820800,113.733,113.961,112.076,112.784,212783,0,211885313000,2017-01-31
1485907200,112.771,113.948,112.636,113.224,189274,0,195488872000,2017-02-01
1485993600,113.23,113.36,112.048,112.783,186472,0,190595963000,2017-02-02
1486080000,112.782,113.47,112.311,112.443,170913,0,170401464000,2017-02-03
1486339200,112.384,112.772,111.618,111.726,166664,0,171916035000,2017-02-06
1486425600,111.708,112.573,111.588,112.375,162301,9,170480646000,2017-02-07
1486512000,112.354,112.54,111.627,111.924,163598,9,164408895000,2017-02-08
1486598400,111.921,113.342,111.731,113.247,147751,0,148619057000,2017-02-09
1486684800,113.236,113.854,112.853,113.065,157944,9,156988159000,2017-02-10
1486944000,113.513,114.164,113.435,113.724,139124,0,144600288000,2017-02-13
1487030400,113.721,114.495,113.245,114.238,159385,0,160937969000,2017-02-14
1487116800,114.218,114.953,113.859,114.14,147762,9,149348146000,2017-02-15
1487203200,114.144,114.305,113.081,113.214,152739,9,156571127000,2017-02-16
1487289600,113.24,113.497,112.614,112.697,143385,0,146964204000,2017-02-17
1487548800,112.886,113.234,112.786,113.068,104552,0,109051633000,2017-02-20
1487635200,113.077,113.773,113.011,113.669,133019,0,130847181000,2017-02-21
1487721600,113.654,113.726,112.904,113.315,152617,0,147299850000,2017-02-22
1487808000,113.302,113.451,112.547,112.601,137760,9,126868787000,2017-02-23
1487894400,112.569,112.952,111.931,112.006,135048,0,127726015000,2017-02-24
1488153600,112.12,112.837,111.913,112.683,137377,0,128234402000,2017-02-27
1488240000,112.678,112.895,111.685,112.752,148990,0,137745602000,2017-02-28
1488326400,112.733,114.044,112.714,113.712,178852,0,154456370000,2017-03-01
1488412800,113.696,114.588,113.678,114.409,139181,9,130858038000,2017-03-02
1488499200,114.406,114.745,113.807,113.886,152282,0,150730961000,2017-03-03
1488758400,113.879,114.132,113.555,113.881,122691,0,123955936000,2017-03-06
1488844800,113.848,114.152,113.726,113.968,114234,0,114906885000,2017-03-07
1488931200,113.935,114.755,113.604,114.317,142339,0,141977282000,2017-03-08
1489017600,114.312,114.997,114.297,114.932,166349,9,165523002000,2017-03-09
1489104000,114.933,115.5,114.65,114.717,168182,0,161818153000,2017-03-10
1489363200,114.764,114.915,114.478,114.843,137403,0,135544877000,2017-03-13
1489449600,114.844,115.191,114.515,114.73,130401,9,126456489000,2017-03-14
1489536000,114.729,114.881,113.169,113.457,145221,0,140202524000,2017-03-15
1489622400,113.459,113.544,112.9,113.294,159023,0,156984113000,2017-03-16
1489708800,113.294,113.488,112.56,112.702,122753,9,122543712000,2017-03-17
1489968000,112.639,112.894,112.453,112.495,102515,9,101892296000,2017-03-20
1490054400,112.498,112.865,111.54,111.776,163067,0,158992467000,2017-03-21
1490140800,111.775,111.788,110.728,111.26,185569,9,178016126000,2017-03-22
1490227200,111.26,111.576,110.625,110.973,177580,9,173535924000,2017-03-23
1490313600,110.971,111.478,110.623,111.217,163056,0,157572084000,2017-03-24
1490572800,110.919,111.043,110.106,110.652,160264,0,157716045000,2017-03-27
1490659200,110.633,111.198,110.174,111.129,143425,9,142551980000,2017-03-28
1490745600,111.133,111.313,110.712,111.032,142946,0,137959487000,2017-03-29
1490832000,111.006,111.942,110.938,111.899,144205,9,138954407000,2017-03-30
1490918400,111.89,112.193,111.239,111.264,145476,9,139303324000,2017-03-31
1491177600,111.355,111.584,110.852,110.884,131218,9,131034671000,2017-04-03
1491264000,110.88,110.928,110.265,110.724,148430,0,141623367000,2017-04-04
1491350400,110.709,111.451,110.534,110.693,149930,0,146208642000,2017-04-05
1491436800,110.682,111.138,110.286,110.794,150550,0,146210573000,2017-04-06
1491523200,110.779,111.362,110.126,110.971,181929,9,169111931000,2017-04-07
1491782400,111.016,111.576,110.802,110.929,120543,0,122221493000,2017-04-10
1491868800,110.928,110.928,109.59,109.602,141890,9,144578385000,2017-04-11
1491955200,109.61,109.863,108.955,109.009,153509,0,156064715000,2017-04-12
1492041600,108.999,109.389,108.72,109.085,150055,9,150250559000,2017-04-13
1492128000,109.096,109.219,108.542,108.542,82306,9,61760349000,2017-04-14
1492387200,108.738,109.05,108.129,108.896,106322,0,107652562000,2017-04-17
1492473600,108.901,109.217,108.317,108.401,144287,9,145601451000,2017-04-18
1492560000,108.401,109.178,108.377,108.854,132875,0,138209639000,2017-04-19
1492646400,108.839,109.484,108.716,109.312,127150,9,126569599000,2017-04-20
1492732800,109.312,109.419,108.878,108.979,119409,9,119528956000,2017-04-21
1492992000,110.489,110.501,109.655,109.744,148059,0,141198885000,2017-04-24
1493078400,109.74,111.185,109.59,111.082,129214,0,131570976000,2017-04-25
1493164800,111.058,111.774,110.869,111.05,157616,9,155828691000,2017-04-26
1493251200,111.04,111.596,110.99,111.244,138001,0,135699854000,2017-04-27
1493337600,111.235,111.713,111.068,111.528,125346,9,121792098000,2017-04-28
1493596800,111.207,111.923,111.202,111.835,92217,0,93966228000,2017-05-01
1493683200,111.81,112.301,111.778,111.996,113166,0,113464938000,2017-05-02
1493769600,111.965,112.772,111.957,112.751,104394,0,105191990000,2017-05-03
1493856000,112.728,113.044,112.314,112.457,121244,0,128374958000,2017-05-04
1493942400,112.452,112.796,112.085,112.598,120806,0,122381547000,2017-05-05
1494201600,112.938,113.291,112.393,113.253,121143,0,122435762000,2017-05-08
1494288000,113.25,114.325,113.129,113.968,116309,0,120071471000,2017-05-09
1494374400,113.969,114.365,113.623,114.264,123005,0,128071912000,2017-05-10
1494460800,114.264,114.365,113.453,113.851,115258,0,120255488000,2017-05-11
1494547200,113.851,113.949,113.196,113.323,111329,0,113884742000,2017-05-12
1494806400,113.161,113.852,113.161,113.773,101814,0,103991543000,2017-05-15
1494892800,113.775,113.787,112.928,113.111,111068,0,111757015000,2017-05-16
1494979200,113.111,113.123,110.789,110.801,168868,0,171065769000,2017-05-17
1495065600,110.801,111.74,110.231,111.475,212246,0,210140759000,2017-05-18
1495152000,111.47,111.697,111.041,111.228,146607,0,150361358000,2017-05-19
1495411200,111.022,111.603,110.875,111.295,117105,0,122119130000,2017-05-22
1495497600,111.295,111.855,110.855,111.765,141430,0,143295308000,2017-05-23
1495584000,111.763,112.125,111.475,111.491,134716,0,133357980000,2017-05-24
1495670400,111.491,111.948,111.48,111.832,111329,0,115994473000,2017-05-25
1495756800,111.832,111.844,110.875,111.253,116341,0,120573756000,2017-05-26
1496016000,111.21,111.465,111.165,111.244,80686,0,82405689000,2017-05-29
1496102400,111.244,111.31,110.661,110.829,110738,0,115209525000,2017-05-30
1496188800,110.829,111.223,110.477,110.777,120676,0,121990034000,2017-05-31
1496275200,110.777,111.478,110.673,111.351,115109,0,116921470000,2017-06-01
1496361600,111.353,111.706,110.326,110.351,120781,0,115926357000,2017-06-02
1496620800,110.343,110.728,110.226,110.474,72450,9,0,2017-06-05
1496707200,110.442,110.523,109.223,109.408,109523,9,0,2017-06-06
1496793600,109.408,109.879,109.111,109.815,97932,9,0,2017-06-07
1496880000,109.815,110.381,109.378,110.037,108487,9,0,2017-06-08
1496966400,109.811,110.808,109.72,110.304,115482,9,0,2017-06-09
1497225600,110.284,110.436,109.629,109.938,88919,9,0,2017-06-12
1497312000,109.921,110.267,109.819,110.058,78742,9,0,2017-06-13
1497398400,110.035,110.339,108.805,109.568,119756,9,0,2017-06-14
1497484800,109.553,110.976,109.265,110.943,115778,9,0,2017-06-15
1497571200,110.895,111.414,110.642,110.824,102183,9,0,2017-06-16
1497830400,110.842,111.597,110.719,111.521,81660,9,0,2017-06-19
1497916800,111.521,111.783,111.305,111.441,92071,9,0,2017-06-20
1498003200,111.435,111.736,111.065,111.365,95426,9,0,2017-06-21
1498089600,111.365,111.444,110.946,111.312,89536,9,0,2017-06-22
1498176000,111.303,111.427,111.15,111.226,76947,9,0,2017-06-23
1498435200,111.118,111.941,111.118,111.856,79484,9,0,2017-06-26
1498521600,111.821,112.462,111.459,112.352,108154,9,0,2017-06-27
1498608000,112.324,112.411,111.826,112.323,119825,9,0,2017-06-28
1498694400,112.261,112.922,111.807,112.166,128751,9,0,2017-06-29
1498780800,112.166,112.599,111.725,112.361,114760,9,0,2017-06-30
1499040000,112.112,113.467,112.112,113.439,92863,9,0,2017-07-03
1499126400,113.341,113.439,112.735,113.273,108776,9,0,2017-07-04
1499212800,113.254,113.682,112.82,113.237,104733,9,0,2017-07-05
1499299200,113.24,113.466,112.882,113.186,108447,9,0,2017-07-06
1499385600,113.17,114.175,113.1,113.859,110400,9,0,2017-07-07
1499644800,113.909,114.298,113.837,114.027,84404,9,0,2017-07-10
1499731200,114.014,114.49,113.713,113.923,100064,9,0,2017-07-11
1499817600,113.923,113.971,112.923,113.123,117910,9,0,2017-07-12
1499904000,113.143,113.521,112.857,113.263,111283,9,0,2017-07-13
1499990400,113.262,113.575,112.256,112.528,98355,9,0,2017-07-14
1500249600,112.461,112.863,112.324,112.615,88395,9,0,2017-07-17
1500336000,112.603,112.686,111.682,112.03,123435,9,0,2017-07-18
1500422400,112.03,112.23,111.55,111.873,99438,9,0,2017-07-19
1500508800,111.909,112.413,111.475,111.872,133618,9,0,2017-07-20
1500595200,111.895,112.074,111.008,111.122,110356,9,0,2017-07-21
1500854400,111.097,111.316,110.618,111.11,104585,9,0,2017-07-24
1500940800,111.083,111.953,110.825,111.939,115032,9,0,2017-07-25
1501027200,111.865,112.196,111.056,111.14,120905,9,0,2017-07-26
1501113600,111.149,111.706,110.776,111.3,164417,9,0,2017-07-27
1501200000,111.268,111.326,110.544,110.64,152298,9,0,2017-07-28
1501459200,110.614,110.769,110.21,110.253,123675,9,0,2017-07-31
1501545600,110.243,110.586,109.915,110.378,146858,9,0,2017-08-01
1501632000,110.379,110.98,110.278,110.741,138800,9,0,2017-08-02
1501718400,110.664,110.824,109.851,109.979,136562,9,0,2017-08-03
1501804800,110.02,111.046,109.84,110.675,121330,9,0,2017-08-04
1502064000,110.708,110.916,110.642,110.749,99773,9,0,2017-08-07
1502150400,110.733,110.823,110.244,110.345,93462,9,0,2017-08-08
1502236800,110.35,110.351,109.555,110.032,122773,9,0,2017-08-09
1502323200,110.032,110.176,109.148,109.226,123354,9,0,2017-08-10
1502409600,109.176,109.398,108.724,109.163,137528,9,0,2017-08-11
1502668800,109.142,109.796,109.032,109.654,120956,9,0,2017-08-14
1502755200,109.692,110.843,109.602,110.685,130286,9,0,2017-08-15
1502841600,110.685,110.945,110.026,110.185,121675,9,0,2017-08-16
1502928000,110.185,110.365,109.442,109.583,154460,9,0,2017-08-17
1503014400,109.566,109.594,108.6,109.144,166287,9,0,2017-08-18
1503273600,109.331,109.417,108.632,108.991,120953,9,0,2017-08-21
1503360000,108.96,109.652,108.871,109.56,91278,9,0,2017-08-22
1503446400,109.552,109.821,108.916,109.026,100646,9,0,2017-08-23
1503532800,109.022,109.601,108.844,109.563,110441,9,0,2017-08-24
1503619200,109.563,109.84,109.109,109.348,116124,9,0,2017-08-25
1503878400,109.199,109.409,109.02,109.255,86854,9,0,2017-08-28
1503964800,109.23,109.896,108.264,109.631,155648,9,0,2017-08-29
1504051200,109.631,110.434,109.537,110.325,105669,9,0,2017-08-30
1504137600,110.325,110.667,109.876,109.955,122172,9,0,2017-08-31
1504224000,109.978,110.44,109.559,110.247,109366,9,0,2017-09-01
1504483200,109.573,109.93,109.378,109.673,89040,9,0,2017-09-04
1504569600,109.673,109.83,108.627,108.764,125224,9,0,2017-09-05
1504656000,108.695,109.392,108.446,109.271,117633,9,0,2017-09-06
1504742400,109.271,109.271,108.044,108.529,126162,9,0,2017-09-07
1504828800,108.443,108.529,107.314,107.834,138031,9,0,2017-09-08
1505088000,108.139,109.496,108.134,109.486,106439,9,0,2017-09-11
1505174400,109.377,110.252,109.235,110.161,106661,0,1867893000,2017-09-12
1505260800,110.168,110.691,109.903,110.475,97995,0,0,2017-09-13
1505347200,110.475,111.038,110.065,110.235,108756,0,0,2017-09-14
1505433600,110.235,111.334,109.55,110.837,129725,0,0,2017-09-15
1505692800,111.045,111.663,110.994,111.564,95764,0,0,2017-09-18
1505779200,111.564,111.881,111.201,111.588,123452,0,0,2017-09-19
1505865600,111.588,112.53,111.103,112.212,116752,0,0,2017-09-20
1505952000,112.212,112.717,112.134,112.457,120329,0,0,2017-09-21
1506038400,112.457,112.555,111.652,111.963,114239,0,0,2017-09-22
1506297600,112.218,112.528,111.472,111.728,131079,0,0,2017-09-25
1506384000,111.728,112.476,111.498,112.218,122301,0,0,2017-09-26
1506470400,112.218,113.256,112.213,112.825,142429,0,0,2017-09-27
1506556800,112.825,113.209,112.251,112.338,125905,0,0,2017-09-28
1506643200,112.338,112.736,112.214,112.445,99821,0,0,2017-09-29
1506902400,112.505,113.059,112.449,112.752,95802,0,0,2017-10-02
1506988800,112.752,113.195,112.639,112.845,98065,0,0,2017-10-03
1507075200,112.845,112.938,112.322,112.751,100493,0,0,2017-10-04
1507161600,112.751,112.92,112.413,112.81,91912,0,0,2017-10-05
1507248000,112.81,113.439,112.599,112.599,102538,0,0,2017-10-06
1507507200,112.555,112.745,112.328,112.689,65271,0,0,2017-10-09
1507593600,112.689,112.827,111.988,112.436,98499,0,0,2017-10-10
1507680000,112.437,112.585,112.08,112.483,90707,0,0,2017-10-11
1507766400,112.477,112.521,112.125,112.272,84664,0,0,2017-10-12
1507852800,112.273,112.304,111.686,111.799,95368,0,0,2017-10-13
1508112000,111.782,112.287,111.653,112.186,74036,0,0,2017-10-16
1508198400,112.186,112.479,112.035,112.196,87638,0,0,2017-10-17
1508284800,112.196,113.049,112.133,112.927,88280,0,0,2017-10-18
1508371200,112.927,113.146,112.296,112.534,112393,0,0,2017-10-19
1508457600,112.535,113.568,112.512,113.495,110674,0,0,2017-10-20
1508716800,113.868,114.097,113.243,113.431,97785,0,0,2017-10-23
1508803200,113.43,114.023,113.247,113.892,106750,0,0,2017-10-24
1508889600,113.891,114.244,113.48,113.74,131893,0,0,2017-10-25
1508976000,113.74,114.077,113.339,113.97,118550,0,0,2017-10-26
1509062400,113.971,114.451,113.639,113.666,119134,0,0,2017-10-27
1509321600,113.718,113.834,113.028,113.174,89317,0,0,2017-10-30
1509408000,113.174,113.732,112.955,113.634,96854,0,0,2017-10-31
1509494400,113.629,114.28,113.603,114.175,107310,0,0,2017-11-01
1509580800,114.176,114.217,113.733,114.078,122004,0,0,2017-11-02
1509667200,114.078,114.426,113.631,114.045,89478,0,0,2017-11-03
1509926400,113.968,114.734,113.694,113.696,106660,0,0,2017-11-06
1510012800,113.696,114.34,113.694,114.001,101457,0,0,2017-11-07
1510099200,113.988,114.011,113.394,113.865,95489,0,0,2017-11-08
1510185600,113.865,114.069,113.091,113.469,131781,0,0,2017-11-09
1510272000,113.459,113.634,113.22,113.516,100051,0,0,2017-11-10
1510531200,113.485,113.712,113.243,113.617,88750,0,0,2017-11-13
1510617600,113.617,113.909,113.309,113.453,90107,0,0,2017-11-14
1510704000,113.453,113.495,112.475,112.872,125644,0,0,2017-11-15
1510790400,112.872,113.329,112.734,113.048,91698,0,0,2017-11-16
1510876800,113.033,113.143,111.944,112.082,106147,0,0,2017-11-17
1511136000,112.097,112.718,111.885,112.618,110230,0,0,2017-11-20
1511222400,112.618,112.703,112.173,112.431,85452,0,0,2017-11-21
1511308800,112.431,112.491,111.14,111.206,90255,0,0,2017-11-22
1511395200,111.206,111.379,111.067,111.2,72029,0,0,2017-11-23
1511481600,111.2,111.621,111.192,111.49,77288,0,0,2017-11-24
1511740800,111.515,111.69,110.841,111.085,100817,0,0,2017-11-27
1511827200,111.085,111.638,110.931,111.47,101889,0,0,2017-11-28
1511913600,111.47,112.15,111.363,111.918,108328,0,0,2017-11-29
1512000000,111.918,112.637,111.735,112.527,105674,0,0,2017-11-30
1512086400,112.527,112.873,111.401,112.144,139882,0,0,2017-12-01
1512345600,112.739,113.09,112.363,112.387,151259,0,0,2017-12-04
1512432000,112.387,112.866,112.378,112.564,130159,0,0,2017-12-05
1512518400,112.564,112.625,111.99,112.279,139083,0,0,2017-12-06
1512604800,112.27,113.158,112.218,113.08,136401,0,0,2017-12-07
1512691200,113.08,113.589,113.077,113.473,111903,0,0,2017-12-08
1512950400,113.53,113.69,113.242,113.548,118899,0,0,2017-12-11
1513036800,113.548,113.75,113.37,113.541,90026,0,0,2017-12-12
1513123200,113.541,113.573,112.458,112.539,125627,0,0,2017-12-13
1513209600,112.533,112.883,112.064,112.378,117636,0,0,2017-12-14
1513296000,112.378,112.744,112.031,112.616,118755,0,0,2017-12-15
1513555200,112.712,112.829,112.296,112.54,113304,2,0,2017-12-18
1513641600,112.54,113.078,112.509,112.884,111286,2,0,2017-12-19
1513728000,112.884,113.465,112.839,113.387,110203,2,0,2017-12-20
1513814400,113.387,113.636,113.198,113.324,109328,0,0,2017-12-21
1513900800,113.324,113.448,113.252,113.285,100889,2,0,2017-12-22
1514246400,113.272,113.33,113.117,113.224,69326,2,0,2017-12-26
1514332800,113.228,113.377,113.147,113.344,125439,2,0,2017-12-27
1514419200,113.344,113.345,112.663,112.849,100831,2,0,2017-12-28
1514505600,112.849,112.968,112.472,112.695,119934,2,0,2017-12-29
1514851200,112.503,112.784,112.055,112.268,89903,2,0,2018-01-02
1514937600,112.268,112.607,112.17,112.504,98828,2,0,2018-01-03
1515024000,112.503,112.863,112.464,112.728,105928,2,0,2018-01-04
1515110400,112.732,113.303,112.719,113.062,122487,2,0,2018-01-05
1515369600,113.137,113.386,112.88,113.079,85465,1,0,2018-01-08
1515456000,113.08,113.178,112.365,112.631,142865,1,0,2018-01-09
1515542400,112.631,112.783,111.269,111.425,160675,1,0,2018-01-10
1515628800,111.428,111.874,111.043,111.241,160778,1,0,2018-01-11
1515715200,111.241,111.694,110.912,111.053,162108,1,0,2018-01-12
1515974400,111.07,111.184,110.327,110.517,152007,1,0,2018-01-15
1516060800,110.517,110.982,110.245,110.434,160408,1,0,2018-01-16
1516147200,110.434,111.343,110.19,111.286,184193,1,0,2018-01-17
1516233600,111.26,111.481,110.693,111.088,182419,1,0,2018-01-18
1516320000,111.088,111.127,110.49,110.827,153998,1,0,2018-01-19
1516579200,110.552,111.223,110.496,110.917,132707,1,0,2018-01-22
1516665600,110.91,111.176,110.25,110.302,156176,1,0,2018-01-23
1516752000,110.304,110.335,108.967,109.219,193818,1,0,2018-01-24
1516838400,109.219,109.7,108.499,109.403,260329,1,0,2018-01-25
1516924800,109.399,109.769,108.282,108.583,237498,1,0,2018-01-26
1517184000,108.693,109.201,108.507,108.949,195894,1,0,2018-01-29
1517270400,108.949,109.205,108.412,108.775,196490,1,0,2018-01-30
1517356800,108.775,109.444,108.594,109.185,201322,1,0,2018-01-31
1517443200,109.184,109.75,109.093,109.385,187683,1,0,2018-02-01
1517529600,109.388,110.482,109.278,110.171,226293,1,0,2018-02-02
1517788800,110.171,110.289,108.989,109.06,264052,1,0,2018-02-05
1517875200,109.076,109.653,108.453,109.555,427330,1,0,2018-02-06
1517961600,109.555,109.711,108.918,109.298,243098,1,0,2018-02-07
1518048000,109.298,109.783,108.58,108.738,307790,1,0,2018-02-08
1518134400,108.738,109.309,108.044,108.796,376477,1,0,2018-02-09
1518393600,108.852,108.888,108.436,108.637,200465,1,0,2018-02-12
1518480000,108.637,108.777,107.407,107.808,202500,1,0,2018-02-13
1518566400,107.808,107.901,106.721,106.987,263736,1,0,2018-02-14
1518652800,106.987,107.005,106.034,106.114,243911,1,0,2018-02-15
1518739200,106.114,106.397,105.545,106.254,207370,1,0,2018-02-16
1518998400,106.32,106.725,106.092,106.584,134658,1,0,2018-02-19
1519084800,106.584,107.375,106.556,107.322,142734,1,0,2018-02-20
1519171200,107.321,107.904,107.278,107.768,187097,1,0,2018-02-21
1519257600,107.769,107.77,106.593,106.744,172388,1,0,2018-02-22
1519344000,106.746,107.133,106.511,106.88,130642,1,0,2018-02-23
1519603200,107.092,107.141,106.374,106.903,155079,1,0,2018-02-26
1519689600,106.903,107.673,106.783,107.326,151964,1,0,2018-02-27
1519776000,107.323,107.525,106.564,106.662,158660,1,0,2018-02-28
1519862400,106.662,107.203,106.162,106.222,221251,1,0,2018-03-01
1519948800,106.222,106.298,105.248,105.73,202116,1,0,2018-03-02
1520208000,105.489,106.236,105.35,106.192,176697,1,0,2018-03-05
1520294400,106.192,106.463,105.852,106.108,154568,1,0,2018-03-06
1520380800,106.114,106.22,105.453,106.055,188177,1,0,2018-03-07
1520467200,106.055,106.312,105.891,106.178,140168,1,0,2018-03-08
1520553600,106.178,107.046,106.151,106.806,153938,1,0,2018-03-09
1520812800,106.753,106.971,106.314,106.438,124765,0,0,2018-03-12
1520899200,106.438,107.292,106.253,106.459,155452,1,0,2018-03-13
1520985600,106.457,106.746,106.063,106.313,149847,1,0,2018-03-14
1521072000,106.313,106.412,105.783,106.336,154414,1,0,2018-03-15
1521158400,106.339,106.363,105.601,105.983,124553,1,0,2018-03-16
1521417600,105.96,106.306,105.676,106.026,141276,1,0,2018-03-19
1521504000,106.026,106.605,105.927,106.527,135255,1,0,2018-03-20
1521590400,106.527,106.637,105.878,106.063,135779,1,0,2018-03-21
1521676800,106.063,106.07,105.259,105.311,219551,1,0,2018-03-22
1521763200,105.311,105.324,104.638,104.734,261700,1,0,2018-03-23
1522022400,104.651,105.479,104.628,105.403,163046,1,0,2018-03-26
1522108800,105.398,105.903,105.318,105.327,155207,1,0,2018-03-27
1522195200,105.328,107.01,105.323,106.845,195795,1,0,2018-03-28
1522281600,106.842,106.932,106.264,106.419,138533,1,0,2018-03-29
1522368000,106.42,106.532,106.118,106.279,98888,1,0,2018-03-30
1522627200,106.165,106.448,105.656,105.879,118942,1,0,2018-04-02
1522713600,105.879,106.656,105.69,106.603,130439,1,0,2018-04-03
1522800000,106.603,106.846,105.989,106.772,100269,1,0,2018-04-04
1522886400,106.77,107.491,106.71,107.38,75912,1,0,2018-04-05
1522972800,107.385,107.458,106.775,106.944,120921,1,0,2018-04-06
1523232000,106.935,107.202,106.616,106.745,73969,1,0,2018-04-09
1523318400,106.754,107.397,106.618,107.197,95793,1,0,2018-04-10
1523404800,107.197,107.25,106.65,106.785,82648,1,0,2018-04-11
1523491200,106.779,107.43,106.699,107.301,73686,1,0,2018-04-12
1523577600,107.292,107.777,107.202,107.372,68247,1,0,2018-04-13
1523836800,107.451,107.605,107.035,107.113,57868,1,0,2018-04-16
1523923200,107.106,107.212,106.88,106.999,55398,1,0,2018-04-17
1524009600,106.996,107.385,106.985,107.229,53522,1,0,2018-04-18
1524096000,107.222,107.515,107.18,107.36,66959,1,0,2018-04-19
1524182400,107.354,107.856,107.353,107.655,66763,1,0,2018-04-20
1524441600,107.761,108.752,107.657,108.7,62850,1,0,2018-04-23
1524528000,108.698,109.199,108.542,108.812,70230,1,0,2018-04-24
1524614400,108.812,109.454,108.784,109.422,82335,1,0,2018-04-25
1524700800,109.414,109.468,109.064,109.295,75839,1,0,2018-04-26
1524787200,109.283,109.536,108.966,109.051,78944,1,0,2018-04-27
1525046400,109.051,109.452,109.019,109.327,56922,1,0,2018-04-30
1525132800,109.341,109.886,109.233,109.857,63993,1,0,2018-05-01
1525219200,109.853,110.034,109.594,109.836,82392,1,0,2018-05-02
1525305600,109.836,109.883,108.929,109.188,90856,1,0,2018-05-03
1525392000,109.188,109.271,108.645,109.072,69002,1,0,2018-05-04
1525651200,109.102,109.396,108.757,109.088,49927,1,0,2018-05-07
1525737600,109.088,109.35,108.828,109.121,76773,1,0,2018-05-08
1525824000,109.121,109.832,108.994,109.74,75378,1,0,2018-05-09
1525910400,109.74,110.018,109.312,109.385,80171,1,0,2018-05-10
1525996800,109.385,109.567,109.151,109.386,62375,1,0,2018-05-11
1526256000,109.328,109.669,109.207,109.647,54975,1,0,2018-05-14
1526342400,109.645,110.453,109.645,110.34,77518,1,0,2018-05-15
1526428800,110.34,110.402,110.039,110.392,80892,1,0,2018-05-16
1526515200,110.386,110.856,110.072,110.747,80080,1,0,2018-05-17
1526601600,110.743,111.079,110.609,110.759,69331,1,0,2018-05-18
1526860800,110.864,111.395,110.82,111.037,56468,1,0,2018-05-21
1526947200,111.008,111.183,110.795,110.893,64943,1,0,2018-05-22
1527033600,110.893,110.917,109.556,110.069,119079,1,0,2018-05-23
1527120000,110.047,110.082,108.952,109.241,102413,1,0,2018-05-24
1527206400,109.241,109.743,109.05,109.382,83460,1,0,2018-05-25
1527465600,109.727,109.831,109.23,109.404,74326,1,0,2018-05-28
1527552000,109.399,109.466,108.111,108.753,158356,1,0,2018-05-29
1527638400,108.753,109.072,108.35,108.903,133005,0,0,2018-05-30
1527724800,108.903,109.003,108.384,108.802,113170,1,0,2018-05-31
1527811200,108.802,109.734,108.72,109.529,90069,1,0,2018-06-01
1528070400,109.42,109.851,109.369,109.812,60130,0,0,2018-06-04
1528156800,109.807,110.002,109.471,109.773,66573,1,0,2018-06-05
1528243200,109.769,110.264,109.769,110.177,65864,1,0,2018-06-06
1528329600,110.176,110.22,109.472,109.69,79584,1,0,2018-06-07
1528416000,109.683,109.851,109.197,109.543,72008,1,0,2018-06-08
1528675200,109.292,110.116,109.292,110.032,57263,1,0,2018-06-11
1528761600,110.032,110.492,109.955,110.364,83394,1,0,2018-06-12
1528848000,110.359,110.845,110.27,110.331,66411,1,0,2018-06-13
1528934400,110.315,110.692,109.917,110.619,72170,1,0,2018-06-14
1529020800,110.612,110.903,110.383,110.659,81256,1,0,2018-06-15
1529280000,110.683,110.733,110.298,110.538,43450,1,0,2018-06-18
1529366400,110.538,110.571,109.549,110.049,99635,1,0,2018-06-19
1529452800,110.06,110.45,109.852,110.354,75044,1,0,2018-06-20
1529539200,110.35,110.756,109.84,109.947,83142,1,0,2018-06-21
1529625600,109.96,110.216,109.8,109.974,70083,1,0,2018-06-22
1529884800,109.855,110.038,109.366,109.736,80976,1,0,2018-06-25
1529971200,109.742,110.218,109.368,110.008,73717,1,0,2018-06-26
1530057600,110.008,110.489,109.682,110.253,98960,1,0,2018-06-27
1530144000,110.252,110.647,109.964,110.485,86392,1,0,2018-06-28
1530230400,110.48,110.943,110.372,110.756,85501,1,0,2018-06-29
1530489600,110.585,111.061,110.551,110.894,79842,1,0,2018-07-02
1530576000,110.894,111.132,110.507,110.555,80100,1,0,2018-07-03
1530662400,110.553,110.599,110.275,110.428,108972,1,0,2018-07-04
1530748800,110.404,110.726,110.286,110.584,120131,1,0,2018-07-05
1530835200,110.604,110.785,110.38,110.46,69193,1,0,2018-07-06
1531094400,110.379,110.9,110.348,110.845,52169,1,0,2018-07-09
1531180800,110.818,111.352,110.758,110.992,63708,1,0,2018-07-10
1531267200,111.007,112.171,110.765,111.989,109942,1,0,2018-07-11
1531353600,111.984,112.624,111.91,112.53,84294,1,0,2018-07-12
1531440000,112.455,112.8,112.275,112.337,69585,1,0,2018-07-13
1531699200,112.199,112.561,112.155,112.268,51195,1,0,2018-07-16
1531785600,112.268,112.924,112.22,112.862,78737,1,0,2018-07-17
1531872000,112.857,113.135,112.706,112.843,71329,0,0,2018-07-18
1531958400,112.828,113.167,112.044,112.439,115902,1,0,2018-07-19
1532044800,112.446,112.621,111.381,111.444,107125,1,0,2018-07-20
1532304000,111.364,111.54,110.747,111.337,81692,4,0,2018-07-23
1532390400,111.339,111.509,110.956,111.195,72021,6,0,2018-07-24
1532476800,111.194,111.38,110.66,110.967,85087,6,0,2018-07-25
1532563200,110.96,111.244,110.584,111.217,77596,4,0,2018-07-26
1532649600,111.207,111.245,110.793,111.007,57204,7,0,2018-07-27
1532908800,110.93,111.162,110.887,111.059,47517,3,0,2018-07-30
1532995200,111.021,111.955,110.743,111.862,82592,3,0,2018-07-31
1533081600,111.814,112.147,111.384,111.716,70957,4,0,2018-08-01
1533168000,111.705,111.733,111.31,111.652,68214,4,0,2018-08-02
1533254400,111.654,111.876,111.097,111.267,61965,5,0,2018-08-03
1533513600,111.214,111.522,111.147,111.399,38414,5,0,2018-08-06
1533600000,111.396,111.474,110.988,111.375,44592,6,0,2018-08-07
1533686400,111.37,111.435,110.833,110.976,46131,6,0,2018-08-08
1533772800,110.989,111.18,110.703,111.077,50650,8,0,2018-08-09
1533859200,111.085,111.166,110.507,110.806,85389,4,0,2018-08-10
1534118400,110.422,110.934,110.107,110.717,78746,6,0,2018-08-13
1534204800,110.644,111.311,110.584,111.139,63460,4,0,2018-08-14
1534291200,111.142,111.427,110.429,110.734,71645,4,0,2018-08-15
1534377600,110.731,111.119,110.455,110.888,77354,6,0,2018-08-16
1534464000,110.865,111.048,110.312,110.489,61326,3,0,2018-08-17
1534723200,110.579,110.681,110.014,110.063,44431,5,0,2018-08-20
1534809600,110.059,110.544,109.77,110.271,59042,5,0,2018-08-21
1534896000,110.22,110.612,110.023,110.545,57903,5,0,2018-08-22
1534982400,110.555,111.313,110.515,111.265,54830,3,0,2018-08-23
1535068800,111.239,111.484,111.1,111.234,61070,5,0,2018-08-24
1535328000,111.306,111.343,110.932,111.071,41536,4,0,2018-08-27
1535414400,111.042,111.353,110.95,111.185,51428,3,0,2018-08-28
1535500800,111.185,111.823,111.118,111.674,58596,5,0,2018-08-29
1535587200,111.687,111.753,110.95,110.97,57442,5,0,2018-08-30
1535673600,110.96,111.135,110.681,111.089,63016,5,0,2018-08-31
1535932800,111.051,111.184,110.846,111.033,48787,8,0,2018-09-03
1536019200,110.995,111.53,110.897,111.356,57573,5,0,2018-09-04
1536105600,111.366,111.754,111.323,111.522,62926,3,0,2018-09-05
1536192000,111.513,111.527,110.517,110.744,66655,5,0,2018-09-06
1536278400,110.739,111.243,110.376,111.039,69925,6,0,2018-09-07
1536537600,111.028,111.244,110.846,111.101,43279,4,0,2018-09-10
1536624000,111.101,111.638,111.059,111.624,43856,3,0,2018-09-11
1536710400,111.593,111.646,111.11,111.252,48667,4,0,2018-09-12
1536796800,111.257,111.995,111.155,111.915,52947,3,0,2018-09-13
1536883200,111.919,112.165,111.75,112.054,52907,6,0,2018-09-14
1537142400,112.013,112.118,111.757,111.84,38589,3,0,2018-09-17
1537228800,111.838,112.385,111.66,112.359,68801,5,0,2018-09-18
1537315200,112.353,112.443,112.157,112.266,52240,5,0,2018-09-19
1537401600,112.275,112.58,112.038,112.483,64267,5,0,2018-09-20
1537488000,112.485,112.87,112.423,112.512,54668,4,0,2018-09-21
1537747200,112.426,112.835,112.411,112.794,36196,5,0,2018-09-24
1537833600,112.795,112.976,112.737,112.971,48230,5,0,2018-09-25
1537920000,112.957,113.132,112.628,112.707,56884,5,0,2018-09-26
1538006400,112.718,113.465,112.557,113.354,58466,4,0,2018-09-27
1538092800,113.352,113.703,113.308,113.671,59006,4,0,2018-09-28
1538352000,113.696,114.057,113.695,113.89,45221,5,0,2018-10-01
1538438400,113.873,114.013,113.525,113.637,56983,4,0,2018-10-02
1538524800,113.614,114.539,113.517,114.53,57015,5,0,2018-10-03
1538611200,114.51,114.546,113.63,113.897,75804,6,0,2018-10-04
1538697600,113.892,114.098,113.554,113.687,75992,5,0,2018-10-05
1538956800,113.78,113.938,112.818,113.225,53865,5,0,2018-10-08
1539043200,113.217,113.388,112.867,112.947,86861,5,0,2018-10-09
1539129600,112.942,113.282,112.25,112.265,86615,3,0,2018-10-10
1539216000,112.267,112.532,111.828,112.156,150127,5,0,2018-10-11
1539302400,112.118,112.493,111.875,112.181,93230,6,0,2018-10-12
1539561600,112.129,112.231,111.622,111.762,90260,5,0,2018-10-15
1539648000,111.761,112.334,111.728,112.245,69547,5,0,2018-10-16
1539734400,112.252,112.671,112.012,112.632,75160,8,0,2018-10-17
1539820800,112.636,112.725,111.943,112.181,94429,3,0,2018-10-18
1539907200,112.183,112.644,112.138,112.527,92449,8,0,2018-10-19
1540166400,112.574,112.882,112.345,112.811,77589,3,0,2018-10-22
1540252800,112.81,112.837,111.948,112.436,104514,4,0,2018-10-23
1540339200,112.437,112.739,112.086,112.244,113873,5,0,2018-10-24
1540425600,112.206,112.67,111.816,112.401,110003,4,0,2018-10-25
1540512000,112.398,112.443,111.374,111.877,143092,8,0,2018-10-26
1540771200,111.89,112.558,111.771,112.353,107100,7,0,2018-10-29
1540857600,112.352,113.16,112.3,113.083,102606,3,0,2018-10-30
1540944000,113.084,113.38,112.801,112.928,80430,3,0,2018-10-31
1541030400,112.928,112.998,112.602,112.65,70295,4,0,2018-11-01
1541116800,112.65,113.318,112.555,113.187,85668,8,0,2018-11-02
1541376000,113.127,113.334,113.071,113.187,54046,7,0,2018-11-05
1541462400,113.18,113.5,113.097,113.424,52293,4,0,2018-11-06
1541548800,113.416,113.815,112.942,113.491,94222,5,0,2018-11-07
1541635200,113.53,114.083,113.469,114.062,57212,4,0,2018-11-08
1541721600,114.062,114.08,113.634,113.79,60534,3,0,2018-11-09
1541980800,113.797,114.203,113.656,113.832,65340,5,0,2018-11-12
1542067200,113.831,114.142,113.577,113.799,77688,4,0,2018-11-13
1542153600,113.799,114.006,113.293,113.609,80439,4,0,2018-11-14
1542240000,113.609,113.702,113.095,113.619,84816,5,0,2018-11-15
1542326400,113.619,113.636,112.638,112.809,72520,4,0,2018-11-16
1542585600,112.762,112.87,112.415,112.544,69142,4,0,2018-11-19
1542672000,112.546,112.839,112.3,112.752,78131,4,0,2018-11-20
1542758400,112.752,113.144,112.64,113.049,61212,4,0,2018-11-21
1542844800,113.042,113.197,112.881,112.929,54720,4,0,2018-11-22
1542931200,112.929,113.006,112.657,112.935,47825,5,0,2018-11-23
1543190400,112.909,113.647,112.873,113.573,55424,5,0,2018-11-26
1543276800,113.578,113.839,113.41,113.775,57720,4,0,2018-11-27
1543363200,113.775,114.033,113.437,113.672,54478,4,0,2018-11-28
1543449600,113.678,113.678,113.185,113.478,55914,3,0,2018-11-29
1543536000,113.471,113.716,113.277,113.471,46939,8,0,2018-11-30
1543795200,113.689,113.817,113.371,113.643,47391,5,0,2018-12-03
1543881600,113.645,113.653,112.572,112.769,75626,5,0,2018-12-04
1543968000,112.766,113.24,112.645,113.185,40618,3,0,2018-12-05
1544054400,113.192,113.209,112.227,112.664,111587,4,0,2018-12-06
1544140800,112.664,112.923,112.549,112.68,84324,6,0,2018-12-07
1544400000,112.573,113.372,112.237,113.325,85379,5,0,2018-12-10
1544486400,113.326,113.461,113.004,113.366,86751,4,0,2018-12-11
1544572800,113.363,113.515,113.136,113.278,84383,6,0,2018-12-12
1544659200,113.275,113.704,113.166,113.618,74113,5,0,2018-12-13
1544745600,113.62,113.67,113.209,113.379,73032,3,0,2018-12-14
1545004800,113.334,113.517,112.676,112.826,75682,6,0,2018-12-17
1545091200,112.821,112.851,112.245,112.512,80572,5,0,2018-12-18
1545177600,112.51,112.661,112.085,112.469,96881,6,0,2018-12-19
1545264000,112.477,112.599,110.808,111.28,141644,7,0,2018-12-20
1545350400,111.282,111.456,110.929,111.201,132145,4,0,2018-12-21
1545609600,111.195,111.195,110.264,110.329,117544,3,0,2018-12-24
1545782400,110.413,111.405,110.275,111.36,58541,3,0,2018-12-26
1545868800,111.36,111.36,110.452,110.97,153865,4,0,2018-12-27
1545955200,110.975,111.019,110.14,110.285,111878,6,0,2018-12-28
1546214400,110.256,110.471,109.553,109.603,76513,5,0,2018-12-31
1546387200,109.424,109.458,108.703,108.87,93194,3,0,2019-01-02
1546473600,108.868,108.888,104.72,107.666,153873,8,0,2019-01-03
1546560000,107.631,108.585,107.508,108.504,132155,3,0,2019-01-04
1546819200,108.489,108.743,108.014,108.706,84474,4,0,2019-01-07
1546905600,108.706,109.083,108.436,108.731,88178,5,0,2019-01-08
1546992000,108.729,109.0,107.971,108.15,85140,3,0,2019-01-09
1547078400,108.148,108.517,107.768,108.423,86056,3,0,2019-01-10
1547164800,108.423,108.594,108.14,108.539,76065,3,0,2019-01-11
1547424000,108.506,108.545,107.982,108.154,56781,4,0,2019-01-14
1547510400,108.159,108.763,108.127,108.663,84379,5,0,2019-01-15
1547596800,108.686,109.192,108.366,109.088,66931,7,0,2019-01-16
1547683200,109.086,109.394,108.682,109.241,78423,5,0,2019-01-17
1547769600,109.239,109.887,109.052,109.767,71715,5,0,2019-01-18
1548028800,109.672,109.757,109.47,109.655,47862,5,0,2019-01-21
1548115200,109.652,109.691,109.142,109.365,70095,6,0,2019-01-22
1548201600,109.364,109.995,109.317,109.603,70541,5,0,2019-01-23
1548288000,109.609,109.796,109.416,109.631,79512,5,0,2019-01-24
1548374400,109.632,109.947,109.451,109.541,76467,8,0,2019-01-25
1548633600,109.537,109.581,109.157,109.333,69755,8,0,2019-01-28
1548720000,109.329,109.538,109.126,109.386,66054,4,0,2019-01-29
1548806400,109.364,109.74,108.806,109.027,73636,5,0,2019-01-30
1548892800,109.043,109.064,108.492,108.853,71360,8,0,2019-01-31
1548979200,108.851,109.575,108.72,109.483,64897,6,0,2019-02-01
1549238400,109.509,110.158,109.428,109.862,60684,5,0,2019-02-04
1549324800,109.897,110.037,109.773,109.952,57889,5,0,2019-02-05
1549411200,109.958,110.049,109.554,109.959,57101,3,0,2019-02-06
1549497600,109.97,110.084,109.601,109.796,67507,4,0,2019-02-07
1549584000,109.814,109.894,109.644,109.759,54913,4,0,2019-02-08
1549843200,109.729,110.465,109.729,110.361,47410,3,0,2019-02-11
1549929600,110.38,110.649,110.328,110.468,58605,5,0,2019-02-12
1550016000,110.479,111.051,110.417,110.99,54809,4,0,2019-02-13
1550102400,110.999,111.124,110.44,110.459,69930,4,0,2019-02-14
1550188800,110.475,110.641,110.252,110.434,63807,4,0,2019-02-15
1550448000,110.435,110.648,110.435,110.583,50268,6,0,2019-02-18
1550534400,110.596,110.819,110.448,110.607,55559,5,0,2019-02-19
1550620800,110.598,110.946,110.524,110.836,57794,6,0,2019-02-20
1550707200,110.845,110.858,110.56,110.688,61998,5,0,2019-02-21
1550793600,110.703,110.902,110.554,110.654,51744,5,0,2019-02-22
1551052800,110.642,111.231,110.574,111.049,58500,5,0,2019-02-25
1551139200,111.057,111.076,110.418,110.567,55308,4,0,2019-02-26
1551225600,110.574,111.069,110.35,110.982,53124,4,0,2019-02-27
1551312000,110.987,111.49,110.656,111.373,57100,4,0,2019-02-28
1551398400,111.378,112.072,111.32,111.922,54909,6,0,2019-03-01
1551657600,111.852,112.01,111.636,111.73,61259,5,0,2019-03-04
1551744000,111.744,112.132,111.705,111.872,51247,5,0,2019-03-05
1551830400,111.878,111.918,111.611,111.752,50157,4,0,2019-03-06
1551916800,111.768,111.855,111.478,111.547,52759,4,0,2019-03-07
1552003200,111.581,111.647,110.767,111.152,65445,5,0,2019-03-08
1552262400,111.145,111.304,110.874,111.21,51632,4,0,2019-03-11
1552348800,111.21,111.463,111.105,111.338,56760,7,0,2019-03-12
1552435200,111.34,111.461,111.002,111.271,56993,5,0,2019-03-13
1552521600,111.272,111.829,111.141,111.649,65172,4,0,2019-03-14
1552608000,111.648,111.897,111.38,111.45,52625,5,0,2019-03-15
1552867200,111.471,111.626,111.292,111.435,45455,4,0,2019-03-18
1552953600,111.435,111.471,111.154,111.394,49284,3,0,2019-03-19
1553040000,111.394,111.691,110.531,110.626,67255,4,0,2019-03-20
1553126400,110.624,110.955,110.294,110.844,62338,3,0,2019-03-21
1553212800,110.844,110.894,109.737,109.928,81806,1,0,2019-03-22
1553472000,110.0,110.237,109.704,109.973,79670,4,0,2019-03-25
1553558400,109.972,110.686,109.951,110.611,72313,4,0,2019-03-26
1553644800,110.611,110.711,110.231,110.448,89987,6,0,2019-03-27
1553731200,110.447,110.828,110.015,110.628,84360,6,0,2019-03-28
1553817600,110.628,110.945,110.529,110.81,71101,3,0,2019-03-29
1554076800,110.994,111.44,110.804,111.336,62714,3,0,2019-04-01
1554163200,111.352,111.451,111.244,111.305,51998,7,0,2019-04-02
1554249600,111.31,111.574,111.204,111.476,50657,6,0,2019-04-03
1554336000,111.487,111.669,111.331,111.654,47097,5,0,2019-04-04
1554422400,111.653,111.819,111.545,111.7,52328,6,0,2019-04-05
1554681600,111.627,111.748,111.278,111.456,42091,5,0,2019-04-08
1554768000,111.492,111.575,110.975,111.124,46159,4,0,2019-04-09
1554854400,111.14,111.276,110.839,110.996,44980,3,0,2019-04-10
1554940800,111.008,111.693,110.89,111.639,51427,6,0,2019-04-11
1555027200,111.638,112.088,111.582,112.003,49623,6,0,2019-04-12
1555286400,111.961,112.091,111.882,112.024,35460,4,0,2019-04-15
1555372800,112.028,112.04,111.842,111.997,46272,4,0,2019-04-16
1555459200,112.014,112.161,111.917,112.05,46439,4,0,2019-04-17
1555545600,112.067,112.067,111.76,111.971,51489,4,0,2019-04-18
1555632000,111.962,112.002,111.891,111.905,59285,3,0,2019-04-19
1555891200,111.905,111.986,111.841,111.925,27542,3,0,2019-04-22
1555977600,111.932,112.03,111.648,111.852,40773,4,0,2019-04-23
1556064000,111.858,112.396,111.677,112.177,47599,3,0,2019-04-24
1556150400,112.189,112.235,111.364,111.614,53556,8,0,2019-04-25
1556236800,111.609,112.028,111.424,111.558,55286,3,0,2019-04-26
1556496000,111.525,111.894,111.525,111.635,29152,3,0,2019-04-29
1556582400,111.634,111.686,111.231,111.419,49356,3,0,2019-04-30
1556668800,111.428,111.608,111.046,111.371,38999,4,0,2019-05-01
1556755200,111.378,111.661,111.345,111.502,50134,3,0,2019-05-02
1556841600,111.5,111.691,111.065,111.091,50219,4,0,2019-05-03
1557100800,110.621,110.955,110.278,110.761,60105,5,0,2019-05-06
1557187200,110.858,110.858,110.165,110.234,67106,5,0,2019-05-07
1557273600,110.24,110.29,109.9,110.085,74011,5,0,2019-05-08
1557360000,110.094,110.129,109.467,109.77,75597,5,0,2019-05-09
1557446400,109.757,110.045,109.472,109.963,91968,4,0,2019-05-10
1557705600,109.755,109.831,109.016,109.292,78316,3,0,2019-05-13
1557792000,109.299,109.768,109.14,109.598,57887,4,0,2019-05-14
1557878400,109.596,109.699,109.15,109.586,66017,4,0,2019-05-15
1557964800,109.58,109.963,109.331,109.834,57204,3,0,2019-05-16
1558051200,109.841,110.19,109.489,110.039,80581,5,0,2019-05-17
1558310400,110.101,110.315,109.804,110.053,63419,5,0,2019-05-20
1558396800,110.056,110.668,110.013,110.484,58803,4,0,2019-05-21
1558483200,110.48,110.622,110.237,110.34,50544,4,0,2019-05-22
1558569600,110.351,110.36,109.453,109.593,77872,4,0,2019-05-23
1558656000,109.594,109.741,109.269,109.286,58553,4,0,2019-05-24
1558915200,109.319,109.581,109.275,109.512,41304,2,0,2019-05-27
1559001600,109.485,109.625,109.206,109.362,65777,3,0,2019-05-28
1559088000,109.364,109.695,109.145,109.582,75428,5,0,2019-05-29
1559174400,109.584,109.922,109.468,109.611,64140,4,0,2019-05-30
1559260800,109.613,109.622,108.274,108.276,95115,5,0,2019-05-31
1559520000,108.27,108.442,107.879,108.057,80351,8,0,2019-06-03
1559606400,108.05,108.355,107.841,108.135,74836,5,0,2019-06-04
1559692800,108.144,108.481,107.811,108.447,77862,3,0,2019-06-05
1559779200,108.449,108.559,108.02,108.395,69708,4,0,2019-06-06
1559865600,108.384,108.613,107.876,108.192,73280,5,0,2019-06-07
1560124800,108.468,108.711,108.308,108.433,55214,4,0,2019-06-10
1560211200,108.432,108.797,108.345,108.509,58138,3,0,2019-06-11
1560297600,108.517,108.563,108.212,108.494,67553,3,0,2019-06-12
1560384000,108.501,108.533,108.16,108.385,59721,3,0,2019-06-13
1560470400,108.376,108.583,108.155,108.539,60682,3,0,2019-06-14
1560729600,108.49,108.719,108.469,108.54,46591,3,0,2019-06-17
1560816000,108.537,108.673,108.055,108.445,76383,3,0,2019-06-18
1560902400,108.445,108.613,107.896,108.1,70591,3,0,2019-06-19
1560988800,108.1,108.138,107.208,107.291,97337,4,0,2019-06-20
1561075200,107.285,107.731,107.044,107.326,81912,3,0,2019-06-21
1561334400,107.302,107.533,107.244,107.294,58184,3,0,2019-06-24
1561420800,107.29,107.405,106.774,107.177,85546,4,0,2019-06-25
1561507200,107.177,107.846,107.097,107.786,62958,3,0,2019-06-26
1561593600,107.78,108.157,107.644,107.793,60932,5,0,2019-06-27
1561680000,107.784,107.928,107.558,107.917,60405,4,0,2019-06-28
1561939200,107.914,108.529,107.914,108.438,66502,3,0,2019-07-01
1562025600,108.433,108.471,107.763,107.881,53401,4,0,2019-07-02
1562112000,107.884,107.91,107.529,107.81,53372,6,0,2019-07-03
1562198400,107.811,107.839,107.703,107.812,27145,4,0,2019-07-04
1562284800,107.809,108.634,107.765,108.457,52973,5,0,2019-07-05
1562544000,108.425,108.802,108.276,108.717,15457,3,0,2019-07-08
1562630400,108.716,108.962,108.676,108.851,31392,3,0,2019-07-09
1562716800,108.849,108.989,108.346,108.461,44509,3,0,2019-07-10
1562803200,108.455,108.529,107.857,108.488,44857,3,0,2019-07-11
1562889600,108.487,108.607,107.8,107.888,47838,3,0,2019-07-12
1563148800,107.846,108.107,107.796,107.906,37574,3,0,2019-07-15
1563235200,107.906,108.375,107.819,108.238,44688,3,0,2019-07-16
1563321600,108.238,108.325,107.934,107.941,36671,3,0,2019-07-17
1563408000,107.939,108.015,107.209,107.287,50746,3,0,2019-07-18
1563494400,107.287,107.977,107.215,107.694,51376,3,0,2019-07-19
1563753600,107.766,108.068,107.698,107.862,41319,3,0,2019-07-22
1563840000,107.862,108.286,107.824,108.217,38423,3,0,2019-07-23
1563926400,108.212,108.273,107.935,108.177,41645,3,0,2019-07-24
1564012800,108.177,108.754,108.037,108.627,47539,3,0,2019-07-25
1564099200,108.628,108.827,108.56,108.654,37387,3,0,2019-07-26
1564358400,108.619,108.899,108.418,108.775,27848,3,0,2019-07-29
1564444800,108.777,108.946,108.451,108.598,44620,3,0,2019-07-30
1564531200,108.606,108.999,108.489,108.75,60530,3,0,2019-07-31
1564617600,108.769,109.317,107.251,107.335,83723,3,0,2019-08-01
1564704000,107.337,107.566,106.507,106.597,127998,3,0,2019-08-02
1564963200,106.572,106.68,105.784,105.945,124382,3,0,2019-08-05
1565049600,105.944,107.088,105.519,106.473,119689,3,0,2019-08-06
1565136000,106.472,106.473,105.493,106.265,122472,3,0,2019-08-07
1565222400,106.264,106.3,105.891,106.072,84106,3,0,2019-08-08
1565308800,106.071,106.09,105.267,105.649,71544,3,0,2019-08-09
1565568000,105.544,105.69,105.047,105.294,62889,3,0,2019-08-12
1565654400,105.296,106.973,105.064,106.743,91394,2,0,2019-08-13
1565740800,106.743,106.766,105.649,105.904,94948,3,0,2019-08-14
1565827200,105.906,106.776,105.7,106.121,117651,3,0,2019-08-15
1565913600,106.122,106.492,105.991,106.369,70008,3,0,2019-08-16
1566172800,106.276,106.695,106.245,106.63,54752,3,0,2019-08-19
1566259200,106.628,106.689,106.16,106.222,63331,3,0,2019-08-20
1566345600,106.222,106.644,106.213,106.614,55911,3,0,2019-08-21
1566432000,106.612,106.651,106.25,106.438,60670,3,0,2019-08-22
1566518400,106.434,106.732,105.254,105.411,97061,3,0,2019-08-23
1566777600,104.996,106.412,104.449,106.119,148459,3,0,2019-08-26
1566864000,106.144,106.157,105.588,105.747,97595,2,0,2019-08-27
1566950400,105.747,106.228,105.649,106.118,81650,2,0,2019-08-28
1567036800,106.114,106.68,105.827,106.515,87501,2,0,2019-08-29
1567123200,106.508,106.542,106.099,106.253,89303,2,0,2019-08-30
1567382400,106.027,106.398,105.925,106.212,47189,2,0,2019-09-02
1567468800,106.209,106.383,105.735,105.928,96637,2,0,2019-09-03
1567555200,105.927,106.442,105.826,106.383,73950,2,0,2019-09-04
1567641600,106.383,107.228,106.323,106.938,90772,2,0,2019-09-05
1567728000,106.93,107.099,106.62,106.902,77593,2,0,2019-09-06
1567987200,106.796,107.271,106.759,107.237,57598,2,0,2019-09-09
1568073600,107.235,107.584,107.179,107.541,59831,2,0,2019-09-10
1568160000,107.53,107.852,107.494,107.81,56398,2,0,2019-09-11
1568246400,107.805,108.186,107.518,108.095,83053,2,0,2019-09-12
1568332800,108.098,108.258,107.903,108.073,59530,2,0,2019-09-13
1568592000,108.066,108.165,107.494,108.129,65379,2,0,2019-09-16
1568678400,108.131,108.368,108.018,108.113,56685,2,0,2019-09-17
1568764800,108.112,108.475,108.083,108.442,50297,2,0,2019-09-18
1568851200,108.44,108.47,107.786,108.021,63724,2,0,2019-09-19
1568937600,108.02,108.084,107.518,107.554,55095,2,0,2019-09-20
1569196800,107.715,107.766,107.309,107.539,43983,2,0,2019-09-23
1569283200,107.533,107.796,106.959,107.062,64737,2,0,2019-09-24
1569369600,107.054,107.881,106.999,107.768,67911,2,0,2019-09-25
1569456000,107.761,107.957,107.423,107.829,57195,2,0,2019-09-26
1569542400,107.829,108.178,107.655,107.929,62292,2,0,2019-09-27
1569801600,107.956,108.176,107.742,108.07,48175,2,0,2019-09-30
1569888000,108.07,108.468,107.625,107.739,56866,2,0,2019-10-01
1569974400,107.727,107.89,107.045,107.176,60008,2,0,2019-10-02
1570060800,107.168,107.296,106.48,106.91,73134,2,0,2019-10-03
1570147200,106.898,107.132,106.562,106.9,59929,2,0,2019-10-04
1570406400,106.67,107.464,106.651,107.241,50931,2,0,2019-10-07
1570492800,107.241,107.443,106.801,107.072,72127,2,0,2019-10-08
1570579200,107.066,107.625,106.932,107.472,51894,2,0,2019-10-09
1570665600,107.469,108.015,107.032,107.956,81389,2,0,2019-10-10
1570752000,107.954,108.628,107.846,108.42,75600,2,0,2019-10-11
1571011200,108.339,108.521,108.028,108.39,44990,2,0,2019-10-14
1571097600,108.388,108.897,108.154,108.851,55999,2,0,2019-10-15
1571184000,108.851,108.864,108.557,108.754,60677,2,0,2019-10-16
1571270400,108.742,108.937,108.452,108.637,60052,2,0,2019-10-17
1571356800,108.642,108.719,108.375,108.378,52282,2,0,2019-10-18
1571616000,108.391,108.662,108.29,108.598,48522,2,0,2019-10-21
1571702400,108.597,108.727,108.439,108.48,37097,2,0,2019-10-22
1571788800,108.474,108.702,108.247,108.69,44314,2,0,2019-10-23
1571875200,108.689,108.752,108.495,108.598,39389,2,0,2019-10-24
1571961600,108.598,108.772,108.509,108.665,34661,2,0,2019-10-25
1572220800,108.708,109.037,108.657,108.974,31646,2,0,2019-10-28
1572307200,108.974,109.068,108.749,108.884,33528,2,0,2019-10-29
1572393600,108.885,109.285,108.718,108.853,40711,2,0,2019-10-30
1572480000,108.853,108.878,107.925,108.019,47594,2,0,2019-10-31
1572566400,108.019,108.322,107.884,108.169,36172,2,0,2019-11-01
1572825600,108.212,108.648,108.162,108.572,26739,2,0,2019-11-04
1572912000,108.572,109.24,108.547,109.143,43001,2,0,2019-11-05
1572998400,109.13,109.182,108.816,108.964,37763,2,0,2019-11-06
1573084800,108.963,109.486,108.645,109.281,53040,2,0,2019-11-07
1573171200,109.271,109.474,109.074,109.22,44468,2,0,2019-11-08
1573430400,109.23,109.252,108.895,109.04,25709,2,0,2019-11-11
1573516800,109.041,109.291,108.922,108.989,38515,2,0,2019-11-12
1573603200,108.989,109.148,108.654,108.812,40865,2,0,2019-11-13
1573689600,108.811,108.861,108.232,108.407,41878,2,0,2019-11-14
1573776000,108.407,108.855,108.371,108.771,32805,2,0,2019-11-15
1574035200,108.786,109.07,108.511,108.674,35989,2,0,2019-11-18
1574121600,108.674,108.835,108.451,108.533,37680,2,0,2019-11-19
1574208000,108.532,108.737,108.344,108.604,51013,2,0,2019-11-20
1574294400,108.586,108.696,108.275,108.615,53793,2,0,2019-11-21
1574380800,108.615,108.73,108.475,108.639,39169,2,0,2019-11-22
1574640000,108.626,108.975,108.596,108.917,31280,2,0,2019-11-25
1574726400,108.902,109.207,108.874,109.026,39348,2,0,2019-11-26
1574812800,109.021,109.608,109.008,109.538,31228,2,0,2019-11-27
1574899200,109.538,109.554,109.331,109.503,25094,2,0,2019-11-28
1574985600,109.505,109.669,109.396,109.487,34875,2,0,2019-11-29
1575244800,109.517,109.726,108.924,108.97,39188,2,0,2019-12-02
1575331200,108.97,109.206,108.482,108.632,49580,2,0,2019-12-03
1575417600,108.622,108.961,108.426,108.852,46206,2,0,2019-12-04
1575504000,108.852,108.999,108.653,108.75,40034,2,0,2019-12-05
1575590400,108.75,108.922,108.476,108.565,35101,2,0,2019-12-06
1575849600,108.626,108.677,108.429,108.553,25792,2,0,2019-12-09
1575936000,108.553,108.765,108.512,108.716,33938,2,0,2019-12-10
1576022400,108.707,108.854,108.463,108.552,33278,2,0,2019-12-11
1576108800,108.55,109.449,108.453,109.278,47620,2,0,2019-12-12
1576195200,109.283,109.706,108.921,109.346,62542,2,0,2019-12-13
1576454400,109.302,109.675,109.276,109.533,27875,2,0,2019-12-16
1576540800,109.535,109.632,109.441,109.472,27111,2,0,2019-12-17
1576627200,109.467,109.626,109.399,109.548,27467,2,0,2019-12-18
1576713600,109.538,109.685,109.18,109.366,29691,2,0,2019-12-19
1576800000,109.36,109.524,109.255,109.447,24360,3,0,2019-12-20
1577059200,109.428,109.536,109.338,109.395,23296,2,0,2019-12-23
1577145600,109.388,109.44,109.325,109.354,21101,3,0,2019-12-24
1577318400,109.544,109.682,109.527,109.633,13163,3,0,2019-12-26
1577404800,109.623,109.623,109.388,109.458,35041,3,0,2019-12-27
1577664000,109.385,109.484,108.765,108.873,31232,3,0,2019-12-30
1577750400,108.873,108.884,108.467,108.658,28414,3,0,2019-12-31
1577923200,108.705,108.864,108.21,108.566,24641,3,0,2020-01-02
1578009600,108.555,108.627,107.839,108.101,53832,3,0,2020-01-03
1578268800,107.884,108.504,107.769,108.365,44768,3,0,2020-01-06
1578355200,108.362,108.628,108.259,108.439,42804,3,0,2020-01-07
1578441600,108.439,109.243,107.647,109.103,82424,3,0,2020-01-08
1578528000,109.103,109.58,109.01,109.514,40914,3,0,2020-01-09
1578614400,109.513,109.688,109.432,109.5,30309,2,0,2020-01-10
1578873600,109.52,109.944,109.501,109.942,23776,3,0,2020-01-13
1578960000,109.939,110.212,109.85,109.982,36033,3,0,2020-01-14
1579046400,109.973,110.008,109.788,109.892,31717,3,0,2020-01-15
1579132800,109.883,110.178,109.848,110.151,27494,3,0,2020-01-16
1579219200,110.136,110.287,110.046,110.161,26920,3,0,2020-01-17
1579478400,110.105,110.215,110.102,110.178,18702,3,0,2020-01-20
1579564800,110.178,110.22,109.76,109.859,34700,3,0,2020-01-21
1579651200,109.857,110.099,109.827,109.834,31492,3,0,2020-01-22
1579737600,109.829,109.86,109.264,109.485,41211,3,0,2020-01-23
1579824000,109.485,109.65,109.17,109.278,38021,3,0,2020-01-24
1580083200,108.968,109.135,108.729,108.883,58413,3,0,2020-01-27
1580169600,108.884,109.2,108.754,109.137,41155,3,0,2020-01-28
1580256000,109.137,109.264,108.974,109.009,38602,3,0,2020-01-29
1580342400,109.009,109.064,108.579,108.949,60894,3,0,2020-01-30
1580428800,108.95,109.134,108.305,108.346,58477,3,0,2020-01-31
1580688000,108.431,108.797,108.311,108.667,53147,3,0,2020-02-03
1580774400,108.68,109.543,108.547,109.518,44163,3,0,2020-02-04
1580860800,109.517,109.842,109.302,109.815,49739,3,0,2020-02-05
1580947200,109.814,110.005,109.747,109.986,38165,3,0,2020-02-06
1581033600,109.985,110.02,109.531,109.776,50008,3,0,2020-02-07
1581292800,109.685,109.876,109.559,109.771,43537,3,0,2020-02-10
1581379200,109.765,109.961,109.729,109.782,32682,3,0,2020-02-11
1581465600,109.781,110.134,109.756,110.097,36209,3,0,2020-02-12
1581552000,110.095,110.095,109.616,109.815,52416,3,0,2020-02-13
1581638400,109.787,109.91,109.696,109.772,36355,3,0,2020-02-14
1581897600,109.803,109.96,109.717,109.871,25100,3,0,2020-02-17
1581984000,109.866,109.946,109.655,109.866,43546,3,0,2020-02-18
1582070400,109.866,111.589,109.834,111.362,43096,3,0,2020-02-19
1582156800,111.356,112.225,111.11,112.071,70874,2,0,2020-02-20
1582243200,112.072,112.185,111.469,111.566,65348,3,0,2020-02-21
1582502400,111.315,111.681,110.33,110.708,87480,3,0,2020-02-24
1582588800,110.697,111.039,109.888,110.19,118392,3,0,2020-02-25
1582675200,110.189,110.699,110.128,110.419,125799,3,0,2020-02-26
1582761600,110.418,110.453,109.565,109.576,143550,3,0,2020-02-27
1582848000,109.574,109.678,107.506,108.062,173521,2,0,2020-02-28
1583107200,107.513,108.576,107.361,108.292,147329,1,0,2020-03-02
1583193600,108.336,108.532,106.929,107.127,139112,3,0,2020-03-03
1583280000,107.129,107.687,106.842,107.514,120312,2,0,2020-03-04
1583366400,107.515,107.739,105.964,106.15,110098,1,0,2020-03-05
1583452800,106.149,106.34,104.992,105.348,154579,3,0,2020-03-06
1583712000,104.425,104.58,101.177,102.262,212682,3,0,2020-03-09
1583798400,102.262,105.914,102.001,105.245,250197,8,0,2020-03-10
1583884800,105.245,105.374,104.088,104.429,188718,1,0,2020-03-11
1583971200,104.429,106.1,103.089,104.829,209575,1,0,2020-03-12
1584057600,104.82,108.496,104.503,107.998,229165,0,0,2020-03-13
1584316800,106.906,107.564,105.137,105.877,234339,0,0,2020-03-16
1584403200,105.882,107.861,105.879,107.632,325683,0,0,2020-03-17
1584489600,107.632,108.651,106.751,108.016,306898,0,0,2020-03-18
1584576000,108.013,110.954,107.973,110.834,323517,0,0,2020-03-19
1584662400,110.834,111.504,109.326,110.854,254031,0,0,2020-03-20
1584921600,110.779,111.596,109.663,111.227,245980,0,0,2020-03-23
1585008000,111.227,111.711,110.081,111.288,215805,0,0,2020-03-24
1585094400,111.288,111.676,110.752,111.133,222961,0,0,2020-03-25
1585180800,111.133,111.241,109.204,109.405,220524,0,0,2020-03-26
1585267200,109.4,109.472,107.756,107.975,174056,0,0,2020-03-27
1585526400,107.676,108.293,107.12,107.7,149146,0,0,2020-03-30
1585612800,107.693,108.725,107.458,107.485,155729,0,0,2020-03-31
1585699200,107.547,107.936,106.918,107.152,127628,0,0,2020-04-01
1585785600,107.15,108.091,107.013,107.857,132050,0,0,2020-04-02
1585872000,107.857,108.676,107.797,108.456,111211,0,0,2020-04-03
1586131200,108.346,109.379,108.339,109.211,128896,0,0,2020-04-06
1586217600,109.216,109.276,108.668,108.738,124052,0,0,2020-04-07
1586304000,108.741,109.095,108.502,108.812,106411,0,0,2020-04-08
1586390400,108.812,109.062,108.206,108.411,99367,0,0,2020-04-09
1586476800,108.408,108.587,108.327,108.421,32025,0,0,2020-04-10
1586736000,108.421,108.524,107.499,107.75,123621,0,0,2020-04-13
1586822400,107.748,107.761,106.978,107.206,104971,0,0,2020-04-14
1586908800,107.203,107.868,106.925,107.425,128546,0,0,2020-04-15
1586995200,107.422,108.081,107.162,107.916,141544,0,0,2020-04-16
1587081600,107.92,108.084,107.297,107.551,146951,0,0,2020-04-17
1587340800,107.396,107.946,107.39,107.606,94970,0,0,2020-04-20
1587427200,107.612,107.891,107.279,107.758,126364,0,0,2020-04-21
1587513600,107.784,107.937,107.513,107.735,93498,0,0,2020-04-22
1587600000,107.743,108.042,107.344,107.556,124251,0,0,2020-04-23
1587686400,107.564,107.758,107.368,107.487,97221,0,0,2020-04-24
1587945600,107.541,107.62,106.991,107.206,97628,0,0,2020-04-27
1588032000,107.176,107.338,106.558,106.859,83909,0,0,2020-04-28
1588118400,106.857,106.893,106.356,106.607,73409,0,0,2020-04-29
1588204800,106.6,107.496,106.403,107.13,85270,0,0,2020-04-30
1588291200,107.118,107.403,106.603,106.914,60304,0,0,2020-05-01
1588550400,106.776,107.067,106.63,106.674,48716,0,0,2020-05-04
1588636800,106.671,106.892,106.414,106.486,48089,0,0,2020-05-05
1588723200,106.471,106.667,105.985,106.068,55080,0,0,2020-05-06
1588809600,106.059,106.653,105.988,106.248,55464,0,0,2020-05-07
1588896000,106.24,106.745,106.22,106.682,50828,0,0,2020-05-08
1589155200,106.502,107.766,106.482,107.601,49965,0,0,2020-05-11
1589241600,107.594,107.691,107.115,107.115,41231,0,0,2020-05-12
1589328000,107.109,107.275,106.741,107.014,45490,0,0,2020-05-13
1589414400,107.02,107.363,106.773,107.234,47269,0,0,2020-05-14
1589500800,107.234,107.431,106.854,107.164,40562,0,0,2020-05-15
1589760000,107.083,107.503,107.065,107.295,38611,0,0,2020-05-18
1589846400,107.29,108.085,107.247,107.695,43475,0,0,2020-05-19
1589932800,107.688,107.981,107.334,107.484,35141,0,0,2020-05-20
1590019200,107.382,107.847,107.382,107.598,37274,0,0,2020-05-21
1590105600,107.582,107.762,107.321,107.607,32409,0,0,2020-05-22
1590364800,107.557,107.779,107.547,107.655,21242,0,0,2020-05-25
1590451200,107.649,107.921,107.399,107.504,34982,0,0,2020-05-26
1590537600,107.484,107.944,107.364,107.73,48380,0,0,2020-05-27
1590624000,107.697,107.899,107.571,107.614,46864,0,0,2020-05-28
1590710400,107.599,107.893,107.077,107.785,56851,0,0,2020-05-29
1590969600,107.674,107.854,107.381,107.58,41746,0,0,2020-06-01
1591056000,107.578,108.77,107.511,108.659,47838,0,0,2020-06-02
1591142400,108.655,108.98,108.422,108.892,53657,0,0,2020-06-03
1591228800,108.869,109.195,108.613,109.137,56876,0,0,2020-06-04
1591315200,109.134,109.848,109.043,109.587,59252,0,0,2020-06-05
1591574400,109.547,109.689,108.232,108.422,47285,0,0,2020-06-08
1591660800,108.421,108.54,107.618,107.743,58494,0,0,2020-06-09
1591747200,107.744,107.871,106.984,107.11,57666,0,0,2020-06-10
1591833600,107.083,107.231,106.569,106.857,63584,0,0,2020-06-11
1591920000,106.859,107.552,106.583,107.348,66543,0,0,2020-06-12
1592179200,107.291,107.565,106.998,107.328,54728,0,0,2020-06-15
1592265600,107.327,107.637,107.209,107.321,58442,0,0,2020-06-16
1592352000,107.31,107.44,106.949,106.997,42534,0,0,2020-06-17
1592438400,106.998,107.126,106.666,106.97,48819,0,0,2020-06-18
1592524800,106.969,107.056,106.764,106.87,39203,0,0,2020-06-19
1592784000,106.773,107.009,106.748,106.898,36240,0,0,2020-06-22
1592870400,106.9,107.219,106.071,106.517,53696,0,0,2020-06-23
1592956800,106.515,107.068,106.382,107.04,49037,0,0,2020-06-24
1593043200,107.04,107.451,106.954,107.181,42227,2,0,2020-06-25
1593129600,107.206,107.358,106.798,107.219,39897,2,0,2020-06-26
1593388800,107.06,107.882,107.038,107.573,41338,3,0,2020-06-29
1593475200,107.57,107.981,107.519,107.923,47618,2,0,2020-06-30
1593561600,107.924,108.161,107.358,107.464,43173,3,0,2020-07-01
1593648000,107.463,107.721,107.329,107.499,36920,2,0,2020-07-02
1593734400,107.5,107.566,107.427,107.488,23141,1,0,2020-07-03
1593993600,107.439,107.771,107.254,107.327,30426,3,0,2020-07-06
1594080000,107.317,107.79,107.244,107.515,32362,2,0,2020-07-07
1594166400,107.549,107.71,107.201,107.253,30389,2,0,2020-07-08
1594252800,107.251,107.396,107.096,107.196,38274,2,0,2020-07-09
1594339200,107.197,107.263,106.639,106.914,31985,2,0,2020-07-10
1594598400,106.866,107.317,106.786,107.291,31339,2,0,2020-07-13
1594684800,107.29,107.43,107.117,107.231,36308,2,0,2020-07-14
1594771200,107.222,107.306,106.663,106.93,34718,0,0,2020-07-15
1594857600,106.933,107.399,106.831,107.242,33394,2,0,2020-07-16
1594944000,107.251,107.36,106.937,107.016,26921,2,0,2020-07-17
1595203200,107.013,107.533,107.007,107.251,31341,2,0,2020-07-20
1595289600,107.256,107.365,106.681,106.795,35399,2,0,2020-07-21
1595376000,106.795,107.287,106.708,107.153,32665,0,0,2020-07-22
1595462400,107.153,107.228,106.709,106.856,27048,3,0,2020-07-23
1595548800,106.854,106.891,105.679,106.121,41098,2,0,2020-07-24
1595808000,106.012,106.107,105.114,105.368,45944,0,0,2020-07-27
1595894400,105.369,105.683,104.954,105.09,46709,0,0,2020-07-28
1595980800,105.035,105.239,104.769,104.914,47920,2,0,2020-07-29
1596067200,104.916,105.292,104.678,104.723,55501,2,0,2020-07-30
1596153600,104.704,106.054,104.185,105.927,73855,3,0,2020-07-31
1596412800,105.769,106.47,105.578,105.948,70271,2,0,2020-08-03
1596499200,105.941,106.193,105.635,105.711,47871,2,0,2020-08-04
1596585600,105.709,105.87,105.319,105.594,46479,3,0,2020-08-05
1596672000,105.548,105.695,105.298,105.547,47029,2,0,2020-08-06
1596758400,105.543,106.052,105.479,105.917,46251,3,0,2020-08-07
1597017600,105.841,106.201,105.705,105.958,31006,3,0,2020-08-10
1597104000,105.955,106.68,105.905,106.486,47976,1,0,2020-08-11
1597190400,106.497,107.012,106.438,106.907,49864,0,0,2020-08-12
1597276800,106.898,107.047,106.561,106.922,42963,3,0,2020-08-13
1597363200,106.924,107.036,106.434,106.57,34041,1,0,2020-08-14
1597622400,106.512,106.653,105.941,105.999,38196,1,0,2020-08-17
1597708800,105.976,106.053,105.281,105.401,45543,3,0,2020-08-18
1597795200,105.423,106.15,105.099,106.098,53191,2,0,2020-08-19
1597881600,106.109,106.213,105.741,105.797,52466,2,0,2020-08-20
1597968000,105.776,106.069,105.441,105.814,46839,2,0,2020-08-21
1598227200,105.764,105.995,105.686,105.971,32651,3,0,2020-08-24
1598313600,105.971,106.574,105.87,106.382,44174,3,0,2020-08-25
1598400000,106.372,106.558,105.954,105.982,39929,2,0,2020-08-26
1598486400,105.989,106.697,105.601,106.559,58716,2,0,2020-08-27
1598572800,106.563,106.944,105.2,105.34,75396,2,0,2020-08-28
1598832000,105.429,106.094,105.289,105.898,58862,1,0,2020-08-31
1598918400,105.9,106.151,105.59,105.95,59030,3,0,2020-09-01
1599004800,105.956,106.298,105.848,106.18,49111,2,0,2020-09-02
1599091200,106.135,106.55,106.0,106.183,49495,1,0,2020-09-03
1599177600,106.184,106.503,106.055,106.234,43582,3,0,2020-09-04
1599436800,106.251,106.384,106.13,106.268,27011,3,0,2020-09-07
1599523200,106.282,106.381,105.858,106.023,41277,1,0,2020-09-08
1599609600,106.014,106.271,105.788,106.173,40597,2,0,2020-09-09
1599696000,106.191,106.299,105.978,106.127,39538,2,0,2020-09-10
1599782400,106.138,106.261,106.056,106.144,31976,3,0,2020-09-11
1600041600,106.097,106.164,105.546,105.724,29045,2,0,2020-09-14
1600128000,105.723,105.812,105.299,105.439,32375,2,0,2020-09-15
1600214400,105.436,105.436,104.799,104.945,43188,3,0,2020-09-16
1600300800,104.945,105.171,104.523,104.738,42698,2,0,2020-09-17
1600387200,104.737,104.869,104.27,104.561,33146,2,0,2020-09-18
1600646400,104.507,104.887,103.999,104.641,40454,3,0,2020-09-21
1600732800,104.638,105.078,104.403,104.923,34387,0,0,2020-09-22
1600819200,104.926,105.494,104.859,105.383,42964,0,0,2020-09-23
1600905600,105.394,105.529,105.204,105.413,45705,0,0,2020-09-24
1600992000,105.412,105.698,105.24,105.548,38563,0,0,2020-09-25
1601251200,105.488,105.681,105.263,105.479,36855,0,0,2020-09-28
1601337600,105.479,105.733,105.343,105.648,41747,0,0,2020-09-29
1601424000,105.647,105.803,105.402,105.445,51927,0,0,2020-09-30
1601510400,105.519,105.727,105.403,105.519,49433,0,0,2020-10-01
1601596800,105.519,105.665,104.941,105.328,57381,0,0,2020-10-02
1601856000,105.263,105.792,105.263,105.745,41466,0,0,2020-10-05
1601942400,105.75,105.786,105.47,105.627,41945,0,0,2020-10-06
1602028800,105.625,106.106,105.595,105.975,41186,0,0,2020-10-07
1602115200,105.965,106.107,105.924,106.022,36335,0,0,2020-10-08
1602201600,106.022,106.04,105.579,105.625,42767,0,0,2020-10-09
1602460800,105.77,105.788,105.241,105.34,37763,0,0,2020-10-12
1602547200,105.34,105.627,105.265,105.472,39455,0,0,2020-10-13
1602633600,105.47,105.517,105.035,105.166,38092,0,0,2020-10-14
1602720000,105.164,105.492,105.082,105.422,42739,0,0,2020-10-15
1602806400,105.422,105.462,105.189,105.398,38811,0,0,2020-10-16
1603065600,105.372,105.502,105.301,105.436,32467,0,0,2020-10-19
1603152000,105.428,105.746,105.345,105.493,40596,0,0,2020-10-20
1603238400,105.495,105.533,104.34,104.58,48408,0,0,2020-10-21
1603324800,104.588,104.921,104.476,104.861,34332,0,0,2020-10-22
1603411200,104.855,104.936,104.546,104.71,29256,0,0,2020-10-23
1603670400,104.667,105.055,104.653,104.835,32647,0,0,2020-10-26
1603756800,104.835,104.889,104.388,104.46,26447,0,0,2020-10-27
1603843200,104.46,104.555,104.113,104.301,37281,0,0,2020-10-28
1603929600,104.298,104.726,104.023,104.598,36580,0,0,2020-10-29
1604016000,104.598,104.742,104.124,104.667,38639,0,0,2020-10-30
1604275200,104.488,104.947,104.486,104.728,30475,0,0,2020-11-02
1604361600,104.73,104.845,104.432,104.453,44175,0,0,2020-11-03
1604448000,104.453,105.344,104.15,104.521,80869,0,0,2020-11-04
1604534400,104.522,104.535,103.44,103.464,66459,0,0,2020-11-05
1604620800,103.465,103.762,103.175,103.367,66125,1,0,2020-11-06
1604880000,103.296,105.647,103.182,105.356,81691,0,0,2020-11-09
1604966400,105.364,105.487,104.82,105.295,68651,0,0,2020-11-10
1605052800,105.281,105.676,105.004,105.427,46107,1,0,2020-11-11
1605139200,105.426,105.476,105.07,105.129,42740,0,0,2020-11-12
1605225600,105.121,105.159,104.564,104.612,44088,1,0,2020-11-13
1605484800,104.716,105.132,104.362,104.572,44836,1,0,2020-11-16
1605571200,104.572,104.599,104.07,104.191,42392,0,0,2020-11-17
1605657600,104.205,104.205,103.651,103.825,39224,1,0,2020-11-18
1605744000,103.827,104.215,103.717,103.74,44342,1,0,2020-11-19
1605830400,103.736,103.91,103.687,103.827,36994,1,0,2020-11-20
1606089600,103.746,104.635,103.683,104.497,40445,1,0,2020-11-23
1606176000,104.496,104.76,104.146,104.446,45499,1,0,2020-11-24
1606262400,104.439,104.598,104.253,104.461,46210,1,0,2020-11-25
1606348800,104.453,104.464,104.216,104.256,48425,1,0,2020-11-26
1606435200,104.266,104.281,103.905,104.09,33509,1,0,2020-11-27
1606694400,103.995,104.41,103.827,104.315,42630,0,0,2020-11-30
1606780800,104.306,104.579,104.182,104.314,44178,1,0,2020-12-01
1606867200,104.312,104.751,104.225,104.408,64927,0,0,2020-12-02
1606953600,104.414,104.536,103.672,103.834,78437,0,0,2020-12-03
1607040000,103.832,104.243,103.738,104.188,66895,0,0,2020-12-04
1607299200,104.116,104.312,103.92,104.045,66074,0,0,2020-12-07
1607385600,104.064,104.205,103.954,104.161,62511,0,0,2020-12-08
1607472000,104.161,104.406,104.053,104.225,58945,0,0,2020-12-09
1607558400,104.211,104.579,104.173,104.246,71831,0,0,2020-12-10
1607644800,104.245,104.267,103.823,104.025,64070,0,0,2020-12-11
1607904000,103.958,104.103,103.512,104.032,63521,0,0,2020-12-14
1607990400,104.047,104.152,103.608,103.668,51860,0,0,2020-12-15
1608076800,103.674,103.918,103.261,103.465,69083,0,0,2020-12-16
1608163200,103.468,103.561,102.875,103.092,70000,0,0,2020-12-17
1608249600,103.083,103.596,103.037,103.313,63445,1,0,2020-12-18
1608508800,103.535,103.889,103.251,103.319,91307,0,0,2020-12-21
1608595200,103.326,103.734,103.279,103.64,68318,0,0,2020-12-22
1608681600,103.634,103.653,103.357,103.545,63511,0,0,2020-12-23
1608768000,103.537,103.765,103.487,103.671,40048,0,0,2020-12-24
1609113600,103.497,103.898,103.403,103.778,51232,0,0,2020-12-28
1609200000,103.788,103.815,103.463,103.568,52787,0,0,2020-12-29
1609286400,103.571,103.586,102.961,103.182,55136,0,0,2020-12-30
1609372800,103.18,103.316,102.995,103.253,44935,0,0,2020-12-31
1609718400,103.121,103.316,102.712,103.126,71780,0,0,2021-01-04
1609804800,103.1,103.191,102.605,102.711,69073,0,0,2021-01-05
1609891200,102.701,103.444,102.591,103.036,98042,0,0,2021-01-06
1609977600,103.032,103.957,102.951,103.795,81548,0,0,2021-01-07
1610064000,103.796,104.092,103.604,103.967,89581,0,0,2021-01-08
1610323200,103.843,104.4,103.832,104.255,63440,0,0,2021-01-11
1610409600,104.261,104.333,103.72,103.752,65638,0,0,2021-01-12
1610496000,103.753,103.995,103.526,103.878,58354,0,0,2021-01-13
1610582400,103.88,104.198,103.564,103.799,66428,0,0,2021-01-14
1610668800,103.799,103.913,103.616,103.869,53731,0,0,2021-01-15
1610928000,103.795,103.93,103.638,103.687,49811,0,0,2021-01-18
1611014400,103.686,104.086,103.651,103.901,53230,0,0,2021-01-19
1611100800,103.899,103.928,103.447,103.538,49971,0,0,2021-01-20
1611187200,103.53,103.668,103.328,103.496,60109,0,0,2021-01-21
1611273600,103.493,103.887,103.48,103.77,44782,0,0,2021-01-22
1611532800,103.775,103.937,103.673,103.745,35504,0,0,2021-01-25
1611619200,103.733,103.828,103.555,103.62,36900,0,0,2021-01-26
1611705600,103.614,104.201,103.587,104.091,44334,0,0,2021-01-27
1611792000,104.088,104.463,104.024,104.229,48096,0,0,2021-01-28
1611878400,104.229,104.94,104.165,104.723,48580,0,0,2021-01-29
1612137600,104.765,105.035,104.608,104.922,33932,0,0,2021-02-01
1612224000,104.928,105.175,104.829,104.968,38446,0,0,2021-02-02
1612310400,104.97,105.106,104.921,105.029,30342,0,0,2021-02-03
1612396800,105.025,105.565,104.973,105.52,35020,0,0,2021-02-04
1612483200,105.514,105.768,105.334,105.382,48086,0,0,2021-02-05
1612742400,105.301,105.671,105.151,105.208,42442,0,0,2021-02-08
1612828800,105.207,105.264,104.498,104.562,48597,0,0,2021-02-09
1612915200,104.563,104.845,104.408,104.588,38282,0,0,2021-02-10
1613001600,104.588,104.804,104.55,104.719,32748,0,0,2021-02-11
1613088000,104.743,105.181,104.711,104.924,39361,0,0,2021-02-12
1613347200,104.896,105.417,104.891,105.368,38779,0,0,2021-02-15
1613433600,105.367,106.075,105.18,106.038,53571,0,0,2021-02-16
1613520000,106.034,106.224,105.779,105.861,61122,0,0,2021-02-17
1613606400,105.863,105.924,105.6,105.702,47837,0,0,2021-02-18
1613692800,105.703,105.743,105.238,105.421,48798,0,0,2021-02-19
1613952000,105.377,105.844,104.981,105.071,54944,0,0,2021-02-22
1614038400,105.07,105.43,104.922,105.24,54540,0,0,2021-02-23
1614124800,105.249,106.104,105.162,105.873,67647,0,0,2021-02-24
1614211200,105.869,106.405,105.813,106.199,93191,0,0,2021-02-25
1614297600,106.199,106.695,105.848,106.552,105705,0,0,2021-02-26
1614556800,106.476,106.889,106.365,106.757,62580,0,0,2021-03-01
1614643200,106.761,106.958,106.655,106.684,55062,0,0,2021-03-02
1614729600,106.687,107.152,106.668,107.002,49817,0,0,2021-03-03
1614816000,106.997,107.986,106.941,107.97,58749,0,0,2021-03-04
1614902400,107.932,108.645,107.819,108.379,67132,0,0,2021-03-05
1615161600,108.275,108.942,108.245,108.866,67838,0,0,2021-03-08
1615248000,108.867,109.235,108.414,108.477,82615,0,0,2021-03-09
1615334400,108.471,108.92,108.338,108.372,76041,0,0,2021-03-10
1615420800,108.369,108.812,108.345,108.499,76811,0,0,2021-03-11
1615507200,108.499,109.164,108.486,109.027,75092,0,0,2021-03-12
1615766400,108.998,109.365,108.913,109.134,62155,0,0,2021-03-15
1615852800,109.139,109.288,108.771,108.994,57747,0,0,2021-03-16
1615939200,108.993,109.326,108.742,108.847,60030,0,0,2021-03-17
1616025600,108.844,109.302,108.625,108.929,77439,0,0,2021-03-18
1616112000,108.929,109.129,108.609,108.879,66398,0,0,2021-03-19
1616371200,108.671,108.955,108.605,108.831,53208,0,0,2021-03-22
1616457600,108.832,108.873,108.407,108.614,53679,0,0,2021-03-23
1616544000,108.614,108.956,108.451,108.725,58975,0,0,2021-03-24
1616630400,108.723,109.237,108.712,109.165,53104,0,0,2021-03-25
1616716800,109.163,109.847,109.131,109.676,50209,0,0,2021-03-26
1616976000,109.707,109.845,109.373,109.803,48136,0,0,2021-03-29
1617062400,109.794,110.428,109.721,110.351,53004,0,0,2021-03-30
1617148800,110.357,110.966,110.273,110.708,63528,0,0,2021-03-31
1617235200,110.703,110.847,110.545,110.604,47842,0,0,2021-04-01
1617321600,110.595,110.749,110.374,110.623,40142,0,0,2021-04-02
1617580800,110.595,110.749,109.962,110.173,37482,0,0,2021-04-05
1617667200,110.174,110.553,109.668,109.743,57894,0,0,2021-04-06
1617753600,109.743,109.942,109.578,109.832,64151,0,0,2021-04-07
1617840000,109.846,109.904,108.999,109.27,55516,0,0,2021-04-08
1617926400,109.268,109.96,109.203,109.658,52949,0,0,2021-04-09
1618185600,109.605,109.769,109.245,109.378,48226,0,0,2021-04-12
1618272000,109.384,109.752,109.018,109.059,63107,0,0,2021-04-13
1618358400,109.054,109.095,108.751,108.916,44204,0,0,2021-04-14
1618444800,108.912,108.965,108.611,108.762,39113,0,0,2021-04-15
1618531200,108.762,108.964,108.61,108.793,36034,0,0,2021-04-16
1618790400,108.726,108.833,108.009,108.153,42880,0,0,2021-04-19
1618876800,108.138,108.546,107.97,108.101,41837,0,0,2021-04-20
1618963200,108.099,108.281,107.874,108.069,34821,0,0,2021-04-21
1619049600,108.052,108.232,107.814,107.962,37674,0,0,2021-04-22
1619136000,107.962,108.145,107.477,107.875,37357,0,0,2021-04-23
1619395200,107.887,108.197,107.643,108.09,37077,0,0,2021-04-26
1619481600,108.083,108.777,108.055,108.691,35305,0,0,2021-04-27
1619568000,108.667,109.075,108.571,108.589,47670,0,0,2021-04-28
1619654400,108.596,109.223,108.436,108.912,37507,0,0,2021-04-29
1619740800,108.925,109.342,108.711,109.329,41903,0,0,2021-04-30
1620000000,109.261,109.696,108.894,109.071,34842,0,0,2021-05-03
1620086400,109.066,109.487,109.022,109.315,47685,0,0,2021-05-04
1620172800,109.323,109.48,109.143,109.188,34729,0,0,2021-05-05
1620259200,109.188,109.427,109.001,109.09,50793,0,0,2021-05-06
1620345600,109.089,109.287,108.338,108.604,53458,0,0,2021-05-07
1620604800,108.545,109.056,108.465,108.81,44651,0,0,2021-05-10
1620691200,108.792,108.982,108.348,108.615,51720,0,0,2021-05-11
1620777600,108.609,109.706,108.548,109.699,58279,0,0,2021-05-12
1620864000,109.664,109.785,109.405,109.453,53550,0,0,2021-05-13
1620950400,109.448,109.656,109.186,109.362,44480,0,0,2021-05-14
1621209600,109.254,109.501,109.073,109.209,37764,0,0,2021-05-17
1621296000,109.209,109.283,108.834,108.888,41944,0,0,2021-05-18
1621382400,108.895,109.337,108.571,109.227,58711,0,0,2021-05-19
1621468800,109.218,109.308,108.748,108.767,52253,0,0,2021-05-20
1621555200,108.773,109.003,108.61,108.945,44086,0,0,2021-05-21
1621814400,108.891,108.996,108.696,108.74,48897,0,0,2021-05-24
1621900800,108.74,109.07,108.558,108.747,56553,0,0,2021-05-25
1621987200,108.746,109.178,108.722,109.139,51578,0,0,2021-05-26
1622073600,109.136,109.923,109.037,109.808,59453,0,0,2021-05-27
1622160000,109.808,110.2,109.728,109.872,55317,0,0,2021-05-28
1622419200,109.746,109.933,109.354,109.556,35337,0,0,2021-05-31
1622505600,109.557,109.707,109.329,109.467,49664,0,0,2021-06-01
1622592000,109.467,109.885,109.381,109.547,47477,0,0,2021-06-02
1622678400,109.547,110.321,109.507,110.276,54099,0,0,2021-06-03
1622764800,110.276,110.329,109.363,109.524,51108,0,0,2021-06-04
1623024000,109.576,109.637,109.186,109.238,44026,0,0,2021-06-07
1623110400,109.238,109.557,109.199,109.492,51428,0,0,2021-06-08
1623196800,109.485,109.657,109.225,109.618,47428,0,0,2021-06-09
1623283200,109.607,109.797,109.305,109.319,62471,0,0,2021-06-10
1623369600,109.316,109.844,109.294,109.682,58950,0,0,2021-06-11
1623628800,109.627,110.098,109.61,110.071,52811,0,0,2021-06-14
1623715200,110.07,110.168,109.987,110.056,49979,0,0,2021-06-15
1623801600,110.053,110.721,109.804,110.708,56973,0,0,2021-06-16
1623888000,110.706,110.823,110.166,110.221,79003,0,0,2021-06-17
1623974400,110.22,110.332,109.941,110.211,74353,0,0,2021-06-18
1624233600,110.095,110.352,109.716,110.314,85146,0,0,2021-06-21
1624320000,110.313,110.791,110.211,110.658,57913,0,0,2021-06-22
1624406400,110.657,111.102,110.567,110.949,60739,0,0,2021-06-23
1624492800,110.948,111.115,110.687,110.874,68409,0,0,2021-06-24
1624579200,110.872,110.984,110.48,110.778,58731,0,0,2021-06-25
1624838400,110.726,110.977,110.497,110.614,61650,0,0,2021-06-28
1624924800,110.617,110.76,110.43,110.538,66259,0,0,2021-06-29
1625011200,110.528,111.121,110.417,111.101,72995,0,0,2021-06-30
1625097600,111.101,111.638,111.027,111.521,67131,0,0,2021-07-01
1625184000,111.519,111.659,110.951,111.02,67644,0,0,2021-07-02
1625443200,110.946,111.19,110.796,110.962,62273,0,0,2021-07-05
1625529600,110.95,110.976,110.521,110.61,72127,0,0,2021-07-06
1625616000,110.613,110.815,110.395,110.608,80357,0,0,2021-07-07
1625702400,110.605,110.683,109.532,109.748,88373,0,0,2021-07-08
1625788800,109.747,110.258,109.703,110.102,74390,0,0,2021-07-09
1626048000,110.076,110.401,109.976,110.349,52851,0,0,2021-07-12
1626134400,110.348,110.647,110.198,110.627,62185,0,0,2021-07-13
1626220800,110.617,110.698,109.934,109.95,59684,0,0,2021-07-14
1626307200,109.937,110.089,109.714,109.831,62785,0,0,2021-07-15
1626393600,109.809,110.341,109.732,110.081,60672,0,0,2021-07-16
1626652800,110.004,110.097,109.065,109.447,71600,0,0,2021-07-19
1626739200,109.451,109.956,109.297,109.843,72643,0,0,2021-07-20
1626825600,109.837,110.386,109.767,110.286,60249,0,0,2021-07-21
1626912000,110.279,110.359,110.013,110.149,53379,0,0,2021-07-22
1626998400,110.148,110.593,110.086,110.547,47935,0,0,2021-07-23
1627257600,110.448,110.584,110.116,110.381,50221,0,0,2021-07-26
1627344000,110.366,110.392,109.581,109.774,60337,0,0,2021-07-27
1627430400,109.755,110.286,109.714,109.909,64448,0,0,2021-07-28
1627516800,109.904,109.946,109.421,109.47,54940,0,0,2021-07-29
1627603200,109.455,109.827,109.36,109.656,48490,0,0,2021-07-30
1627862400,109.624,109.77,109.186,109.305,42458,0,0,2021-08-02
1627948800,109.294,109.339,108.877,109.042,48119,0,0,2021-08-03
1628035200,109.021,109.676,108.721,109.473,52918,0,0,2021-08-04
1628121600,109.473,109.788,109.403,109.761,51024,0,0,2021-08-05
1628208000,109.753,110.355,109.697,110.217,49525,0,0,2021-08-06
1628467200,110.196,110.354,110.025,110.267,42618,0,0,2021-08-09
1628553600,110.255,110.598,110.25,110.56,43010,0,0,2021-08-10
1628640000,110.55,110.8,110.308,110.428,50406,0,0,2021-08-11
1628726400,110.401,110.546,110.316,110.386,37739,0,0,2021-08-12
1628812800,110.386,110.456,109.545,109.592,38688,0,0,2021-08-13
1629072000,109.535,109.751,109.113,109.243,44471,0,0,2021-08-16
1629158400,109.258,109.656,109.118,109.595,48944,0,0,2021-08-17
1629244800,109.569,110.066,109.471,109.763,50445,0,0,2021-08-18
1629331200,109.754,110.228,109.482,109.763,62929,0,0,2021-08-19
1629417600,109.735,109.885,109.569,109.799,45012,0,0,2021-08-20
1629676800,109.686,110.147,109.616,109.694,47475,0,0,2021-08-23
1629763200,109.68,109.881,109.413,109.679,42705,0,0,2021-08-24
1629849600,109.676,110.124,109.474,110.023,47422,0,0,2021-08-25
1629936000,109.951,110.227,109.926,110.081,57712,0,0,2021-08-26
1630022400,110.083,110.267,109.779,109.85,52802,0,0,2021-08-27
1630281600,109.849,109.963,109.703,109.913,32649,0,0,2021-08-30
1630368000,109.907,110.079,109.586,110.007,56215,0,0,2021-08-31
1630454400,109.991,110.418,109.88,110.025,56113,0,0,2021-09-01
1630540800,110.008,110.12,109.916,109.937,41662,0,0,2021-09-02
1630627200,109.921,110.073,109.592,109.712,54499,0,0,2021-09-03
1630886400,109.647,109.947,109.645,109.845,29213,0,0,2021-09-06
1630972800,109.818,110.317,109.686,110.282,53694,0,0,2021-09-07
1631059200,110.267,110.447,110.141,110.257,60304,0,0,2021-09-08
1631145600,110.225,110.272,109.62,109.718,64775,0,0,2021-09-09
1631232000,109.722,109.991,109.633,109.904,49516,0,0,2021-09-10
1631491200,109.829,110.159,109.787,110.004,44355,0,0,2021-09-13
1631577600,109.988,110.162,109.526,109.683,58876,0,0,2021-09-14
1631664000,109.682,109.742,109.113,109.368,55215,0,0,2021-09-15
1631750400,109.358,109.829,109.213,109.727,54815,0,0,2021-09-16
1631836800,109.722,110.082,109.666,109.969,51308,0,0,2021-09-17
1632096000,109.886,110.036,109.322,109.4,58917,0,0,2021-09-20
1632182400,109.378,109.707,109.183,109.212,67544,0,0,2021-09-21
1632268800,109.213,109.9,109.119,109.783,86125,0,0,2021-09-22
1632355200,109.766,110.346,109.716,110.322,61821,0,0,2021-09-23
1632441600,110.32,110.793,110.252,110.735,51430,0,0,2021-09-24
1632700800,110.676,111.066,110.534,111.007,54704,0,0,2021-09-27
1632787200,110.973,111.639,110.934,111.496,71358,0,0,2021-09-28
1632873600,111.496,112.048,111.207,111.965,72621,0,0,2021-09-29
1632960000,111.958,112.081,111.237,111.293,71036,0,0,2021-09-30
1633046400,111.242,111.488,110.905,111.066,76154,0,0,2021-10-01
1633305600,111.055,111.303,110.821,110.921,68116,0,0,2021-10-04
1633392000,110.912,111.563,110.864,111.463,60679,0,0,2021-10-05
1633478400,111.456,111.788,111.202,111.405,71867,0,0,2021-10-06
1633564800,111.382,111.65,111.23,111.621,53346,0,0,2021-10-07
1633651200,111.606,112.249,111.509,112.225,62783,0,0,2021-10-08
1633910400,112.103,113.413,112.103,113.307,49636,0,0,2021-10-11
1633996800,113.287,113.787,113.002,113.606,68662,0,0,2021-10-12
1634083200,113.582,113.804,113.226,113.245,65181,0,0,2021-10-13
1634169600,113.243,113.718,113.208,113.673,56933,0,0,2021-10-14
1634256000,113.668,114.466,113.642,114.249,68671,0,0,2021-10-15
1634515200,114.252,114.451,114.014,114.317,71009,0,0,2021-10-18
1634601600,114.313,114.394,113.878,114.367,65490,0,0,2021-10-19
1634688000,114.351,114.698,114.079,114.243,75277,0,0,2021-10-20
1634774400,114.243,114.413,113.651,113.996,77046,0,0,2021-10-21
1634860800,113.995,114.207,113.411,113.487,77596,0,0,2021-10-22
1635120000,113.551,113.924,113.458,113.708,68304,0,0,2021-10-25
1635206400,113.695,114.312,113.675,114.147,56385,0,0,2021-10-26
1635292800,114.126,114.221,113.388,113.823,82483,0,0,2021-10-27
1635379200,113.79,113.867,113.255,113.57,86044,0,0,2021-10-28
1635465600,113.551,114.096,113.39,113.961,80555,0,0,2021-10-29
1635724800,114.102,114.444,113.939,114.006,57549,0,0,2021-11-01
1635811200,113.992,114.134,113.463,113.95,68662,0,0,2021-11-02
1635897600,113.942,114.219,113.72,113.99,76286,0,0,2021-11-03
1635984000,113.975,114.278,113.507,113.753,76810,0,0,2021-11-04
1636070400,113.746,114.028,113.299,113.387,81523,0,0,2021-11-05
1636329600,113.321,113.666,113.079,113.217,65561,0,0,2021-11-08
1636416000,113.193,113.288,112.725,112.869,79416,0,0,2021-11-09
1636502400,112.855,114.015,112.772,113.9,84209,0,0,2021-11-10
1636588800,113.896,114.154,113.805,114.05,54662,0,0,2021-11-11
1636675200,114.053,114.3,113.759,113.919,63715,0,0,2021-11-12
1636934400,113.907,114.217,113.749,114.116,62606,0,0,2021-11-15
1637020800,114.101,114.846,114.047,114.814,70109,0,0,2021-11-16
1637107200,114.803,114.968,113.933,114.09,72918,0,0,2021-11-17
1637193600,114.07,114.487,113.875,114.251,70711,0,0,2021-11-18
1637280000,114.233,114.538,113.585,114.017,96466,0,0,2021-11-19
1637539200,113.914,114.96,113.894,114.872,77173,0,0,2021-11-22
1637625600,114.865,115.192,114.482,115.139,95162,0,0,2021-11-23
1637712000,115.111,115.52,114.823,115.407,93788,0,0,2021-11-24
1637798400,115.393,115.454,115.241,115.36,67429,0,0,2021-11-25
1637884800,115.333,115.366,113.05,113.351,155971,0,0,2021-11-26
1638144000,113.617,113.954,112.991,113.524,116122,0,0,2021-11-29
1638230400,113.51,113.888,112.53,113.16,143922,0,0,2021-11-30
1638316800,113.14,113.63,112.67,112.772,118149,0,0,2021-12-01
1638403200,112.751,113.328,112.619,113.191,124184,0,0,2021-12-02
1638489600,113.18,113.61,112.555,112.831,109055,0,0,2021-12-03
1638748800,112.835,113.555,112.835,113.474,85548,0,0,2021-12-06
1638835200,113.467,113.781,113.396,113.571,73502,0,0,2021-12-07
1638921600,113.612,113.955,113.311,113.698,94295,0,0,2021-12-08
1639008000,113.668,113.81,113.271,113.477,75620,0,0,2021-12-09
1639094400,113.446,113.79,113.222,113.383,75337,0,0,2021-12-10
1639353600,113.277,113.729,113.273,113.58,64804,0,0,2021-12-13
1639440000,113.557,113.756,113.316,113.734,69496,0,0,2021-12-14
1639526400,113.722,114.271,113.62,114.045,75859,0,0,2021-12-15
1639612800,114.021,114.245,113.562,113.696,85829,0,0,2021-12-16
1639699200,113.694,113.853,113.138,113.702,87630,0,0,2021-12-17
1639958400,113.531,113.726,113.327,113.629,85299,0,0,2021-12-20
1640044800,113.621,114.219,113.475,114.083,56066,0,0,2021-12-21
1640131200,114.071,114.369,113.945,114.095,55862,0,0,2021-12-22
1640217600,114.084,114.467,114.044,114.399,49864,0,0,2021-12-23
1640304000,114.388,114.512,114.296,114.346,52747,0,0,2021-12-24
1640563200,114.304,114.913,114.304,114.885,40601,0,0,2021-12-27
1640649600,114.878,114.948,114.705,114.819,44969,0,0,2021-12-28
1640736000,114.8,115.038,114.664,114.96,52660,0,0,2021-12-29
1640822400,114.948,115.206,114.9,115.058,54106,0,0,2021-12-30
1640908800,115.052,115.199,115.0,115.088,40879,0,0,2021-12-31
1641168000,115.058,115.366,114.946,115.327,50038,0,0,2022-01-03
1641254400,115.308,116.349,115.272,116.14,67158,0,0,2022-01-04
1641340800,116.126,116.252,115.619,116.115,67328,0,0,2022-01-05
1641427200,116.079,116.181,115.623,115.839,75721,0,0,2022-01-06
1641513600,115.838,116.048,115.534,115.551,55875,0,0,2022-01-07
1641772800,115.522,115.85,115.041,115.203,52334,0,0,2022-01-10
1641859200,115.184,115.681,115.117,115.289,53866,0,0,2022-01-11
1641945600,115.274,115.468,114.378,114.629,57708,0,0,2022-01-12
1642032000,114.616,114.703,113.998,114.171,45847,0,0,2022-01-13
1642118400,114.16,114.261,113.48,114.198,66547,0,0,2022-01-14
1642377600,114.117,114.649,114.117,114.613,32782,0,0,2022-01-17
1642464000,114.617,115.058,114.449,114.598,69868,0,0,2022-01-18
1642550400,114.589,114.788,114.206,114.323,66375,0,0,2022-01-19
1642636800,114.321,114.548,113.962,114.101,71771,0,0,2022-01-20
1642723200,114.07,114.149,113.602,113.692,77596,0,0,2022-01-21
1642982400,113.626,113.999,113.469,113.954,89735,0,0,2022-01-24
1643068800,113.937,114.157,113.667,113.863,88567,0,0,2022-01-25
1643155200,113.85,114.694,113.778,114.65,80608,0,0,2022-01-26
1643241600,114.627,115.489,114.473,115.357,111682,0,0,2022-01-27
1643328000,115.357,115.687,115.121,115.234,100108,0,0,2022-01-28
1643587200,115.257,115.593,114.924,115.118,87023,0,0,2022-01-31
1643673600,115.091,115.192,114.567,114.68,86867,0,0,2022-02-01
1643760000,114.653,114.805,114.153,114.455,70790,0,0,2022-02-02
1643846400,114.439,114.988,114.325,114.966,94273,0,0,2022-02-03
1643932800,114.951,115.431,114.774,115.182,92086,0,0,2022-02-04
1644192000,115.269,115.379,114.913,115.091,77342,0,0,2022-02-07
1644278400,115.063,115.627,115.047,115.534,72928,0,0,2022-02-08
1644364800,115.516,115.677,115.318,115.529,69498,0,0,2022-02-09
1644451200,115.508,116.342,115.424,115.996,101646,0,0,2022-02-10
1644537600,115.996,116.176,115.012,115.432,101096,0,0,2022-02-11
1644796800,115.324,115.746,115.009,115.54,120417,0,0,2022-02-14
1644883200,115.511,115.874,115.257,115.602,95839,0,0,2022-02-15
1644969600,115.581,115.789,115.352,115.476,87351,0,0,2022-02-16
1645056000,115.446,115.537,114.845,114.931,112096,0,0,2022-02-17
1645142400,114.937,115.296,114.787,115.032,91387,0,0,2022-02-18
1645401600,115.004,115.128,114.713,114.734,65522,0,0,2022-02-21
1645488000,114.72,115.242,114.496,115.076,122277,0,0,2022-02-22
1645574400,115.045,115.201,114.924,115.004,71611,0,0,2022-02-23
1645660800,114.977,115.697,114.407,115.53,188408,0,0,2022-02-24
1645747200,115.5,115.76,115.149,115.526,118792,0,0,2022-02-25
1646006400,115.225,115.782,114.858,114.969,122131,0,0,2022-02-28
1646092800,114.944,115.288,114.698,114.911,102357,0,0,2022-03-01
1646179200,114.891,115.686,114.788,115.514,110266,0,0,2022-03-02
1646265600,115.483,115.807,115.383,115.454,92364,0,0,2022-03-03
1646352000,115.446,115.555,114.649,114.854,124470,0,0,2022-03-04
1646611200,114.897,115.474,114.813,115.31,128872,0,0,2022-03-07
1646697600,115.281,115.791,115.229,115.662,116387,0,0,2022-03-08
1646784000,115.633,115.942,115.551,115.845,89363,0,0,2022-03-09
1646870400,115.818,116.198,115.797,116.13,86198,0,0,2022-03-10
1646956800,116.13,117.357,116.069,117.293,84831,0,0,2022-03-11
1647216000,117.332,118.218,117.308,118.184,76067,0,0,2022-03-14
1647302400,118.178,118.451,117.696,118.295,86290,0,0,2022-03-15
1647388800,118.292,119.123,118.174,118.766,91850,0,0,2022-03-16
1647475200,118.76,119.027,118.366,118.606,76049,0,0,2022-03-17
1647561600,118.608,119.397,118.468,119.154,64271,0,0,2022-03-18
1647820800,119.102,119.499,119.081,119.461,47015,0,0,2022-03-21
1647907200,119.457,121.027,119.432,120.826,94532,0,0,2022-03-22
1647993600,120.818,121.412,120.592,121.12,88912,0,0,2022-03-23
1648080000,121.121,122.408,120.95,122.37,88423,0,0,2022-03-24
1648166400,122.352,122.437,121.178,122.089,106135,0,0,2022-03-25
1648425600,122.004,125.1,122.004,123.888,154034,0,0,2022-03-28
1648512000,123.863,124.302,121.976,122.868,160187,0,0,2022-03-29
1648598400,122.848,123.205,121.309,121.831,147865,0,0,2022-03-30
1648684800,121.836,122.45,121.281,121.695,149684,0,0,2022-03-31
1648771200,121.669,123.036,121.601,122.559,113126,0,0,2022-04-01
1649030400,122.597,122.959,122.261,122.786,91256,0,0,2022-04-04
1649116800,122.786,123.667,122.368,123.599,93715,0,0,2022-04-05
1649203200,123.579,124.05,123.455,123.786,117873,0,0,2022-04-06
1649289600,123.756,124.002,123.467,123.953,96344,0,0,2022-04-07
1649376000,123.934,124.676,123.657,124.281,90119,0,0,2022-04-08
1649635200,124.013,125.772,124.013,125.362,104552,0,0,2022-04-11
1649721600,125.344,125.757,124.763,125.368,118435,0,0,2022-04-12
1649808000,125.348,126.321,125.321,125.632,109601,0,0,2022-04-13
1649894400,125.65,126.014,125.08,125.868,110837,0,0,2022-04-14
1649980800,125.854,126.685,125.845,126.356,129642,0,0,2022-04-15
1650240000,126.312,127.001,126.231,126.984,82994,0,0,2022-04-18
1650326400,126.983,128.975,126.96,128.901,129373,0,0,2022-04-19
1650412800,128.871,129.4,127.458,127.882,156197,0,0,2022-04-20
1650499200,127.882,128.704,127.802,128.379,130470,0,0,2022-04-21
1650585600,128.352,129.111,127.737,128.537,137478,0,0,2022-04-22
1650844800,128.553,128.866,127.521,128.127,150115,0,0,2022-04-25
1650931200,128.124,128.22,127.023,127.217,153378,0,0,2022-04-26
1651017600,127.196,128.59,126.927,128.42,149835,0,0,2022-04-27
1651104000,128.402,131.251,128.34,130.795,185309,0,0,2022-04-28
1651190400,130.795,130.944,129.315,129.863,154962,0,0,2022-04-29
1651449600,129.726,130.478,129.612,130.163,131246,0,0,2022-05-02
1651536000,130.163,130.292,129.698,130.131,116740,0,0,2022-05-03
1651622400,130.125,130.39,128.623,129.081,129563,0,0,2022-05-04
1651708800,129.055,130.558,128.753,130.184,164219,0,0,2022-05-05
1651795200,130.184,130.808,130.093,130.553,163300,0,0,2022-05-06
1652054400,130.491,131.348,130.112,130.319,151730,0,0,2022-05-09
1652140800,130.316,130.57,129.797,130.414,159942,0,0,2022-05-10
1652227200,130.416,130.811,129.443,129.967,167000,0,0,2022-05-11
1652313600,129.935,130.049,127.52,128.303,201610,0,0,2022-05-12
1652400000,128.303,129.455,128.227,129.257,153360,0,0,2022-05-13
1652659200,129.187,129.636,128.697,129.103,125218,0,0,2022-05-16
1652745600,129.103,129.782,128.824,129.35,125108,0,0,2022-05-17
1652832000,129.343,129.537,128.006,128.201,120992,0,0,2022-05-18
1652918400,128.201,128.943,127.024,127.766,173554,0,0,2022-05-19
1653004800,127.703,128.299,127.525,127.924,148365,0,0,2022-05-20
1653264000,127.84,128.046,127.149,127.878,119990,0,0,2022-05-23
1653350400,127.883,128.088,126.359,126.814,140297,0,0,2022-05-24
1653436800,126.845,127.497,126.651,127.29,131052,0,0,2022-05-25
1653523200,127.29,127.583,126.552,127.096,121599,0,0,2022-05-26
1653609600,127.118,127.252,126.676,127.111,104728,0,0,2022-05-27
1653868800,126.957,127.825,126.854,127.553,97802,0,0,2022-05-30
1653955200,127.543,128.891,127.475,128.647,149452,0,0,2022-05-31
1654041600,128.625,130.187,128.621,130.111,135394,0,0,2022-06-01
1654128000,130.08,130.242,129.513,129.835,120742,0,0,2022-06-02
1654214400,129.8,130.981,129.681,130.811,113352,0,0,2022-06-03
1654473600,130.854,132.008,130.431,131.871,93606,0,0,2022-06-06
1654560000,131.847,133.003,131.841,132.585,143923,0,0,2022-06-07
1654646400,132.585,134.475,132.502,134.244,158565,0,0,2022-06-08
1654732800,134.219,134.558,133.185,134.355,172588,0,0,2022-06-09
1654819200,134.325,134.482,133.363,134.354,164186,0,0,2022-06-10
1655078400,134.297,135.199,133.595,134.429,197305,0,0,2022-06-13
1655164800,134.386,135.47,133.868,135.465,199167,0,0,2022-06-14
1655251200,135.46,135.589,133.505,133.827,223732,0,0,2022-06-15
1655337600,133.787,134.678,131.493,132.2,235605,0,0,2022-06-16
1655424000,132.172,135.426,132.118,134.944,216842,0,0,2022-06-17
1655683200,134.901,135.44,134.534,135.081,151923,0,0,2022-06-20
1655769600,135.081,136.708,134.832,136.655,182452,0,0,2022-06-21
1655856000,136.648,136.713,135.685,136.251,187688,0,0,2022-06-22
1655942400,136.251,136.251,134.26,134.937,233426,0,0,2022-06-23
1656028800,134.929,135.396,134.354,135.189,194534,0,0,2022-06-24
1656288000,135.29,135.55,134.523,135.464,195380,0,0,2022-06-27
1656374400,135.439,136.384,135.107,136.13,197193,0,0,2022-06-28
1656460800,136.102,137.006,135.764,136.589,226118,0,0,2022-06-29
1656547200,136.576,136.811,135.549,135.726,206162,0,0,2022-06-30
1656633600,135.666,135.987,134.745,135.256,215298,0,0,2022-07-01
1656892800,135.296,135.775,134.781,135.666,150308,0,0,2022-07-04
1656979200,135.666,136.362,135.497,135.871,195497,0,0,2022-07-05
1657065600,135.844,136.006,134.953,135.909,238552,0,0,2022-07-06
1657152000,135.906,136.223,135.549,135.994,172802,0,0,2022-07-07
1657238400,135.979,136.566,135.326,136.106,193802,0,0,2022-07-08
1657497600,135.996,137.751,135.996,137.435,179805,0,0,2022-07-11
1657584000,137.403,137.533,136.474,136.863,204021,0,0,2022-07-12
1657670400,136.851,137.869,136.691,137.395,198867,0,0,2022-07-13
1657756800,137.281,139.387,137.129,138.928,234816,0,0,2022-07-14
1657843200,138.923,139.128,138.386,138.535,167211,0,0,2022-07-15
1658102400,138.442,138.575,137.888,138.131,154698,0,0,2022-07-18
1658188800,138.126,138.392,137.381,138.181,169190,0,0,2022-07-19
1658275200,138.153,138.372,137.9,138.269,150916,0,0,2022-07-20
1658361600,138.268,138.878,137.297,137.365,225115,0,0,2022-07-21
1658448000,137.32,137.957,135.564,136.069,202082,0,0,2022-07-22
1658707200,136.116,136.79,135.888,136.667,159266,0,0,2022-07-25
1658793600,136.641,136.965,136.271,136.937,144299,0,0,2022-07-26
1658880000,136.909,137.457,136.322,136.58,168085,0,0,2022-07-27
1658966400,136.567,136.574,134.198,134.257,185316,0,0,2022-07-28
1659052800,134.246,134.675,132.502,133.224,190391,0,0,2022-07-29
1659312000,133.196,133.561,131.6,131.6,176718,0,0,2022-08-01
1659398400,131.601,133.173,130.395,133.161,212091,0,0,2022-08-02
1659484800,133.151,134.547,132.285,133.849,225831,0,0,2022-08-03
1659571200,133.841,134.422,132.76,132.904,191208,0,0,2022-08-04
1659657600,132.863,135.501,132.517,134.987,162386,0,0,2022-08-05
1659916800,134.976,135.58,134.354,135.006,211981,0,0,2022-08-08
1660003200,135.006,135.202,134.665,135.113,191542,0,0,2022-08-09
1660089600,135.056,135.304,132.025,132.893,216931,0,0,2022-08-10
1660176000,132.866,133.313,131.731,133.008,214534,0,0,2022-08-11
1660262400,132.964,133.893,132.877,133.489,218910,0,0,2022-08-12
1660521600,133.326,133.588,132.554,133.303,210405,0,0,2022-08-15
1660608000,133.29,134.685,132.95,134.222,202701,0,0,2022-08-16
1660694400,134.204,135.501,133.905,135.055,217863,0,0,2022-08-17
1660780800,135.041,135.9,134.649,135.886,196869,0,0,2022-08-18
1660867200,135.881,137.23,135.71,136.877,181515,0,0,2022-08-19
1661126400,136.845,137.652,136.7,137.484,186006,0,0,2022-08-22
1661212800,137.476,137.708,135.808,136.759,217686,0,0,2022-08-23
1661299200,136.738,137.243,136.172,137.122,196514,0,0,2022-08-24
1661385600,137.101,137.202,136.317,136.477,177968,0,0,2022-08-25
1661472000,136.446,137.529,136.187,137.507,179578,0,0,2022-08-26
1661731200,137.606,139.003,137.566,138.765,182029,0,0,2022-08-29
1661817600,138.679,139.073,138.052,138.777,192303,0,0,2022-08-30
1661904000,138.777,139.007,138.273,138.954,171119,0,0,2022-08-31
1661990400,138.928,140.23,138.798,140.193,182830,0,0,2022-09-01
1662076800,140.197,140.801,139.871,140.222,169399,0,0,2022-09-02
1662336000,140.143,140.663,140.108,140.574,155390,0,0,2022-09-05
1662422400,140.574,143.075,140.248,142.787,189454,0,0,2022-09-06
1662508800,142.758,144.992,142.654,143.742,222821,0,0,2022-09-07
1662595200,143.742,144.558,143.318,144.102,198022,0,0,2022-09-08
1662681600,144.077,144.11,141.499,142.63,233681,0,0,2022-09-09
1662940800,142.097,143.495,142.094,142.814,177712,0,0,2022-09-12
1663027200,142.81,144.688,141.623,144.576,230148,0,0,2022-09-13
1663113600,144.576,144.958,142.548,143.13,229044,0,0,2022-09-14
1663200000,142.899,143.799,142.753,143.523,134721,0,0,2022-09-15
1663286400,143.523,143.689,142.825,142.956,115755,0,0,2022-09-16
1663545600,142.851,143.645,142.639,143.198,99953,0,0,2022-09-19
1663632000,143.193,143.923,142.929,143.717,109874,0,0,2022-09-20
1663718400,143.697,144.697,143.34,144.09,172650,0,0,2022-09-21
1663804800,144.017,145.898,140.348,142.406,171056,0,0,2022-09-22
1663891200,142.341,143.457,141.761,143.332,163473,0,0,2022-09-23
1664150400,143.633,144.789,143.209,144.76,184447,0,0,2022-09-26
1664236800,144.703,144.904,144.057,144.808,148415,0,0,2022-09-27
1664323200,144.771,144.87,143.903,144.122,159389,0,0,2022-09-28
1664409600,144.027,144.811,144.015,144.42,150925,0,0,2022-09-29
1664496000,144.428,144.808,144.203,144.793,144457,0,0,2022-09-30
1664755200,144.596,145.316,144.154,144.535,129372,0,0,2022-10-03
1664841600,144.543,144.933,143.89,144.095,122181,0,0,2022-10-04
1664928000,144.071,144.846,143.524,144.675,131179,0,0,2022-10-05
1665014400,144.58,145.14,144.382,145.135,128829,0,0,2022-10-06
1665100800,145.116,145.441,144.653,145.384,120006,0,0,2022-10-07
1665360000,145.201,145.805,145.201,145.714,172896,0,0,2022-10-10
1665446400,145.694,145.897,145.423,145.848,201778,0,0,2022-10-11
1665532800,145.843,146.974,145.685,146.897,227884,0,0,2022-10-12
1665619200,146.888,147.667,146.443,147.187,207391,0,0,2022-10-13
1665705600,147.116,148.863,146.99,148.743,135534,0,0,2022-10-14
1665964800,148.559,149.089,148.409,149.03,182699,0,0,2022-10-17
1666051200,149.01,149.387,148.125,149.239,186359,0,0,2022-10-18
1666137600,149.237,149.908,149.1,149.899,162663,0,0,2022-10-19
1666224000,149.871,150.287,149.554,150.142,171815,1,0,2022-10-20
1666310400,150.115,151.945,146.193,147.674,229859,0,0,2022-10-21
1666569600,147.576,149.709,145.548,148.991,200591,0,0,2022-10-24
1666656000,148.997,149.095,147.515,147.914,172219,0,0,2022-10-25
1666742400,147.903,148.41,146.223,146.392,204477,0,0,2022-10-26
1666828800,146.389,146.934,145.105,146.286,150645,0,0,2022-10-27
1666915200,146.255,147.861,145.985,147.476,126799,0,0,2022-10-28
1667174400,147.753,148.851,147.544,148.756,163475,0,0,2022-10-31
1667260800,148.755,148.825,146.99,148.226,196619,0,0,2022-11-01
1667347200,148.219,148.358,145.672,147.789,214995,0,0,2022-11-02
1667433600,147.77,148.452,147.109,148.199,195817,0,0,2022-11-03
1667520000,148.177,148.407,146.551,146.655,193560,0,0,2022-11-04
1667779200,146.98,147.57,146.084,146.555,177498,0,0,2022-11-07
1667865600,146.659,146.936,145.311,145.667,165984,0,0,2022-11-08
1667952000,145.649,146.793,145.169,146.402,127342,0,0,2022-11-09
1668038400,146.489,146.59,140.199,140.949,166579,0,0,2022-11-10
1668124800,140.952,142.48,138.463,138.767,187973,0,0,2022-11-11
1668384000,139.083,140.801,138.797,139.896,219527,0,0,2022-11-14
1668470400,139.868,140.627,137.671,139.274,272914,0,0,2022-11-15
1668556800,139.243,140.292,138.723,139.52,241293,0,0,2022-11-16
1668643200,139.494,140.742,138.875,140.194,219412,0,0,2022-11-17
1668729600,140.162,140.5,139.634,140.378,210385,0,0,2022-11-18
1668988800,140.256,142.254,140.156,142.142,181650,0,0,2022-11-21
1669075200,142.117,142.242,141.083,141.212,178404,0,0,2022-11-22
1669161600,141.232,141.611,139.163,139.593,190394,0,0,2022-11-23
1669248000,139.61,139.61,138.048,138.609,168375,0,0,2022-11-24
1669334400,138.457,139.598,138.34,139.17,155275,0,0,2022-11-25
1669593600,139.262,139.427,137.5,138.937,204259,0,0,2022-11-28
1669680000,138.908,139.357,137.868,138.696,184773,0,0,2022-11-29
1669766400,138.664,139.895,137.652,138.036,151109,0,0,2022-11-30
1669852800,138.03,138.103,135.211,135.292,166013,0,0,2022-12-01
1669939200,135.26,135.981,133.62,134.314,136456,0,0,2022-12-02
1670198400,134.567,136.86,134.128,136.777,122860,0,0,2022-12-05
1670284800,136.719,137.427,135.962,137.056,124803,0,0,2022-12-06
1670371200,137.026,137.855,136.216,136.605,133414,0,0,2022-12-07
1670457600,136.613,137.246,136.239,136.696,101149,0,0,2022-12-08
1670544000,136.623,136.909,135.605,136.575,112667,0,0,2022-12-09
1670803200,136.442,137.851,136.442,137.635,93554,0,0,2022-12-12
1670889600,137.644,137.968,134.652,135.59,142585,0,0,2022-12-13
1670976000,135.553,135.989,134.511,135.471,132599,0,0,2022-12-14
1671062400,135.432,138.173,135.23,137.755,132422,0,0,2022-12-15
1671148800,137.872,137.872,136.292,136.718,113762,0,0,2022-12-16
1671408000,135.816,137.162,135.749,136.906,115764,0,0,2022-12-19
1671494400,136.894,137.472,130.567,131.706,175960,0,0,2022-12-20
1671580800,131.541,132.528,131.4,132.429,113171,0,0,2022-12-21
1671667200,132.411,132.724,131.64,132.33,88012,0,0,2022-12-22
1671753600,132.471,133.136,132.146,132.789,87816,0,0,2022-12-23
1672012800,132.663,133.225,132.473,132.89,5162,9,0,2022-12-26
1672099200,132.89,133.596,132.632,133.475,55738,0,0,2022-12-27
1672185600,133.452,134.5,133.21,134.476,77382,0,0,2022-12-28
1672272000,134.428,134.428,132.879,133.019,83126,0,0,2022-12-29
1672358400,132.995,133.095,130.769,131.109,113707,0,0,2022-12-30
1672617600,130.921,131.051,130.622,130.668,20257,0,0,2023-01-02
1672704000,130.671,131.398,129.506,131.011,152420,0,0,2023-01-03
1672790400,131.02,132.714,129.924,132.621,131499,0,0,2023-01-04
1672876800,132.552,134.05,131.679,133.402,125780,0,0,2023-01-05
1672963200,133.384,134.775,131.993,132.138,138695,0,0,2023-01-06
1673222400,131.867,132.655,131.304,131.882,113984,0,0,2023-01-09
1673308800,131.773,132.473,131.38,132.236,107866,0,0,2023-01-10
1673395200,132.225,132.873,131.947,132.48,86868,0,0,2023-01-11
1673481600,132.39,132.485,128.861,129.257,149985,0,0,2023-01-12
1673568000,129.233,129.406,127.458,127.856,119862,0,0,2023-01-13
1673827200,127.752,128.863,127.218,128.556,81628,0,0,2023-01-16
1673913600,128.46,129.155,127.989,128.139,98235,0,0,2023-01-17
1674000000,128.111,131.574,127.563,128.906,159648,0,0,2023-01-18
1674086400,128.876,128.888,127.761,128.419,92617,0,0,2023-01-19
1674172800,128.391,130.612,128.348,129.585,87770,0,0,2023-01-20
1674432000,129.456,130.888,129.041,130.664,82264,0,0,2023-01-23
1674518400,130.627,131.117,129.727,130.159,73080,0,0,2023-01-24
1674604800,130.158,130.583,129.269,129.579,78617,0,0,2023-01-25
1674691200,129.558,130.618,129.022,130.218,83821,0,0,2023-01-26
1674777600,130.209,130.272,129.495,129.833,78989,0,0,2023-01-27
1675036800,129.617,130.568,129.2,130.442,78934,0,0,2023-01-30
1675123200,130.404,130.53,129.744,130.102,71915,0,0,2023-01-31
1675209600,130.067,130.411,128.532,128.948,92612,0,0,2023-02-01
1675296000,128.937,129.131,128.08,128.686,95237,0,0,2023-02-02
1675382400,128.677,131.199,128.328,131.18,134673,0,0,2023-02-03
1675641600,132.292,132.903,131.506,132.652,171759,0,0,2023-02-06
1675728000,132.626,132.704,130.476,131.035,192667,0,0,2023-02-07
1675814400,131.058,131.54,130.597,131.379,176842,0,0,2023-02-08
1675900800,131.362,131.828,130.344,131.556,167519,0,0,2023-02-09
1675987200,131.564,131.889,129.803,131.372,203494,0,0,2023-02-10
1676246400,131.335,132.911,131.335,132.408,148331,0,0,2023-02-13
1676332800,132.373,133.315,131.5,133.106,198562,0,0,2023-02-14
1676419200,133.135,134.359,132.544,134.158,159000,0,0,2023-02-15
1676505600,134.136,134.464,133.605,133.941,169541,0,0,2023-02-16
1676592000,133.958,135.107,133.912,134.146,140682,0,0,2023-02-17
1676851200,134.202,134.538,133.923,134.22,109359,0,0,2023-02-20
1676937600,134.208,135.229,134.145,135.012,104135,0,0,2023-02-21
1677024000,134.996,135.06,134.365,134.922,112255,0,0,2023-02-22
1677110400,134.855,135.364,134.487,134.67,88566,0,0,2023-02-23
1677196800,134.684,136.519,134.052,136.483,131958,0,0,2023-02-24
1677456000,136.404,136.556,135.917,136.229,90157,0,0,2023-02-27
1677542400,136.219,136.918,135.73,136.217,101800,0,0,2023-02-28
1677628800,136.224,136.467,135.255,136.217,107065,0,0,2023-03-01
1677715200,136.186,137.098,136.018,136.752,115085,0,0,2023-03-02
1677801600,136.743,136.768,135.743,135.826,107765,0,0,2023-03-03
1678060800,135.94,136.189,135.364,135.929,90770,0,0,2023-03-06
1678147200,135.916,137.194,135.54,137.153,109601,0,0,2023-03-07
1678233600,137.144,137.911,136.477,137.376,85274,0,0,2023-03-08
1678320000,137.341,137.354,135.937,136.114,79908,0,0,2023-03-09
1678406400,136.115,136.994,134.113,135.06,178967,0,0,2023-03-10
1678665600,133.871,135.05,132.282,133.193,303671,0,0,2023-03-13
1678752000,133.202,134.903,133.026,134.23,236533,0,0,2023-03-14
1678838400,134.232,135.113,132.213,133.313,274237,0,0,2023-03-15
1678924800,133.311,133.823,131.716,133.583,269980,0,0,2023-03-16
1679011200,133.561,133.656,131.552,131.82,224821,0,0,2023-03-17
1679270400,131.799,132.652,130.537,131.309,248258,0,0,2023-03-20
1679356800,131.275,132.628,131.029,132.42,178326,0,0,2023-03-21
1679443200,132.449,133.003,131.005,131.342,170661,0,0,2023-03-22
1679529600,131.342,131.664,130.318,130.803,214174,0,0,2023-03-23
1679616000,130.803,130.937,129.64,130.725,216139,0,0,2023-03-24
1679875200,130.421,131.758,130.419,131.563,161610,0,0,2023-03-27
1679961600,131.552,131.56,130.402,130.916,176952,0,0,2023-03-28
1680048000,130.89,132.886,130.754,132.833,168233,0,0,2023-03-29
1680134400,132.856,132.967,132.206,132.699,159198,0,0,2023-03-30
1680220800,132.671,133.593,132.579,132.819,164965,0,0,2023-03-31
1680480000,133.312,133.757,132.201,132.404,170844,0,0,2023-04-03
1680566400,132.397,133.17,131.52,131.708,162148,0,0,2023-04-04
1680652800,131.705,131.844,130.629,131.338,179357,0,0,2023-04-05
1680739200,131.315,131.904,130.774,131.791,137465,0,0,2023-04-06
1680825600,131.757,132.38,131.522,132.176,120718,0,0,2023-04-07
1681084800,132.107,133.87,131.824,133.601,152822,0,0,2023-04-10
1681171200,133.588,133.806,132.972,133.698,146078,0,0,2023-04-11
1681257600,133.683,134.047,132.732,133.139,127017,0,0,2023-04-12
1681344000,133.134,133.395,132.021,132.57,116557,0,0,2023-04-13
1681430400,132.564,133.838,132.169,133.745,150876,0,0,2023-04-14
1681689600,133.799,134.573,133.711,134.48,131082,0,0,2023-04-17
1681776000,134.463,134.705,133.863,134.093,148032,0,0,2023-04-18
1681862400,134.085,135.139,133.953,134.688,148306,0,0,2023-04-19
1681948800,134.699,134.973,134.012,134.235,161532,0,0,2023-04-20
1682035200,134.234,134.49,133.547,134.125,145006,0,0,2023-04-21
1682294400,133.97,134.731,133.891,134.261,128940,0,0,2023-04-24
1682380800,134.241,134.476,133.366,133.711,154336,0,0,2023-04-25
1682467200,133.696,133.944,133.014,133.675,178356,0,0,2023-04-26
1682553600,133.642,134.194,133.212,133.987,154984,0,0,2023-04-27
1682640000,133.977,136.562,133.333,136.278,177580,0,0,2023-04-28
1682899200,136.112,137.54,136.112,137.457,130649,0,0,2023-05-01
1682985600,137.455,137.775,136.312,136.575,178692,0,0,2023-05-02
1683072000,136.545,136.616,134.825,134.831,169896,0,0,2023-05-03
1683158400,134.742,134.878,133.497,134.26,202775,0,0,2023-05-04
1683244800,134.266,135.126,133.883,134.832,138953,0,0,2023-05-05
1683504000,134.802,135.296,134.64,135.106,143343,0,0,2023-05-08
1683590400,135.108,135.362,134.721,135.229,165033,0,0,2023-05-09
1683676800,135.223,135.471,134.111,134.377,188382,0,0,2023-05-10
1683763200,134.356,134.844,133.743,134.561,191730,0,0,2023-05-11
1683849600,134.547,135.752,134.4,135.723,160888,0,0,2023-05-12
1684108800,135.628,136.324,135.619,136.106,145990,0,0,2023-05-15
1684195200,136.091,136.682,135.67,136.396,143777,0,0,2023-05-16
1684281600,136.367,137.707,136.302,137.61,147834,0,0,2023-05-17
1684368000,137.693,138.745,137.286,138.703,144058,0,0,2023-05-18
1684454400,138.694,138.722,137.424,137.964,120795,0,0,2023-05-19
1684713600,137.986,138.688,137.491,138.584,111922,0,0,2023-05-22
1684800000,138.579,138.91,138.242,138.586,129451,0,0,2023-05-23
1684886400,138.564,139.471,138.229,139.452,135029,0,0,2023-05-24
1684972800,139.461,140.227,138.811,140.042,138233,0,0,2023-05-25
1685059200,140.028,140.723,139.494,140.592,120564,0,0,2023-05-26
1685318400,140.567,140.916,140.111,140.438,59246,0,0,2023-05-29
1685404800,140.431,140.93,139.568,139.775,103488,0,0,2023-05-30
1685491200,139.773,140.411,139.233,139.307,115417,0,0,2023-05-31
1685577600,139.328,139.95,138.433,138.806,104278,0,0,2023-06-01
1685664000,138.78,140.068,138.604,139.964,93726,0,0,2023-06-02
1685923200,139.947,140.453,139.25,139.563,94061,0,0,2023-06-05
1686009600,139.569,139.992,139.095,139.661,84519,0,0,2023-06-06
1686096000,139.62,140.244,139.022,140.181,93750,0,0,2023-06-07
1686182400,140.16,140.22,138.807,138.92,99346,0,0,2023-06-08
1686268800,138.911,139.724,138.758,139.373,80693,0,0,2023-06-09
1686528000,139.262,139.766,139.062,139.599,91845,0,0,2023-06-12
1686614400,139.596,140.309,139.01,140.229,95152,0,0,2023-06-13
1686700800,140.211,140.273,139.282,140.11,110392,0,0,2023-06-14
1686787200,140.068,141.505,139.938,140.28,117113,0,0,2023-06-15
1686873600,140.259,141.91,139.851,141.882,120695,0,0,2023-06-16
1687132800,141.662,142.001,141.44,141.987,71110,0,0,2023-06-19
1687219200,141.978,142.249,141.213,141.441,117522,0,0,2023-06-20
1687305600,141.457,142.371,141.28,141.877,111482,0,0,2023-06-21
1687392000,141.751,143.227,141.609,143.109,96942,0,0,2023-06-22
1687478400,143.085,143.87,142.678,143.696,116073,0,0,2023-06-23
1687737600,143.476,143.712,142.938,143.502,113679,0,0,2023-06-26
1687824000,143.5,144.175,143.282,144.062,131583,0,0,2023-06-27
1687910400,144.062,144.617,143.729,144.481,141109,0,0,2023-06-28
1687996800,144.478,144.898,144.13,144.733,145059,0,0,2023-06-29
1688083200,144.733,145.069,144.2,144.297,129797,0,0,2023-06-30
1688342400,144.351,144.911,143.981,144.637,95791,0,0,2023-07-03
1688428800,144.643,144.699,144.204,144.442,52516,0,0,2023-07-04
1688515200,144.445,144.733,144.078,144.643,92065,0,0,2023-07-05
1688601600,144.643,144.652,143.553,144.055,130745,0,0,2023-07-06
1688688000,144.059,144.196,142.068,142.088,129073,0,0,2023-07-07
1688947200,142.121,143.005,141.275,141.299,106576,0,0,2023-07-10
1689033600,141.299,141.457,140.159,140.353,107921,0,0,2023-07-11
1689120000,140.357,140.375,138.153,138.491,142118,0,0,2023-07-12
1689206400,138.483,138.956,137.921,138.038,123616,0,0,2023-07-13
1689292800,138.028,139.155,137.233,138.81,124212,0,0,2023-07-14
1689552000,138.69,139.405,137.994,138.703,96781,0,0,2023-07-17
1689638400,138.705,139.132,137.682,138.822,130884,0,0,2023-07-18
1689724800,138.824,139.992,138.749,139.634,115115,0,0,2023-07-19
1689811200,139.541,140.497,139.107,140.065,112627,0,0,2023-07-20
1689897600,140.068,141.952,139.747,141.778,117706,0,0,2023-07-21
1690156800,141.631,141.81,140.739,141.468,104391,0,0,2023-07-24
1690243200,141.466,141.743,140.849,140.899,96925,0,0,2023-07-25
1690329600,141.008,141.182,139.921,140.235,111703,0,0,2023-07-26
1690416000,140.169,141.32,138.765,139.491,162220,0,0,2023-07-27
1690502400,139.455,141.177,138.06,141.158,245503,0,0,2023-07-28
1690761600,140.945,142.688,140.688,142.276,120359,0,0,2023-07-31
1690848000,142.287,143.542,142.204,143.32,104650,0,0,2023-08-01
1690934400,143.317,143.475,142.229,143.321,128932,0,0,2023-08-02
1691020800,143.323,143.888,142.064,142.56,167085,0,0,2023-08-03
1691107200,142.535,142.895,141.549,141.702,128832,0,0,2023-08-04
1691366400,141.634,142.583,141.51,142.478,91142,0,0,2023-08-07
1691452800,142.489,143.49,142.397,143.364,116275,0,0,2023-08-08
1691539200,143.358,143.748,142.996,143.713,89021,0,0,2023-08-09
1691625600,143.714,144.814,143.28,144.735,121041,0,0,2023-08-10
1691712000,144.735,144.999,144.416,144.942,87404,0,0,2023-08-11
1691971200,144.899,145.577,144.651,145.54,92746,0,0,2023-08-14
1692057600,145.544,145.864,145.101,145.561,113212,0,0,2023-08-15
1692144000,145.556,146.406,145.307,146.342,89853,0,0,2023-08-16
1692230400,146.333,146.561,145.621,145.824,107104,0,0,2023-08-17
1692316800,145.82,145.862,144.927,145.373,106951,0,0,2023-08-18
1692576000,145.303,146.404,145.14,146.21,87127,0,0,2023-08-21
1692662400,146.207,146.4,145.497,145.88,88295,0,0,2023-08-22
1692748800,145.88,145.882,144.538,144.822,106448,0,0,2023-08-23
1692835200,144.813,145.961,144.602,145.814,88939,1,0,2023-08-24
1692921600,145.814,146.635,145.716,146.395,111055,1,0,2023-08-25
1693180800,146.43,146.745,146.273,146.529,68954,1,0,2023-08-28
1693267200,146.526,147.375,145.667,145.868,106677,1,0,2023-08-29
1693353600,145.868,146.537,145.559,146.219,105260,1,0,2023-08-30
1693440000,146.218,146.241,145.348,145.522,103221,0,0,2023-08-31
1693526400,145.522,146.294,144.439,146.212,118925,1,0,2023-09-01
1693785600,146.154,146.498,146.021,146.45,45681,0,0,2023-09-04
1693872000,146.468,147.801,146.269,147.699,88453,0,0,2023-09-05
1693958400,147.708,147.817,147.016,147.653,84763,1,0,2023-09-06
1694044800,147.594,147.873,147.043,147.267,79035,1,0,2023-09-07
1694131200,147.281,147.869,146.583,147.788,80291,1,0,2023-09-08
1694390400,146.997,147.26,145.899,146.561,116890,1,0,2023-09-11
1694476800,146.577,147.234,146.434,147.082,72299,0,0,2023-09-12
1694563200,147.075,147.745,147.011,147.447,102353,1,0,2023-09-13
1694649600,147.452,147.568,147.015,147.467,100097,1,0,2023-09-14
1694736000,147.463,147.95,147.338,147.828,90381,1,0,2023-09-15
1694995200,147.688,147.877,147.553,147.588,62251,0,0,2023-09-18
1695081600,147.605,147.921,147.502,147.852,61593,1,0,2023-09-19
1695168000,147.852,148.352,147.473,148.323,89728,1,0,2023-09-20
1695254400,148.338,148.461,147.32,147.557,88748,1,0,2023-09-21
1695340800,147.588,148.419,147.504,148.365,75677,1,0,2023-09-22
1695600000,148.176,148.961,148.176,148.856,39219,0,0,2023-09-25
1695686400,148.87,149.186,148.702,149.052,47511,0,0,2023-09-26
1695772800,148.973,149.708,148.858,149.626,47441,0,0,2023-09-27
1695859200,149.486,149.637,149.144,149.304,55441,1,0,2023-09-28
1695945600,149.236,149.503,148.523,149.325,67290,1,0,2023-09-29
1696204800,149.605,149.875,149.404,149.852,47641,1,0,2023-10-02
1696291200,149.842,150.158,147.291,148.978,77059,0,0,2023-10-03
1696377600,148.987,149.318,148.732,149.107,63716,1,0,2023-10-04
1696464000,149.111,149.118,148.254,148.497,108228,0,0,2023-10-05
1696550400,148.5,149.535,148.294,149.255,118870,1,0,2023-10-06
1696809600,149.04,149.234,148.43,148.492,97738,1,0,2023-10-09
1696896000,148.493,149.097,148.161,148.706,113245,0,0,2023-10-10
1696982400,148.675,149.323,148.424,149.155,121057,0,0,2023-10-11
1697068800,149.125,149.828,148.955,149.802,122149,1,0,2023-10-12
1697155200,149.768,149.828,149.453,149.563,100664,1,0,2023-10-13
1697414400,149.342,149.762,149.325,149.504,79539,0,0,2023-10-16
1697500800,149.491,149.848,148.959,149.792,72407,0,0,2023-10-17
1697587200,149.803,149.931,149.481,149.914,72144,0,0,2023-10-18
1697673600,149.894,149.959,149.663,149.776,105257,0,0,2023-10-19
1697760000,149.712,149.989,149.632,149.845,80215,0,0,2023-10-20
1698019200,149.78,149.986,149.551,149.692,63521,0,0,2023-10-23
1698105600,149.707,149.946,149.317,149.895,79246,0,0,2023-10-24
1698192000,149.913,150.313,149.791,150.231,64539,0,0,2023-10-25
1698278400,150.177,150.775,149.839,150.362,73461,0,0,2023-10-26
1698364800,150.375,150.408,149.456,149.604,83874,0,0,2023-10-27
1698624000,149.496,149.851,148.802,149.061,70228,0,0,2023-10-30
1698710400,149.018,151.706,149.014,151.618,126632,3,0,2023-10-31
1698796800,151.604,151.624,150.659,150.902,96762,0,0,2023-11-01
1698883200,150.889,150.924,149.842,150.435,76133,0,0,2023-11-02
1698969600,150.435,150.513,149.187,149.352,82865,0,0,2023-11-03
1699228800,149.302,150.074,149.299,150.068,48139,0,0,2023-11-06
1699315200,150.069,150.689,149.862,150.322,36193,0,0,2023-11-07
1699401600,150.294,151.053,150.288,150.96,36171,0,0,2023-11-08
1699488000,150.972,151.384,150.766,151.342,44117,0,0,2023-11-09
1699574400,151.331,151.598,151.219,151.521,44867,0,0,2023-11-10
1699833600,151.417,151.906,151.198,151.715,54269,0,0,2023-11-13
1699920000,151.718,151.782,150.15,150.376,80431,0,0,2023-11-14
1700006400,150.369,151.418,150.048,151.362,88615,0,0,2023-11-15
1700092800,151.21,151.427,150.283,150.711,49554,0,0,2023-11-16
1700179200,150.716,150.77,149.192,149.576,59084,0,0,2023-11-17
1700438400,149.503,149.986,148.1,148.339,71934,0,0,2023-11-20
1700524800,148.348,148.591,147.15,148.385,80171,1,0,2023-11-21
1700611200,148.289,149.746,148.014,149.52,69709,0,0,2023-11-22
1700697600,149.499,149.685,148.887,149.547,21852,0,0,2023-11-23
1700784000,149.525,149.708,149.194,149.408,24848,0,0,2023-11-24
1701043200,149.366,149.67,148.541,148.668,37281,0,0,2023-11-27
1701129600,148.667,148.828,147.32,147.464,45511,1,0,2023-11-28
1701216000,147.483,147.902,146.669,147.231,55576,3,0,2023-11-29
1701302400,147.232,148.509,146.838,148.179,66026,0,0,2023-11-30
1701388800,148.179,148.348,146.66,146.788,64091,0,0,2023-12-01
1701648000,146.682,147.452,146.226,147.203,69257,0,0,2023-12-04
1701734400,147.132,147.387,146.558,147.134,63188,0,0,2023-12-05
1701820800,147.139,147.497,146.897,147.293,52548,0,0,2023-12-06
1701907200,147.307,147.309,141.633,144.093,89590,0,0,2023-12-07
1701993600,144.12,145.218,142.496,144.9,93410,0,0,2023-12-08
1702252800,144.934,146.586,144.813,146.147,66791,0,0,2023-12-11
1702339200,146.148,146.176,144.735,145.431,63161,0,0,2023-12-12
1702425600,145.5,145.992,142.638,142.884,74453,0,0,2023-12-13
1702512000,142.885,142.912,140.959,141.855,96341,0,0,2023-12-14
1702598400,141.848,142.466,141.427,142.099,228453,0,0,2023-12-15
1702857600,142.024,143.158,142.013,142.761,225992,0,0,2023-12-18
1702944000,142.725,144.958,142.24,143.814,410903,0,0,2023-12-19
1703030400,143.816,144.096,143.262,143.55,253358,2,0,2023-12-20
1703116800,143.571,143.571,142.043,142.101,266430,3,0,2023-12-21
1703203200,142.064,142.663,141.858,142.389,243309,0,0,2023-12-22
1703462400,142.345,142.485,142.216,142.409,244,54,0,2023-12-25
1703548800,142.277,142.635,142.09,142.395,106256,3,0,2023-12-26
1703635200,142.394,142.846,141.542,141.812,179611,0,0,2023-12-27
1703721600,141.818,141.824,140.249,141.368,250792,0,0,2023-12-28
1703808000,141.338,141.913,140.791,140.991,221987,1,0,2023-12-29
1704153600,140.83,142.216,140.807,141.97,237476,0,0,2024-01-02
1704240000,141.829,143.731,141.771,143.288,275087,3,0,2024-01-03
1704326400,143.289,144.852,142.85,144.622,267701,3,0,2024-01-04
1704412800,144.518,145.979,143.806,144.558,354170,2,0,2024-01-05
1704672000,144.441,144.918,143.662,144.22,229689,1,0,2024-01-08
1704758400,144.195,144.62,143.417,144.464,252199,0,0,2024-01-09
1704844800,144.44,145.83,144.316,145.749,210003,1,0,2024-01-10
1704931200,145.736,146.417,144.953,145.274,344680,3,0,2024-01-11
1705017600,145.256,145.568,144.349,144.906,303780,1,0,2024-01-12
1705276800,144.849,145.942,144.749,145.708,163386,0,0,2024-01-15
1705363200,145.709,147.311,145.582,147.182,313385,1,0,2024-01-16
1705449600,147.182,148.528,147.042,148.154,301866,0,0,2024-01-17
1705536000,148.141,148.302,147.654,148.154,272255,1,0,2024-01-18
1705622400,148.154,148.804,147.835,148.112,266831,3,0,2024-01-19
1705881600,148.212,148.304,147.616,148.092,230170,3,0,2024-01-22
1705968000,148.093,148.693,146.977,148.321,334622,3,0,2024-01-23
1706054400,148.319,148.396,146.646,147.497,305222,2,0,2024-01-24
1706140800,147.489,147.949,147.083,147.652,288074,3,0,2024-01-25
1706227200,147.634,148.204,147.422,148.15,248643,3,0,2024-01-26
1706486400,148.063,148.332,147.246,147.487,190842,3,0,2024-01-29
1706572800,147.496,147.928,147.086,147.594,222968,2,0,2024-01-30
1706659200,147.592,147.901,146.005,146.894,440600,0,0,2024-01-31
1706745600,146.89,147.114,145.895,146.412,355362,0,0,2024-02-01
1706832000,146.421,148.586,146.198,148.341,284890,0,0,2024-02-02
1707091200,148.408,148.895,148.264,148.669,232604,3,0,2024-02-05
1707177600,148.669,148.788,147.815,147.933,150961,3,0,2024-02-06
1707264000,147.935,148.258,147.617,148.177,112156,3,0,2024-02-07
1707350400,148.173,149.479,147.928,149.308,119391,3,0,2024-02-08
1707436800,149.309,149.576,149.008,149.251,103861,3,0,2024-02-09
1707696000,149.21,149.478,148.926,149.332,92689,4,0,2024-02-12
1707782400,149.334,150.881,149.193,150.818,111920,3,0,2024-02-13
1707868800,150.798,150.806,150.34,150.547,106893,4,0,2024-02-14
1707955200,150.544,150.573,149.531,149.899,116060,1,0,2024-02-15
1708041600,149.894,150.646,149.823,150.176,105254,4,0,2024-02-16
1708300800,150.08,150.19,149.871,150.109,62836,2,0,2024-02-19
1708387200,150.108,150.436,149.681,149.996,104393,4,0,2024-02-20
1708473600,149.994,150.39,149.849,150.289,96719,4,0,2024-02-21
1708560000,150.302,150.686,150.015,150.52,113102,4,0,2024-02-22
1708646400,150.524,150.768,150.292,150.504,89984,1,0,2024-02-23
1708905600,150.493,150.835,150.239,150.676,96939,4,0,2024-02-26
1708992000,150.683,150.704,150.074,150.486,89318,4,0,2024-02-27
1709078400,150.502,150.843,150.369,150.679,91892,4,0,2024-02-28
1709164800,150.684,150.692,149.205,149.955,128047,4,0,2024-02-29
1709251200,149.968,150.721,149.903,150.062,112792,4,0,2024-03-01
1709510400,149.985,150.568,149.836,150.502,94471,4,0,2024-03-04
1709596800,150.523,150.541,149.702,150.049,105221,3,0,2024-03-05
1709683200,150.046,150.081,149.09,149.366,114071,1,0,2024-03-06
1709769600,149.367,149.387,147.578,148.022,144723,4,0,2024-03-07
1709856000,148.04,148.114,146.48,147.05,137922,4,0,2024-03-08
1710115200,147.03,147.147,146.483,146.953,105877,4,0,2024-03-11
1710201600,146.952,148.175,146.615,147.607,89535,0,0,2024-03-12
1710288000,147.623,148.043,147.232,147.623,65889,0,0,2024-03-13
1710374400,147.622,148.356,147.437,148.281,65531,0,0,2024-03-14
1710460800,148.281,149.163,148.031,149.005,57737,0,0,2024-03-15
1710720000,149.05,149.329,148.906,149.1,51403,0,0,2024-03-18
1710806400,149.094,150.962,149.0,150.77,68873,0,0,2024-03-19
1710892800,150.769,151.817,150.715,151.191,62232,0,0,2024-03-20
1710979200,151.19,151.753,150.261,151.583,70354,0,0,2024-03-21
1711065600,151.585,151.86,151.001,151.415,63267,0,0,2024-03-22
1711324800,151.425,151.542,151.051,151.399,48813,0,0,2024-03-25
1711411200,151.398,151.603,151.207,151.508,44375,0,0,2024-03-26
1711497600,151.508,151.968,151.025,151.256,56573,0,0,2024-03-27
1711584000,151.254,151.542,151.148,151.371,49019,0,0,2024-03-28
1711670400,151.369,151.497,151.173,151.321,20095,3,0,2024-03-29
1711929600,151.31,151.77,151.218,151.637,39286,0,0,2024-04-01
1712016000,151.642,151.802,151.462,151.549,43138,0,0,2024-04-02
1712102400,151.531,151.954,151.439,151.684,42375,0,0,2024-04-03
1712188800,151.67,151.77,151.119,151.332,42017,0,0,2024-04-04
1712275200,151.336,151.75,150.81,151.617,56675,0,0,2024-04-05
1712534400,151.64,151.942,151.543,151.81,39040,0,0,2024-04-08
1712620800,151.817,151.935,151.568,151.765,38792,0,0,2024-04-09
1712707200,151.759,153.235,151.65,153.143,51824,0,0,2024-04-10
1712793600,153.153,153.317,152.757,153.249,56791,0,0,2024-04-11
1712880000,153.268,153.383,152.592,153.262,57667,0,0,2024-04-12
1713139200,153.05,154.442,152.951,154.264,62774,0,0,2024-04-15
1713225600,154.268,154.784,153.893,154.69,61384,0,0,2024-04-16
1713312000,154.695,154.732,154.155,154.372,50270,0,0,2024-04-17
1713398400,154.374,154.676,153.957,154.632,55586,0,0,2024-04-18
1713484800,154.612,154.671,153.588,154.625,88800,0,0,2024-04-19
1713744000,154.479,154.851,154.356,154.835,30096,0,0,2024-04-22
1713830400,154.835,154.875,154.556,154.822,29895,0,0,2024-04-23
1713916800,154.825,155.371,154.728,155.338,31651,0,0,2024-04-24
1714003200,155.316,155.745,155.193,155.643,36551,0,0,2024-04-25
1714089600,155.61,158.44,154.963,158.333,46350,0,0,2024-04-26
1714348800,157.87,160.222,154.53,156.338,69166,0,0,2024-04-29
1714435200,156.329,157.841,156.051,157.789,45340,0,0,2024-04-30
1714521600,157.78,157.986,152.996,154.614,44630,0,0,2024-05-01
1714608000,154.575,156.279,153.053,153.697,66271,0,0,2024-05-02
1714694400,153.592,153.778,151.86,152.946,55940,0,0,2024-05-03
1714953600,152.92,154.005,152.747,153.87,40282,0,0,2024-05-06
1715040000,153.901,154.745,153.84,154.683,42439,0,0,2024-05-07
1715126400,154.684,155.678,154.507,155.523,37159,0,0,2024-05-08
1715212800,155.546,155.952,155.159,155.469,35738,0,0,2024-05-09
1715299200,155.474,155.904,155.262,155.751,32581,0,0,2024-05-10
1715558400,155.742,156.245,155.507,156.185,29542,0,0,2024-05-13
1715644800,156.201,156.79,156.011,156.413,31301,0,0,2024-05-14
1715731200,156.389,156.558,154.688,154.865,43623,0,0,2024-05-15
1715817600,154.856,155.528,153.597,155.359,50432,0,0,2024-05-16
1715904000,155.363,155.979,155.248,155.613,34412,0,0,2024-05-17
1716163200,155.61,156.3,155.497,156.236,32301,0,0,2024-05-20
1716249600,156.222,156.544,155.847,156.148,37642,0,0,2024-05-21
1716336000,156.141,156.832,156.092,156.765,34424,0,0,2024-05-22
1716422400,156.769,157.194,156.526,156.898,37261,0,0,2024-05-23
1716508800,156.901,157.143,156.822,156.987,31209,0,0,2024-05-24
1716768000,156.94,157.01,156.662,156.879,21423,0,0,2024-05-27
1716854400,156.808,157.198,156.58,157.127,32014,0,0,2024-05-28
1716940800,157.13,157.708,156.894,157.627,32049,0,0,2024-05-29
1717027200,157.626,157.667,156.372,156.768,45206,0,0,2024-05-30
1717113600,156.795,157.365,156.557,157.22,46209,0,0,2024-05-31
1717372800,157.18,157.472,155.949,156.047,43275,0,0,2024-06-03
1717459200,156.049,156.484,154.544,154.875,55218,0,0,2024-06-04
1717545600,154.873,156.482,154.783,156.065,48866,0,0,2024-06-05
1717632000,156.075,156.444,155.366,155.591,48484,0,0,2024-06-06
1717718400,155.528,157.074,155.123,156.762,49834,0,0,2024-06-07
1717977600,156.68,157.194,156.518,156.992,42543,0,0,2024-06-10
1718064000,156.994,157.402,156.806,157.115,40049,0,0,2024-06-11
1718150400,157.113,157.37,155.718,156.703,46766,0,0,2024-06-12
1718236800,156.703,157.312,156.561,157.017,46176,0,0,2024-06-13
1718323200,157.003,158.255,156.81,157.355,58914,0,0,2024-06-14
1718582400,157.295,157.958,157.155,157.715,38759,0,0,2024-06-17
1718668800,157.702,158.228,157.516,157.847,40100,0,0,2024-06-18
1718755200,157.84,158.129,157.603,158.075,21537,0,0,2024-06-19
1718841600,158.068,158.945,157.92,158.926,34078,0,0,2024-06-20
1718928000,158.923,159.826,158.67,159.783,36956,0,0,2024-06-21
1719187200,159.76,159.928,158.737,159.604,38569,0,0,2024-06-24
1719273600,159.589,159.756,159.189,159.679,36281,0,0,2024-06-25
1719360000,159.654,160.865,159.607,160.805,39757,0,0,2024-06-26
1719446400,160.768,160.824,160.285,160.734,36627,0,0,2024-06-27
1719532800,160.749,161.282,160.261,160.826,47835,0,0,2024-06-28
1719792000,160.76,161.727,160.699,161.458,37851,0,0,2024-07-01
1719878400,161.432,161.743,161.341,161.587,14276,0,0,2024-07-02
1719964800,161.422,161.95,160.773,161.678,34062,0,0,2024-07-03
1720051200,161.662,161.693,160.946,161.266,25874,0,0,2024-07-04
1720137600,161.256,161.394,160.331,160.739,44710,0,0,2024-07-05
1720396800,160.75,161.118,160.261,160.815,38704,0,0,2024-07-08
1720483200,160.787,161.516,160.729,161.321,35912,0,0,2024-07-09
1720569600,161.308,161.804,161.241,161.672,29356,0,0,2024-07-10
1720656000,161.665,161.759,157.41,158.842,43237,0,0,2024-07-11
1720742400,158.857,159.446,157.371,157.861,60076,0,0,2024-07-12
1721001600,158.073,158.418,157.15,158.083,42758,0,0,2024-07-15
1721088000,158.017,158.854,157.917,158.35,36902,0,0,2024-07-16
1721174400,158.332,158.615,156.063,156.203,56320,0,0,2024-07-17
1721260800,156.147,157.4,155.37,157.356,61459,0,0,2024-07-18
1721347200,157.357,157.862,156.966,157.445,51299,0,0,2024-07-19
1721606400,157.43,157.613,156.285,157.0,51065,0,0,2024-07-22
1721692800,157.008,157.101,155.542,155.565,56762,0,0,2024-07-23
1721779200,155.582,155.991,153.106,153.85,64825,0,0,2024-07-24
1721865600,153.852,154.315,151.942,153.937,77239,0,0,2024-07-25
1721952000,153.938,154.737,153.11,153.723,65689,0,0,2024-07-26
1722211200,153.675,154.353,153.014,154.0,65193,0,0,2024-07-29
1722297600,153.994,155.214,152.659,152.734,63858,0,0,2024-07-30
1722384000,152.762,153.92,149.609,149.969,91046,0,0,2024-07-31
1722470400,149.944,150.888,148.512,149.342,87296,0,0,2024-08-01
1722556800,149.361,149.771,146.418,146.485,87658,0,0,2024-08-02
1722816000,146.382,146.564,141.689,144.183,103595,0,0,2024-08-05
1722902400,144.182,146.373,143.627,144.291,95864,0,0,2024-08-06
1722988800,144.32,147.897,144.237,146.658,92122,0,0,2024-08-07
1723075200,146.659,147.541,145.431,147.235,82329,0,0,2024-08-08
1723161600,147.231,147.813,146.271,146.586,57838,0,0,2024-08-09
1723420800,146.543,148.22,146.421,147.183,59662,2,0,2024-08-12
1723507200,147.189,147.945,146.597,146.82,60647,2,0,2024-08-13
1723593600,146.809,147.574,146.072,147.304,65603,2,0,2024-08-14
1723680000,147.299,149.376,147.053,149.267,56041,2,0,2024-08-15
1723766400,149.257,149.342,147.567,147.59,57724,2,0,2024-08-16
1724025600,147.577,148.05,145.187,146.565,69447,2,0,2024-08-19
1724112000,146.566,147.342,145.194,145.246,66902,2,0,2024-08-20
1724198400,145.232,146.885,144.454,145.207,76205,2,0,2024-08-21
1724284800,145.176,146.529,144.846,146.276,66915,2,0,2024-08-22
1724371200,146.273,146.479,144.046,144.336,63572,2,0,2024-08-23
1724630400,144.27,144.65,143.447,144.507,65498,2,0,2024-08-26
1724716800,144.513,145.173,143.917,143.933,58685,2,0,2024-08-27
1724803200,143.927,145.036,143.684,144.569,62465,2,0,2024-08-28
1724889600,144.59,145.55,144.22,144.981,65683,2,0,2024-08-29
1724976000,144.979,146.246,144.658,146.151,56403,2,0,2024-08-30
1725235200,146.06,147.172,145.776,146.912,41580,2,0,2024-09-02
1725321600,146.894,147.206,145.106,145.455,68345,2,0,2024-09-03
1725408000,145.451,145.557,143.706,143.722,75084,2,0,2024-09-04
1725494400,143.715,144.224,142.849,143.429,77386,2,0,2024-09-05
1725580800,143.426,144.063,141.751,142.257,78345,2,0,2024-09-06
1725840000,142.22,143.794,141.949,143.163,75800,2,0,2024-09-09
1725926400,143.165,143.708,142.195,142.447,67359,2,0,2024-09-10
1726012800,142.429,142.545,140.709,142.342,84954,2,0,2024-09-11
1726099200,142.292,143.042,141.724,141.802,80289,2,0,2024-09-12
1726185600,141.803,141.877,140.282,140.793,74121,2,0,2024-09-13
1726444800,140.84,140.917,139.578,140.6,66694,2,0,2024-09-16
1726531200,140.587,142.464,140.32,142.391,71835,1,0,2024-09-17
1726617600,142.39,142.707,140.44,142.258,73953,2,0,2024-09-18
1726704000,142.265,143.942,141.881,142.609,84361,2,0,2024-09-19
1726790400,142.612,144.494,141.737,143.845,77622,2,0,2024-09-20
1727049600,143.895,144.457,143.164,143.581,71938,2,0,2024-09-23
1727136000,143.488,144.677,143.11,143.201,71468,2,0,2024-09-24
1727222400,143.202,144.842,142.889,144.731,66810,2,0,2024-09-25
1727308800,144.728,145.21,144.109,144.806,69289,2,0,2024-09-26
1727395200,144.772,146.492,142.067,142.169,81706,2,0,2024-09-27
1727654400,142.116,143.914,141.643,143.606,71599,2,0,2024-09-30
1727740800,143.593,144.534,142.971,143.546,77961,2,0,2024-10-01
1727827200,143.553,146.51,143.421,146.439,70595,2,0,2024-10-02
1727913600,146.436,147.241,146.255,146.897,71550,2,0,2024-10-03
1728000000,146.871,149.002,145.918,148.661,69631,2,0,2024-10-04
1728259200,148.639,149.123,147.851,148.172,70595,2,0,2024-10-07
1728345600,148.118,148.379,147.344,148.171,67234,2,0,2024-10-08
1728432000,148.179,149.362,148.011,149.286,55175,2,0,2024-10-09
1728518400,149.24,149.601,148.239,148.553,63353,2,0,2024-10-10
1728604800,148.539,149.283,148.401,149.102,49028,2,0,2024-10-11
1728864000,148.952,149.981,148.952,149.734,39204,2,0,2024-10-14
1728950400,149.733,149.834,148.851,149.181,52996,1,0,2024-10-15
1729036800,149.288,149.805,148.872,149.617,48818,1,0,2024-10-16
1729123200,149.56,150.321,149.238,150.188,53081,2,0,2024-10-17
1729209600,150.147,150.283,149.364,149.488,49252,2,0,2024-10-18
1729468800,149.49,150.884,149.084,150.818,47502,3,0,2024-10-21
1729555200,150.758,151.193,150.49,151.05,54028,1,0,2024-10-22
1729641600,151.054,153.183,150.976,152.745,58731,2,0,2024-10-23
1729728000,152.733,152.824,151.549,151.808,62429,2,0,2024-10-24
1729814400,151.839,152.378,151.441,152.287,54891,3,0,2024-10-25
1730073600,152.897,153.881,152.409,153.242,62987,1,0,2024-10-28
1730160000,153.236,153.865,152.752,153.33,61337,2,0,2024-10-29
1730246400,153.33,153.494,152.778,153.306,62054,2,0,2024-10-30
1730332800,153.304,153.616,151.835,152.041,70290,1,0,2024-10-31
1730419200,152.04,153.093,151.787,152.95,65299,2,0,2024-11-01
1730678400,152.292,152.551,151.533,152.111,64208,2,0,2024-11-04
1730764800,152.096,152.543,151.334,151.589,56252,1,0,2024-11-05
1730851200,151.607,154.697,151.287,154.595,101049,2,0,2024-11-06
1730937600,154.582,154.709,152.692,152.894,80134,2,0,2024-11-07
1731024000,152.913,153.367,152.141,152.618,72413,2,0,2024-11-08
1731283200,152.609,153.951,152.606,153.704,53484,1,0,2024-11-11
1731369600,153.692,154.923,153.403,154.585,62591,2,0,2024-11-12
1731456000,154.574,155.621,154.342,155.449,67314,2,0,2024-11-13
1731542400,155.385,156.415,155.278,156.237,66540,2,0,2024-11-14
1731628800,156.256,156.746,153.86,154.308,76263,2,0,2024-11-15
1731888000,154.2,155.354,153.838,154.638,73760,2,0,2024-11-18
1731974400,154.624,154.797,153.282,154.627,75298,2,0,2024-11-19
1732060800,154.624,155.885,154.523,155.37,61873,2,0,2024-11-20
1732147200,155.363,155.414,153.908,154.52,76056,2,0,2024-11-21
1732233600,154.476,155.016,153.965,154.704,71463,2,0,2024-11-22
1732492800,154.133,154.721,153.547,154.164,72729,2,0,2024-11-25
1732579200,154.201,154.486,152.986,153.088,74928,2,0,2024-11-26
1732665600,153.074,153.232,150.453,151.052,77236,2,0,2024-11-27
1732752000,150.985,151.947,150.901,151.513,46945,2,0,2024-11-28
1732838400,151.517,151.542,149.465,149.66,76157,2,0,2024-11-29
1733097600,149.65,150.746,149.079,149.564,77124,2,0,2024-12-02
1733184000,149.567,150.234,148.64,149.53,70107,2,0,2024-12-03
1733270400,149.594,151.226,149.503,150.518,72375,2,0,2024-12-04
1733356800,150.52,150.775,149.654,150.039,68864,2,0,2024-12-05
1733443200,150.013,150.698,149.365,150.025,64190,2,0,2024-12-06
1733702400,149.887,151.345,149.691,151.165,58034,2,0,2024-12-09
1733788800,151.165,152.179,150.895,151.869,63536,2,0,2024-12-10
1733875200,151.881,152.838,151.002,152.37,65266,2,0,2024-12-11
1733961600,152.366,152.772,151.801,152.559,65248,1,0,2024-12-12
1734048000,152.527,153.799,152.454,153.606,54273,2,0,2024-12-13
1734307200,153.561,154.476,153.325,154.076,51868,2,0,2024-12-16
1734393600,154.082,154.342,153.16,153.38,58195,2,0,2024-12-17
1734480000,153.384,154.856,153.253,154.728,57538,2,0,2024-12-18
1734566400,154.672,157.805,154.433,157.349,74927,2,0,2024-12-19
1734652800,157.371,157.923,155.951,156.423,74612,2,0,2024-12-20
1734912000,156.312,157.266,156.288,157.07,52492,3,0,2024-12-23
1734998400,157.08,157.391,156.889,157.074,39644,1,0,2024-12-24
1735084800,157.192,157.192,157.068,157.069,10,141,0,2024-12-25
1735171200,157.205,158.082,157.067,157.934,42240,3,0,2024-12-26
1735257600,157.882,158.002,157.349,157.785,48532,2,0,2024-12-27
1735516800,157.725,158.073,156.673,156.776,49019,3,0,2024-12-30
1735603200,156.787,157.547,156.02,157.121,54554,1,0,2024-12-31
1735689600,157.059,157.061,157.059,157.061,2,151,0,2025-01-01
1735776000,157.125,157.848,156.44,157.444,62965,3,0,2025-01-02
1735862400,157.397,157.564,156.873,157.261,49419,2,0,2025-01-03
1736121600,157.13,157.96,156.241,157.514,61356,3,0,2025-01-06
1736208000,157.51,158.423,157.398,157.988,53861,2,0,2025-01-07
1736294400,157.975,158.552,157.902,158.274,59038,2,0,2025-01-08
1736380800,158.26,158.396,157.575,158.106,47227,2,0,2025-01-09
1736467200,158.037,158.876,157.223,157.695,61550,2,0,2025-01-10
1736726400,157.77,157.967,156.912,157.409,58465,3,0,2025-01-13
1736812800,157.398,158.197,157.054,157.951,60459,2,0,2025-01-14
1736899200,157.923,158.084,155.948,156.45,61791,2,0,2025-01-15
1736985600,156.394,156.523,155.059,155.099,65218,3,0,2025-01-16
1737072000,155.09,156.373,154.98,156.259,57879,2,0,2025-01-17
1737331200,156.26,156.582,155.412,155.546,56799,1,0,2025-01-20
1737417600,155.563,156.232,154.77,155.445,68680,2,0,2025-01-21
1737504000,155.411,156.706,155.352,156.449,57933,3,0,2025-01-22
1737590400,156.455,156.75,155.743,156.031,55347,1,0,2025-01-23
1737676800,156.005,156.576,154.839,155.963,69630,2,0,2025-01-24
1737936000,155.488,156.246,153.712,154.484,79614,2,0,2025-01-27
1738022400,154.462,155.976,154.437,155.46,64060,2,0,2025-01-28
1738108800,155.475,155.79,154.939,155.215,64362,2,0,2025-01-29
1738195200,155.146,155.233,153.791,154.288,67293,2,0,2025-01-30
1738281600,154.193,155.22,153.913,155.18,71050,2,0,2025-01-31
1738540800,154.803,155.886,154.005,154.726,84956,2,0,2025-02-03
1738627200,154.692,155.52,154.171,154.325,65952,2,0,2025-02-04
1738713600,154.326,154.462,152.111,152.589,71376,2,0,2025-02-05
1738800000,152.545,152.894,151.234,151.383,65673,1,0,2025-02-06
1738886400,151.366,152.413,150.931,151.389,69404,2,0,2025-02-07
1739145600,151.305,152.532,151.21,151.981,58891,2,0,2025-02-10
1739232000,151.918,152.605,151.65,152.467,53958,1,0,2025-02-11
1739318400,152.403,154.798,152.332,154.396,65850,2,0,2025-02-12
1739404800,154.346,154.667,152.701,152.786,66294,3,0,2025-02-13
1739491200,152.78,153.151,152.024,152.279,59337,2,0,2025-02-14
1739750400,152.452,152.452,151.338,151.475,46717,1,0,2025-02-17
1739836800,151.476,152.214,151.233,152.038,54922,2,0,2025-02-18
1739923200,151.98,152.312,151.243,151.461,57284,1,0,2025-02-19
1740009600,151.387,151.463,149.392,149.628,63832,3,0,2025-02-20
1740096000,149.587,150.734,148.922,149.247,64154,2,0,2025-02-21
1740355200,149.122,149.873,148.844,149.692,70023,2,0,2025-02-24
1740441600,149.686,150.3,148.561,149.001,76864,2,0,2025-02-25
1740528000,149.01,149.886,148.614,149.063,72407,3,0,2025-02-26
1740614400,149.002,150.161,148.748,149.793,73376,3,0,2025-02-27
1740700800,149.784,150.987,149.1,150.608,81222,3,0,2025-02-28
1740960000,150.627,151.301,149.099,149.491,83673,2,0,2025-03-03
1741046400,149.455,149.876,148.095,149.785,98340,2,0,2025-03-04
1741132800,149.665,150.184,148.394,148.85,89849,2,0,2025-03-05
1741219200,148.844,149.33,147.309,147.955,93040,2,0,2025-03-06
1741305600,147.926,148.199,146.941,148.035,90658,3,0,2025-03-07
1741564800,147.586,147.849,146.631,147.145,76480,3,0,2025-03-10
1741651200,147.125,148.117,146.541,147.716,81988,3,0,2025-03-11
1741737600,147.713,149.192,147.713,148.185,69686,3,0,2025-03-12
1741824000,148.196,148.373,147.413,147.714,68022,3,0,2025-03-13
1741910400,147.716,149.022,147.716,148.621,59983,3,0,2025-03-14
1742169600,148.717,149.282,148.261,149.136,60822,1,0,2025-03-17
1742256000,149.135,149.935,149.095,149.23,59818,3,0,2025-03-18
1742342400,149.232,150.146,148.597,148.795,53212,3,0,2025-03-19
1742428800,148.794,148.96,148.18,148.757,58417,2,0,2025-03-20
1742515200,148.759,149.661,148.585,149.298,56262,3,0,2025-03-21
1742774400,149.347,150.749,149.347,150.659,72075,3,0,2025-03-24
1742860800,150.652,150.935,149.541,149.851,86774,13,0,2025-03-25
1742947200,149.853,150.737,149.832,150.489,91421,4,0,2025-03-26
1743033600,150.488,151.148,150.053,151.023,101112,13,0,2025-03-27
1743120000,151.022,151.201,149.674,149.819,100333,13,0,2025-03-28
1743379200,149.77,150.259,148.693,149.925,126786,13,0,2025-03-31
1743465600,149.922,150.135,148.965,149.573,115546,13,0,2025-04-01
1743552000,149.54,150.481,149.093,149.207,118446,13,0,2025-04-02
1743638400,149.192,149.262,145.18,146.032,166916,2,0,2025-04-03
1743724800,146.021,147.424,144.542,146.945,189998,13,0,2025-04-04
1743984000,145.44,148.14,144.811,147.799,219812,4,0,2025-04-07
1744070400,147.796,148.111,145.956,146.206,185476,13,0,2025-04-08
1744156800,146.205,148.267,143.985,147.681,208568,7,0,2025-04-09
1744243200,147.505,147.76,144.008,144.415,190953,13,0,2025-04-10
1744329600,144.4,144.576,142.059,143.443,189478,13,0,2025-04-11
1744588800,143.92,144.072,142.222,142.963,150261,13,0,2025-04-14
1744675200,142.976,143.583,142.588,143.128,117201,13,0,2025-04-15
1744761600,143.071,143.274,141.635,141.812,123331,13,0,2025-04-16
1744848000,141.778,143.075,141.604,142.36,122454,1,0,2025-04-17
1744934400,142.344,142.454,142.074,142.074,91593,2,0,2025-04-18
1745193600,142.111,142.111,140.463,140.814,99023,13,0,2025-04-21
1745280000,140.781,141.659,139.877,141.505,113522,1,0,2025-04-22
1745366400,141.468,143.564,141.424,143.429,132351,13,0,2025-04-23
1745452800,143.384,143.423,142.271,142.574,103457,3,0,2025-04-24
1745539200,142.569,144.022,142.5,143.621,104936,13,0,2025-04-25
1745798400,143.61,143.885,141.926,141.927,98567,4,0,2025-04-28
1745884800,141.954,142.748,141.954,142.254,95470,13,0,2025-04-29
1745971200,142.228,143.18,142.136,143.027,99923,0,0,2025-04-30
1746057600,142.96,145.726,142.871,145.327,94138,13,0,2025-05-01
1746144000,145.33,145.911,143.72,144.93,111725,13,0,2025-05-02
1746403200,144.664,144.985,143.531,143.672,88972,0,0,2025-05-05
1746489600,143.671,144.267,142.344,142.375,89166,13,0,2025-05-06
1746576000,142.403,143.989,142.363,143.804,107668,13,0,2025-05-07
1746662400,143.74,146.168,143.439,145.905,104010,13,0,2025-05-08
1746748800,145.9,146.181,144.815,145.359,86253,13,0,2025-05-09
1747008000,146.337,148.638,145.692,148.431,113970,0,0,2025-05-12
1747094400,148.438,148.457,147.365,147.457,92623,2,0,2025-05-13
1747180800,147.423,147.66,145.597,146.726,100581,13,0,2025-05-14
1747267200,146.668,146.743,145.403,145.644,92945,0,0,2025-05-15
1747353600,145.646,146.089,144.913,145.619,80128,13,0,2025-05-16
1747612800,145.213,145.453,144.653,144.833,94734,13,0,2025-05-19
1747699200,144.798,145.505,144.082,144.482,88173,13,0,2025-05-20
1747785600,144.45,144.539,143.274,143.653,104547,13,0,2025-05-21
1747872000,143.614,144.395,142.797,143.981,103280,13,0,2025-05-22
1747958400,143.963,144.063,142.411,142.555,98264,6,0,2025-05-23
1748217600,142.436,143.073,142.218,142.808,60103,0,0,2025-05-26
1748304000,142.766,144.447,142.106,144.298,84703,0,0,2025-05-27
1748390400,144.305,145.068,143.843,144.791,90611,13,0,2025-05-28
1748476800,144.806,146.276,143.952,144.169,108429,13,0,2025-05-29
1748563200,144.18,144.435,143.428,144.007,103008,4,0,2025-05-30
1748822400,143.775,143.978,142.532,142.651,94789,13,0,2025-06-02
1748908800,142.653,144.101,142.372,143.896,81990,13,0,2025-06-03
1748995200,143.894,144.376,142.597,142.713,84734,13,0,2025-06-04
1749081600,142.717,143.963,142.522,143.484,97035,13,0,2025-06-05
1749168000,143.495,145.079,143.257,144.802,86221,0,0,2025-06-06
1749427200,144.821,144.94,143.965,144.507,72837,13,0,2025-06-09
1749513600,144.497,145.281,144.394,144.803,78817,6,0,2025-06-10
1749600000,144.798,145.458,144.316,144.505,86647,13,0,2025-06-11
1749686400,144.462,144.583,143.175,143.446,95460,13,0,2025-06-12
1749772800,143.433,144.475,142.787,144.053,115905,6,0,2025-06-13
1750032000,144.028,144.868,143.643,144.695,86415,13,0,2025-06-16
1750118400,144.671,145.369,144.366,145.221,96464,13,0,2025-06-17
1750204800,145.215,145.432,144.325,145.085,87372,6,0,2025-06-18
1750291200,145.074,145.759,144.729,145.349,71094,13,0,2025-06-19
1750377600,145.379,146.207,145.112,146.054,78086,13,0,2025-06-20
1750636800,146.69,148.016,146.002,146.079,103700,13,0,2025-06-23
1750723200,146.086,146.173,144.503,144.887,93227,0,0,2025-06-24
1750809600,144.879,145.94,144.599,145.167,72640,13,0,2025-06-25
1750896000,145.168,145.255,143.742,144.347,86789,13,0,2025-06-26
1750982400,144.349,144.937,144.17,144.626,84712,13,0,2025-06-27
1751241600,144.293,144.753,143.771,143.984,84625,13,0,2025-06-30
1751328000,143.963,144.061,142.673,143.363,86933,13,0,2025-07-01
1751414400,143.365,144.234,143.264,143.554,80198,13,0,2025-07-02
1751500800,143.581,145.223,143.472,144.886,44250,13,0,2025-07-03
1751587200,144.878,144.961,144.267,144.416,37220,0,0,2025-07-04
1751846400,144.378,146.231,144.214,145.992,74408,13,0,2025-07-07
1751932800,145.995,146.967,145.825,146.54,77159,13,0,2025-07-08
1752019200,146.541,147.17,146.242,146.281,72626,13,0,2025-07-09
1752105600,146.311,146.777,145.747,146.23,70169,13,0,2025-07-10
1752192000,146.223,147.514,146.127,147.402,73126,13,0,2025-07-11
1752451200,147.112,147.771,146.848,147.679,73708,13,0,2025-07-14
1752537600,147.666,149.017,147.543,148.832,64046,0,0,2025-07-15
1752624000,148.839,149.177,146.904,147.772,84946,13,0,2025-07-16
1752710400,147.791,149.078,147.718,148.472,74228,13,0,2025-07-17
1752796800,148.509,148.874,148.178,148.809,66639,13,0,2025-07-18
1753056000,147.877,148.654,147.076,147.281,69364,4,0,2025-07-21
1753142400,147.256,147.939,146.303,146.562,66072,12,0,2025-07-22
1753228800,146.557,147.205,146.101,146.422,82668,4,0,2025-07-23
1753315200,146.406,147.017,145.847,146.981,78641,4,0,2025-07-24
1753401600,146.971,147.931,146.805,147.646,73723,4,0,2025-07-25
1753660800,147.674,148.568,147.511,148.48,73469,13,0,2025-07-28
1753747200,148.439,148.8,148.15,148.395,71879,13,0,2025-07-29
1753833600,148.373,149.546,147.798,149.473,79262,4,0,2025-07-30
1753920000,149.445,150.831,148.579,150.709,86724,4,0,2025-07-31
1754006400,150.705,150.911,147.284,147.342,102384,0,0,2025-08-01
1754265600,147.241,148.087,146.863,147.057,51195,2,0,2025-08-04
1754352000,147.004,147.834,146.618,147.558,46106,2,0,2025-08-05
1754438400,147.544,147.884,146.97,147.338,56147,2,0,2025-08-06
1754524800,147.301,147.702,146.684,147.139,81674,13,0,2025-08-07
1754611200,147.014,147.896,146.714,147.656,76670,13,0,2025-08-08
1754870400,147.476,148.243,147.342,148.133,60745,13,0,2025-08-11
1754956800,148.06,148.511,147.571,147.839,76784,13,0,2025-08-12
1755043200,147.734,148.16,147.081,147.373,68196,13,0,2025-08-13
1755129600,147.333,147.953,146.207,147.751,84148,4,0,2025-08-14
1755216000,147.554,147.86,146.731,147.145,68475,13,0,2025-08-15
1755475200,147.147,147.977,147.073,147.832,62199,13,0,2025-08-18
1755561600,147.674,148.104,147.437,147.66,65220,13,0,2025-08-19
1755648000,147.574,147.809,146.863,147.295,63359,13,0,2025-08-20
1755734400,147.247,148.397,147.223,148.368,65826,4,0,2025-08-21
1755820800,148.256,148.769,146.57,146.913,68764,13,0,2025-08-22
1756080000,146.841,147.929,146.785,147.737,64035,4,0,2025-08-25
1756166400,147.691,147.899,146.981,147.417,76556,13,0,2025-08-26
1756252800,147.311,148.174,147.283,147.413,66214,13,0,2025-08-27
1756339200,147.359,147.482,146.653,146.926,74549,13,0,2025-08-28
1756425600,146.698,147.4,146.691,146.97,66778,13,0,2025-08-29
1756684800,147.042,147.374,146.778,147.168,55446,4,0,2025-09-01
1756771200,147.075,148.934,147.038,148.329,88708,4,0,2025-09-02
1756857600,148.279,149.129,147.871,148.095,72786,4,0,2025-09-03
1756944000,148.026,148.778,147.783,148.456,54059,2,0,2025-09-04
1757030400,148.472,148.515,146.819,147.365,48079,2,0,2025-09-05
1757289600,148.116,148.575,147.339,147.518,44303,2,0,2025-09-08
1757376000,147.286,147.553,146.31,147.398,44708,2,0,2025-09-09
1757462400,147.233,147.644,147.106,147.45,39880,2,0,2025-09-10
1757548800,147.348,148.185,146.985,147.217,40168,2,0,2025-09-11
1757635200,147.124,148.068,147.115,147.632,36559,1,0,2025-09-12
1757894400,147.501,147.794,147.231,147.399,36678,2,0,2025-09-15
1757980800,147.342,147.537,146.278,146.447,52707,2,0,2025-09-16
1758067200,146.443,147.048,145.482,146.969,43130,2,0,2025-09-17
1758153600,146.93,148.265,146.77,147.989,52214,2,0,2025-09-18
1758240000,147.906,148.281,147.196,147.951,44249,2,0,2025-09-19
1758499200,147.856,148.375,147.657,147.726,40539,2,0,2025-09-22
1758585600,147.674,147.927,147.46,147.647,39280,2,0,2025-09-23
1758672000,147.574,148.914,147.516,148.896,36610,2,0,2025-09-24
1758758400,148.839,149.926,148.559,149.787,45687,2,0,2025-09-25
1758844800,149.787,149.954,149.405,149.498,43494,2,0,2025-09-26
1759104000,149.406,149.514,148.468,148.585,39269,2,0,2025-09-29
1759190400,148.585,148.843,147.651,147.925,42886,2,0,2025-09-30
1759276800,147.812,148.224,146.589,147.07,47539,2,0,2025-10-01
1759363200,147.031,147.514,146.598,147.246,38667,2,0,2025-10-02
1759449600,147.215,147.813,147.066,147.481,36593,2,0,2025-10-03
1759708800,149.439,150.474,149.004,150.355,54018,2,0,2025-10-06
1759795200,150.266,152.044,150.201,151.882,41760,2,0,2025-10-07
1759881600,151.877,152.997,151.736,152.689,48573,2,0,2025-10-08
1759968000,152.655,153.23,152.101,153.08,48562,2,0,2025-10-09
1760054400,152.953,153.272,151.124,151.161,54443,2,0,2025-10-10
1760313600,151.821,152.445,151.719,152.294,54733,2,0,2025-10-13
1760400000,152.195,152.613,151.604,151.802,64092,2,0,2025-10-14
1760486400,151.741,151.874,150.899,151.048,53141,2,0,2025-10-15
1760572800,151.015,151.398,150.211,150.425,59626,2,0,2025-10-16
1760659200,150.358,150.637,149.378,150.626,70792,2,0,2025-10-17
1760918400,150.378,151.201,150.275,150.748,48363,2,0,2025-10-20
1761004800,150.654,152.174,150.469,151.919,52986,2,0,2025-10-21
1761091200,151.866,152.044,151.489,151.959,50888,2,0,2025-10-22
1761177600,151.932,152.797,151.821,152.586,39222,2,0,2025-10-23
1761264000,152.5,153.061,152.267,152.874,40732,2,0,2025-10-24
1761523200,153.024,153.254,152.565,152.753,44071,2,0,2025-10-27
1761609600,152.773,152.822,151.757,152.008,50760,2,0,2025-10-28
1761696000,152.008,153.059,151.539,152.636,53164,2,0,2025-10-29
1761782400,152.635,154.444,152.162,154.063,56491,2,0,2025-10-30
1761868800,154.064,154.413,153.654,153.971,46902,2,0,2025-10-31
1762128000,153.976,154.296,153.906,154.204,35976,2,0,2025-11-03
1762214400,154.185,154.481,153.316,153.654,47092,2,0,2025-11-04
1762300800,153.624,154.353,152.956,154.09,47709,2,0,2025-11-05
1762387200,154.077,154.14,152.832,153.059,44098,2,0,2025-11-06
1762473600,152.991,153.588,152.82,153.406,52266,2,0,2025-11-07
1762732800,153.656,154.249,153.421,154.124,46833,2,0,2025-11-10
1762819200,154.036,154.492,153.668,154.145,38003,2,0,2025-11-11
1762905600,154.101,155.046,154.044,154.808,46798,2,0,2025-11-12
1762992000,154.745,155.008,154.127,154.525,53927,2,0,2025-11-13
1763078400,154.509,154.762,153.616,154.525,53988,2,0,2025-11-14
1763337600,154.501,155.301,154.416,155.246,47412,3,0,2025-11-17
1763424000,155.17,155.732,154.818,155.517,59089,2,0,2025-11-18
1763510400,155.444,157.181,155.212,157.158,50474,2,0,2025-11-19
1763596800,157.108,157.89,156.883,157.45,58760,2,0,2025-11-20
1763683200,157.464,157.541,156.2,156.353,59319,2,0,2025-11-21
1763942400,156.301,157.187,156.286,156.913,39311,2,0,2025-11-24
1764028800,156.801,156.98,155.801,156.065,43817,2,0,2025-11-25
1764115200,155.951,156.733,155.65,156.447,46702,2,0,2025-11-26
1764201600,156.433,156.46,155.716,156.298,29611,1,0,2025-11-27
1764288000,156.272,156.582,155.978,156.134,65244,2,0,2025-11-28
1764547200,156.053,156.152,154.661,155.47,61597,2,0,2025-12-01
1764633600,155.431,156.177,155.383,155.853,49851,1,0,2025-12-02
1764720000,155.799,155.902,155.009,155.215,48925,2,0,2025-12-03
1764806400,155.238,155.54,154.509,155.106,51160,2,0,2025-12-04
1764892800,155.058,155.492,154.341,155.328,53738,2,0,2025-12-05
1765152000,155.137,155.983,154.901,155.918,51511,2,0,2025-12-08
1765238400,155.839,156.952,155.743,156.882,48522,2,0,2025-12-09
1765324800,156.766,156.936,155.794,156.027,44092,2,0,2025-12-10
1765411200,155.902,156.163,154.947,155.559,53096,2,0,2025-12-11
1765497600,155.575,156.134,155.451,155.809,42481,2,0,2025-12-12
1765756800,155.786,155.985,154.833,155.207,40038,2,0,2025-12-15
1765843200,155.165,155.298,154.397,154.715,53156,2,0,2025-12-16
1765929600,154.673,155.748,154.515,155.686,46724,2,0,2025-12-17
1766016000,155.617,155.973,155.283,155.55,44233,2,0,2025-12-18
1766102400,155.473,157.774,155.419,157.704,50913,2,0,2025-12-19
1766361600,157.675,157.704,156.705,157.032,39887,2,0,2025-12-22
1766448000,156.934,157.07,155.656,156.239,45098,2,0,2025-12-23
1766534400,156.188,156.283,155.55,155.886,37812,1,0,2025-12-24
1766707200,155.888,156.731,155.755,156.525,35352,2,0,2025-12-26
1766966400,156.431,156.593,155.915,156.031,41235,2,0,2025-12-29
1767052800,156.004,156.563,155.743,156.419,40765,0,0,2025-12-30
1767139200,156.306,156.994,156.276,156.649,32861,2,0,2025-12-31
1767312000,156.652,156.997,156.518,156.823,35092,2,0,2026-01-02
1767571200,156.688,157.296,156.115,156.395,47487,2,0,2026-01-05
1767657600,156.308,156.796,156.161,156.661,49372,3,0,2026-01-06
1767744000,156.593,156.804,156.294,156.749,43898,2,0,2026-01-07
1767830400,156.723,157.068,156.457,156.867,41932,2,0,2026-01-08
1767916800,156.752,158.183,156.636,157.912,42910,2,0,2026-01-09
1768176000,158.056,158.206,157.522,158.153,39453,2,0,2026-01-12
1768262400,158.106,159.191,157.895,159.159,44475,2,0,2026-01-13
1768348800,159.056,159.451,158.104,158.403,47832,2,0,2026-01-14
1768435200,158.388,158.877,158.205,158.616,43200,2,0,2026-01-15
1768521600,158.595,158.702,157.822,158.042,42836,1,0,2026-01-16
1768780800,157.878,158.165,157.425,158.121,43621,1,0,2026-01-19
1768867200,158.03,158.601,157.462,158.135,61560,1,0,2026-01-20
1768953600,158.128,158.53,157.746,158.276,49561,0,0,2026-01-21
1769040000,158.252,158.894,158.178,158.416,51048,2,0,2026-01-22
1769126400,158.346,159.224,155.605,155.713,57828,2,0,2026-01-23
1769385600,154.655,155.345,153.299,154.197,69003,2,0,2026-01-26
1769472000,154.08,154.877,152.093,152.161,57188,2,0,2026-01-27
1769558400,152.164,154.047,152.093,153.396,62072,2,0,2026-01-28
1769644800,153.32,153.535,152.682,153.105,63464,2,0,2026-01-29
1769731200,152.978,154.794,152.867,154.771,70316,2,0,2026-01-30
1769990400,154.838,155.785,154.551,155.594,75252,2,0,2026-02-02
1770076800,155.543,156.084,155.304,155.767,56771,2,0,2026-02-03
1770163200,155.69,156.945,155.673,156.857,56391,2,0,2026-02-04
1770249600,156.687,157.336,156.533,157.014,57554,2,0,2026-02-05
1770336000,156.822,157.262,156.514,157.237,47329,3,0,2026-02-06
1770595200,157.534,157.659,155.521,155.883,57800,2,0,2026-02-09
1770681600,155.757,156.293,154.053,154.372,53457,2,0,2026-02-10
1770768000,154.202,154.645,152.553,153.263,58767,2,0,2026-02-11
1770854400,153.116,153.758,152.27,152.74,63930,2,0,2026-02-12
1770940800,152.71,153.665,152.594,152.667,54794,2,0,2026-02-13
1771200000,152.634,153.635,152.544,153.509,34962,2,0,2026-02-16
1771286400,153.362,153.921,152.699,153.287,52033,2,0,2026-02-17
1771372800,153.285,154.868,153.07,154.817,48286,2,0,2026-02-18
1771459200,154.755,155.337,154.541,154.984,50594,2,0,2026-02-19
1771545600,155.004,155.644,154.714,155.065,51720,2,0,2026-02-20
1771804800,154.847,155.043,153.998,154.65,44890,2,0,2026-02-23
1771891200,154.609,156.277,154.522,155.89,47454,2,0,2026-02-24
1771977600,155.782,156.823,155.348,156.357,46106,2,0,2026-02-25
1772064000,156.379,156.431,155.696,156.218,41555,2,0,2026-02-26
1772150400,155.839,156.233,155.536,156.03,40520,2,0,2026-02-27
1772409600,155.904,157.751,155.88,157.341,67357,2,0,2026-03-02
1772496000,157.38,157.964,157.15,157.676,65519,2,0,2026-03-03
1772582400,157.532,157.863,156.854,157.028,58962,2,0,2026-03-04
1772668800,157.0,157.847,156.45,157.55,61602,3,0,2026-03-05
1772755200,157.508,158.09,157.381,157.801,151782,0,0,2026-03-06
1773014400,158.083,158.899,157.6,157.651,322092,0,0,2026-03-09
1773100800,157.661,158.132,157.274,158.07,356306,0,0,2026-03-10
1773187200,158.07,158.978,157.864,158.823,286083,0,0,2026-03-11
1773273600,158.831,159.433,158.568,159.296,295969,0,0,2026-03-12
1773360000,159.326,159.751,159.006,159.713,307184,0,0,2026-03-13
1773619200,159.571,159.75,158.848,159.005,253861,0,0,2026-03-16
1773705600,159.012,159.497,158.722,159.02,128254,0,0,2026-03-17
1773792000,159.014,159.896,158.567,159.724,100922,0,0,2026-03-18
1773878400,159.722,159.847,157.508,157.776,149223,0,0,2026-03-19
1773964800,157.776,159.387,157.7,159.224,108198,0,0,2026-03-20
1774224000,159.276,159.656,158.019,158.377,186565,0,0,2026-03-23
1774310400,158.378,159.189,158.274,158.633,133633,0,0,2026-03-24
1774396800,158.633,159.5,158.572,159.372,106227,0,0,2026-03-25
1774483200,159.372,159.842,159.285,159.68,84763,0,0,2026-03-26
1774569600,159.68,160.411,159.453,160.254,86121,0,0,2026-03-27
1774828800,160.108,160.459,159.327,159.707,88579,0,0,2026-03-30
1774915200,159.615,159.97,158.658,158.704,109071,0,0,2026-03-31
1775001600,158.677,159.011,158.274,158.798,110221,0,0,2026-04-01
1775088000,158.775,159.744,158.543,159.567,100824,0,0,2026-04-02
1775174400,159.575,159.806,159.429,159.672,44693,0,0,2026-04-03
1775433600,159.527,159.829,159.304,159.675,68749,0,0,2026-04-06
1775520000,159.666,160.028,159.468,159.567,85784,0,0,2026-04-07
1775606400,159.559,159.755,157.887,158.535,132942,0,0,2026-04-08
1775692800,158.485,159.296,158.436,158.959,78276,0,0,2026-04-09
1775779200,158.906,159.373,158.9,159.292,66159,0,0,2026-04-10
1776038400,159.608,159.86,159.29,159.438,75237,0,0,2026-04-13
1776124800,159.433,159.438,158.602,158.756,73465,0,0,2026-04-14
1776211200,158.735,159.152,158.645,158.957,79155,0,0,2026-04-15
1776297600,158.929,159.307,158.264,159.134,76151,0,0,2026-04-16
1776384000,159.113,159.531,157.588,158.634,96765,0,0,2026-04-17
1776643200,158.732,159.201,158.551,158.802,89620,0,0,2026-04-20
1776729600,158.743,159.637,158.697,159.362,83514,0,0,2026-04-21
1776816000,159.312,159.571,159.104,159.449,79483,0,0,2026-04-22
1776902400,159.422,159.844,159.294,159.722,99462,0,0,2026-04-23
1776988800,159.517,159.838,159.308,159.356,83563,0,0,2026-04-24
1777248000,159.59,159.598,159.095,159.413,68654,0,0,2026-04-27
1777334400,159.328,159.786,158.96,159.611,83913,0,0,2026-04-28
1777420800,159.589,160.473,159.488,160.434,83258,0,0,2026-04-29
1777507200,160.373,160.723,155.556,156.608,162964,0,0,2026-04-30
1777593600,156.447,157.326,155.489,157.034,111521,0,0,2026-05-01
1777852800,156.705,157.3,155.71,157.24,116840,0,0,2026-05-04
1777939200,157.194,157.918,157.042,157.895,74583,0,0,2026-05-05
1778025600,157.858,157.932,155.03,156.343,147153,0,0,2026-05-06
1778112000,156.307,156.953,156.021,156.918,99379,0,0,2026-05-07
1778198400,156.854,156.991,156.434,156.676,77062,0,0,2026-05-08
1778457600,156.432,157.27,156.415,157.218,59686,0,0,2026-05-11
1778544000,157.149,157.764,156.732,157.602,74215,0,0,2026-05-12
1778630400,157.592,157.924,157.517,157.87,54302,0,0,2026-05-13
1778716800,157.8,158.419,157.305,158.375,68940,0,0,2026-05-14
1778803200,158.301,158.842,158.245,158.771,83355,0,0,2026-05-15
1779062400,158.551,159.081,158.53,158.845,84844,0,0,2026-05-18
1779148800,158.758,159.251,158.651,159.057,76662,0,0,2026-05-19
1779235200,158.961,159.167,158.592,158.918,83713,0,0,2026-05-20
1779321600,158.892,159.347,158.806,158.974,89179,0,0,2026-05-21
1779408000,158.865,159.232,158.86,159.2,61244,0,0,2026-05-22
1779667200,158.741,159.04,158.741,158.916,38654,0,0,2026-05-25
1779753600,158.852,159.381,158.816,159.285,51729,0,0,2026-05-26
1779840000,159.258,159.579,159.176,159.509,57325,0,0,2026-05-27
1779926400,159.5,159.651,159.112,159.233,67692,0,0,2026-05-28
1780012800,159.221,159.377,159.098,159.277,61198,0,0,2026-05-29
1780272000,159.35,159.763,159.296,159.665,65456,0,0,2026-06-01
1780358400,159.636,159.986,159.569,159.923,45180,0,0,2026-06-02
1780444800,159.856,160.086,159.369,160.077,62771,0,0,2026-06-03
1780531200,159.875,160.076,159.597,160.02,57311,0,0,2026-06-04
1780617600,160.001,160.342,159.733,160.321,70199,0,0,2026-06-05
1780876800,160.11,160.391,159.839,160.168,71772,0,0,2026-06-08
1780963200,160.07,160.444,160.052,160.362,60075,0,0,2026-06-09
1781049600,160.334,160.571,160.239,160.549,59641,0,0,2026-06-10
1781136000,160.439,160.596,159.541,159.955,70547,0,0,2026-06-11
1781222400,159.849,160.375,159.849,160.221,108952,0,0,2026-06-12
1781481600,160.113,160.396,159.735,160.345,139708,0,0,2026-06-15
1781568000,160.345,160.482,160.048,160.448,152302,0,0,2026-06-16
1781654400,160.448,160.796,160.117,160.634,165872,0,0,2026-06-17
1781740800,160.628,161.81,160.479,161.367,208739,0,0,2026-06-18
1781827200,161.367,161.459,160.988,161.308,162474,0,0,2026-06-19
1782086400,161.219,161.927,161.074,161.571,189940,0,0,2026-06-22
1782172800,161.571,161.74,161.268,161.57,160082,0,0,2026-06-23
1782259200,161.539,161.841,161.425,161.786,153284,0,0,2026-06-24
1782345600,161.768,161.949,161.558,161.794,159175,0,0,2026-06-25
1782432000,161.782,161.847,161.532,161.757,152704,0,0,2026-06-26
1782691200,161.713,161.982,161.707,161.919,129399,0,0,2026-06-29
1782777600,161.919,162.672,161.847,162.549,182175,0,0,2026-06-30
1782864000,162.491,162.839,162.295,162.577,178205,0,0,2026-07-01
1782950400,162.562,162.598,160.632,161.092,294540,0,0,2026-07-02
1783036800,161.078,161.522,160.482,161.294,164911,0,0,2026-07-03
1783296000,161.273,162.426,161.273,162.065,145027,0,0,2026-07-06
1783382400,162.064,162.192,161.657,162.071,153056,0,0,2026-07-07
1783468800,162.074,162.708,161.897,162.578,161237,0,0,2026-07-08
1783555200,162.578,162.621,162.246,162.371,125682,0,0,2026-07-09
1783641600,162.371,162.429,161.279,161.697,220856,0,0,2026-07-10
1783900800,161.672,162.488,161.672,162.45,250817,0,0,2026-07-13
1783987200,162.378,162.473,161.606,162.256,227938,0,0,2026-07-14
1784073600,162.229,162.421,161.895,162.181,182376,0,0,2026-07-15
1784160000,162.166,162.546,161.983,162.367,141005,0,0,2026-07-16
1784246400,162.361,162.519,162.132,162.393,155589,0,0,2026-07-17
1784505600,162.407,162.599,162.204,162.471,120001,0,0,2026-07-20
1784592000,162.481,163.239,162.415,163.184,107124,0,0,2026-07-21
1784678400,163.141,163.225,162.671,163.135,137031,0,0,2026-07-22
1784764800,163.132,163.988,162.995,163.851,160344,0,0,2026-07-23
1784851200,163.842,163.939,163.642,163.849,145880,0,0,2026-07-24
1785110400,163.543,163.795,163.328,163.728,174181,0,0,2026-07-27
1785196800,163.728,163.949,163.525,163.853,136905,0,0,2026-07-28
1785283200,163.745,163.906,163.232,163.395,210497,0,0,2026-07-29
1785369600,163.395,163.738,158.304,159.508,334946,0,0,2026-07-30
1785456000,159.478,160.885,157.233,157.312,438138,0,0,2026-07-31
1785715200,157.143,157.885,155.227,157.151,340780,0,0,2026-08-03
1785801600,157.155,157.958,157.13,157.742,244195,0,0,2026-08-04
1785888000,157.698,157.876,157.305,157.753,244268,0,0,2026-08-05
1785974400,157.751,158.555,157.558,158.439,148451,0,0,2026-08-06
1786060800,158.414,158.573,156.672,157.798,216846,0,0,2026-08-07
1786320000,157.671,159.364,157.617,159.303,175517,0,0,2026-08-10
