Timestamp,Open,High,Low,Close,Volume
1971.01.03 00:00:00,357.73000,357.87000,357.73000,357.82000,5.0
1971.01.10 00:00:00,357.95000,358.44000,357.95000,358.40000,5.0
1971.01.17 00:00:00,358.29000,358.40000,357.90000,357.90000,5.0
1971.01.24 00:00:00,357.73000,357.83000,357.72000,357.72000,5.0
1971.01.31 00:00:00,357.67000,357.67000,357.51000,357.53000,5.0
1971.02.07 00:00:00,357.49000,357.50000,357.49000,357.50000,4.0
1971.02.14 00:00:00,357.53000,357.56000,357.53000,357.56000,4.0
1971.02.21 00:00:00,357.60000,357.60000,357.55000,357.56000,5.0
1971.02.28 00:00:00,357.63000,357.63000,357.45000,357.59000,5.0
1971.03.07 00:00:00,357.55000,357.59000,357.46000,357.58000,5.0
1971.03.14 00:00:00,357.54000,357.56000,357.49000,357.56000,5.0
1971.03.21 00:00:00,357.44000,357.53000,357.44000,357.47000,5.0
1971.03.28 00:00:00,357.44000,357.53000,357.42000,357.53000,5.0
1971.04.04 00:00:00,357.50000,357.55000,357.46000,357.50000,5.0
1971.04.11 00:00:00,357.50000,357.62000,357.50000,357.54000,5.0
1971.04.18 00:00:00,357.49000,357.49000,357.49000,357.49000,5.0
1971.04.25 00:00:00,357.50000,357.50000,357.40000,357.40000,5.0
1971.05.02 00:00:00,357.41000,357.41000,357.40000,357.41000,5.0
1971.05.09 00:00:00,357.14000,357.53000,357.14000,357.49000,5.0
1971.05.16 00:00:00,357.40000,357.46000,357.40000,357.40000,5.0
1971.05.23 00:00:00,357.40000,357.44000,357.40000,357.40000,5.0
1971.05.30 00:00:00,357.46000,357.46000,357.40000,357.40000,4.0
1971.06.06 00:00:00,357.40000,357.40000,357.40000,357.40000,5.0
1971.06.13 00:00:00,357.40000,357.46000,357.40000,357.40000,5.0
1971.06.20 00:00:00,357.40000,357.40000,357.40000,357.40000,5.0
1971.06.27 00:00:00,357.37000,357.40000,357.37000,357.40000,5.0
1971.07.04 00:00:00,357.45000,357.46000,357.40000,357.40000,4.0
1971.07.11 00:00:00,357.41000,357.44000,357.40000,357.40000,5.0
1971.07.18 00:00:00,357.39000,357.40000,357.36000,357.36000,5.0
1971.07.25 00:00:00,357.40000,357.40000,357.37000,357.39000,5.0
1971.08.01 00:00:00,357.41000,357.41000,357.37000,357.37000,5.0
1971.08.08 00:00:00,357.35000,357.40000,357.35000,357.35000,5.0
1971.08.29 00:00:00,339.85000,341.01000,338.98000,340.14000,4.0
1971.09.05 00:00:00,339.79000,339.79000,338.81000,338.81000,4.0
1971.09.12 00:00:00,338.98000,338.98000,337.84000,337.95000,5.0
1971.09.19 00:00:00,337.27000,337.44000,336.98000,336.98000,5.0
1971.09.26 00:00:00,336.25000,336.36000,333.39000,333.39000,5.0
1971.10.03 00:00:00,333.17000,333.17000,332.37000,332.37000,5.0
1971.10.10 00:00:00,330.52000,331.40000,330.52000,330.58000,4.0
1971.10.17 00:00:00,329.60000,331.07000,329.60000,330.36000,5.0
1971.10.24 00:00:00,329.00000,329.71000,329.00000,329.50000,4.0
1971.10.31 00:00:00,329.45000,330.87000,329.16000,329.16000,4.0
1971.11.07 00:00:00,329.22000,329.49000,329.11000,329.49000,5.0
1971.11.14 00:00:00,328.73000,328.80000,328.40000,328.40000,5.0
1971.11.21 00:00:00,328.41000,328.41000,327.60000,327.60000,4.0
1971.11.28 00:00:00,327.06000,327.60000,325.10000,325.10000,5.0
1971.12.05 00:00:00,326.53000,326.53000,323.10000,323.10000,5.0
1971.12.12 00:00:00,322.79000,322.79000,320.00000,320.36000,5.0
1971.12.19 00:00:00,314.98000,315.21000,314.96000,315.21000,4.0
1971.12.26 00:00:00,314.96000,315.21000,314.96000,315.01000,5.0
1972.01.02 00:00:00,314.86000,314.96000,312.01000,312.50000,5.0
1972.01.09 00:00:00,312.99000,314.47000,312.99000,312.99000,5.0
1972.01.16 00:00:00,313.38000,313.38000,312.01000,312.30000,5.0
1972.01.23 00:00:00,312.21000,312.21000,310.08000,310.46000,5.0
1972.01.30 00:00:00,310.56000,310.56000,308.55000,308.64000,5.0
1972.02.06 00:00:00,308.17000,308.17000,304.69000,304.69000,5.0
1972.02.13 00:00:00,304.23000,304.23000,303.49000,303.49000,5.0
1972.02.20 00:00:00,302.85000,302.85000,302.11000,302.48000,4.0
1972.02.27 00:00:00,303.95000,303.95000,302.66000,302.66000,5.0
1972.03.05 00:00:00,302.75000,302.75000,301.66000,301.93000,5.0
1972.03.12 00:00:00,302.30000,302.30000,302.02000,302.11000,5.0
1972.03.19 00:00:00,302.30000,302.30000,301.93000,302.30000,5.0
1972.03.26 00:00:00,302.57000,304.32000,302.57000,304.32000,5.0
1972.04.02 00:00:00,304.14000,305.16000,303.21000,303.21000,5.0
1972.04.09 00:00:00,302.11000,302.94000,302.11000,302.94000,5.0
1972.04.16 00:00:00,302.57000,303.21000,302.39000,303.21000,5.0
1972.04.23 00:00:00,305.16000,305.16000,303.77000,304.88000,5.0
1972.04.30 00:00:00,304.41000,304.41000,304.23000,304.32000,5.0
1972.05.07 00:00:00,305.06000,305.06000,303.58000,303.86000,5.0
1972.05.14 00:00:00,304.32000,304.60000,304.04000,304.04000,5.0
1972.05.21 00:00:00,304.41000,304.41000,304.23000,304.41000,5.0
1972.05.28 00:00:00,305.34000,305.34000,304.23000,304.23000,4.0
1972.06.04 00:00:00,304.69000,304.69000,304.23000,304.23000,5.0
1972.06.11 00:00:00,304.51000,304.51000,303.95000,303.95000,5.0
1972.06.18 00:00:00,303.86000,303.86000,294.12000,294.12000,5.0
1972.06.25 00:00:00,298.51000,300.93000,296.74000,300.93000,5.0
1972.07.02 00:00:00,300.84000,300.93000,300.03000,300.93000,4.0
1972.07.09 00:00:00,301.30000,301.57000,301.02000,301.20000,5.0
1972.07.16 00:00:00,301.02000,301.20000,300.75000,301.11000,5.0
1972.07.23 00:00:00,301.20000,301.20000,300.75000,301.20000,5.0
1972.07.30 00:00:00,301.39000,301.39000,300.93000,300.93000,5.0
1972.08.06 00:00:00,301.11000,301.20000,301.11000,301.11000,5.0
1972.08.13 00:00:00,301.11000,301.20000,301.11000,301.20000,5.0
1972.08.20 00:00:00,301.11000,301.20000,301.11000,301.20000,5.0
1972.08.27 00:00:00,301.20000,301.20000,301.11000,301.11000,5.0
1972.09.03 00:00:00,301.20000,301.20000,301.11000,301.11000,4.0
1972.09.10 00:00:00,301.20000,301.20000,301.11000,301.11000,5.0
1972.09.17 00:00:00,301.11000,301.11000,301.11000,301.11000,5.0
1972.09.24 00:00:00,301.11000,301.11000,301.02000,301.11000,5.0
1972.10.01 00:00:00,301.11000,301.11000,300.93000,300.93000,5.0
1972.10.08 00:00:00,300.93000,301.11000,300.93000,301.11000,4.0
1972.10.15 00:00:00,301.11000,301.11000,300.75000,300.75000,5.0
1972.10.22 00:00:00,301.02000,301.20000,300.48000,300.48000,4.0
1972.10.29 00:00:00,301.02000,301.11000,299.94000,299.94000,5.0
1972.11.05 00:00:00,301.02000,301.02000,300.93000,300.93000,4.0
1972.11.12 00:00:00,301.02000,301.11000,301.02000,301.02000,5.0
1972.11.19 00:00:00,301.11000,301.11000,301.02000,301.02000,4.0
1972.11.26 00:00:00,301.11000,301.20000,301.11000,301.11000,5.0
1972.12.03 00:00:00,301.11000,301.11000,301.11000,301.11000,5.0
1972.12.10 00:00:00,301.07000,301.11000,301.07000,301.11000,5.0
1972.12.17 00:00:00,301.11000,301.11000,301.11000,301.11000,5.0
1972.12.24 00:00:00,301.39000,302.02000,301.39000,301.66000,4.0
1972.12.31 00:00:00,301.39000,301.43000,301.20000,301.30000,4.0
1973.01.07 00:00:00,302.21000,302.21000,301.48000,301.66000,5.0
1973.01.14 00:00:00,301.66000,302.57000,301.66000,302.57000,5.0
1973.01.21 00:00:00,302.48000,302.48000,301.66000,301.75000,5.0
1973.01.28 00:00:00,301.66000,301.66000,299.58000,299.58000,5.0
1973.02.04 00:00:00,300.75000,300.75000,293.26000,293.26000,5.0
1973.02.11 00:00:00,266.67000,266.67000,263.02000,263.85000,4.0
1973.02.18 00:00:00,265.96000,265.96000,264.90000,264.90000,4.0
1973.02.25 00:00:00,265.60000,265.96000,262.12000,262.12000,5.0
1973.03.04 00:00:00,259.07000,261.92000,259.07000,260.42000,5.0
1973.03.11 00:00:00,257.07000,260.08000,254.45000,260.08000,5.0
1973.03.18 00:00:00,263.16000,266.03000,263.16000,266.03000,5.0
1973.03.25 00:00:00,265.53000,265.96000,265.39000,265.96000,5.0
1973.04.01 00:00:00,266.03000,266.03000,264.55000,264.76000,5.0
1973.04.08 00:00:00,265.53000,266.03000,265.53000,265.89000,5.0
1973.04.15 00:00:00,265.60000,265.60000,265.46000,265.60000,5.0
1973.04.22 00:00:00,265.60000,265.60000,265.46000,265.60000,5.0
1973.04.29 00:00:00,265.53000,265.53000,265.53000,265.53000,5.0
1973.05.06 00:00:00,265.53000,265.67000,265.04000,265.46000,5.0
1973.05.13 00:00:00,264.76000,264.76000,262.47000,264.27000,5.0
1973.05.20 00:00:00,262.95000,264.83000,262.95000,264.83000,5.0
1973.05.27 00:00:00,264.90000,264.90000,264.06000,264.06000,4.0
1973.06.03 00:00:00,262.88000,264.41000,262.88000,264.41000,5.0
1973.06.10 00:00:00,264.69000,264.69000,264.62000,264.69000,5.0
1973.06.17 00:00:00,264.69000,265.04000,264.69000,265.04000,5.0
1973.06.24 00:00:00,265.18000,265.18000,263.16000,263.16000,5.0
1973.07.01 00:00:00,265.25000,265.25000,262.12000,262.12000,4.0
1973.07.08 00:00:00,259.40000,265.04000,259.40000,265.04000,5.0
1973.07.15 00:00:00,265.11000,265.60000,265.11000,265.60000,5.0
1973.07.22 00:00:00,266.17000,266.17000,264.76000,264.76000,5.0
1973.07.29 00:00:00,263.57000,265.39000,263.44000,265.39000,5.0
1973.08.05 00:00:00,265.11000,265.25000,265.11000,265.25000,5.0
1973.08.12 00:00:00,265.46000,265.53000,265.39000,265.53000,5.0
1973.08.19 00:00:00,265.60000,265.60000,265.18000,265.25000,5.0
1973.08.26 00:00:00,265.32000,265.39000,265.32000,265.39000,5.0
1973.09.02 00:00:00,265.46000,265.46000,265.39000,265.39000,4.0
1973.09.09 00:00:00,265.39000,265.60000,265.39000,265.60000,5.0
1973.09.16 00:00:00,265.53000,265.53000,265.25000,265.25000,5.0
1973.09.23 00:00:00,265.39000,265.60000,265.39000,265.60000,5.0
1973.09.30 00:00:00,265.60000,266.17000,265.60000,266.17000,5.0
1973.10.07 00:00:00,266.31000,266.31000,266.24000,266.24000,4.0
1973.10.14 00:00:00,266.45000,266.45000,266.31000,266.38000,5.0
1973.10.21 00:00:00,266.45000,266.67000,266.38000,266.67000,4.0
1973.10.28 00:00:00,266.74000,276.01000,266.74000,276.01000,5.0
1973.11.04 00:00:00,275.18000,275.33000,275.18000,275.33000,4.0
1973.11.11 00:00:00,275.25000,280.66000,275.25000,280.11000,5.0
1973.11.18 00:00:00,280.11000,280.66000,280.11000,280.66000,4.0
1973.11.25 00:00:00,280.11000,280.11000,279.80000,280.11000,5.0
1973.12.02 00:00:00,280.11000,280.11000,280.11000,280.11000,5.0
1973.12.09 00:00:00,280.11000,280.11000,280.03000,280.11000,5.0
1973.12.16 00:00:00,280.11000,280.11000,280.11000,280.11000,5.0
1973.12.23 00:00:00,280.35000,280.66000,280.27000,280.43000,4.0
1973.12.30 00:00:00,280.27000,283.69000,280.27000,282.09000,4.0
1974.01.06 00:00:00,300.30000,300.30000,299.94000,300.03000,5.0
1974.01.13 00:00:00,300.12000,300.12000,300.12000,300.12000,5.0
1974.01.20 00:00:00,305.34000,305.34000,299.80000,299.80000,5.0
1974.01.27 00:00:00,299.85000,300.03000,298.77000,298.86000,5.0
1974.02.03 00:00:00,297.00000,297.62000,293.69000,296.30000,5.0
1974.02.10 00:00:00,295.51000,295.51000,291.55000,293.17000,4.0
1974.02.17 00:00:00,290.11000,290.11000,280.58000,280.58000,4.0
1974.02.24 00:00:00,283.37000,292.06000,283.37000,292.06000,5.0
1974.03.03 00:00:00,292.74000,292.74000,286.86000,287.19000,5.0
1974.03.10 00:00:00,285.71000,285.71000,281.69000,282.49000,5.0
1974.03.17 00:00:00,281.93000,281.93000,276.78000,276.78000,5.0
1974.03.24 00:00:00,275.18000,276.09000,274.42000,276.09000,5.0
1974.03.31 00:00:00,280.11000,280.11000,275.48000,279.33000,5.0
1974.04.07 00:00:00,278.01000,279.25000,276.78000,278.55000,5.0
1974.04.14 00:00:00,278.55000,278.55000,276.40000,276.93000,5.0
1974.04.21 00:00:00,277.39000,279.80000,275.56000,279.80000,5.0
1974.04.28 00:00:00,279.33000,279.96000,279.33000,279.80000,5.0
1974.05.05 00:00:00,279.41000,279.56000,277.62000,277.62000,5.0
1974.05.12 00:00:00,277.62000,277.78000,277.39000,277.70000,5.0
1974.05.19 00:00:00,278.24000,279.88000,278.24000,279.49000,5.0
1974.05.26 00:00:00,279.33000,281.93000,279.33000,281.93000,4.0
1974.06.02 00:00:00,283.69000,283.69000,281.85000,282.65000,5.0
1974.06.09 00:00:00,282.17000,282.97000,282.17000,282.57000,5.0
1974.06.16 00:00:00,282.73000,283.21000,282.65000,283.21000,5.0
1974.06.23 00:00:00,283.61000,284.25000,283.61000,284.25000,5.0
1974.06.30 00:00:00,285.31000,287.36000,285.31000,287.36000,4.0
1974.07.07 00:00:00,287.94000,291.97000,287.94000,289.18000,5.0
1974.07.14 00:00:00,288.85000,290.70000,288.10000,290.70000,5.0
1974.07.21 00:00:00,291.29000,295.42000,291.29000,295.42000,5.0
1974.07.28 00:00:00,298.24000,300.12000,297.53000,300.12000,5.0
1974.08.04 00:00:00,300.21000,302.75000,300.21000,302.57000,5.0
1974.08.11 00:00:00,302.11000,302.94000,301.84000,302.94000,5.0
1974.08.18 00:00:00,303.12000,303.86000,303.12000,303.12000,5.0
1974.08.25 00:00:00,302.85000,302.94000,302.11000,302.94000,5.0
1974.09.01 00:00:00,302.66000,302.75000,302.57000,302.66000,4.0
1974.09.08 00:00:00,302.48000,302.75000,299.58000,299.58000,5.0
1974.09.15 00:00:00,299.40000,299.40000,295.86000,295.86000,5.0
1974.09.22 00:00:00,295.86000,296.74000,294.81000,296.74000,5.0
1974.09.29 00:00:00,298.33000,299.04000,297.97000,299.04000,5.0
1974.10.06 00:00:00,300.03000,300.03000,298.69000,299.13000,5.0
1974.10.13 00:00:00,299.13000,299.31000,298.95000,299.31000,4.0
1974.10.20 00:00:00,299.67000,299.94000,299.67000,299.85000,5.0
1974.10.27 00:00:00,300.12000,300.48000,299.94000,300.48000,5.0
1974.11.03 00:00:00,300.48000,300.48000,299.67000,299.67000,4.0
1974.11.10 00:00:00,300.30000,300.30000,299.94000,299.94000,4.0
1974.11.17 00:00:00,299.67000,299.94000,299.67000,299.85000,5.0
1974.11.24 00:00:00,300.21000,300.30000,299.85000,300.30000,4.0
1974.12.01 00:00:00,300.39000,300.39000,299.76000,299.94000,5.0
1974.12.08 00:00:00,299.85000,300.03000,299.76000,300.03000,5.0
1974.12.15 00:00:00,300.30000,301.11000,300.30000,301.11000,5.0
1974.12.22 00:00:00,301.02000,301.20000,300.75000,300.75000,4.0
1974.12.29 00:00:00,300.57000,301.02000,300.57000,300.84000,4.0
1975.01.05 00:00:00,301.02000,301.02000,300.75000,300.84000,5.0
1975.01.12 00:00:00,300.93000,301.02000,300.75000,300.84000,5.0
1975.01.19 00:00:00,301.02000,301.02000,295.33000,295.33000,5.0
1975.01.26 00:00:00,294.99000,297.97000,294.99000,297.97000,5.0
1975.02.02 00:00:00,297.44000,297.44000,295.60000,295.60000,5.0
1975.02.09 00:00:00,292.40000,293.26000,291.63000,293.26000,4.0
1975.02.16 00:00:00,293.34000,293.34000,289.52000,289.52000,4.0
1975.02.23 00:00:00,285.88000,286.45000,285.63000,286.45000,5.0
1975.03.02 00:00:00,285.39000,285.96000,284.66000,285.96000,5.0
1975.03.09 00:00:00,286.21000,288.85000,286.12000,288.10000,5.0
1975.03.16 00:00:00,286.53000,288.18000,286.53000,287.44000,5.0
1975.03.23 00:00:00,287.77000,292.48000,287.77000,292.48000,5.0
1975.03.30 00:00:00,294.03000,294.03000,290.87000,292.23000,5.0
1975.04.06 00:00:00,291.97000,291.97000,291.12000,291.12000,5.0
1975.04.13 00:00:00,291.29000,291.80000,290.95000,291.80000,5.0
1975.04.20 00:00:00,292.83000,293.69000,292.74000,293.69000,5.0
1975.04.27 00:00:00,294.55000,294.55000,290.36000,290.36000,5.0
1975.05.04 00:00:00,290.44000,291.46000,290.44000,291.46000,5.0
1975.05.11 00:00:00,291.29000,291.80000,291.29000,291.55000,5.0
1975.05.18 00:00:00,291.80000,292.23000,291.04000,291.04000,5.0
1975.05.25 00:00:00,291.29000,291.55000,290.70000,291.55000,4.0
1975.06.01 00:00:00,291.46000,292.23000,291.04000,291.80000,5.0
1975.06.08 00:00:00,291.80000,292.65000,291.80000,292.65000,5.0
1975.06.15 00:00:00,294.12000,294.12000,293.43000,293.94000,5.0
1975.06.22 00:00:00,294.72000,297.00000,294.72000,296.03000,5.0
1975.06.29 00:00:00,295.68000,295.68000,295.42000,295.42000,4.0
1975.07.06 00:00:00,295.51000,296.12000,295.51000,296.12000,5.0
1975.07.13 00:00:00,295.86000,296.30000,295.86000,296.21000,5.0
1975.07.20 00:00:00,296.12000,297.62000,296.12000,296.65000,5.0
1975.07.27 00:00:00,297.80000,297.89000,297.35000,297.89000,5.0
1975.08.03 00:00:00,297.97000,298.06000,297.62000,297.62000,5.0
1975.08.10 00:00:00,297.80000,298.06000,297.80000,297.97000,5.0
1975.08.17 00:00:00,298.15000,298.15000,297.89000,297.97000,5.0
1975.08.24 00:00:00,298.06000,298.15000,297.97000,297.97000,5.0
1975.08.31 00:00:00,297.97000,297.97000,297.80000,297.97000,4.0
1975.09.07 00:00:00,297.97000,298.06000,297.97000,298.06000,5.0
1975.09.14 00:00:00,298.06000,301.57000,298.06000,301.57000,5.0
1975.09.21 00:00:00,302.94000,303.31000,301.75000,301.75000,5.0
1975.09.28 00:00:00,303.21000,303.21000,302.57000,303.03000,5.0
1975.10.05 00:00:00,303.12000,303.12000,302.94000,302.94000,5.0
1975.10.12 00:00:00,302.66000,302.94000,302.66000,302.76000,4.0
1975.10.19 00:00:00,302.48000,302.48000,301.11000,301.66000,5.0
1975.10.26 00:00:00,301.57000,301.75000,301.48000,301.75000,5.0
1975.11.02 00:00:00,301.75000,301.84000,301.75000,301.75000,4.0
1975.11.09 00:00:00,302.30000,302.57000,301.93000,302.57000,4.0
1975.11.16 00:00:00,302.66000,303.12000,302.66000,303.12000,5.0
1975.11.23 00:00:00,302.94000,303.21000,302.94000,303.12000,4.0
1975.11.30 00:00:00,304.41000,306.75000,304.41000,306.75000,5.0
1975.12.07 00:00:00,306.84000,306.84000,305.90000,305.90000,5.0
1975.12.14 00:00:00,306.00000,306.09000,305.53000,306.09000,5.0
1975.12.21 00:00:00,306.09000,306.09000,305.90000,305.90000,4.0
1975.12.28 00:00:00,305.25000,305.25000,305.06000,305.06000,4.0
1976.01.04 00:00:00,305.16000,306.00000,305.06000,306.00000,5.0
1976.01.11 00:00:00,305.16000,305.34000,305.16000,305.25000,5.0
1976.01.18 00:00:00,304.14000,304.41000,303.86000,304.04000,5.0
1976.01.25 00:00:00,303.77000,303.77000,303.58000,303.67000,5.0
1976.02.01 00:00:00,303.21000,303.21000,300.57000,301.39000,5.0
1976.02.08 00:00:00,300.75000,300.75000,300.12000,300.75000,4.0
1976.02.15 00:00:00,301.57000,302.11000,301.57000,302.11000,4.0
1976.02.22 00:00:00,302.57000,302.57000,302.02000,302.11000,5.0
1976.02.29 00:00:00,301.66000,301.66000,301.57000,301.57000,5.0
1976.03.07 00:00:00,300.75000,301.30000,300.75000,300.84000,5.0
1976.03.14 00:00:00,300.66000,300.66000,299.67000,299.67000,5.0
1976.03.21 00:00:00,299.85000,299.85000,299.58000,299.58000,5.0
1976.03.28 00:00:00,299.67000,299.85000,299.31000,299.31000,5.0
1976.04.04 00:00:00,299.31000,299.31000,297.44000,297.89000,5.0
1976.04.11 00:00:00,298.42000,299.40000,298.06000,299.31000,5.0
1976.04.18 00:00:00,300.03000,300.03000,299.49000,299.76000,5.0
1976.04.25 00:00:00,299.85000,299.85000,299.04000,299.04000,5.0
1976.05.02 00:00:00,298.95000,298.95000,297.89000,298.51000,5.0
1976.05.09 00:00:00,298.42000,298.95000,298.42000,298.78000,5.0
1976.05.16 00:00:00,299.31000,299.58000,299.13000,299.58000,5.0
1976.05.23 00:00:00,299.58000,300.03000,299.58000,300.03000,5.0
1976.05.30 00:00:00,300.39000,300.48000,300.30000,300.39000,4.0
1976.06.06 00:00:00,300.30000,300.30000,299.94000,300.03000,5.0
1976.06.13 00:00:00,299.94000,300.03000,299.31000,299.31000,5.0
1976.06.20 00:00:00,299.31000,299.31000,296.82000,297.80000,5.0
1976.06.27 00:00:00,296.03000,297.97000,296.03000,297.18000,5.0
1976.07.04 00:00:00,296.38000,296.74000,296.38000,296.74000,4.0
1976.07.11 00:00:00,296.38000,296.38000,292.65000,294.03000,5.0
1976.07.18 00:00:00,293.69000,293.94000,293.34000,293.94000,5.0
1976.07.25 00:00:00,293.51000,293.86000,293.26000,293.26000,5.0
1976.08.01 00:00:00,292.91000,293.00000,292.83000,293.00000,5.0
1976.08.08 00:00:00,292.65000,292.83000,291.12000,291.12000,5.0
1976.08.15 00:00:00,290.36000,290.36000,287.85000,289.35000,5.0
1976.08.22 00:00:00,289.77000,289.77000,288.43000,288.60000,5.0
1976.08.29 00:00:00,288.77000,289.35000,287.77000,287.77000,5.0
1976.09.05 00:00:00,287.77000,287.77000,286.04000,286.94000,4.0
1976.09.12 00:00:00,286.62000,287.27000,286.12000,287.27000,5.0
1976.09.19 00:00:00,287.11000,288.02000,287.11000,287.85000,5.0
1976.09.26 00:00:00,287.60000,287.77000,286.86000,287.11000,5.0
1976.10.03 00:00:00,287.27000,288.77000,287.27000,288.77000,5.0
1976.10.10 00:00:00,289.86000,293.00000,289.86000,293.00000,4.0
1976.10.17 00:00:00,292.48000,293.69000,292.14000,293.69000,5.0
1976.10.24 00:00:00,293.34000,294.38000,293.17000,294.38000,5.0
1976.10.31 00:00:00,295.86000,295.86000,294.99000,294.99000,4.0
1976.11.07 00:00:00,293.77000,294.64000,293.77000,294.64000,4.0
1976.11.14 00:00:00,294.72000,295.42000,294.72000,295.42000,5.0
1976.11.21 00:00:00,295.07000,295.51000,295.07000,295.51000,4.0
1976.11.28 00:00:00,295.68000,297.89000,295.68000,297.89000,5.0
1976.12.05 00:00:00,296.56000,296.56000,294.81000,294.81000,5.0
1976.12.12 00:00:00,294.72000,295.51000,294.64000,294.64000,5.0
1976.12.19 00:00:00,293.60000,293.94000,293.43000,293.51000,5.0
1976.12.26 00:00:00,292.31000,293.08000,292.14000,293.08000,5.0
1977.01.02 00:00:00,292.48000,292.91000,291.72000,292.83000,5.0
1977.01.09 00:00:00,292.48000,292.57000,292.06000,292.06000,5.0
1977.01.16 00:00:00,291.72000,291.72000,289.60000,290.44000,5.0
1977.01.23 00:00:00,290.11000,290.11000,288.18000,289.52000,5.0
1977.01.30 00:00:00,288.43000,288.43000,288.02000,288.10000,5.0
1977.02.06 00:00:00,287.94000,287.94000,285.06000,285.06000,5.0
1977.02.13 00:00:00,281.69000,283.93000,281.69000,283.45000,5.0
1977.02.20 00:00:00,283.37000,283.53000,282.01000,282.01000,4.0
1977.02.27 00:00:00,282.81000,282.81000,281.29000,282.09000,5.0
1977.03.06 00:00:00,281.93000,282.33000,281.93000,282.01000,5.0
1977.03.13 00:00:00,281.21000,281.85000,280.82000,280.82000,5.0
1977.03.20 00:00:00,279.10000,279.10000,277.24000,278.32000,5.0
1977.03.27 00:00:00,276.85000,277.55000,276.17000,276.17000,5.0
1977.04.03 00:00:00,274.65000,274.65000,273.00000,273.22000,5.0
1977.04.10 00:00:00,271.30000,273.82000,270.71000,273.82000,5.0
1977.04.17 00:00:00,275.33000,278.78000,275.33000,277.78000,5.0
1977.04.24 00:00:00,278.01000,278.32000,277.09000,277.78000,5.0
1977.05.01 00:00:00,278.01000,278.16000,275.94000,276.85000,5.0
1977.05.08 00:00:00,278.01000,278.01000,277.47000,277.62000,5.0
1977.05.15 00:00:00,277.70000,277.70000,276.97000,277.24000,5.0
1977.05.22 00:00:00,277.55000,277.78000,277.12000,277.28000,5.0
1977.05.29 00:00:00,277.28000,277.32000,276.28000,276.28000,4.0
1977.06.05 00:00:00,275.18000,275.56000,273.67000,273.67000,5.0
1977.06.12 00:00:00,271.81000,272.78000,271.81000,272.70000,5.0
1977.06.19 00:00:00,272.78000,272.78000,271.74000,272.00000,5.0
1977.06.26 00:00:00,271.48000,271.48000,267.13000,267.13000,5.0
1977.07.03 00:00:00,264.90000,265.39000,264.69000,264.76000,4.0
1977.07.10 00:00:00,263.09000,265.32000,263.09000,265.32000,4.0
1977.07.17 00:00:00,263.99000,264.83000,263.99000,264.24000,5.0
1977.07.24 00:00:00,264.34000,266.81000,264.34000,266.81000,5.0
1977.07.31 00:00:00,267.13000,267.13000,265.53000,265.85000,5.0
1977.08.07 00:00:00,266.24000,266.38000,265.96000,266.38000,5.0
1977.08.14 00:00:00,267.92000,267.92000,266.74000,267.27000,5.0
1977.08.21 00:00:00,266.70000,267.31000,266.21000,267.09000,5.0
1977.08.28 00:00:00,267.06000,268.17000,267.06000,267.97000,5.0
1977.09.04 00:00:00,267.59000,267.59000,266.81000,266.84000,4.0
1977.09.11 00:00:00,266.67000,267.13000,266.67000,267.09000,5.0
1977.09.18 00:00:00,266.92000,266.92000,266.81000,266.81000,5.0
1977.09.25 00:00:00,266.70000,266.70000,263.71000,263.71000,5.0
1977.10.02 00:00:00,260.72000,261.10000,257.60000,257.60000,5.0
1977.10.09 00:00:00,257.80000,257.80000,253.00000,253.00000,4.0
1977.10.16 00:00:00,252.53000,254.45000,252.21000,254.32000,5.0
1977.10.23 00:00:00,251.95000,252.33000,250.31000,250.50000,5.0
1977.10.30 00:00:00,249.13000,249.13000,246.73000,249.00000,5.0
1977.11.06 00:00:00,248.69000,248.69000,246.18000,246.18000,3.0
1977.11.13 00:00:00,245.10000,245.40000,243.49000,243.49000,5.0
1977.11.20 00:00:00,242.78000,242.78000,239.75000,239.98000,4.0
1977.11.27 00:00:00,240.24000,244.02000,240.24000,242.51000,5.0
1977.12.04 00:00:00,242.01000,242.37000,241.43000,242.37000,5.0
1977.12.11 00:00:00,241.78000,241.78000,237.81000,240.59000,5.0
1977.12.18 00:00:00,241.02000,241.66000,240.38000,241.66000,5.0
1977.12.25 00:00:00,241.37000,241.37000,239.98000,239.98000,4.0
1978.01.01 00:00:00,237.59000,241.08000,237.42000,240.38000,4.0
1978.01.08 00:00:00,241.46000,241.60000,240.50000,241.49000,5.0
1978.01.15 00:00:00,241.60000,242.42000,241.60000,241.85000,5.0
1978.01.22 00:00:00,241.46000,241.66000,240.56000,241.37000,5.0
1978.01.29 00:00:00,241.78000,241.84000,241.60000,241.84000,5.0
1978.02.05 00:00:00,241.14000,241.58000,241.14000,241.58000,5.0
1978.02.12 00:00:00,240.70000,240.70000,239.81000,239.81000,4.0
1978.02.19 00:00:00,238.41000,240.21000,238.15000,240.21000,4.0
1978.02.26 00:00:00,239.23000,239.23000,237.02000,237.02000,5.0
1978.03.05 00:00:00,236.41000,236.41000,234.41000,235.90000,5.0
1978.03.12 00:00:00,234.03000,235.63000,231.00000,231.00000,5.0
1978.03.19 00:00:00,231.16000,231.16000,228.00000,228.00000,5.0
1978.03.26 00:00:00,225.23000,229.89000,222.27000,229.89000,5.0
1978.04.02 00:00:00,218.34000,220.12000,218.34000,220.12000,5.0
1978.04.09 00:00:00,219.83000,219.83000,218.72000,219.40000,5.0
1978.04.16 00:00:00,220.60000,226.76000,220.60000,225.89000,5.0
1978.04.23 00:00:00,228.10000,228.10000,222.22000,224.97000,5.0
1978.04.30 00:00:00,225.78000,226.14000,224.59000,224.59000,5.0
1978.05.07 00:00:00,225.12000,225.63000,224.92000,225.63000,5.0
1978.05.14 00:00:00,226.22000,228.41000,226.22000,228.00000,5.0
1978.05.21 00:00:00,228.83000,229.04000,225.68000,225.68000,5.0
1978.05.28 00:00:00,225.05000,225.05000,221.24000,221.24000,4.0
1978.06.04 00:00:00,220.99000,220.99000,220.60000,220.60000,5.0
1978.06.11 00:00:00,218.01000,218.01000,215.38000,215.89000,5.0
1978.06.18 00:00:00,213.49000,213.49000,207.47000,207.47000,5.0
1978.06.25 00:00:00,206.06000,206.06000,203.71000,203.71000,5.0
1978.07.02 00:00:00,202.43000,203.09000,201.61000,202.35000,4.0
1978.07.09 00:00:00,201.69000,203.29000,201.69000,202.59000,5.0
1978.07.16 00:00:00,203.79000,203.79000,200.94000,200.94000,5.0
1978.07.23 00:00:00,198.02000,198.02000,190.59000,190.59000,5.0
1978.07.30 00:00:00,189.14000,190.19000,186.29000,190.19000,5.0
1978.08.06 00:00:00,188.79000,188.79000,185.53000,185.53000,5.0
1978.08.13 00:00:00,183.76000,188.86000,183.76000,188.86000,5.0
1978.08.20 00:00:00,193.01000,193.01000,191.02000,192.57000,5.0
1978.08.27 00:00:00,193.35000,193.35000,189.07000,190.80000,5.0
1978.09.03 00:00:00,190.15000,192.90000,190.00000,192.90000,4.0
1978.09.10 00:00:00,191.90000,191.90000,189.85000,189.85000,5.0
1978.09.17 00:00:00,190.80000,190.80000,187.75000,188.25000,5.0
1978.09.24 00:00:00,187.65000,189.20000,187.65000,189.19000,5.0
1978.10.01 00:00:00,188.85000,188.85000,187.00000,188.40000,5.0
1978.10.08 00:00:00,187.90000,187.90000,185.85000,185.90000,4.0
1978.10.15 00:00:00,183.85000,183.85000,181.80000,181.80000,5.0
1978.10.22 00:00:00,181.55000,182.55000,178.30000,179.00000,5.0
1978.10.29 00:00:00,177.05000,189.00000,177.05000,189.00000,5.0
1978.11.05 00:00:00,190.25000,190.25000,187.25000,188.60000,4.0
1978.11.12 00:00:00,188.45000,195.60000,188.45000,195.60000,5.0
1978.11.19 00:00:00,194.80000,195.05000,194.20000,195.05000,4.0
1978.11.26 00:00:00,196.00000,201.70000,196.00000,201.70000,5.0
1978.12.03 00:00:00,197.65000,198.65000,197.50000,198.10000,5.0
1978.12.10 00:00:00,196.00000,196.35000,195.55000,195.80000,5.0
1978.12.17 00:00:00,193.05000,195.20000,193.05000,194.10000,5.0
1978.12.24 00:00:00,195.00000,195.00000,193.95000,194.30000,4.0
1978.12.31 00:00:00,194.58000,196.65000,194.58000,196.65000,4.0
1979.01.07 00:00:00,195.65000,198.25000,195.65000,197.60000,5.0
1979.01.14 00:00:00,197.80000,198.25000,196.75000,198.25000,5.0
1979.01.21 00:00:00,197.63000,199.55000,197.63000,199.55000,5.0
1979.01.28 00:00:00,200.10000,202.75000,200.10000,201.60000,5.0
1979.02.04 00:00:00,199.85000,199.85000,196.00000,198.80000,5.0
1979.02.11 00:00:00,199.70000,200.70000,199.70000,200.70000,4.0
1979.02.18 00:00:00,201.05000,201.85000,201.05000,201.40000,4.0
1979.02.25 00:00:00,202.08000,204.90000,201.90000,204.90000,5.0
1979.03.04 00:00:00,204.73000,204.73000,204.00000,204.70000,5.0
1979.03.11 00:00:00,205.73000,208.65000,205.73000,207.45000,5.0
1979.03.18 00:00:00,207.00000,207.17000,205.50000,205.90000,5.0
1979.03.25 00:00:00,206.80000,209.58000,206.80000,209.58000,5.0
1979.04.01 00:00:00,211.65000,215.28000,211.65000,214.90000,5.0
1979.04.08 00:00:00,213.50000,215.90000,212.75000,215.90000,5.0
1979.04.15 00:00:00,216.45000,218.30000,215.40000,218.30000,5.0
1979.04.22 00:00:00,218.35000,219.90000,218.10000,219.90000,5.0
1979.04.29 00:00:00,221.80000,224.95000,221.50000,221.50000,5.0
1979.05.06 00:00:00,214.80000,215.15000,213.15000,215.13000,5.0
1979.05.13 00:00:00,214.00000,218.80000,214.00000,218.80000,5.0
1979.05.20 00:00:00,218.80000,219.75000,218.65000,219.75000,5.0
1979.05.27 00:00:00,220.45000,222.05000,220.35000,221.28000,4.0
1979.06.03 00:00:00,219.75000,221.15000,218.60000,218.60000,5.0
1979.06.10 00:00:00,218.83000,220.18000,218.80000,218.80000,5.0
1979.06.17 00:00:00,219.90000,219.90000,215.80000,215.80000,5.0
1979.06.24 00:00:00,213.24000,217.80000,213.24000,217.80000,5.0
1979.07.01 00:00:00,218.30000,218.40000,217.00000,217.50000,4.0
1979.07.08 00:00:00,217.50000,217.68000,217.25000,217.35000,5.0
1979.07.15 00:00:00,216.80000,217.10000,213.60000,217.10000,5.0
1979.07.22 00:00:00,215.75000,215.75000,214.40000,215.40000,5.0
1979.07.29 00:00:00,215.80000,216.90000,215.80000,216.90000,5.0
1979.08.05 00:00:00,216.45000,216.50000,215.90000,215.90000,5.0
1979.08.12 00:00:00,216.58000,217.30000,216.58000,217.30000,5.0
1979.08.19 00:00:00,217.38000,219.50000,217.38000,219.25000,5.0
1979.08.26 00:00:00,220.95000,221.93000,219.95000,220.40000,5.0
1979.09.02 00:00:00,221.05000,221.50000,220.80000,220.80000,4.0
1979.09.09 00:00:00,220.90000,223.60000,220.90000,223.40000,5.0
1979.09.16 00:00:00,223.48000,223.80000,220.30000,222.45000,5.0
1979.09.23 00:00:00,223.10000,224.50000,222.60000,224.50000,5.0
1979.09.30 00:00:00,225.25000,225.35000,223.40000,224.15000,5.0
1979.10.07 00:00:00,226.00000,227.50000,225.60000,227.50000,4.0
1979.10.14 00:00:00,229.80000,234.10000,229.80000,230.65000,5.0
1979.10.21 00:00:00,233.80000,235.40000,233.80000,234.30000,5.0
1979.10.28 00:00:00,235.98000,238.15000,234.55000,234.55000,5.0
1979.11.04 00:00:00,237.10000,243.55000,237.10000,243.55000,4.0
1979.11.11 00:00:00,246.60000,247.20000,243.35000,246.50000,4.0
1979.11.18 00:00:00,245.25000,249.00000,245.25000,249.00000,4.0
1979.11.25 00:00:00,250.85000,250.85000,248.85000,249.55000,5.0
1979.12.02 00:00:00,248.89000,248.89000,240.20000,240.20000,5.0
1979.12.09 00:00:00,232.65000,242.55000,232.65000,242.55000,5.0
1979.12.16 00:00:00,240.10000,240.10000,236.60000,239.90000,5.0
1979.12.23 00:00:00,239.80000,240.55000,239.05000,240.55000,4.0
1979.12.30 00:00:00,240.30000,240.30000,234.80000,234.80000,4.0
1980.01.06 00:00:00,231.55000,236.05000,231.55000,236.05000,5.0
1980.01.13 00:00:00,236.20000,239.90000,236.20000,239.65000,5.0
1980.01.20 00:00:00,241.00000,241.00000,237.25000,239.60000,5.0
1980.01.27 00:00:00,240.22000,240.45000,239.33000,240.45000,5.0
1980.02.03 00:00:00,240.29000,241.65000,240.09000,241.65000,5.0
1980.02.10 00:00:00,241.40000,243.39000,241.40000,243.20000,4.0
1980.02.17 00:00:00,245.36000,247.45000,245.36000,247.45000,4.0
1980.02.24 00:00:00,248.35000,251.65000,248.08000,251.65000,5.0
1980.03.02 00:00:00,247.85000,248.10000,246.40000,247.85000,5.0
1980.03.09 00:00:00,247.93000,249.05000,247.30000,249.05000,5.0
1980.03.16 00:00:00,248.90000,249.10000,248.65000,248.92000,5.0
1980.03.23 00:00:00,249.15000,249.90000,249.07000,249.65000,5.0
1980.03.30 00:00:00,249.95000,258.75000,249.95000,258.75000,5.0
1980.04.06 00:00:00,261.40000,261.40000,249.50000,252.50000,5.0
1980.04.13 00:00:00,251.35000,252.70000,248.70000,249.40000,5.0
1980.04.20 00:00:00,249.80000,250.00000,243.25000,246.00000,5.0
1980.04.27 00:00:00,241.30000,241.30000,239.30000,240.35000,5.0
1980.05.04 00:00:00,237.20000,237.20000,231.80000,231.80000,5.0
1980.05.11 00:00:00,226.80000,229.60000,226.80000,229.60000,5.0
1980.05.18 00:00:00,229.00000,229.00000,221.25000,221.25000,5.0
1980.05.25 00:00:00,219.20000,223.80000,219.20000,223.00000,4.0
1980.06.01 00:00:00,223.55000,223.55000,219.30000,219.30000,5.0
1980.06.08 00:00:00,216.35000,217.75000,215.80000,216.00000,5.0
1980.06.15 00:00:00,216.00000,217.20000,215.75000,217.20000,5.0
1980.06.22 00:00:00,216.07000,217.95000,216.07000,217.55000,5.0
1980.06.29 00:00:00,219.90000,219.90000,218.80000,219.00000,4.0
1980.07.06 00:00:00,217.90000,219.10000,216.85000,217.70000,5.0
1980.07.13 00:00:00,218.25000,220.27000,218.25000,220.27000,5.0
1980.07.20 00:00:00,220.38000,225.40000,220.38000,225.40000,5.0
1980.07.27 00:00:00,227.40000,227.40000,226.80000,227.00000,5.0
1980.08.03 00:00:00,226.05000,226.30000,225.30000,226.30000,5.0
1980.08.10 00:00:00,225.78000,225.78000,222.90000,225.75000,5.0
1980.08.17 00:00:00,226.30000,226.30000,223.80000,223.80000,5.0
1980.08.24 00:00:00,223.20000,223.20000,218.00000,219.10000,5.0
1980.08.31 00:00:00,215.93000,218.00000,215.93000,218.00000,4.0
1980.09.07 00:00:00,216.70000,216.80000,213.20000,213.20000,5.0
1980.09.14 00:00:00,212.65000,212.98000,210.80000,210.80000,5.0
1980.09.21 00:00:00,214.80000,218.15000,211.70000,211.70000,5.0
1980.09.28 00:00:00,212.40000,212.40000,207.60000,207.60000,5.0
1980.10.05 00:00:00,207.90000,209.00000,207.90000,209.00000,5.0
1980.10.12 00:00:00,206.50000,208.20000,206.50000,208.20000,4.0
1980.10.19 00:00:00,208.65000,212.75000,207.95000,212.75000,5.0
1980.10.26 00:00:00,213.75000,213.75000,210.00000,211.05000,5.0
1980.11.02 00:00:00,210.80000,213.10000,210.80000,213.10000,4.0
1980.11.09 00:00:00,209.50000,213.10000,209.50000,212.90000,4.0
1980.11.16 00:00:00,213.60000,213.80000,212.65000,213.80000,5.0
1980.11.23 00:00:00,213.35000,216.60000,213.35000,216.60000,4.0
1980.11.30 00:00:00,217.85000,217.85000,211.00000,211.60000,5.0
1980.12.07 00:00:00,208.50000,210.50000,208.50000,210.50000,5.0
1980.12.14 00:00:00,209.40000,209.50000,208.20000,208.20000,5.0
1980.12.21 00:00:00,207.65000,208.40000,207.65000,208.40000,4.0
1980.12.28 00:00:00,206.65000,206.65000,202.50000,202.50000,4.0
1981.01.04 00:00:00,199.05000,203.00000,199.05000,203.00000,5.0
1981.01.11 00:00:00,204.10000,204.10000,201.75000,202.90000,5.0
1981.01.18 00:00:00,202.30000,202.75000,199.20000,202.75000,5.0
1981.01.25 00:00:00,203.55000,206.70000,202.50000,206.70000,5.0
1981.02.01 00:00:00,203.15000,204.05000,202.90000,203.80000,5.0
1981.02.08 00:00:00,203.90000,207.45000,203.90000,207.45000,4.0
1981.02.15 00:00:00,206.80000,206.80000,206.55000,206.80000,4.0
1981.02.22 00:00:00,208.05000,209.70000,207.00000,209.70000,5.0
1981.03.01 00:00:00,211.10000,211.10000,208.60000,209.00000,5.0
1981.03.08 00:00:00,206.00000,207.60000,206.00000,207.55000,5.0
1981.03.15 00:00:00,207.27000,208.75000,207.27000,208.25000,5.0
1981.03.22 00:00:00,208.60000,211.80000,208.55000,211.80000,5.0
1981.03.29 00:00:00,211.40000,213.80000,211.25000,213.20000,5.0
1981.04.05 00:00:00,214.00000,215.17000,213.10000,215.17000,5.0
1981.04.12 00:00:00,216.25000,217.50000,215.22000,217.50000,5.0
1981.04.19 00:00:00,218.20000,218.35000,214.30000,214.30000,5.0
1981.04.26 00:00:00,212.10000,215.78000,212.10000,215.75000,5.0
1981.05.03 00:00:00,217.10000,217.90000,216.90000,217.60000,5.0
1981.05.10 00:00:00,217.95000,223.05000,217.95000,223.05000,5.0
1981.05.17 00:00:00,221.97000,222.50000,220.80000,222.50000,5.0
1981.05.24 00:00:00,224.35000,224.95000,223.90000,223.90000,4.0
1981.05.31 00:00:00,222.50000,227.80000,222.50000,227.80000,5.0
1981.06.07 00:00:00,227.90000,228.10000,224.15000,224.15000,5.0
1981.06.14 00:00:00,219.70000,223.35000,219.70000,223.35000,5.0
1981.06.21 00:00:00,222.52000,225.45000,221.80000,224.85000,5.0
1981.06.28 00:00:00,225.85000,228.50000,225.85000,228.50000,5.0
1981.07.05 00:00:00,229.83000,229.83000,228.30000,228.30000,5.0
1981.07.12 00:00:00,228.30000,231.97000,228.30000,231.97000,5.0
1981.07.19 00:00:00,233.00000,234.90000,233.00000,234.52000,5.0
1981.07.26 00:00:00,236.10000,240.40000,236.10000,240.40000,5.0
1981.08.02 00:00:00,245.40000,246.10000,234.90000,234.90000,5.0
1981.08.09 00:00:00,236.10000,236.10000,230.20000,233.75000,5.0
1981.08.16 00:00:00,229.80000,230.35000,227.25000,227.25000,5.0
1981.08.23 00:00:00,228.40000,230.95000,228.40000,229.10000,5.0
1981.08.30 00:00:00,230.50000,230.95000,229.70000,229.70000,5.0
1981.09.06 00:00:00,232.50000,233.80000,230.90000,231.35000,4.0
1981.09.13 00:00:00,230.20000,230.20000,225.70000,226.30000,5.0
1981.09.20 00:00:00,224.20000,229.70000,224.20000,229.70000,5.0
1981.09.27 00:00:00,232.45000,233.10000,231.90000,232.05000,5.0
1981.10.04 00:00:00,227.60000,230.40000,226.55000,226.55000,5.0
1981.10.11 00:00:00,228.60000,230.60000,228.60000,230.60000,4.0
1981.10.18 00:00:00,232.35000,233.70000,232.30000,232.30000,5.0
1981.10.25 00:00:00,236.15000,236.15000,232.80000,232.80000,5.0
1981.11.01 00:00:00,229.15000,229.15000,227.30000,229.05000,4.0
1981.11.08 00:00:00,226.78000,229.85000,226.78000,227.35000,4.0
1981.11.15 00:00:00,225.70000,225.70000,218.65000,218.65000,5.0
1981.11.22 00:00:00,217.60000,217.60000,215.65000,215.65000,4.0
1981.11.29 00:00:00,214.20000,216.65000,214.20000,216.50000,5.0
1981.12.06 00:00:00,217.55000,219.30000,217.55000,219.30000,5.0
1981.12.13 00:00:00,220.75000,220.75000,217.50000,219.00000,5.0
1981.12.20 00:00:00,220.05000,222.10000,219.35000,222.10000,4.0
1981.12.27 00:00:00,222.80000,222.80000,219.80000,219.80000,4.0
1982.01.03 00:00:00,218.75000,222.00000,218.75000,221.40000,5.0
1982.01.10 00:00:00,223.30000,224.50000,223.05000,224.50000,5.0
1982.01.17 00:00:00,225.35000,227.40000,224.50000,227.40000,5.0
1982.01.24 00:00:00,229.40000,231.00000,228.25000,228.30000,5.0
1982.01.31 00:00:00,232.60000,234.80000,232.60000,233.50000,5.0
1982.02.07 00:00:00,234.75000,236.50000,234.75000,235.75000,4.0
1982.02.14 00:00:00,240.65000,240.65000,233.60000,233.60000,4.0
1982.02.21 00:00:00,232.10000,237.25000,232.10000,237.25000,5.0
1982.02.28 00:00:00,238.30000,238.30000,233.90000,233.90000,5.0
1982.03.07 00:00:00,234.30000,240.10000,234.30000,240.10000,5.0
1982.03.14 00:00:00,240.50000,244.00000,240.50000,244.00000,5.0
1982.03.21 00:00:00,245.30000,247.10000,243.60000,247.10000,5.0
1982.03.28 00:00:00,247.20000,248.25000,245.30000,245.60000,5.0
1982.04.04 00:00:00,248.40000,248.75000,245.90000,248.05000,5.0
1982.04.11 00:00:00,248.00000,248.40000,246.70000,247.80000,5.0
1982.04.18 00:00:00,245.00000,245.00000,241.15000,241.15000,5.0
1982.04.25 00:00:00,238.40000,238.40000,235.85000,235.85000,5.0
1982.05.02 00:00:00,236.60000,237.55000,232.92000,232.92000,5.0
1982.05.09 00:00:00,233.30000,235.25000,232.85000,235.25000,5.0
1982.05.16 00:00:00,236.85000,238.95000,236.85000,237.60000,5.0
1982.05.23 00:00:00,238.40000,243.30000,238.40000,243.30000,5.0
1982.05.30 00:00:00,244.30000,244.70000,243.20000,243.65000,4.0
1982.06.06 00:00:00,245.65000,249.30000,245.65000,247.55000,5.0
1982.06.13 00:00:00,250.65000,255.15000,250.65000,255.15000,5.0
1982.06.20 00:00:00,257.15000,257.70000,252.40000,257.70000,5.0
1982.06.27 00:00:00,258.95000,258.95000,255.00000,257.00000,5.0
1982.07.04 00:00:00,257.70000,259.00000,255.80000,255.80000,4.0
1982.07.11 00:00:00,254.25000,257.50000,254.05000,254.05000,5.0
1982.07.18 00:00:00,254.65000,254.65000,249.20000,249.20000,5.0
1982.07.25 00:00:00,250.95000,258.10000,250.95000,258.10000,5.0
1982.08.01 00:00:00,256.60000,260.35000,256.60000,260.10000,5.0
1982.08.08 00:00:00,262.30000,263.90000,262.10000,262.10000,5.0
1982.08.15 00:00:00,264.05000,264.05000,254.75000,254.75000,5.0
1982.08.22 00:00:00,254.60000,256.60000,251.00000,256.60000,5.0
1982.08.29 00:00:00,260.95000,261.10000,256.20000,257.80000,5.0
1982.09.05 00:00:00,257.45000,262.65000,257.45000,262.65000,4.0
1982.09.12 00:00:00,264.00000,264.00000,263.20000,263.20000,5.0
1982.09.19 00:00:00,264.50000,266.25000,262.65000,266.25000,5.0
1982.09.26 00:00:00,269.80000,270.00000,268.30000,268.90000,5.0
1982.10.03 00:00:00,273.50000,273.95000,267.70000,267.70000,5.0
1982.10.10 00:00:00,262.60000,269.70000,262.60000,269.70000,4.0
1982.10.17 00:00:00,268.55000,273.45000,268.30000,273.45000,5.0
1982.10.24 00:00:00,276.55000,277.45000,276.05000,277.10000,5.0
1982.10.31 00:00:00,276.90000,277.65000,275.80000,275.80000,4.0
1982.11.07 00:00:00,276.00000,276.00000,268.10000,268.50000,4.0
1982.11.14 00:00:00,267.35000,267.35000,257.85000,257.85000,5.0
1982.11.21 00:00:00,254.65000,257.05000,250.20000,250.20000,4.0
1982.11.28 00:00:00,250.35000,250.35000,246.60000,246.60000,5.0
1982.12.05 00:00:00,245.10000,245.70000,242.15000,244.25000,5.0
1982.12.12 00:00:00,247.30000,247.30000,243.30000,244.15000,5.0
1982.12.19 00:00:00,244.45000,244.45000,238.10000,238.10000,5.0
1982.12.26 00:00:00,237.50000,237.50000,232.80000,234.70000,5.0
1983.01.02 00:00:00,232.00000,232.00000,229.10000,229.10000,5.0
1983.01.09 00:00:00,226.75000,230.55000,226.75000,230.50000,5.0
1983.01.16 00:00:00,229.60000,236.35000,229.60000,236.35000,5.0
1983.01.23 00:00:00,240.20000,240.20000,235.35000,236.40000,5.0
1983.01.30 00:00:00,239.85000,242.20000,238.85000,240.30000,5.0
1983.02.06 00:00:00,237.45000,237.45000,234.70000,234.70000,5.0
1983.02.13 00:00:00,234.80000,234.80000,232.60000,233.60000,5.0
1983.02.20 00:00:00,233.80000,235.05000,233.80000,235.05000,4.0
1983.02.27 00:00:00,237.85000,239.00000,235.80000,235.80000,5.0
1983.03.06 00:00:00,235.70000,238.70000,235.70000,238.45000,5.0
1983.03.13 00:00:00,237.50000,240.30000,237.25000,240.30000,5.0
1983.03.20 00:00:00,240.85000,240.85000,237.10000,237.10000,5.0
1983.03.27 00:00:00,240.10000,240.10000,239.00000,239.60000,5.0
1983.04.03 00:00:00,239.00000,239.30000,237.05000,239.30000,5.0
1983.04.10 00:00:00,237.95000,238.50000,237.60000,237.60000,5.0
1983.04.17 00:00:00,237.80000,237.80000,236.40000,236.85000,5.0
1983.04.24 00:00:00,236.25000,238.30000,236.25000,238.30000,5.0
1983.05.01 00:00:00,237.60000,237.65000,234.70000,234.70000,5.0
1983.05.08 00:00:00,232.65000,232.65000,230.90000,231.30000,5.0
1983.05.15 00:00:00,233.30000,234.40000,232.75000,234.10000,5.0
1983.05.22 00:00:00,235.40000,237.97000,235.40000,237.97000,5.0
1983.05.29 00:00:00,237.80000,239.85000,237.80000,239.00000,5.0
1983.06.05 00:00:00,240.50000,242.70000,240.35000,242.18000,5.0
1983.06.12 00:00:00,242.55000,243.05000,239.90000,239.90000,5.0
1983.06.19 00:00:00,239.25000,239.60000,237.30000,237.30000,5.0
1983.06.26 00:00:00,239.40000,239.40000,238.80000,239.15000,5.0
1983.07.03 00:00:00,239.00000,241.35000,239.00000,241.35000,5.0
1983.07.10 00:00:00,241.65000,241.65000,239.80000,241.25000,5.0
1983.07.17 00:00:00,240.80000,240.80000,239.30000,240.25000,5.0
1983.07.24 00:00:00,240.55000,241.75000,240.55000,241.75000,5.0
1983.07.31 00:00:00,243.70000,243.90000,243.15000,243.90000,5.0
1983.08.07 00:00:00,244.25000,247.05000,243.98000,247.05000,5.0
1983.08.14 00:00:00,246.90000,246.90000,242.98000,244.00000,5.0
1983.08.21 00:00:00,243.10000,245.65000,242.90000,245.65000,5.0
1983.08.28 00:00:00,246.15000,246.80000,246.15000,246.80000,5.0
1983.09.04 00:00:00,246.50000,246.50000,244.55000,244.55000,5.0
1983.09.11 00:00:00,243.42000,245.30000,243.42000,243.55000,5.0
1983.09.18 00:00:00,241.70000,242.80000,239.60000,239.60000,5.0
1983.09.25 00:00:00,238.05000,238.05000,235.65000,235.65000,5.0
1983.10.02 00:00:00,234.15000,234.15000,230.85000,230.85000,5.0
1983.10.09 00:00:00,234.30000,234.30000,232.05000,232.80000,5.0
1983.10.16 00:00:00,232.95000,232.95000,232.30000,232.38000,5.0
1983.10.23 00:00:00,233.50000,233.50000,232.45000,232.70000,5.0
1983.10.30 00:00:00,234.05000,236.65000,234.05000,236.65000,5.0
1983.11.06 00:00:00,237.00000,237.15000,234.40000,234.40000,5.0
1983.11.13 00:00:00,234.65000,236.25000,234.45000,235.95000,5.0
1983.11.20 00:00:00,235.20000,235.20000,234.50000,235.10000,5.0
1983.11.27 00:00:00,234.85000,234.85000,232.50000,233.40000,5.0
1983.12.04 00:00:00,235.20000,236.90000,234.05000,236.90000,5.0
1983.12.11 00:00:00,236.65000,236.65000,234.90000,235.50000,5.0
1983.12.18 00:00:00,236.10000,236.10000,233.90000,233.90000,5.0
1983.12.25 00:00:00,233.75000,233.80000,231.70000,231.70000,5.0
1984.01.01 00:00:00,231.45000,233.42000,231.45000,232.70000,5.0
1984.01.08 00:00:00,233.30000,234.87000,233.30000,233.40000,5.0
1984.01.15 00:00:00,233.30000,234.50000,233.30000,234.50000,5.0
1984.01.22 00:00:00,233.85000,234.35000,233.85000,234.28000,5.0
1984.01.29 00:00:00,234.58000,234.67000,232.70000,232.70000,5.0
1984.02.05 00:00:00,233.10000,234.60000,233.10000,234.60000,5.0
1984.02.12 00:00:00,234.55000,234.55000,232.85000,233.20000,5.0
1984.02.19 00:00:00,233.05000,234.10000,233.05000,233.20000,5.0
1984.02.26 00:00:00,233.30000,233.52000,228.20000,228.20000,5.0
1984.03.04 00:00:00,223.35000,224.80000,223.25000,224.80000,5.0
1984.03.11 00:00:00,224.83000,225.85000,223.15000,225.85000,5.0
1984.03.18 00:00:00,225.80000,226.80000,225.63000,225.63000,5.0
1984.03.25 00:00:00,224.67000,224.75000,224.05000,224.75000,5.0
1984.04.01 00:00:00,224.65000,225.60000,224.65000,225.35000,5.0
1984.04.08 00:00:00,225.50000,225.50000,222.70000,224.70000,5.0
1984.04.15 00:00:00,225.42000,225.42000,224.80000,225.10000,5.0
1984.04.22 00:00:00,224.75000,226.55000,224.75000,226.55000,5.0
1984.04.29 00:00:00,227.00000,227.05000,226.40000,226.85000,5.0
1984.05.06 00:00:00,229.00000,230.30000,228.87000,230.30000,5.0
1984.05.13 00:00:00,231.20000,233.35000,231.10000,233.35000,5.0
1984.05.20 00:00:00,233.00000,233.25000,231.70000,231.70000,5.0
1984.05.27 00:00:00,231.45000,231.80000,230.15000,230.15000,5.0
1984.06.03 00:00:00,229.70000,231.72000,229.70000,231.72000,5.0
1984.06.10 00:00:00,231.93000,233.00000,231.65000,233.00000,5.0
1984.06.17 00:00:00,233.45000,235.95000,232.95000,235.95000,5.0
1984.06.24 00:00:00,237.95000,238.00000,237.08000,237.30000,5.0
1984.07.01 00:00:00,238.50000,241.25000,238.50000,241.25000,5.0
1984.07.08 00:00:00,242.63000,242.68000,241.45000,241.45000,5.0
1984.07.15 00:00:00,240.70000,245.20000,240.70000,245.20000,5.0
1984.07.22 00:00:00,246.95000,246.95000,243.65000,245.40000,5.0
1984.07.29 00:00:00,246.05000,246.05000,241.80000,241.80000,5.0
1984.08.05 00:00:00,243.15000,244.50000,242.50000,242.50000,5.0
1984.08.12 00:00:00,244.08000,244.08000,240.80000,241.10000,5.0
1984.08.19 00:00:00,241.05000,242.15000,240.60000,241.20000,5.0
1984.08.26 00:00:00,241.60000,241.90000,240.60000,241.90000,5.0
1984.09.02 00:00:00,241.55000,245.80000,241.55000,245.80000,5.0
1984.09.09 00:00:00,245.60000,245.80000,244.95000,245.65000,5.0
1984.09.16 00:00:00,247.20000,247.20000,244.40000,244.40000,5.0
1984.09.23 00:00:00,244.20000,246.90000,244.20000,246.90000,5.0
1984.09.30 00:00:00,246.40000,246.95000,245.75000,246.95000,5.0
1984.10.07 00:00:00,246.80000,248.10000,246.80000,248.10000,5.0
1984.10.14 00:00:00,248.80000,249.10000,247.25000,247.25000,5.0
1984.10.21 00:00:00,247.30000,247.30000,244.05000,245.50000,5.0
1984.10.28 00:00:00,246.65000,246.65000,242.00000,242.00000,5.0
1984.11.04 00:00:00,242.05000,242.17000,240.80000,241.00000,5.0
1984.11.11 00:00:00,240.80000,242.80000,240.45000,242.80000,5.0
1984.11.18 00:00:00,243.65000,245.53000,243.65000,245.40000,5.0
1984.11.25 00:00:00,246.15000,247.50000,245.40000,247.50000,5.0
1984.12.02 00:00:00,248.20000,248.20000,246.45000,247.40000,5.0
1984.12.09 00:00:00,246.82000,247.75000,246.82000,247.75000,5.0
1984.12.16 00:00:00,247.55000,248.10000,246.75000,247.95000,5.0
1984.12.23 00:00:00,248.10000,250.45000,248.00000,250.45000,5.0
1984.12.30 00:00:00,251.60000,253.20000,250.10000,253.20000,3125.0
1985.01.06 00:00:00,255.95000,255.95000,253.70000,253.83000,5.0
1985.01.13 00:00:00,255.40000,255.40000,254.55000,254.58000,5.0
1985.01.20 00:00:00,253.90000,254.40000,253.30000,253.95000,705.0
1985.01.27 00:00:00,254.18000,256.75000,254.18000,256.75000,5.0
1985.02.03 00:00:00,259.42000,260.70000,259.42000,260.70000,5.0
1985.02.10 00:00:00,261.65000,263.50000,257.85000,257.85000,2655.0
1985.02.17 00:00:00,255.45000,262.80000,255.40000,262.80000,9505.0
1985.02.24 00:00:00,262.65000,262.65000,259.30000,260.35000,5.0
1985.03.03 00:00:00,260.10000,261.63000,260.10000,261.63000,5.0
1985.03.10 00:00:00,259.25000,260.55000,259.25000,260.55000,5.0
1985.03.17 00:00:00,259.90000,259.90000,254.10000,255.65000,5.0
1985.03.24 00:00:00,255.55000,257.00000,249.00000,250.60000,19115.0
1985.03.31 00:00:00,252.45000,254.85000,252.45000,254.85000,5.0
1985.04.07 00:00:00,255.50000,255.50000,251.35000,251.35000,5.0
1985.04.14 00:00:00,249.95000,249.95000,247.40000,247.40000,5.0
1985.04.21 00:00:00,248.80000,252.95000,248.80000,252.95000,5.0
1985.04.28 00:00:00,252.70000,253.85000,251.50000,253.85000,5.0
1985.05.05 00:00:00,254.55000,254.55000,251.55000,252.40000,5.0
1985.05.12 00:00:00,251.35000,251.50000,249.60000,250.70000,5.0
1985.05.19 00:00:00,249.65000,251.30000,249.65000,251.10000,5.0
1985.05.26 00:00:00,250.90000,251.75000,250.90000,251.20000,665.0
1985.06.02 00:00:00,248.60000,249.55000,247.70000,249.55000,5.0
1985.06.09 00:00:00,250.00000,250.00000,248.75000,248.75000,5.0
1985.06.16 00:00:00,248.70000,248.70000,247.55000,248.15000,5.0
1985.06.23 00:00:00,248.80000,249.00000,248.40000,248.40000,5.0
1985.06.30 00:00:00,247.95000,248.35000,247.00000,247.00000,1125.0
1985.07.07 00:00:00,246.05000,246.05000,240.95000,240.95000,5.0
1985.07.14 00:00:00,237.65000,238.75000,236.50000,238.75000,5.0
1985.07.21 00:00:00,240.05000,240.05000,238.00000,239.25000,5.0
1985.07.28 00:00:00,237.15000,237.65000,236.45000,237.45000,5.0
1985.08.04 00:00:00,237.50000,238.55000,237.50000,238.55000,5.0
1985.08.11 00:00:00,237.30000,238.00000,236.85000,236.85000,5.0
1985.08.18 00:00:00,236.85000,237.40000,235.85000,236.50000,5.0
1985.08.25 00:00:00,236.89000,239.00000,236.89000,239.00000,5.0
1985.09.01 00:00:00,238.55000,243.60000,237.79000,243.60000,2845.0
1985.09.08 00:00:00,243.45000,243.55000,242.00000,242.00000,5.0
1985.09.15 00:00:00,241.35000,242.25000,240.10000,240.10000,5.0
1985.09.22 00:00:00,231.90000,231.90000,220.10000,220.10000,5.0
1985.09.29 00:00:00,216.50000,216.50000,212.79000,213.45000,5.0
1985.10.06 00:00:00,215.45000,216.00000,214.65000,214.65000,5.0
1985.10.13 00:00:00,215.03000,217.30000,215.03000,215.15000,1375.0
1985.10.20 00:00:00,215.70000,216.70000,214.90000,214.90000,5.0
1985.10.27 00:00:00,213.50000,213.50000,209.00000,209.00000,5.0
1985.11.03 00:00:00,207.90000,208.00000,205.25000,205.85000,5.0
1985.11.10 00:00:00,205.10000,205.90000,203.35000,204.30000,855.0
1985.11.17 00:00:00,203.45000,203.45000,201.35000,201.35000,5.0
1985.11.24 00:00:00,200.80000,202.10000,200.80000,202.10000,1235.0
1985.12.01 00:00:00,204.03000,204.75000,202.65000,203.40000,5.0
1985.12.08 00:00:00,203.50000,203.90000,202.05000,202.80000,5.0
1985.12.15 00:00:00,202.60000,203.15000,201.95000,202.70000,5.0
1985.12.22 00:00:00,202.45000,203.10000,202.20000,202.20000,705.0
1985.12.29 00:00:00,201.05000,202.53000,199.15000,202.53000,2005.0
1986.01.05 00:00:00,201.90000,202.35000,201.70000,202.35000,5.0
1986.01.12 00:00:00,202.70000,202.70000,202.50000,202.52000,5.0
1986.01.19 00:00:00,202.20000,202.40000,196.05000,196.05000,405.0
1986.01.26 00:00:00,195.75000,195.75000,192.30000,192.30000,5.0
1986.02.02 00:00:00,191.55000,192.05000,190.48000,191.35000,5.0
1986.02.09 00:00:00,188.15000,188.15000,182.00000,182.00000,5.0
1986.02.16 00:00:00,181.90000,182.98000,179.40000,182.98000,945.0
1986.02.23 00:00:00,182.15000,182.15000,180.15000,180.55000,5.0
1986.03.02 00:00:00,179.65000,181.45000,179.00000,179.45000,5.0
1986.03.09 00:00:00,180.70000,180.70000,177.15000,177.15000,5.0
1986.03.16 00:00:00,175.73000,177.10000,175.00000,175.80000,5.0
1986.03.23 00:00:00,178.90000,180.20000,178.90000,179.85000,5.0
1986.03.30 00:00:00,177.60000,180.35000,177.60000,180.35000,5.0
1986.04.06 00:00:00,182.85000,182.85000,178.35000,178.35000,5.0
1986.04.13 00:00:00,179.12000,179.12000,173.80000,173.80000,5.0
1986.04.20 00:00:00,172.00000,172.00000,168.10000,168.10000,5.0
1986.04.27 00:00:00,167.15000,169.90000,167.15000,169.90000,5.0
1986.05.04 00:00:00,165.62000,166.25000,162.35000,162.35000,5.0
1986.05.11 00:00:00,161.15000,165.40000,161.15000,165.40000,5.0
1986.05.18 00:00:00,168.15000,169.60000,168.15000,169.60000,5.0
1986.05.25 00:00:00,169.74000,174.50000,169.00000,174.50000,685.0
1986.06.01 00:00:00,174.90000,174.90000,167.70000,167.70000,5.0
1986.06.08 00:00:00,167.87000,167.87000,165.25000,165.25000,5.0
1986.06.15 00:00:00,165.50000,167.80000,165.50000,167.70000,5.0
1986.06.22 00:00:00,167.90000,167.90000,165.45000,165.45000,5.0
1986.06.29 00:00:00,163.80000,163.80000,160.48000,160.67000,1245.0
1986.07.06 00:00:00,160.70000,161.35000,160.50000,161.35000,5.0
1986.07.13 00:00:00,160.25000,160.25000,156.45000,156.45000,5.0
1986.07.20 00:00:00,155.05000,157.70000,155.05000,157.70000,5.0
1986.07.27 00:00:00,155.95000,156.10000,153.85000,153.85000,5.0
1986.08.03 00:00:00,154.00000,154.95000,153.80000,154.15000,5.0
1986.08.10 00:00:00,153.77000,154.70000,153.73000,154.20000,5.0
1986.08.17 00:00:00,154.20000,154.20000,153.25000,153.45000,5.0
1986.08.24 00:00:00,153.84000,156.05000,153.84000,154.55000,5.0
1986.08.31 00:00:00,153.35000,155.40000,153.25000,155.40000,1545.0
1986.09.07 00:00:00,156.15000,156.40000,154.80000,155.35000,5.0
1986.09.14 00:00:00,155.18000,156.35000,152.00000,152.00000,5.0
1986.09.21 00:00:00,153.60000,154.66000,153.60000,154.35000,5.0
1986.09.28 00:00:00,153.65000,154.35000,153.65000,154.17000,5.0
1986.10.05 00:00:00,154.06000,154.95000,154.06000,154.45000,5.0
1986.10.12 00:00:00,154.24000,154.80000,153.81000,154.23000,1945.0
1986.10.19 00:00:00,154.75000,161.35000,154.75000,161.35000,5.0
1986.10.26 00:00:00,160.70000,163.40000,160.10000,163.40000,5.0
1986.11.02 00:00:00,164.00000,164.50000,163.20000,163.20000,5.0
1986.11.09 00:00:00,162.85000,162.85000,160.62000,161.45000,1165.0
1986.11.16 00:00:00,162.82000,164.05000,162.40000,164.05000,5.0
1986.11.23 00:00:00,164.18000,164.18000,162.05000,162.05000,835.0
1986.11.30 00:00:00,162.25000,162.77000,162.00000,162.42000,5.0
1986.12.07 00:00:00,162.40000,163.05000,162.40000,163.05000,5.0
1986.12.14 00:00:00,163.25000,163.95000,162.20000,162.20000,5.0
1986.12.21 00:00:00,162.75000,162.75000,159.75000,159.75000,745.0
1986.12.28 00:00:00,159.05000,159.90000,157.75000,158.65000,1595.0
1987.01.04 00:00:00,158.70000,159.75000,157.35000,158.35000,8955.0
1987.01.11 00:00:00,158.40000,158.40000,151.75000,153.20000,16705.0
1987.01.18 00:00:00,152.70000,154.80000,150.00000,152.35000,17455.0
1987.01.25 00:00:00,152.60000,154.30000,150.25000,153.75000,13505.0
1987.02.01 00:00:00,153.85000,155.00000,151.90000,154.45000,8455.0
1987.02.08 00:00:00,154.50000,155.30000,151.90000,153.60000,11155.0
1987.02.15 00:00:00,154.00000,155.00000,153.00000,153.60000,7705.0
1987.02.22 00:00:00,153.60000,155.00000,152.90000,153.25000,6205.0
1987.03.01 00:00:00,153.20000,154.30000,153.10000,153.70000,4505.0
1987.03.08 00:00:00,153.80000,154.05000,152.30000,152.40000,4505.0
1987.03.15 00:00:00,152.55000,152.80000,151.10000,151.40000,6655.0
1987.03.22 00:00:00,151.45000,151.45000,147.10000,147.15000,10405.0
1987.03.29 00:00:00,146.65000,147.80000,144.80000,146.10000,11155.0
1987.04.05 00:00:00,146.20000,147.50000,141.60000,142.90000,13655.0
1987.04.12 00:00:00,142.80000,143.90000,140.45000,143.15000,12455.0
1987.04.19 00:00:00,143.00000,143.35000,139.10000,139.40000,8105.0
1987.04.26 00:00:00,138.10000,141.40000,137.30000,140.00000,15355.0
1987.05.03 00:00:00,139.30000,140.10000,138.05000,139.20000,8255.0
1987.05.10 00:00:00,139.85000,140.95000,138.95000,139.40000,7905.0
1987.05.17 00:00:00,139.50000,140.95000,139.25000,140.85000,6505.0
1987.05.24 00:00:00,140.95000,144.60000,140.70000,143.90000,9905.0
1987.05.31 00:00:00,143.95000,145.90000,140.70000,144.00000,15255.0
1987.06.07 00:00:00,144.20000,144.20000,141.70000,144.00000,9555.0
1987.06.14 00:00:00,144.10000,145.45000,143.90000,144.85000,7955.0
1987.06.21 00:00:00,144.90000,146.90000,144.40000,146.40000,9905.0
1987.06.28 00:00:00,146.40000,148.90000,146.00000,148.90000,6655.0
1987.07.05 00:00:00,148.90000,151.30000,148.70000,150.85000,9755.0
1987.07.12 00:00:00,150.80000,153.05000,148.35000,153.00000,11405.0
1987.07.19 00:00:00,153.20000,153.60000,149.50000,149.50000,9955.0
1987.07.26 00:00:00,149.30000,151.15000,148.85000,150.10000,9055.0
1987.08.02 00:00:00,150.40000,152.10000,149.90000,151.80000,7705.0
1987.08.09 00:00:00,151.85000,152.55000,149.45000,150.10000,9655.0
1987.08.16 00:00:00,150.30000,150.50000,142.20000,142.25000,13705.0
1987.08.23 00:00:00,141.80000,144.25000,141.00000,141.90000,14755.0
1987.08.30 00:00:00,142.20000,142.65000,140.45000,142.00000,8005.0
1987.09.06 00:00:00,142.05000,144.20000,141.00000,144.00000,11005.0
1987.09.13 00:00:00,143.85000,145.00000,142.45000,142.60000,9655.0
1987.09.20 00:00:00,142.70000,144.60000,142.60000,143.55000,7255.0
1987.09.27 00:00:00,143.80000,147.65000,143.80000,146.95000,9705.0
1987.10.04 00:00:00,147.00000,147.50000,143.50000,143.70000,8755.0
1987.10.11 00:00:00,143.70000,144.35000,141.70000,142.50000,10355.0
1987.10.18 00:00:00,141.70000,145.10000,140.45000,141.70000,15805.0
1987.10.25 00:00:00,142.10000,142.55000,137.25000,138.45000,13505.0
1987.11.01 00:00:00,138.40000,138.40000,134.45000,134.95000,11505.0
1987.11.08 00:00:00,135.10000,136.70000,133.25000,135.75000,12205.0
1987.11.15 00:00:00,136.20000,137.35000,134.05000,135.60000,10455.0
1987.11.22 00:00:00,135.50000,135.65000,133.40000,133.40000,6545.0
1987.11.29 00:00:00,132.70000,134.00000,131.95000,132.65000,11505.0
1987.12.06 00:00:00,132.90000,133.40000,128.20000,128.35000,7955.0
1987.12.13 00:00:00,128.65000,128.65000,125.55000,127.10000,9005.0
1987.12.20 00:00:00,127.25000,127.35000,125.20000,125.20000,7475.0
1987.12.27 00:00:00,124.00000,124.10000,120.90000,121.10000,6854.0
1988.01.03 00:00:00,120.90000,131.90000,120.30000,128.30000,26105.0
1988.01.10 00:00:00,128.40000,131.25000,125.50000,131.15000,14455.0
1988.01.17 00:00:00,131.10000,131.90000,126.55000,127.25000,12805.0
1988.01.24 00:00:00,127.50000,128.30000,126.90000,128.10000,6455.0
1988.01.31 00:00:00,128.35000,129.65000,127.75000,129.45000,8605.0
1988.02.07 00:00:00,129.50000,132.10000,128.55000,131.10000,8355.0
1988.02.14 00:00:00,131.30000,131.60000,129.65000,130.25000,7055.0
1988.02.21 00:00:00,130.20000,130.20000,128.10000,128.35000,6455.0
1988.02.28 00:00:00,128.35000,129.70000,127.95000,128.70000,5055.0
1988.03.06 00:00:00,128.85000,128.90000,127.15000,127.30000,5805.0
1988.03.13 00:00:00,127.30000,128.90000,126.55000,128.00000,5705.0
1988.03.20 00:00:00,128.05000,128.05000,125.05000,125.10000,6305.0
1988.03.27 00:00:00,124.80000,125.90000,123.65000,124.00000,8905.0
1988.04.03 00:00:00,123.90000,126.50000,123.45000,125.80000,8655.0
1988.04.10 00:00:00,125.80000,127.05000,123.40000,124.00000,9105.0
1988.04.17 00:00:00,124.10000,124.95000,123.70000,124.85000,5105.0
1988.04.24 00:00:00,124.90000,125.40000,124.30000,125.20000,5105.0
1988.05.01 00:00:00,125.25000,125.40000,124.30000,124.85000,4155.0
1988.05.08 00:00:00,124.75000,125.00000,124.15000,124.80000,3205.0
1988.05.15 00:00:00,124.80000,126.10000,124.65000,124.85000,5305.0
1988.05.22 00:00:00,124.90000,125.10000,124.00000,124.95000,3305.0
1988.05.29 00:00:00,125.05000,126.75000,124.80000,126.10000,5705.0
1988.06.05 00:00:00,126.10000,126.50000,124.55000,124.90000,4505.0
1988.06.12 00:00:00,125.30000,126.65000,125.00000,125.60000,3905.0
1988.06.19 00:00:00,125.85000,130.95000,125.75000,130.55000,9355.0
1988.06.26 00:00:00,130.75000,134.80000,129.75000,134.50000,14855.0
1988.07.03 00:00:00,135.00000,135.60000,131.40000,133.30000,10555.0
1988.07.10 00:00:00,133.70000,135.60000,132.20000,135.55000,7455.0
1988.07.17 00:00:00,135.60000,135.75000,130.55000,130.90000,10505.0
1988.07.24 00:00:00,130.80000,133.35000,130.20000,133.25000,10955.0
1988.07.31 00:00:00,133.30000,133.95000,132.20000,133.90000,5205.0
1988.08.07 00:00:00,134.00000,135.25000,132.50000,133.05000,9755.0
1988.08.14 00:00:00,132.80000,134.35000,131.70000,133.65000,10155.0
1988.08.21 00:00:00,133.70000,134.75000,133.10000,133.90000,6205.0
1988.08.28 00:00:00,133.95000,137.30000,133.75000,135.95000,10005.0
1988.09.04 00:00:00,135.50000,136.40000,132.90000,133.70000,8805.0
1988.09.11 00:00:00,133.80000,134.90000,132.90000,134.10000,6755.0
1988.09.18 00:00:00,134.15000,134.85000,133.55000,134.40000,3905.0
1988.09.25 00:00:00,134.50000,135.05000,133.55000,133.75000,5605.0
1988.10.02 00:00:00,133.85000,134.05000,133.05000,133.40000,4355.0
1988.10.09 00:00:00,133.30000,133.30000,126.55000,126.55000,12655.0
1988.10.16 00:00:00,126.30000,128.05000,126.00000,126.20000,8755.0
1988.10.23 00:00:00,126.20000,127.25000,125.45000,125.65000,5955.0
1988.10.30 00:00:00,125.65000,125.95000,124.05000,124.70000,6255.0
1988.11.06 00:00:00,125.25000,126.00000,122.60000,122.90000,8155.0
1988.11.13 00:00:00,123.00000,124.05000,121.35000,122.65000,10655.0
1988.11.20 00:00:00,122.60000,122.70000,120.70000,121.20000,5155.0
1988.11.27 00:00:00,121.30000,122.60000,121.05000,121.30000,6805.0
1988.12.04 00:00:00,121.15000,124.25000,121.05000,122.65000,7655.0
1988.12.11 00:00:00,122.70000,124.80000,122.55000,124.05000,5855.0
1988.12.18 00:00:00,124.30000,125.60000,123.85000,124.70000,5955.0
1988.12.25 00:00:00,124.70000,126.35000,124.65000,125.00000,5855.0
1989.01.01 00:00:00,124.95000,126.95000,123.20000,126.95000,8255.0
1989.01.08 00:00:00,126.90000,127.45000,125.60000,127.40000,8805.0
1989.01.15 00:00:00,127.45000,129.80000,127.00000,127.80000,10305.0
1989.01.22 00:00:00,127.70000,129.50000,126.30000,129.40000,8105.0
1989.01.29 00:00:00,129.50000,130.65000,128.85000,129.35000,10005.0
1989.02.05 00:00:00,129.70000,130.10000,126.90000,128.75000,7905.0
1989.02.12 00:00:00,128.90000,128.90000,125.50000,125.90000,8255.0
1989.02.19 00:00:00,125.90000,127.50000,125.30000,126.10000,6705.0
1989.02.26 00:00:00,126.10000,128.75000,125.70000,127.80000,7455.0
1989.03.05 00:00:00,127.90000,129.65000,127.45000,129.50000,6855.0
1989.03.12 00:00:00,129.50000,131.85000,129.40000,131.75000,6205.0
1989.03.19 00:00:00,131.90000,132.30000,130.65000,131.50000,6105.0
1989.03.26 00:00:00,131.55000,133.55000,131.55000,131.85000,8105.0
1989.04.02 00:00:00,132.90000,133.35000,130.65000,132.80000,7905.0
1989.04.09 00:00:00,132.80000,133.25000,131.90000,132.05000,5405.0
1989.04.16 00:00:00,132.00000,132.60000,130.95000,131.55000,7055.0
1989.04.23 00:00:00,131.50000,133.15000,130.95000,133.15000,7105.0
1989.04.30 00:00:00,133.00000,134.50000,133.00000,134.30000,6905.0
1989.05.07 00:00:00,134.40000,136.30000,134.10000,136.25000,6355.0
1989.05.14 00:00:00,136.20000,139.70000,136.20000,139.10000,9605.0
1989.05.21 00:00:00,139.15000,143.80000,139.10000,141.20000,16755.0
1989.05.28 00:00:00,141.55000,144.05000,140.40000,140.60000,11405.0
1989.06.04 00:00:00,140.60000,146.75000,140.30000,146.70000,12055.0
1989.06.11 00:00:00,147.00000,151.90000,144.05000,144.85000,24805.0
1989.06.18 00:00:00,144.90000,145.85000,137.75000,138.85000,19255.0
1989.06.25 00:00:00,139.00000,144.55000,139.00000,144.15000,14305.0
1989.07.02 00:00:00,144.20000,144.95000,137.90000,139.20000,17805.0
1989.07.09 00:00:00,139.15000,141.00000,138.60000,140.95000,9105.0
1989.07.16 00:00:00,140.95000,142.95000,140.75000,142.25000,10805.0
1989.07.23 00:00:00,142.65000,143.60000,138.75000,139.25000,10605.0
1989.07.30 00:00:00,139.40000,140.00000,135.55000,139.95000,13105.0
1989.08.06 00:00:00,140.20000,142.35000,138.45000,141.90000,11305.0
1989.08.13 00:00:00,142.00000,144.10000,141.40000,142.60000,10155.0
1989.08.20 00:00:00,142.70000,144.00000,142.05000,144.00000,7455.0
1989.08.27 00:00:00,144.10000,146.05000,142.25000,146.00000,10305.0
1989.09.03 00:00:00,146.05000,147.40000,145.85000,147.25000,9205.0
1989.09.10 00:00:00,147.30000,149.00000,144.10000,146.55000,17555.0
1989.09.17 00:00:00,146.60000,147.00000,144.70000,146.10000,10805.0
1989.09.24 00:00:00,145.60000,145.60000,138.90000,139.15000,13855.0
1989.10.01 00:00:00,139.00000,143.65000,138.60000,142.50000,13555.0
1989.10.08 00:00:00,142.45000,145.15000,141.50000,141.55000,16655.0
1989.10.15 00:00:00,141.10000,142.85000,139.20000,142.55000,16255.0
1989.10.22 00:00:00,142.50000,143.15000,141.20000,141.65000,7755.0
1989.10.29 00:00:00,141.70000,144.20000,141.50000,143.35000,8555.0
1989.11.05 00:00:00,143.40000,144.10000,142.00000,143.45000,7955.0
1989.11.12 00:00:00,143.45000,144.80000,142.90000,144.35000,7305.0
1989.11.19 00:00:00,144.25000,144.90000,143.05000,143.65000,6805.0
1989.11.26 00:00:00,143.50000,143.95000,142.35000,143.55000,7205.0
1989.12.03 00:00:00,143.40000,144.45000,143.25000,144.25000,3605.0
1989.12.10 00:00:00,144.25000,144.80000,143.40000,144.10000,5955.0
1989.12.17 00:00:00,144.00000,144.40000,142.35000,142.35000,6255.0
1989.12.24 00:00:00,142.35000,144.15000,141.80000,143.95000,7755.0
1989.12.31 00:00:00,143.89000,146.90000,142.90000,144.55000,12305.0
1990.01.07 00:00:00,144.55000,145.90000,143.90000,145.85000,8055.0
1990.01.14 00:00:00,145.85000,146.75000,145.15000,146.00000,6755.0
1990.01.21 00:00:00,146.10000,146.75000,142.80000,142.85000,7655.0
1990.01.28 00:00:00,143.00000,146.20000,142.60000,145.65000,11205.0
1990.02.04 00:00:00,145.60000,145.75000,144.40000,144.75000,6405.0
1990.02.11 00:00:00,144.80000,145.25000,143.90000,144.00000,5255.0
1990.02.18 00:00:00,143.65000,147.40000,143.45000,147.15000,9605.0
1990.02.25 00:00:00,147.20000,150.50000,147.15000,150.35000,9605.0
1990.03.04 00:00:00,150.45000,151.55000,148.55000,151.30000,10105.0
1990.03.11 00:00:00,151.40000,153.35000,151.35000,152.70000,8955.0
1990.03.18 00:00:00,152.70000,155.50000,152.30000,154.30000,13205.0
1990.03.25 00:00:00,154.75000,159.35000,154.75000,158.60000,11855.0
1990.04.01 00:00:00,158.75000,160.40000,156.60000,157.80000,13305.0
1990.04.08 00:00:00,158.30000,159.70000,155.60000,158.75000,13855.0
1990.04.15 00:00:00,158.90000,160.25000,156.20000,157.55000,12905.0
1990.04.22 00:00:00,157.60000,159.55000,156.95000,159.30000,7955.0
1990.04.29 00:00:00,159.30000,159.55000,157.55000,158.30000,6955.0
1990.05.06 00:00:00,158.00000,158.45000,152.65000,152.80000,9855.0
1990.05.13 00:00:00,152.75000,153.90000,150.10000,153.10000,11955.0
1990.05.20 00:00:00,153.10000,153.80000,149.25000,149.35000,10355.0
1990.05.27 00:00:00,149.35000,152.70000,148.90000,151.95000,12105.0
1990.06.03 00:00:00,152.10000,153.55000,151.95000,153.50000,5905.0
1990.06.10 00:00:00,153.60000,155.15000,153.35000,154.00000,9655.0
1990.06.17 00:00:00,154.00000,155.15000,153.45000,154.80000,5105.0
1990.06.24 00:00:00,154.90000,155.80000,151.70000,152.20000,8355.0
1990.07.01 00:00:00,152.20000,152.25000,149.15000,151.75000,10705.0
1990.07.08 00:00:00,151.85000,151.95000,146.75000,148.20000,13405.0
1990.07.15 00:00:00,148.15000,149.25000,147.00000,148.80000,8105.0
1990.07.22 00:00:00,148.75000,151.10000,147.95000,148.80000,9755.0
1990.07.29 00:00:00,148.85000,151.65000,145.60000,149.35000,19005.0
1990.08.05 00:00:00,150.20000,151.25000,149.15000,150.50000,10305.0
1990.08.12 00:00:00,150.40000,150.75000,146.80000,147.75000,10655.0
1990.08.19 00:00:00,147.65000,147.95000,145.35000,146.55000,12005.0
1990.08.26 00:00:00,146.65000,146.65000,142.80000,143.85000,13555.0
1990.09.02 00:00:00,143.80000,144.25000,139.95000,140.15000,9505.0
1990.09.09 00:00:00,140.20000,140.65000,135.80000,136.75000,13155.0
1990.09.16 00:00:00,136.75000,138.90000,135.95000,136.70000,12655.0
1990.09.23 00:00:00,136.60000,138.65000,135.25000,138.55000,12055.0
1990.09.30 00:00:00,138.50000,138.50000,132.05000,132.15000,10305.0
1990.10.07 00:00:00,131.90000,132.20000,128.55000,129.15000,15555.0
1990.10.14 00:00:00,129.15000,129.20000,123.75000,126.00000,17105.0
1990.10.21 00:00:00,125.90000,129.20000,125.20000,128.25000,14655.0
1990.10.28 00:00:00,128.10000,131.40000,127.25000,127.80000,12405.0
1990.11.04 00:00:00,127.60000,131.00000,126.35000,129.85000,12605.0
1990.11.11 00:00:00,129.70000,130.15000,127.95000,129.45000,9055.0
1990.11.18 00:00:00,129.25000,129.30000,126.70000,127.15000,7905.0
1990.11.25 00:00:00,127.15000,134.65000,127.10000,132.55000,15105.0
1990.12.02 00:00:00,132.40000,134.85000,130.55000,130.80000,17255.0
1990.12.09 00:00:00,130.70000,133.35000,130.10000,133.10000,11105.0
1990.12.16 00:00:00,133.25000,136.60000,132.35000,135.40000,10055.0
1990.12.23 00:00:00,135.70000,137.10000,134.80000,134.90000,7005.0
1990.12.30 00:00:00,134.85000,136.25000,132.59000,134.84000,13105.0
1991.01.06 00:00:00,135.90000,137.40000,133.79000,133.99000,15535.0
1991.01.13 00:00:00,134.91000,137.89000,132.10000,132.59000,15985.0
1991.01.20 00:00:00,131.89000,133.15000,131.02000,132.59000,10985.0
1991.01.27 00:00:00,132.69000,132.71000,130.80000,131.59000,8705.0
1991.02.03 00:00:00,131.11000,131.64000,127.69000,127.89000,7875.0
1991.02.10 00:00:00,127.74000,130.54000,127.29000,130.54000,6785.0
1991.02.17 00:00:00,130.29000,132.39000,129.80000,132.29000,8355.0
1991.02.24 00:00:00,132.50000,134.64000,131.85000,134.64000,8945.0
1991.03.03 00:00:00,134.77000,136.85000,134.55000,136.85000,9455.0
1991.03.10 00:00:00,137.19000,138.60000,135.15000,137.85000,14945.0
1991.03.17 00:00:00,138.10000,139.60000,136.55000,137.55000,12905.0
1991.03.24 00:00:00,137.78000,141.55000,137.65000,140.65000,10595.0
1991.03.31 00:00:00,140.64000,140.90000,135.50000,136.70000,11735.0
1991.04.07 00:00:00,137.00000,138.25000,134.62000,136.35000,12785.0
1991.04.14 00:00:00,136.14000,138.58000,134.03000,138.40000,10515.0
1991.04.21 00:00:00,138.60000,139.45000,137.17000,138.35000,6715.0
1991.04.28 00:00:00,138.60000,139.10000,136.09000,138.90000,12365.0
1991.05.05 00:00:00,137.85000,139.35000,137.74000,138.69000,7325.0
1991.05.12 00:00:00,139.25000,139.64000,136.87000,138.50000,8335.0
1991.05.19 00:00:00,138.46000,138.83000,137.19000,138.40000,5675.0
1991.05.26 00:00:00,138.31000,138.44000,137.15000,138.40000,4935.0
1991.06.02 00:00:00,138.50000,140.44000,138.27000,140.39000,5705.0
1991.06.09 00:00:00,140.35000,142.10000,140.35000,140.74000,7915.0
1991.06.16 00:00:00,140.80000,141.54000,138.04000,138.94000,8065.0
1991.06.23 00:00:00,139.70000,139.78000,137.45000,137.49000,6065.0
1991.06.30 00:00:00,138.56000,139.72000,137.60000,138.29000,5975.0
1991.07.07 00:00:00,138.27000,139.00000,136.09000,136.55000,7545.0
1991.07.14 00:00:00,136.64000,137.74000,136.35000,136.40000,6515.0
1991.07.21 00:00:00,136.57000,139.00000,136.14000,137.60000,8115.0
1991.07.28 00:00:00,138.04000,138.35000,136.61000,137.24000,6445.0
1991.08.04 00:00:00,137.30000,137.43000,135.35000,136.64000,7225.0
1991.08.11 00:00:00,136.42000,137.55000,136.09000,137.34000,5715.0
1991.08.18 00:00:00,137.30000,139.39000,136.40000,136.94000,9065.0
1991.08.25 00:00:00,136.94000,137.95000,136.29000,137.95000,6105.0
1991.09.01 00:00:00,136.89000,136.89000,135.11000,135.64000,5215.0
1991.09.08 00:00:00,135.74000,135.74000,133.60000,134.15000,6115.0
1991.09.15 00:00:00,134.10000,134.91000,133.54000,134.24000,4675.0
1991.09.22 00:00:00,134.19000,134.19000,132.55000,133.19000,6275.0
1991.09.29 00:00:00,132.87000,133.54000,129.39000,129.75000,7445.0
1991.10.06 00:00:00,129.29000,130.87000,129.19000,129.60000,7275.0
1991.10.13 00:00:00,128.94000,130.37000,128.70000,129.95000,6105.0
1991.10.20 00:00:00,129.85000,131.78000,129.58000,131.59000,5765.0
1991.10.27 00:00:00,131.44000,132.55000,129.75000,129.80000,7545.0
1991.11.03 00:00:00,129.71000,130.46000,128.84000,130.34000,5775.0
1991.11.10 00:00:00,130.80000,130.80000,129.29000,129.29000,4855.0
1991.11.17 00:00:00,129.11000,129.95000,128.71000,129.44000,6195.0
1991.11.24 00:00:00,129.34000,131.30000,127.66000,129.95000,10335.0
1991.12.01 00:00:00,129.80000,130.19000,127.89000,127.89000,4535.0
1991.12.08 00:00:00,127.99000,129.60000,127.89000,129.09000,6485.0
1991.12.15 00:00:00,129.14000,129.19000,127.45000,127.59000,5095.0
1991.12.22 00:00:00,127.40000,127.69000,125.54000,125.99000,9095.0
1991.12.29 00:00:00,125.89000,126.59000,123.82000,124.70000,6805.0
1992.01.05 00:00:00,124.26000,127.29000,122.69000,127.09000,14965.0
1992.01.12 00:00:00,127.06000,129.29000,124.14000,124.14000,15535.0
1992.01.19 00:00:00,123.00000,124.59000,122.74000,123.50000,9365.0
1992.01.26 00:00:00,124.67000,125.94000,124.48000,125.75000,6735.0
1992.02.02 00:00:00,125.64000,127.35000,124.70000,125.29000,7705.0
1992.02.09 00:00:00,125.34000,128.05000,125.20000,127.89000,8315.0
1992.02.16 00:00:00,127.89000,128.90000,126.53000,128.85000,8775.0
1992.02.23 00:00:00,128.85000,130.00000,128.77000,129.45000,5595.0
1992.03.01 00:00:00,129.53000,132.42000,129.45000,131.90000,6785.0
1992.03.08 00:00:00,131.81000,134.75000,131.42000,133.60000,9605.0
1992.03.15 00:00:00,133.90000,134.62000,131.85000,133.80000,10715.0
1992.03.22 00:00:00,133.90000,134.30000,132.70000,132.95000,6585.0
1992.03.29 00:00:00,133.00000,134.95000,132.40000,133.40000,10925.0
1992.04.05 00:00:00,133.37000,133.70000,131.80000,132.90000,8415.0
1992.04.12 00:00:00,132.85000,133.95000,132.74000,133.95000,2725.0
1992.04.19 00:00:00,133.80000,134.80000,133.80000,134.45000,5215.0
1992.04.26 00:00:00,134.30000,134.95000,132.55000,132.55000,6185.0
1992.05.03 00:00:00,132.75000,133.63000,132.04000,133.33000,6175.0
1992.05.10 00:00:00,133.32000,133.38000,129.52000,129.72000,7785.0
1992.05.17 00:00:00,129.52000,130.36000,128.40000,129.17000,5925.0
1992.05.24 00:00:00,129.11000,130.35000,127.55000,127.60000,6555.0
1992.05.31 00:00:00,127.33000,128.24000,126.65000,126.80000,8125.0
1992.06.07 00:00:00,126.46000,127.83000,126.25000,126.65000,5585.0
1992.06.14 00:00:00,126.60000,127.75000,126.24000,127.01000,5855.0
1992.06.21 00:00:00,127.05000,127.50000,125.02000,125.65000,5975.0
1992.06.28 00:00:00,125.70000,126.20000,123.55000,124.78000,9795.0
1992.07.05 00:00:00,124.90000,125.85000,123.75000,125.10000,7785.0
1992.07.12 00:00:00,125.03000,125.60000,124.35000,124.35000,5825.0
1992.07.19 00:00:00,124.35000,128.15000,124.09000,128.10000,10405.0
1992.07.26 00:00:00,127.95000,128.37000,127.05000,127.10000,5205.0
1992.08.02 00:00:00,127.19000,128.00000,127.07000,127.45000,2875.0
1992.08.09 00:00:00,127.47000,128.17000,125.95000,125.95000,5385.0
1992.08.16 00:00:00,126.10000,126.65000,125.60000,125.65000,4695.0
1992.08.23 00:00:00,125.55000,125.56000,123.01000,123.01000,5985.0
1992.08.30 00:00:00,122.87000,124.71000,122.25000,123.05000,8225.0
1992.09.06 00:00:00,123.05000,124.40000,122.53000,124.25000,5805.0
1992.09.13 00:00:00,124.73000,125.62000,123.65000,124.40000,7215.0
1992.09.20 00:00:00,124.40000,124.40000,119.65000,120.85000,11555.0
1992.09.27 00:00:00,120.60000,120.65000,118.65000,119.33000,9145.0
1992.10.04 00:00:00,119.10000,122.15000,118.88000,121.90000,7085.0
1992.10.11 00:00:00,121.50000,121.88000,119.37000,119.40000,7785.0
1992.10.18 00:00:00,119.48000,122.93000,119.48000,121.65000,11585.0
1992.10.25 00:00:00,121.68000,123.70000,121.42000,123.33000,8635.0
1992.11.01 00:00:00,123.35000,123.96000,121.88000,123.47000,8155.0
1992.11.08 00:00:00,123.41000,124.57000,123.40000,124.05000,4715.0
1992.11.15 00:00:00,124.15000,124.95000,123.30000,124.30000,5375.0
1992.11.22 00:00:00,124.28000,124.50000,123.57000,124.35000,3805.0
1992.11.29 00:00:00,124.34000,125.06000,124.08000,124.90000,3515.0
1992.12.06 00:00:00,124.88000,125.06000,123.25000,123.90000,6905.0
1992.12.13 00:00:00,123.62000,124.10000,122.60000,123.05000,4735.0
1992.12.20 00:00:00,123.05000,123.94000,122.90000,123.65000,3445.0
1992.12.27 00:00:00,123.70000,125.15000,123.70000,124.82000,4215.0
1993.01.03 00:00:00,124.75000,125.48000,124.68000,125.38000,3815.0
1993.01.10 00:00:00,125.13000,126.21000,124.90000,125.90000,4505.0
1993.01.17 00:00:00,125.75000,125.87000,124.58000,125.05000,4365.0
1993.01.24 00:00:00,124.85000,125.09000,122.98000,124.63000,7995.0
1993.01.31 00:00:00,124.60000,125.45000,123.90000,124.38000,6355.0
1993.02.07 00:00:00,124.35000,124.55000,119.60000,120.65000,12225.0
1993.02.14 00:00:00,120.75000,121.33000,118.22000,118.30000,8385.0
1993.02.21 00:00:00,118.15000,118.40000,115.94000,118.10000,8775.0
1993.02.28 00:00:00,118.76000,119.10000,116.20000,117.50000,9265.0
1993.03.07 00:00:00,117.50000,118.51000,116.32000,118.07000,7925.0
1993.03.14 00:00:00,118.07000,118.66000,115.62000,116.05000,7865.0
1993.03.21 00:00:00,116.13000,117.85000,115.13000,116.50000,8385.0
1993.03.28 00:00:00,116.25000,117.20000,113.58000,113.60000,8015.0
1993.04.04 00:00:00,113.68000,114.71000,112.95000,113.10000,7195.0
1993.04.11 00:00:00,113.15000,114.05000,112.12000,112.15000,6275.0
1993.04.18 00:00:00,111.75000,111.80000,109.58000,110.45000,11255.0
1993.04.25 00:00:00,110.45000,112.45000,109.28000,111.00000,9995.0
1993.05.02 00:00:00,110.90000,111.18000,109.65000,110.30000,4385.0
1993.05.09 00:00:00,110.25000,112.40000,110.25000,110.80000,8795.0
1993.05.16 00:00:00,111.00000,112.00000,109.90000,110.35000,10865.0
1993.05.23 00:00:00,110.30000,110.86000,106.78000,107.00000,8345.0
1993.05.30 00:00:00,107.40000,108.06000,106.45000,107.75000,9375.0
1993.06.06 00:00:00,107.75000,108.05000,105.75000,106.12000,8365.0
1993.06.13 00:00:00,105.90000,110.20000,104.75000,109.67000,10605.0
1993.06.20 00:00:00,109.55000,111.95000,105.92000,106.20000,15965.0
1993.06.27 00:00:00,105.50000,108.86000,105.00000,108.55000,16305.0
1993.07.04 00:00:00,108.75000,109.97000,106.70000,109.97000,15575.0
1993.07.11 00:00:00,110.30000,110.45000,106.95000,107.55000,11185.0
1993.07.18 00:00:00,107.85000,108.95000,105.10000,107.05000,12345.0
1993.07.25 00:00:00,106.80000,107.25000,104.20000,104.90000,12625.0
1993.08.01 00:00:00,104.55000,105.35000,103.85000,104.40000,9445.0
1993.08.08 00:00:00,104.52000,105.13000,101.70000,101.87000,7315.0
1993.08.15 00:00:00,101.60000,106.80000,100.25000,104.50000,17535.0
1993.08.22 00:00:00,103.90000,105.65000,102.85000,103.80000,10985.0
1993.08.29 00:00:00,103.61000,106.05000,103.60000,104.65000,8595.0
1993.09.05 00:00:00,104.78000,106.90000,103.33000,106.16000,12025.0
1993.09.12 00:00:00,106.02000,106.76000,103.80000,104.45000,9095.0
1993.09.19 00:00:00,104.70000,107.61000,103.66000,106.00000,11175.0
1993.09.26 00:00:00,105.70000,106.75000,104.67000,105.90000,8215.0
1993.10.03 00:00:00,106.35000,106.50000,104.70000,106.10000,7355.0
1993.10.10 00:00:00,105.98000,107.55000,105.55000,107.20000,6525.0
1993.10.17 00:00:00,107.00000,108.69000,106.65000,108.00000,7615.0
1993.10.24 00:00:00,108.10000,109.05000,107.25000,108.62000,7765.0
1993.10.31 00:00:00,108.57000,108.90000,107.00000,108.40000,7425.0
1993.11.07 00:00:00,108.30000,108.50000,105.50000,105.75000,8395.0
1993.11.14 00:00:00,105.93000,108.75000,105.49000,108.65000,8815.0
1993.11.21 00:00:00,108.30000,109.25000,107.80000,108.80000,6555.0
1993.11.28 00:00:00,108.75000,109.65000,108.06000,108.60000,7285.0
1993.12.05 00:00:00,108.30000,109.28000,107.30000,109.10000,7275.0
1993.12.12 00:00:00,109.10000,110.32000,108.70000,110.20000,6295.0
1993.12.19 00:00:00,110.05000,111.68000,109.95000,110.80000,8015.0
1993.12.26 00:00:00,110.70000,112.19000,110.70000,111.85000,5335.0
1994.01.02 00:00:00,111.73000,113.65000,111.49000,111.91000,10555.0
1994.01.09 00:00:00,111.90000,112.89000,110.75000,111.01000,8705.0
1994.01.16 00:00:00,111.15000,111.77000,109.70000,111.60000,9575.0
1994.01.23 00:00:00,111.90000,112.47000,108.15000,110.01000,9795.0
1994.01.30 00:00:00,110.20000,110.30000,107.48000,109.26000,9355.0
1994.02.06 00:00:00,109.33000,109.39000,106.75000,107.10000,9085.0
1994.02.13 00:00:00,106.05000,106.55000,101.10000,104.61000,17655.0
1994.02.20 00:00:00,104.58000,106.85000,104.20000,104.81000,14475.0
1994.02.27 00:00:00,104.22000,105.90000,102.94000,105.50000,12075.0
1994.03.06 00:00:00,105.40000,106.15000,104.65000,105.06000,7975.0
1994.03.13 00:00:00,105.35000,106.75000,105.33000,106.16000,6385.0
1994.03.20 00:00:00,106.34000,106.67000,104.40000,104.81000,8395.0
1994.03.27 00:00:00,104.85000,105.00000,102.05000,103.60000,10255.0
1994.04.03 00:00:00,103.85000,105.95000,102.84000,105.26000,11335.0
1994.04.10 00:00:00,105.18000,105.25000,102.60000,103.51000,9965.0
1994.04.17 00:00:00,103.20000,104.10000,102.50000,103.26000,8535.0
1994.04.24 00:00:00,102.95000,103.55000,100.58000,101.70000,9655.0
1994.05.01 00:00:00,101.85000,103.30000,100.70000,102.41000,8815.0
1994.05.08 00:00:00,102.55000,105.15000,102.20000,105.01000,8955.0
1994.05.15 00:00:00,105.05000,105.20000,103.30000,104.30000,8515.0
1994.05.22 00:00:00,104.12000,105.01000,103.85000,104.26000,6655.0
1994.05.29 00:00:00,104.35000,105.55000,104.19000,105.40000,5185.0
1994.06.05 00:00:00,105.32000,105.64000,103.45000,103.60000,7335.0
1994.06.12 00:00:00,103.50000,103.80000,102.30000,102.75000,7605.0
1994.06.19 00:00:00,102.63000,102.80000,99.75000,100.60000,11875.0
1994.06.26 00:00:00,99.95000,100.80000,97.63000,98.78000,11335.0
1994.07.03 00:00:00,98.58000,99.75000,97.69000,98.10000,9705.0
1994.07.10 00:00:00,98.30000,98.75000,96.50000,97.85000,9575.0
1994.07.17 00:00:00,97.70000,99.61000,97.60000,98.95000,10085.0
1994.07.24 00:00:00,98.51000,100.68000,97.65000,100.15000,9335.0
1994.07.31 00:00:00,98.70000,100.95000,98.30000,100.25000,7785.0
1994.08.07 00:00:00,100.14000,101.85000,99.39000,100.20000,8575.0
1994.08.14 00:00:00,100.00000,101.10000,98.05000,98.75000,8075.0
1994.08.21 00:00:00,98.55000,100.90000,97.50000,100.50000,9645.0
1994.08.28 00:00:00,100.19000,100.88000,99.00000,99.18000,8605.0
1994.09.04 00:00:00,99.16000,99.83000,98.44000,99.17000,6595.0
1994.09.11 00:00:00,99.15000,99.60000,98.35000,98.88000,6375.0
1994.09.18 00:00:00,98.87000,98.97000,97.50000,97.85000,5805.0
1994.09.25 00:00:00,97.70000,99.40000,97.57000,99.37000,7375.0
1994.10.02 00:00:00,98.85000,100.85000,98.30000,100.67000,7945.0
1994.10.09 00:00:00,100.60000,100.82000,98.00000,98.19000,7555.0
1994.10.16 00:00:00,98.40000,98.60000,96.50000,97.25000,9645.0
1994.10.23 00:00:00,97.28000,97.74000,96.35000,97.35000,6945.0
1994.10.30 00:00:00,97.35000,98.30000,96.05000,97.52000,9035.0
1994.11.06 00:00:00,97.37000,98.21000,96.75000,97.76000,6565.0
1994.11.13 00:00:00,97.65000,98.89000,97.65000,98.61000,5505.0
1994.11.20 00:00:00,98.61000,98.91000,97.82000,98.80000,5055.0
1994.11.27 00:00:00,98.72000,100.81000,98.38000,100.68000,6405.0
1994.12.04 00:00:00,100.36000,100.83000,99.60000,100.10000,6135.0
1994.12.11 00:00:00,100.15000,100.57000,99.75000,100.18000,4775.0
1994.12.18 00:00:00,100.20000,100.70000,100.00000,100.17000,4015.0
1994.12.25 00:00:00,100.04000,100.60000,98.60000,99.77000,6875.0
1995.01.01 00:00:00,99.60000,101.54000,99.57000,101.45000,5095.0
1995.01.08 00:00:00,101.25000,101.35000,98.25000,98.50000,8705.0
1995.01.15 00:00:00,98.39000,100.13000,97.97000,99.59000,8185.0
1995.01.22 00:00:00,99.40000,100.30000,99.00000,99.45000,7035.0
1995.01.29 00:00:00,99.30000,100.01000,98.10000,99.90000,7065.0
1995.02.05 00:00:00,99.65000,99.80000,98.60000,98.94000,5825.0
1995.02.12 00:00:00,98.75000,99.12000,96.90000,97.27000,6995.0
1995.02.19 00:00:00,97.11000,97.70000,96.30000,96.96000,7755.0
1995.02.26 00:00:00,97.30000,97.60000,93.64000,94.20000,10755.0
1995.03.05 00:00:00,93.74000,94.10000,88.48000,90.79000,21625.0
1995.03.12 00:00:00,90.55000,91.53000,88.81000,89.19000,10655.0
1995.03.19 00:00:00,88.82000,89.95000,87.95000,88.91000,9335.0
1995.03.26 00:00:00,88.78000,90.30000,86.10000,86.60000,14115.0
1995.04.02 00:00:00,86.50000,87.33000,83.52000,83.85000,11985.0
1995.04.09 00:00:00,84.66000,85.00000,80.10000,83.39000,18385.0
1995.04.16 00:00:00,82.75000,84.10000,79.75000,82.68000,14685.0
1995.04.23 00:00:00,81.87000,84.60000,81.15000,84.30000,14105.0
1995.04.30 00:00:00,84.21000,84.46000,82.90000,83.94000,8435.0
1995.05.07 00:00:00,83.33000,87.20000,82.65000,86.84000,11955.0
1995.05.14 00:00:00,87.05000,87.80000,86.00000,86.82000,10445.0
1995.05.21 00:00:00,87.04000,87.90000,82.40000,82.67000,10625.0
1995.05.28 00:00:00,82.90000,85.97000,81.77000,84.30000,16515.0
1995.06.04 00:00:00,84.29000,85.42000,83.95000,84.29000,7505.0
1995.06.11 00:00:00,84.36000,85.10000,83.50000,84.67000,7955.0
1995.06.18 00:00:00,84.35000,85.11000,83.80000,84.35000,5915.0
1995.06.25 00:00:00,84.12000,86.15000,83.50000,84.65000,9435.0
1995.07.02 00:00:00,84.68000,87.15000,84.45000,86.71000,6205.0
1995.07.09 00:00:00,86.78000,88.59000,86.63000,87.87000,9065.0
1995.07.16 00:00:00,88.00000,89.30000,86.80000,88.63000,8875.0
1995.07.23 00:00:00,88.54000,88.95000,87.05000,88.20000,8465.0
1995.07.30 00:00:00,88.09000,91.55000,87.75000,91.45000,9025.0
1995.08.06 00:00:00,91.54000,94.11000,90.87000,93.92000,8455.0
1995.08.13 00:00:00,94.14000,99.10000,93.18000,97.56000,16575.0
1995.08.20 00:00:00,97.40000,97.90000,95.93000,96.72000,12655.0
1995.08.27 00:00:00,96.62000,99.45000,96.12000,97.46000,10975.0
1995.09.03 00:00:00,97.44000,100.25000,96.77000,99.76000,11045.0
1995.09.10 00:00:00,99.27000,104.26000,99.05000,104.20000,10605.0
1995.09.17 00:00:00,104.35000,104.80000,97.20000,100.12000,19925.0
1995.09.24 00:00:00,100.26000,101.55000,97.35000,99.75000,16275.0
1995.10.01 00:00:00,99.85000,101.85000,99.20000,100.53000,10235.0
1995.10.08 00:00:00,101.20000,101.32000,99.65000,101.06000,8505.0
1995.10.15 00:00:00,100.93000,101.15000,99.40000,100.38000,8485.0
1995.10.22 00:00:00,100.14000,102.00000,99.30000,101.92000,9295.0
1995.10.29 00:00:00,101.77000,104.20000,101.23000,103.95000,8345.0
1995.11.05 00:00:00,104.00000,104.10000,99.75000,100.95000,12005.0
1995.11.12 00:00:00,100.75000,102.50000,100.08000,102.20000,10215.0
1995.11.19 00:00:00,102.11000,102.85000,100.40000,101.55000,9065.0
1995.11.26 00:00:00,101.63000,102.35000,100.83000,101.24000,8485.0
1995.12.03 00:00:00,101.35000,101.75000,100.50000,101.20000,7185.0
1995.12.10 00:00:00,101.14000,102.35000,100.68000,102.06000,6165.0
1995.12.17 00:00:00,101.90000,102.92000,101.30000,102.32000,5495.0
1995.12.24 00:00:00,102.42000,103.60000,102.04000,103.54000,5745.0
1995.12.31 00:00:00,103.41000,106.63000,103.07000,105.43000,8714.0
1996.01.07 00:00:00,105.53000,105.83000,104.08000,105.30000,7735.0
1996.01.14 00:00:00,105.31000,106.31000,104.80000,105.41000,7095.0
1996.01.21 00:00:00,105.26000,107.58000,105.25000,106.65000,7995.0
1996.01.28 00:00:00,106.64000,107.57000,106.27000,106.39000,7275.0
1996.02.04 00:00:00,106.32000,107.50000,104.69000,107.10000,9665.0
1996.02.11 00:00:00,106.90000,107.17000,104.78000,105.26000,7485.0
1996.02.18 00:00:00,105.09000,106.70000,103.54000,104.94000,12565.0
1996.02.25 00:00:00,104.75000,105.90000,103.30000,105.35000,9225.0
1996.03.03 00:00:00,105.32000,106.28000,104.84000,105.74000,6185.0
1996.03.10 00:00:00,106.13000,106.45000,104.93000,105.90000,6555.0
1996.03.17 00:00:00,105.89000,107.27000,105.60000,106.85000,5735.0
1996.03.24 00:00:00,106.44000,107.34000,105.88000,107.34000,6255.0
1996.03.31 00:00:00,107.33000,108.05000,106.55000,107.70000,5755.0
1996.04.07 00:00:00,107.73000,109.07000,107.20000,108.65000,6185.0
1996.04.14 00:00:00,108.80000,108.97000,106.20000,107.40000,7075.0
1996.04.21 00:00:00,107.38000,107.65000,105.11000,105.55000,8815.0
1996.04.28 00:00:00,105.25000,105.75000,103.75000,105.20000,9885.0
1996.05.05 00:00:00,104.91000,105.72000,104.50000,105.54000,5605.0
1996.05.12 00:00:00,105.27000,107.20000,104.72000,106.85000,6995.0
1996.05.19 00:00:00,106.63000,108.03000,106.57000,107.95000,6425.0
1996.05.26 00:00:00,107.90000,109.02000,106.65000,108.12000,8085.0
1996.06.02 00:00:00,108.05000,109.57000,107.35000,109.31000,8535.0
1996.06.09 00:00:00,109.22000,109.75000,107.85000,109.27000,8275.0
1996.06.16 00:00:00,109.15000,109.29000,107.60000,109.20000,6915.0
1996.06.23 00:00:00,108.85000,110.05000,108.62000,109.75000,5595.0
1996.06.30 00:00:00,109.70000,111.09000,109.46000,110.84000,5085.0
1996.07.07 00:00:00,110.85000,111.25000,109.89000,110.90000,6685.0
1996.07.14 00:00:00,110.65000,110.89000,107.75000,107.94000,10045.0
1996.07.21 00:00:00,107.91000,108.92000,106.88000,108.38000,8435.0
1996.07.28 00:00:00,108.38000,108.70000,106.28000,106.87000,8345.0
1996.08.04 00:00:00,106.85000,108.45000,106.40000,108.30000,6505.0
1996.08.11 00:00:00,108.10000,108.25000,107.40000,107.76000,4425.0
1996.08.18 00:00:00,107.68000,108.78000,107.60000,108.16000,5775.0
1996.08.25 00:00:00,108.00000,109.00000,107.41000,108.92000,5355.0
1996.09.01 00:00:00,108.92000,109.54000,108.57000,109.28000,4935.0
1996.09.08 00:00:00,109.19000,110.60000,108.80000,110.47000,5815.0
1996.09.15 00:00:00,110.36000,110.67000,108.79000,110.03000,5715.0
1996.09.22 00:00:00,109.96000,111.01000,108.95000,110.85000,5985.0
1996.09.29 00:00:00,110.80000,112.15000,110.76000,111.87000,5625.0
1996.10.06 00:00:00,111.82000,112.05000,110.85000,111.62000,6275.0
1996.10.13 00:00:00,111.60000,112.72000,111.46000,112.45000,4745.0
1996.10.20 00:00:00,112.40000,113.55000,111.94000,113.45000,6195.0
1996.10.27 00:00:00,113.41000,114.95000,112.85000,113.30000,10215.0
1996.11.03 00:00:00,113.15000,114.75000,111.26000,111.80000,10045.0
1996.11.10 00:00:00,111.52000,112.05000,110.55000,111.15000,8405.0
1996.11.17 00:00:00,110.90000,112.02000,110.60000,111.55000,7645.0
1996.11.24 00:00:00,111.41000,114.01000,111.35000,113.97000,7105.0
1996.12.01 00:00:00,113.77000,114.85000,111.73000,112.95000,10195.0
1996.12.08 00:00:00,113.13000,114.07000,112.43000,113.95000,7965.0
1996.12.15 00:00:00,113.98000,114.48000,113.25000,114.35000,5935.0
1996.12.22 00:00:00,114.16000,116.22000,113.84000,115.35000,6385.0
1996.12.29 00:00:00,115.56000,116.80000,115.28000,116.46000,6604.0
1997.01.05 00:00:00,116.74000,117.09000,114.85000,116.18000,10735.0
1997.01.12 00:00:00,116.13000,117.55000,115.88000,116.96000,7935.0
1997.01.19 00:00:00,117.31000,120.20000,117.25000,118.85000,10765.0
1997.01.26 00:00:00,119.04000,122.90000,118.90000,121.37000,12915.0
1997.02.02 00:00:00,121.24000,124.81000,121.18000,123.20000,13645.0
1997.02.09 00:00:00,121.45000,124.92000,121.45000,124.30000,9145.0
1997.02.16 00:00:00,124.65000,124.78000,122.28000,123.30000,10055.0
1997.02.23 00:00:00,123.10000,123.43000,119.90000,120.43000,13205.0
1997.03.02 00:00:00,120.25000,122.40000,119.95000,122.10000,8895.0
1997.03.09 00:00:00,122.03000,124.40000,121.10000,123.50000,9585.0
1997.03.16 00:00:00,123.40000,124.00000,122.05000,122.70000,10265.0
1997.03.23 00:00:00,122.68000,124.59000,122.15000,123.96000,8185.0
1997.03.30 00:00:00,124.00000,124.40000,121.35000,124.31000,11495.0
1997.04.06 00:00:00,124.30000,127.20000,124.22000,126.20000,8815.0
1997.04.13 00:00:00,126.12000,126.70000,125.03000,125.90000,7435.0
1997.04.20 00:00:00,125.68000,126.57000,125.05000,126.30000,7365.0
1997.04.27 00:00:00,126.50000,127.55000,126.18000,126.75000,6375.0
1997.05.04 00:00:00,126.50000,126.90000,118.99000,120.10000,14265.0
1997.05.11 00:00:00,119.75000,119.80000,114.66000,115.85000,19795.0
1997.05.18 00:00:00,115.45000,116.50000,111.88000,115.59000,14255.0
1997.05.25 00:00:00,116.05000,117.02000,115.09000,116.24000,10595.0
1997.06.01 00:00:00,116.07000,117.00000,114.21000,114.29000,8385.0
1997.06.08 00:00:00,114.17000,115.78000,110.51000,114.88000,17235.0
1997.06.15 00:00:00,114.64000,115.08000,112.80000,114.99000,9065.0
1997.06.22 00:00:00,115.15000,115.70000,113.00000,114.65000,10485.0
1997.06.29 00:00:00,114.52000,115.40000,112.93000,114.30000,8475.0
1997.07.06 00:00:00,114.15000,114.29000,111.90000,114.29000,9975.0
1997.07.13 00:00:00,114.12000,116.55000,113.30000,115.52000,11175.0
1997.07.20 00:00:00,115.51000,117.16000,114.69000,116.92000,8365.0
1997.07.27 00:00:00,116.88000,119.27000,116.85000,118.45000,9915.0
1997.08.03 00:00:00,118.58000,119.68000,114.25000,114.65000,12405.0
1997.08.10 00:00:00,114.80000,118.79000,114.65000,117.40000,13405.0
1997.08.17 00:00:00,117.05000,118.62000,116.00000,118.39000,10225.0
1997.08.24 00:00:00,118.07000,121.29000,117.60000,120.89000,10275.0
1997.08.31 00:00:00,121.15000,121.87000,120.15000,121.20000,10065.0
1997.09.07 00:00:00,121.13000,121.74000,118.16000,121.05000,11885.0
1997.09.14 00:00:00,120.93000,122.63000,119.85000,122.18000,11395.0
1997.09.21 00:00:00,122.20000,123.13000,119.20000,121.25000,13865.0
1997.09.28 00:00:00,121.10000,122.53000,120.15000,122.20000,8685.0
1997.10.05 00:00:00,121.82000,122.69000,119.58000,120.14000,8635.0
1997.10.12 00:00:00,120.12000,121.86000,119.30000,120.78000,7955.0
1997.10.19 00:00:00,120.59000,122.48000,120.13000,122.18000,9935.0
1997.10.26 00:00:00,122.01000,122.39000,118.65000,120.42000,11705.0
1997.11.02 00:00:00,120.32000,124.39000,119.85000,124.39000,9945.0
1997.11.09 00:00:00,124.15000,127.30000,123.78000,125.40000,12785.0
1997.11.16 00:00:00,126.02000,127.52000,124.20000,126.16000,14535.0
1997.11.23 00:00:00,126.51000,128.10000,126.30000,127.90000,9855.0
1997.11.30 00:00:00,127.79000,130.60000,127.60000,130.30000,10795.0
1997.12.07 00:00:00,129.84000,130.89000,128.25000,130.33000,12085.0
1997.12.14 00:00:00,130.36000,131.66000,125.70000,129.29000,18595.0
1997.12.21 00:00:00,129.34000,130.83000,129.05000,130.56000,9635.0
1997.12.28 00:00:00,129.86000,132.65000,129.22000,132.37000,5356.0
1998.01.04 00:00:00,132.19000,134.45000,130.49000,132.20000,1878.0
1998.01.11 00:00:00,132.24000,133.18000,128.00000,129.37000,1306.0
1998.01.18 00:00:00,128.72000,129.87000,125.40000,125.80000,1498.0
1998.01.25 00:00:00,125.44000,127.85000,124.30000,127.10000,1354.0
1998.02.01 00:00:00,126.35000,127.05000,122.75000,124.10000,1098.0
1998.02.08 00:00:00,124.20000,125.58000,122.35000,125.21000,1293.0
1998.02.15 00:00:00,125.66000,128.20000,125.45000,128.00000,1085.0
1998.02.22 00:00:00,127.90000,129.05000,125.80000,126.15000,1360.0
1998.03.01 00:00:00,126.00000,128.50000,124.72000,127.93000,1220.0
1998.03.08 00:00:00,127.68000,129.77000,127.15000,127.85000,930.0
1998.03.15 00:00:00,127.83000,131.35000,127.65000,130.42000,1310.0
1998.03.22 00:00:00,130.35000,130.90000,127.82000,130.33000,1254.0
1998.03.29 00:00:00,130.11000,135.52000,129.95000,135.10000,2801.0
1998.04.05 00:00:00,135.10000,135.25000,128.51000,128.67000,4645.0
1998.04.12 00:00:00,128.74000,132.23000,127.55000,131.78000,32179.0
1998.04.19 00:00:00,131.80000,132.50000,129.64000,131.25000,41433.0
1998.04.26 00:00:00,131.07000,133.53000,130.72000,133.45000,44032.0
1998.05.03 00:00:00,133.40000,133.65000,131.25000,132.85000,30289.0
1998.05.10 00:00:00,133.09000,134.72000,132.20000,134.63000,34138.0
1998.05.17 00:00:00,134.68000,136.80000,134.65000,135.73000,36936.0
1998.05.24 00:00:00,136.52000,139.30000,136.15000,138.85000,36872.0
1998.05.31 00:00:00,138.70000,140.01000,137.40000,139.70000,50023.0
1998.06.07 00:00:00,139.85000,144.80000,139.70000,144.33000,66457.0
1998.06.14 00:00:00,144.25000,146.83000,133.65000,136.05000,61748.0
1998.06.21 00:00:00,138.01000,143.07000,137.10000,142.25000,53700.0
1998.06.28 00:00:00,142.65000,143.40000,137.43000,139.40000,52586.0
1998.07.05 00:00:00,140.60000,141.78000,138.08000,141.02000,49980.0
1998.07.12 00:00:00,143.04000,144.40000,138.58000,139.50000,51047.0
1998.07.19 00:00:00,139.24000,142.20000,138.53000,141.65000,47792.0
1998.07.26 00:00:00,141.55000,144.93000,140.75000,144.54000,33614.0
1998.08.02 00:00:00,144.85000,146.97000,143.35000,146.24000,45856.0
1998.08.09 00:00:00,146.23000,147.71000,144.30000,146.48000,49459.0
1998.08.16 00:00:00,146.32000,146.95000,141.47000,144.63000,54042.0
1998.08.23 00:00:00,144.85000,145.28000,140.00000,141.80000,52069.0
1998.08.30 00:00:00,141.55000,142.57000,132.80000,133.57000,43089.0
1998.09.06 00:00:00,134.50000,138.60000,129.10000,130.68000,44015.0
1998.09.13 00:00:00,131.54000,135.85000,130.90000,132.66000,76216.0
1998.09.20 00:00:00,133.47000,137.25000,132.32000,136.17000,68793.0
1998.09.27 00:00:00,135.94000,136.93000,133.01000,135.55000,70482.0
1998.10.04 00:00:00,135.25000,136.05000,111.65000,116.65000,73805.0
1998.10.11 00:00:00,117.31000,120.47000,113.50000,115.27000,80640.0
1998.10.18 00:00:00,115.60000,119.59000,113.76000,118.07000,70391.0
1998.10.25 00:00:00,118.75000,119.85000,114.99000,115.80000,65956.0
1998.11.01 00:00:00,115.32000,119.15000,114.40000,119.00000,57902.0
1998.11.08 00:00:00,119.25000,124.15000,119.05000,122.90000,52945.0
1998.11.15 00:00:00,122.23000,122.67000,118.48000,120.35000,50407.0
1998.11.22 00:00:00,120.58000,123.60000,120.15000,123.04000,63161.0
1998.11.29 00:00:00,123.24000,124.10000,117.30000,118.93000,68790.0
1998.12.06 00:00:00,118.55000,120.55000,116.20000,116.25000,71883.0
1998.12.13 00:00:00,116.39000,117.65000,114.45000,116.18000,67173.0
1998.12.20 00:00:00,115.57000,117.52000,114.65000,116.55000,50207.0
1998.12.27 00:00:00,116.13000,117.14000,113.15000,113.70000,45054.0
1999.01.03 00:00:00,113.47000,114.36000,109.77000,110.80000,39391.0
1999.01.10 00:00:00,110.27000,114.45000,108.22000,114.15000,41886.0
1999.01.17 00:00:00,114.17000,115.01000,112.32000,114.56000,31027.0
1999.01.24 00:00:00,114.57000,116.83000,113.30000,116.33000,32668.0
1999.01.31 00:00:00,115.93000,116.02000,111.34000,113.13000,35569.0
1999.02.07 00:00:00,112.99000,115.78000,112.72000,114.00000,34423.0
1999.02.14 00:00:00,114.05000,121.45000,113.80000,121.35000,35211.0
1999.02.21 00:00:00,121.40000,122.52000,118.45000,119.21000,39309.0
1999.02.28 00:00:00,119.27000,123.75000,118.86000,122.72000,32406.0
1999.03.07 00:00:00,122.85000,123.18000,118.64000,118.78000,37650.0
1999.03.14 00:00:00,119.10000,119.39000,116.89000,117.05000,33171.0
1999.03.21 00:00:00,116.94000,120.49000,116.92000,120.32000,31703.0
1999.03.28 00:00:00,120.36000,121.00000,118.15000,120.77000,24390.0
1999.04.04 00:00:00,120.66000,122.00000,120.38000,120.94000,26240.0
1999.04.11 00:00:00,120.87000,120.90000,117.42000,117.86000,29280.0
1999.04.18 00:00:00,117.82000,120.41000,117.46000,119.20000,26942.0
1999.04.25 00:00:00,119.23000,120.57000,118.31000,119.50000,28597.0
1999.05.02 00:00:00,119.52000,121.40000,119.42000,120.75000,27708.0
1999.05.09 00:00:00,120.91000,122.85000,120.27000,122.85000,27929.0
1999.05.16 00:00:00,122.84000,124.82000,122.63000,123.97000,32759.0
1999.05.23 00:00:00,124.06000,124.37000,119.75000,121.57000,31577.0
1999.05.30 00:00:00,121.75000,122.47000,120.32000,122.35000,30107.0
1999.06.06 00:00:00,122.41000,122.42000,117.64000,117.89000,36485.0
1999.06.13 00:00:00,118.06000,120.94000,117.88000,120.51000,31808.0
1999.06.20 00:00:00,120.72000,122.60000,120.60000,121.48000,32540.0
1999.06.27 00:00:00,121.37000,121.95000,120.55000,120.96000,28044.0
1999.07.04 00:00:00,121.05000,122.86000,120.87000,122.37000,26197.0
1999.07.11 00:00:00,122.32000,122.50000,120.25000,120.97000,29782.0
1999.07.18 00:00:00,120.98000,121.05000,116.12000,116.48000,34731.0
1999.07.25 00:00:00,116.86000,117.40000,114.14000,114.57000,32033.0
1999.08.01 00:00:00,114.86000,115.72000,113.60000,114.88000,32654.0
1999.08.08 00:00:00,115.23000,116.35000,114.38000,115.80000,27955.0
1999.08.15 00:00:00,115.75000,115.91000,110.71000,111.25000,34737.0
1999.08.22 00:00:00,111.26000,112.92000,110.53000,111.38000,32735.0
1999.08.29 00:00:00,110.92000,111.60000,108.66000,110.04000,32358.0
1999.09.05 00:00:00,109.57000,111.42000,107.56000,108.72000,35331.0
1999.09.12 00:00:00,108.85000,109.16000,103.19000,107.18000,39967.0
1999.09.19 00:00:00,107.67000,108.22000,103.47000,104.20000,36287.0
1999.09.26 00:00:00,105.52000,107.30000,103.90000,105.14000,34890.0
1999.10.03 00:00:00,105.08000,108.00000,104.60000,107.37000,31152.0
1999.10.10 00:00:00,107.41000,108.02000,105.20000,105.25000,30668.0
1999.10.17 00:00:00,105.30000,106.69000,104.79000,105.88000,31314.0
1999.10.24 00:00:00,105.86000,106.23000,103.67000,104.02000,34454.0
1999.10.31 00:00:00,104.17000,106.65000,103.41000,105.93000,35019.0
1999.11.07 00:00:00,106.14000,106.41000,104.37000,105.33000,30159.0
1999.11.14 00:00:00,105.31000,106.58000,104.57000,106.40000,27151.0
1999.11.21 00:00:00,106.30000,106.59000,101.26000,101.82000,30888.0
1999.11.28 00:00:00,102.44000,104.05000,101.34000,102.79000,36136.0
1999.12.05 00:00:00,102.63000,103.48000,102.03000,102.19000,27493.0
1999.12.12 00:00:00,102.45000,103.80000,102.25000,103.25000,24332.0
1999.12.19 00:00:00,103.14000,103.47000,101.30000,102.91000,27307.0
1999.12.26 00:00:00,102.78000,102.97000,101.80000,102.26000,19862.0
2000.01.02 00:00:00,102.14000,105.92000,101.39000,105.41000,29324.0
2000.01.09 00:00:00,105.11000,106.60000,104.33000,105.93000,29930.0
2000.01.16 00:00:00,105.85000,106.11000,104.42000,104.86000,27726.0
2000.01.23 00:00:00,105.12000,107.27000,104.55000,107.19000,30457.0
2000.01.30 00:00:00,107.06000,109.07000,106.59000,107.17000,30371.0
2000.02.06 00:00:00,107.22000,109.78000,107.20000,108.82000,35377.0
2000.02.13 00:00:00,108.87000,111.27000,108.05000,110.98000,30089.0
2000.02.20 00:00:00,110.76000,111.73000,110.09000,110.28000,30235.0
2000.02.27 00:00:00,109.62000,110.38000,106.55000,107.73000,34863.0
2000.03.05 00:00:00,107.82000,108.15000,105.78000,106.33000,34183.0
2000.03.12 00:00:00,106.29000,106.80000,104.61000,106.74000,32218.0
2000.03.19 00:00:00,106.91000,107.82000,106.24000,106.87000,31460.0
2000.03.26 00:00:00,106.86000,107.17000,102.03000,102.77000,34495.0
2000.04.02 00:00:00,103.32000,105.77000,102.84000,105.42000,30287.0
2000.04.09 00:00:00,105.39000,107.15000,104.72000,104.80000,30656.0
2000.04.16 00:00:00,104.29000,105.91000,103.23000,105.77000,31851.0
2000.04.23 00:00:00,105.82000,108.31000,105.06000,108.09000,33394.0
2000.04.30 00:00:00,107.78000,109.66000,107.23000,108.54000,31473.0
2000.05.07 00:00:00,108.77000,110.08000,107.67000,108.18000,36167.0
2000.05.14 00:00:00,108.67000,110.04000,106.37000,106.90000,34087.0
2000.05.21 00:00:00,107.13000,107.99000,106.39000,107.15000,36772.0
2000.05.28 00:00:00,107.02000,109.06000,106.05000,108.03000,33719.0
2000.06.04 00:00:00,108.01000,108.29000,105.03000,107.09000,36364.0
2000.06.11 00:00:00,106.80000,107.20000,105.87000,106.37000,34446.0
2000.06.18 00:00:00,106.42000,106.51000,103.90000,104.76000,35935.0
2000.06.25 00:00:00,104.61000,106.37000,104.27000,106.09000,36240.0
2000.07.02 00:00:00,106.04000,107.97000,105.27000,107.92000,35511.0
2000.07.09 00:00:00,107.87000,108.48000,106.56000,108.09000,36290.0
2000.07.16 00:00:00,107.72000,109.20000,107.30000,109.01000,36798.0
2000.07.23 00:00:00,108.74000,109.82000,108.46000,109.70000,36031.0
2000.07.30 00:00:00,109.60000,109.80000,107.92000,108.58000,36434.0
2000.08.06 00:00:00,108.57000,109.27000,107.47000,108.50000,33097.0
2000.08.13 00:00:00,108.65000,109.64000,108.06000,108.35000,35522.0
2000.08.20 00:00:00,108.28000,108.77000,106.56000,106.84000,35252.0
2000.08.27 00:00:00,106.77000,106.85000,105.56000,105.89000,30440.0
2000.09.03 00:00:00,105.92000,106.57000,104.77000,106.13000,35429.0
2000.09.10 00:00:00,106.12000,107.78000,105.84000,107.11000,33871.0
2000.09.17 00:00:00,107.13000,108.15000,106.27000,107.95000,36422.0
2000.09.24 00:00:00,107.90000,108.52000,107.15000,108.08000,33936.0
2000.10.01 00:00:00,108.16000,109.61000,108.06000,108.78000,34667.0
2000.10.08 00:00:00,108.90000,109.15000,107.32000,107.85000,33490.0
2000.10.15 00:00:00,107.69000,109.19000,107.42000,108.90000,37556.0
2000.10.22 00:00:00,108.92000,109.06000,107.62000,108.65000,39844.0
2000.10.29 00:00:00,108.67000,109.31000,106.80000,107.06000,41377.0
2000.11.05 00:00:00,107.23000,108.03000,106.87000,107.87000,40954.0
2000.11.12 00:00:00,107.96000,109.14000,107.38000,108.82000,38031.0
2000.11.19 00:00:00,108.81000,111.45000,108.79000,111.25000,39702.0
2000.11.26 00:00:00,111.18000,112.05000,109.79000,111.25000,42345.0
2000.12.03 00:00:00,111.38000,111.47000,110.13000,110.95000,43377.0
2000.12.10 00:00:00,111.39000,112.85000,110.54000,112.51000,42945.0
2000.12.17 00:00:00,112.54000,113.18000,111.80000,112.86000,43665.0
2000.12.24 00:00:00,112.92000,115.11000,112.70000,114.37000,35122.0
2000.12.31 00:00:00,114.41000,116.90000,113.54000,116.59000,35372.0
2001.01.07 00:00:00,116.58000,118.62000,115.63000,118.54000,40555.0
2001.01.14 00:00:00,118.41000,119.89000,116.91000,117.16000,49956.0
2001.01.21 00:00:00,117.07000,118.47000,116.13000,117.17000,48757.0
2001.01.28 00:00:00,117.48000,117.76000,114.93000,115.69000,47060.0
2001.02.04 00:00:00,115.66000,117.78000,114.33000,117.53000,46188.0
2001.02.11 00:00:00,117.65000,117.98000,114.53000,115.72000,44193.0
2001.02.18 00:00:00,116.03000,117.20000,115.22000,115.88000,47136.0
2001.02.25 00:00:00,115.87000,119.33000,115.77000,118.96000,48037.0
2001.03.04 00:00:00,119.17000,120.43000,118.25000,119.51000,49287.0
2001.03.11 00:00:00,119.55000,123.19000,119.29000,123.01000,55605.0
2001.03.18 00:00:00,123.17000,124.31000,121.98000,122.77000,51124.0
2001.03.25 00:00:00,123.01000,126.37000,121.39000,126.28000,54392.0
2001.04.01 00:00:00,126.39000,126.86000,123.50000,123.80000,52907.0
2001.04.08 00:00:00,124.01000,125.51000,122.94000,124.30000,44087.0
2001.04.15 00:00:00,124.16000,124.97000,120.89000,122.38000,46267.0
2001.04.22 00:00:00,121.92000,124.37000,121.08000,124.05000,51940.0
2001.04.29 00:00:00,124.04000,124.22000,120.53000,121.33000,48236.0
2001.05.06 00:00:00,121.34000,122.87000,120.78000,122.38000,48687.0
2001.05.13 00:00:00,122.51000,124.08000,122.41000,123.54000,48759.0
2001.05.20 00:00:00,123.66000,123.78000,118.99000,120.65000,52043.0
2001.05.27 00:00:00,120.49000,121.40000,118.31000,119.27000,48804.0
2001.06.03 00:00:00,119.17000,120.99000,118.71000,120.88000,45101.0
2001.06.10 00:00:00,120.90000,123.30000,120.82000,122.92000,45759.0
2001.06.17 00:00:00,122.97000,124.74000,122.54000,124.50000,48313.0
2001.06.24 00:00:00,124.31000,125.03000,123.25000,124.61000,46705.0
2001.07.01 00:00:00,124.76000,126.16000,123.63000,125.88000,40681.0
2001.07.08 00:00:00,125.79000,125.99000,123.49000,124.94000,46602.0
2001.07.15 00:00:00,124.73000,125.67000,122.70000,123.01000,50051.0
2001.07.22 00:00:00,123.06000,124.52000,123.06000,123.51000,50662.0
2001.07.29 00:00:00,123.27000,125.40000,123.23000,123.65000,50990.0
2001.08.05 00:00:00,123.64000,124.32000,121.36000,122.07000,48055.0
2001.08.12 00:00:00,121.96000,123.18000,119.08000,120.19000,54751.0
2001.08.19 00:00:00,120.31000,120.96000,119.34000,120.02000,50536.0
2001.08.26 00:00:00,120.18000,120.83000,118.52000,118.79000,51636.0
2001.09.02 00:00:00,119.08000,121.56000,118.58000,120.05000,52563.0
2001.09.09 00:00:00,120.14000,122.10000,116.89000,117.37000,57476.0
2001.09.16 00:00:00,117.55000,118.40000,115.79000,116.65000,54712.0
2001.09.23 00:00:00,116.89000,120.05000,116.29000,119.53000,50727.0
2001.09.30 00:00:00,119.47000,121.52000,119.32000,120.52000,49249.0
2001.10.07 00:00:00,120.29000,121.81000,119.62000,121.10000,44514.0
2001.10.14 00:00:00,120.89000,121.92000,120.42000,121.22000,45786.0
2001.10.21 00:00:00,121.18000,123.39000,121.16000,122.70000,49217.0
2001.10.28 00:00:00,122.69000,122.79000,121.37000,121.67000,45712.0
2001.11.04 00:00:00,121.63000,122.17000,119.76000,120.34000,42979.0
2001.11.11 00:00:00,120.37000,122.96000,119.69000,122.95000,42537.0
2001.11.18 00:00:00,122.86000,124.50000,122.51000,124.22000,46047.0
2001.11.25 00:00:00,124.41000,124.60000,122.82000,123.51000,49114.0
2001.12.02 00:00:00,123.37000,125.76000,123.26000,125.53000,50718.0
2001.12.09 00:00:00,125.57000,127.98000,125.49000,127.38000,51154.0
2001.12.16 00:00:00,127.33000,129.75000,127.13000,129.54000,55816.0
2001.12.23 00:00:00,129.56000,132.08000,129.31000,131.13000,46376.0
2001.12.30 00:00:00,131.31000,132.30000,130.62000,130.95000,35687.0
2002.01.06 00:00:00,130.97000,133.40000,130.37000,132.21000,51489.0
2002.01.13 00:00:00,131.97000,133.06000,130.88000,132.68000,46387.0
2002.01.20 00:00:00,132.66000,134.96000,131.97000,134.60000,47812.0
2002.01.27 00:00:00,134.87000,135.19000,132.35000,133.01000,51138.0
2002.02.03 00:00:00,133.16000,135.02000,131.95000,134.70000,45547.0
2002.02.10 00:00:00,134.90000,135.06000,131.85000,132.62000,44363.0
2002.02.17 00:00:00,132.68000,134.52000,132.39000,134.13000,40790.0
2002.02.24 00:00:00,134.14000,135.00000,133.08000,133.41000,45393.0
2002.03.03 00:00:00,133.38000,133.60000,126.38000,128.62000,54168.0
2002.03.10 00:00:00,128.67000,129.66000,127.76000,129.07000,46060.0
2002.03.17 00:00:00,129.27000,132.96000,129.23000,132.96000,47947.0
2002.03.24 00:00:00,132.79000,133.50000,132.18000,132.73000,47354.0
2002.03.31 00:00:00,132.97000,133.85000,131.30000,131.60000,46663.0
2002.04.07 00:00:00,131.74000,132.28000,130.21000,131.96000,43795.0
2002.04.14 00:00:00,132.08000,132.41000,129.57000,130.36000,43869.0
2002.04.21 00:00:00,130.65000,130.71000,127.77000,127.91000,43272.0
2002.04.28 00:00:00,127.91000,128.71000,126.83000,126.95000,44880.0
2002.05.05 00:00:00,127.02000,129.10000,126.73000,127.62000,42809.0
2002.05.12 00:00:00,127.70000,128.83000,125.53000,125.96000,46543.0
2002.05.19 00:00:00,125.97000,126.22000,123.51000,124.76000,50521.0
2002.05.26 00:00:00,124.78000,125.09000,122.80000,124.12000,44263.0
2002.06.02 00:00:00,124.29000,125.08000,123.26000,124.35000,44192.0
2002.06.09 00:00:00,124.45000,125.98000,123.93000,124.17000,41780.0
2002.06.16 00:00:00,124.20000,124.87000,120.80000,121.17000,44082.0
2002.06.23 00:00:00,121.75000,122.79000,118.36000,119.59000,51336.0
2002.06.30 00:00:00,119.73000,120.79000,119.26000,120.37000,41646.0
2002.07.07 00:00:00,120.06000,120.19000,116.47000,116.93000,47064.0
2002.07.14 00:00:00,117.03000,117.35000,115.48000,115.95000,48788.0
2002.07.21 00:00:00,115.92000,119.08000,115.76000,118.83000,49257.0
2002.07.28 00:00:00,118.89000,120.43000,118.46000,118.75000,47290.0
2002.08.04 00:00:00,118.87000,121.36000,118.64000,120.10000,51940.0
2002.08.11 00:00:00,120.17000,120.17000,116.29000,117.62000,49444.0
2002.08.18 00:00:00,117.64000,120.31000,117.43000,119.63000,43629.0
2002.08.25 00:00:00,119.55000,119.94000,117.41000,118.43000,41580.0
2002.09.01 00:00:00,118.50000,118.91000,116.83000,118.48000,43556.0
2002.09.08 00:00:00,118.56000,122.29000,118.17000,121.67000,50438.0
2002.09.15 00:00:00,121.96000,123.73000,120.91000,123.34000,60795.0
2002.09.22 00:00:00,123.57000,124.23000,121.81000,122.54000,52601.0
2002.09.29 00:00:00,122.62000,123.39000,121.08000,123.26000,47730.0
2002.10.06 00:00:00,123.27000,124.64000,123.01000,124.08000,45787.0
2002.10.13 00:00:00,124.10000,125.60000,123.78000,125.56000,45984.0
2002.10.20 00:00:00,125.50000,125.69000,123.61000,124.31000,46691.0
2002.10.27 00:00:00,124.29000,125.04000,121.63000,122.26000,48613.0
2002.11.03 00:00:00,122.19000,122.67000,119.54000,119.81000,44070.0
2002.11.10 00:00:00,119.94000,120.95000,119.08000,120.50000,46528.0
2002.11.17 00:00:00,120.37000,123.02000,120.28000,122.95000,49153.0
2002.11.24 00:00:00,123.07000,123.21000,121.32000,122.50000,42166.0
2002.12.01 00:00:00,123.37000,125.79000,123.00000,123.55000,47636.0
2002.12.08 00:00:00,123.16000,124.07000,120.31000,120.54000,48560.0
2002.12.15 00:00:00,120.61000,121.72000,120.15000,120.39000,51265.0
2002.12.22 00:00:00,120.42000,120.82000,119.78000,119.89000,33410.0
2002.12.29 00:00:00,119.94000,120.30000,118.30000,119.69000,33415.0
2003.01.05 00:00:00,119.83000,120.63000,118.54000,119.35000,49405.0
2003.01.12 00:00:00,119.12000,119.48000,117.42000,117.80000,48128.0
2003.01.19 00:00:00,118.03000,119.17000,117.53000,117.85000,47440.0
2003.01.26 00:00:00,117.83000,120.09000,117.53000,119.94000,50289.0
2003.02.02 00:00:00,119.90000,120.92000,119.05000,120.25000,49485.0
2003.02.09 00:00:00,120.29000,121.78000,120.11000,120.32000,49931.0
2003.02.16 00:00:00,120.53000,120.82000,118.10000,118.64000,48394.0
2003.02.23 00:00:00,118.86000,118.86000,116.80000,118.14000,47346.0
2003.03.02 00:00:00,118.22000,118.34000,116.35000,117.07000,46107.0
2003.03.09 00:00:00,117.14000,118.78000,116.40000,118.27000,47734.0
2003.03.16 00:00:00,118.14000,121.92000,117.55000,121.69000,51136.0
2003.03.23 00:00:00,121.06000,121.33000,119.43000,119.85000,49949.0
2003.03.30 00:00:00,119.84000,120.20000,117.62000,120.00000,50804.0
2003.04.06 00:00:00,120.38000,120.94000,119.13000,120.52000,51420.0
2003.04.13 00:00:00,120.60000,120.85000,118.93000,119.78000,44227.0
2003.04.20 00:00:00,119.65000,121.17000,119.35000,120.18000,45376.0
2003.04.27 00:00:00,120.19000,120.75000,118.14000,119.08000,46496.0
2003.05.04 00:00:00,119.01000,119.11000,115.97000,117.32000,63006.0
2003.05.11 00:00:00,117.28000,117.59000,115.28000,116.05000,53179.0
2003.05.18 00:00:00,115.58000,117.81000,115.07000,116.90000,50393.0
2003.05.25 00:00:00,116.84000,119.67000,116.18000,119.35000,49065.0
2003.06.01 00:00:00,119.61000,119.66000,117.33000,118.73000,55624.0
2003.06.08 00:00:00,118.74000,118.81000,117.14000,117.44000,54357.0
2003.06.15 00:00:00,117.38000,119.13000,117.17000,118.41000,53604.0
2003.06.22 00:00:00,118.53000,120.11000,117.31000,119.59000,55520.0
2003.06.29 00:00:00,119.71000,120.26000,117.86000,118.06000,50255.0
2003.07.06 00:00:00,118.07000,118.73000,117.39000,117.93000,53558.0
2003.07.13 00:00:00,117.80000,119.30000,116.65000,118.46000,56490.0
2003.07.20 00:00:00,118.67000,119.45000,118.22000,118.80000,56292.0
2003.07.27 00:00:00,118.99000,120.74000,118.87000,120.18000,57413.0
2003.08.03 00:00:00,119.96000,120.67000,118.80000,119.08000,56013.0
2003.08.10 00:00:00,119.01000,119.71000,118.14000,119.20000,56587.0
2003.08.17 00:00:00,119.17000,119.91000,117.30000,117.55000,56191.0
2003.08.24 00:00:00,117.53000,118.03000,116.14000,116.92000,55424.0
2003.08.31 00:00:00,116.78000,117.29000,115.75000,116.84000,53812.0
2003.09.07 00:00:00,117.60000,117.75000,116.08000,117.34000,50632.0
2003.09.14 00:00:00,117.32000,117.71000,113.57000,113.97000,52777.0
2003.09.21 00:00:00,112.46000,112.78000,110.91000,111.76000,57762.0
2003.09.28 00:00:00,111.60000,112.11000,110.10000,110.85000,55404.0
2003.10.05 00:00:00,110.98000,111.38000,108.25000,108.74000,52099.0
2003.10.12 00:00:00,108.48000,110.32000,108.27000,109.34000,52484.0
2003.10.19 00:00:00,108.84000,110.61000,108.80000,109.25000,53787.0
2003.10.26 00:00:00,109.03000,110.26000,107.81000,110.06000,53303.0
2003.11.02 00:00:00,109.74000,111.52000,109.03000,109.33000,51141.0
2003.11.09 00:00:00,109.48000,109.66000,107.85000,108.38000,51791.0
2003.11.16 00:00:00,108.39000,109.77000,107.53000,108.63000,55551.0
2003.11.23 00:00:00,108.81000,110.07000,108.78000,109.65000,50047.0
2003.11.30 00:00:00,109.79000,110.05000,107.50000,107.70000,55483.0
2003.12.07 00:00:00,107.74000,108.78000,106.72000,107.85000,53566.0
2003.12.14 00:00:00,108.29000,108.31000,107.19000,107.72000,50614.0
2003.12.21 00:00:00,107.80000,107.98000,106.91000,107.50000,36391.0
2003.12.28 00:00:00,107.32000,107.76000,106.77000,106.98000,34624.0
2004.01.04 00:00:00,107.01000,108.30000,105.87000,106.67000,47293.0
2004.01.11 00:00:00,106.64000,107.04000,105.71000,106.73000,49424.0
2004.01.18 00:00:00,106.68000,107.94000,105.70000,106.81000,53538.0
2004.01.25 00:00:00,106.46000,106.75000,105.46000,105.78000,54813.0
2004.02.01 00:00:00,105.74000,106.82000,105.23000,105.52000,52139.0
2004.02.08 00:00:00,105.89000,105.93000,105.15000,105.35000,49666.0
2004.02.15 00:00:00,105.47000,109.36000,105.32000,109.01000,48922.0
2004.02.22 00:00:00,108.92000,109.86000,108.00000,109.35000,51024.0
2004.02.29 00:00:00,109.07000,112.34000,108.83000,112.02000,51864.0
2004.03.07 00:00:00,112.19000,112.36000,110.21000,110.80000,50415.0
2004.03.14 00:00:00,110.67000,111.09000,106.38000,106.65000,53248.0
2004.03.21 00:00:00,106.89000,107.67000,105.54000,105.99000,49432.0
2004.03.28 00:00:00,105.60000,106.24000,103.40000,104.47000,52901.0
2004.04.04 00:00:00,104.38000,107.24000,104.13000,106.33000,48028.0
2004.04.11 00:00:00,106.37000,109.28000,105.04000,107.88000,62724.0
2004.04.18 00:00:00,107.76000,109.93000,107.60000,109.00000,49662.0
2004.04.25 00:00:00,109.12000,111.07000,108.30000,110.55000,57524.0
2004.05.02 00:00:00,110.43000,112.53000,108.31000,112.31000,63202.0
2004.05.09 00:00:00,112.31000,114.94000,112.20000,114.30000,66306.0
2004.05.16 00:00:00,114.18000,114.75000,111.75000,112.40000,67939.0
2004.05.23 00:00:00,112.20000,113.37000,110.01000,110.38000,65758.0
2004.05.30 00:00:00,110.26000,112.04000,109.05000,111.24000,65489.0
2004.06.06 00:00:00,110.89000,111.04000,108.66000,110.08000,66433.0
2004.06.13 00:00:00,110.41000,111.52000,108.54000,108.84000,65475.0
2004.06.20 00:00:00,108.60000,109.39000,107.00000,107.55000,52364.0
2004.06.27 00:00:00,107.43000,109.57000,107.41000,108.30000,61978.0
2004.07.04 00:00:00,108.35000,109.71000,107.91000,108.15000,55068.0
2004.07.11 00:00:00,107.86000,110.04000,107.56000,108.67000,60835.0
2004.07.18 00:00:00,108.78000,110.29000,108.08000,110.16000,57662.0
2004.07.25 00:00:00,110.14000,112.46000,109.40000,111.33000,65315.0
2004.08.01 00:00:00,111.08000,111.88000,109.92000,110.46000,58330.0
2004.08.08 00:00:00,110.39000,112.07000,110.12000,110.68000,51383.0
2004.08.15 00:00:00,110.45000,110.99000,108.93000,109.09000,52316.0
2004.08.22 00:00:00,109.13000,110.45000,109.00000,109.66000,45842.0
2004.08.29 00:00:00,109.61000,110.67000,108.72000,110.45000,36773.0
2004.09.05 00:00:00,110.56000,110.60000,109.02000,109.64000,35197.0
2004.09.12 00:00:00,109.44000,110.37000,109.27000,109.79000,38085.0
2004.09.19 00:00:00,109.91000,110.90000,109.57000,110.58000,35581.0
2004.09.26 00:00:00,110.49000,111.70000,109.78000,110.50000,41539.0
2004.10.03 00:00:00,110.62000,111.44000,109.28000,109.49000,36105.0
2004.10.10 00:00:00,109.51000,110.72000,108.78000,109.31000,35675.0
2004.10.17 00:00:00,109.23000,109.56000,107.15000,107.23000,37367.0
2004.10.24 00:00:00,107.26000,107.36000,105.74000,105.76000,45798.0
2004.10.31 00:00:00,105.80000,106.87000,105.49000,105.53000,40807.0
2004.11.07 00:00:00,105.49000,107.27000,105.25000,105.54000,40428.0
2004.11.14 00:00:00,105.63000,105.65000,102.67000,103.06000,40743.0
2004.11.21 00:00:00,103.10000,103.68000,102.13000,102.56000,40455.0
2004.11.28 00:00:00,102.63000,103.58000,101.81000,102.08000,55323.0
2004.12.05 00:00:00,102.06000,106.17000,101.90000,105.19000,58813.0
2004.12.12 00:00:00,105.53000,105.78000,103.43000,104.16000,59512.0
2004.12.19 00:00:00,104.03000,104.67000,103.43000,103.66000,34604.0
2004.12.26 00:00:00,103.69000,104.25000,102.28000,102.47000,29396.0
2005.01.02 00:00:00,102.64000,105.20000,102.35000,104.92000,46714.0
2005.01.09 00:00:00,104.83000,104.85000,101.77000,102.06000,44451.0
2005.01.16 00:00:00,102.04000,103.94000,101.67000,102.66000,43748.0
2005.01.23 00:00:00,102.83000,104.36000,102.36000,103.31000,43406.0
2005.01.30 00:00:00,103.68000,104.75000,103.34000,104.11000,42361.0
2005.02.06 00:00:00,104.60000,106.88000,104.04000,105.72000,43223.0
2005.02.13 00:00:00,105.50000,105.90000,104.29000,105.67000,42012.0
2005.02.20 00:00:00,105.77000,105.83000,103.82000,105.24000,41676.0
2005.02.27 00:00:00,105.23000,105.59000,104.09000,104.81000,41583.0
2005.03.06 00:00:00,104.77000,105.39000,103.65000,104.04000,41992.0
2005.03.13 00:00:00,103.91000,105.21000,103.70000,104.75000,42713.0
2005.03.20 00:00:00,104.77000,106.60000,104.66000,106.39000,40935.0
2005.03.27 00:00:00,106.35000,107.79000,106.34000,107.56000,43082.0
2005.04.03 00:00:00,107.67000,108.91000,107.58000,108.18000,41278.0
2005.04.10 00:00:00,108.32000,108.57000,107.14000,107.74000,42918.0
2005.04.17 00:00:00,107.64000,108.07000,105.75000,105.98000,52468.0
2005.04.24 00:00:00,105.56000,106.43000,104.61000,104.68000,53291.0
2005.05.01 00:00:00,105.06000,105.46000,104.20000,105.05000,51463.0
2005.05.08 00:00:00,105.11000,107.46000,104.89000,107.28000,52564.0
2005.05.15 00:00:00,107.29000,108.33000,106.56000,108.17000,53569.0
2005.05.22 00:00:00,108.21000,108.34000,107.22000,107.97000,50168.0
2005.05.29 00:00:00,108.01000,108.88000,107.46000,107.68000,53930.0
2005.06.05 00:00:00,107.72000,108.72000,106.50000,108.68000,57059.0
2005.06.12 00:00:00,108.64000,109.74000,108.44000,108.55000,60049.0
2005.06.19 00:00:00,108.92000,109.63000,108.15000,109.06000,57851.0
2005.06.26 00:00:00,109.21000,111.83000,109.12000,111.78000,59468.0
2005.07.03 00:00:00,111.80000,112.60000,111.32000,112.19000,54828.0
2005.07.10 00:00:00,112.22000,112.43000,110.75000,112.23000,61196.0
2005.07.17 00:00:00,112.27000,113.73000,109.86000,111.36000,59892.0
2005.07.24 00:00:00,111.40000,112.90000,111.29000,112.74000,58155.0
2005.07.31 00:00:00,112.65000,112.78000,110.75000,111.85000,54981.0
2005.08.07 00:00:00,112.22000,112.64000,109.30000,109.39000,59557.0
2005.08.14 00:00:00,109.44000,110.85000,109.02000,110.49000,56490.0
2005.08.21 00:00:00,110.45000,110.77000,109.36000,110.08000,55271.0
2005.08.28 00:00:00,110.13000,111.81000,109.21000,109.85000,56712.0
2005.09.04 00:00:00,109.73000,110.79000,108.76000,109.70000,55501.0
2005.09.11 00:00:00,109.19000,111.50000,109.14000,111.33000,55617.0
2005.09.18 00:00:00,111.50000,112.54000,110.97000,112.53000,52727.0
2005.09.25 00:00:00,112.46000,114.01000,112.08000,114.01000,57111.0
2005.10.02 00:00:00,113.52000,114.44000,113.01000,113.86000,59776.0
2005.10.09 00:00:00,113.75000,115.11000,113.54000,114.09000,46135.0
2005.10.16 00:00:00,114.18000,116.00000,113.75000,115.92000,50459.0
2005.10.23 00:00:00,115.89000,116.25000,114.61000,115.61000,45450.0
2005.10.30 00:00:00,115.72000,118.42000,115.53000,118.27000,43959.0
2005.11.06 00:00:00,118.32000,118.40000,116.86000,118.01000,43335.0
2005.11.13 00:00:00,118.07000,119.59000,117.85000,119.14000,44757.0
2005.11.20 00:00:00,119.19000,119.71000,118.20000,119.64000,43928.0
2005.11.27 00:00:00,119.68000,121.24000,118.33000,120.48000,45762.0
2005.12.04 00:00:00,121.15000,121.42000,119.96000,120.68000,44863.0
2005.12.11 00:00:00,120.83000,121.08000,115.58000,115.73000,49542.0
2005.12.18 00:00:00,115.57000,117.67000,115.51000,116.24000,44845.0
2005.12.25 00:00:00,116.49000,118.19000,115.99000,117.69000,39596.0
2006.01.01 00:00:00,117.89000,118.07000,114.22000,114.42000,43070.0
2006.01.08 00:00:00,114.56000,114.91000,113.41000,114.32000,46347.0
2006.01.15 00:00:00,114.11000,115.94000,113.78000,115.25000,44804.0
2006.01.22 00:00:00,115.16000,117.46000,114.14000,117.44000,46667.0
2006.01.29 00:00:00,117.27000,119.42000,116.69000,118.86000,44833.0
2006.02.05 00:00:00,118.88000,119.20000,116.88000,117.77000,46088.0
2006.02.12 00:00:00,117.79000,118.88000,116.74000,118.14000,45894.0
2006.02.19 00:00:00,118.28000,119.01000,116.42000,116.78000,44869.0
2006.02.26 00:00:00,117.06000,117.18000,115.45000,116.41000,47117.0
2006.03.05 00:00:00,116.38000,119.16000,116.04000,118.94000,50386.0
2006.03.12 00:00:00,118.92000,119.21000,115.70000,115.92000,49972.0
2006.03.19 00:00:00,116.05000,118.52000,115.50000,117.45000,49672.0
2006.03.26 00:00:00,117.57000,118.24000,116.25000,117.79000,49703.0
2006.04.02 00:00:00,117.74000,118.83000,116.68000,118.37000,50460.0
2006.04.09 00:00:00,118.18000,118.92000,117.81000,118.64000,45020.0
2006.04.16 00:00:00,118.56000,118.58000,116.46000,116.48000,50823.0
2006.04.23 00:00:00,115.69000,115.99000,113.65000,113.83000,51710.0
2006.04.30 00:00:00,113.67000,114.21000,112.24000,112.60000,48398.0
2006.05.07 00:00:00,111.93000,112.21000,109.31000,110.07000,50748.0
2006.05.14 00:00:00,109.64000,112.26000,108.97000,111.70000,52698.0
2006.05.21 00:00:00,111.84000,112.99000,110.96000,112.67000,52107.0
2006.05.28 00:00:00,112.67000,113.40000,111.32000,111.75000,49871.0
2006.06.04 00:00:00,111.66000,114.74000,111.43000,113.98000,50680.0
2006.06.11 00:00:00,114.10000,115.46000,113.96000,115.19000,48367.0
2006.06.18 00:00:00,115.23000,116.61000,114.36000,116.45000,46889.0
2006.06.25 00:00:00,116.49000,116.72000,114.17000,114.43000,46339.0
2006.07.02 00:00:00,114.33000,115.81000,113.82000,113.97000,48098.0
2006.07.09 00:00:00,113.88000,116.42000,113.44000,116.11000,48725.0
2006.07.16 00:00:00,116.38000,117.89000,115.82000,116.06000,47370.0
2006.07.23 00:00:00,116.17000,117.42000,114.61000,114.75000,48828.0
2006.07.30 00:00:00,114.68000,115.57000,113.97000,114.45000,49095.0
2006.08.06 00:00:00,114.23000,116.46000,114.16000,116.40000,48789.0
2006.08.13 00:00:00,116.37000,116.77000,115.18000,115.81000,46748.0
2006.08.20 00:00:00,115.76000,117.43000,115.34000,117.23000,46757.0
2006.08.27 00:00:00,117.29000,117.51000,116.51000,117.10000,48081.0
2006.09.03 00:00:00,116.95000,117.09000,115.57000,116.91000,47988.0
2006.09.10 00:00:00,116.95000,118.17000,116.61000,117.55000,48049.0
2006.09.17 00:00:00,117.47000,118.31000,116.07000,116.58000,49012.0
2006.09.24 00:00:00,116.46000,118.19000,116.12000,118.17000,59293.0
2006.10.01 00:00:00,118.09000,119.08000,117.38000,119.00000,56139.0
2006.10.08 00:00:00,118.96000,119.87000,118.81000,119.62000,31842.0
2006.10.15 00:00:00,119.69000,119.80000,118.04000,118.73000,34003.0
2006.10.22 00:00:00,118.72000,119.64000,117.14000,117.58000,33955.0
2006.10.29 00:00:00,117.54000,118.18000,116.57000,117.99000,38528.0
2006.11.05 00:00:00,118.00000,118.58000,117.17000,117.59000,33249.0
2006.11.12 00:00:00,117.48000,118.45000,117.12000,117.74000,39708.0
2006.11.19 00:00:00,117.84000,118.24000,115.57000,115.88000,31415.0
2006.11.26 00:00:00,115.43000,116.54000,114.96000,115.42000,45535.0
2006.12.03 00:00:00,115.10000,116.49000,114.41000,116.31000,38668.0
2006.12.10 00:00:00,116.36000,118.31000,116.15000,118.16000,38474.0
2006.12.17 00:00:00,117.98000,118.95000,117.68000,118.85000,32109.0
2006.12.24 00:00:00,118.73000,119.23000,118.28000,119.06000,35656.0
2006.12.31 00:00:00,118.98000,119.67000,117.97000,118.61000,33149.0
2007.01.07 00:00:00,118.71000,120.71000,118.10000,120.30000,37166.0
2007.01.14 00:00:00,120.31000,121.57000,120.04000,121.21000,35779.0
2007.01.21 00:00:00,121.25000,121.79000,120.17000,121.51000,40660.0
2007.01.28 00:00:00,121.44000,122.17000,120.07000,121.11000,36958.0
2007.02.04 00:00:00,121.18000,121.72000,119.94000,121.68000,32715.0
2007.02.11 00:00:00,122.04000,122.05000,118.96000,119.40000,37165.0
2007.02.18 00:00:00,119.25000,121.61000,119.25000,120.99000,31930.0
2007.02.25 00:00:00,120.89000,120.98000,116.40000,116.77000,48446.0
2007.03.04 00:00:00,116.65000,118.37000,115.13000,118.30000,56388.0
2007.03.11 00:00:00,118.37000,118.49000,115.75000,116.68000,58105.0
2007.03.18 00:00:00,116.29000,118.31000,116.24000,118.10000,44594.0
2007.03.25 00:00:00,117.92000,118.42000,116.38000,117.82000,45436.0
2007.04.01 00:00:00,117.50000,119.38000,117.46000,119.25000,28590.0
2007.04.08 00:00:00,119.24000,119.55000,118.21000,119.25000,29056.0
2007.04.15 00:00:00,119.38000,119.87000,117.60000,118.67000,41956.0
2007.04.22 00:00:00,118.71000,119.75000,118.22000,119.60000,40784.0
2007.04.29 00:00:00,119.26000,120.45000,119.06000,120.17000,29067.0
2007.05.06 00:00:00,120.13000,120.52000,119.47000,120.18000,43667.0
2007.05.13 00:00:00,120.20000,121.39000,120.02000,121.12000,32194.0
2007.05.20 00:00:00,121.18000,121.87000,120.85000,121.78000,31475.0
2007.05.27 00:00:00,121.71000,122.13000,121.18000,122.07000,27317.0
2007.06.03 00:00:00,122.00000,122.11000,120.76000,121.71000,34869.0
2007.06.10 00:00:00,121.74000,123.66000,121.48000,123.43000,30505.0
2007.06.17 00:00:00,123.46000,124.13000,123.09000,123.88000,34321.0
2007.06.24 00:00:00,123.77000,123.93000,122.23000,123.16000,44258.0
2007.07.01 00:00:00,123.05000,123.55000,122.08000,123.33000,30354.0
2007.07.08 00:00:00,123.40000,123.66000,120.96000,121.92000,41687.0
2007.07.15 00:00:00,121.88000,122.41000,120.83000,121.24000,36863.0
2007.07.22 00:00:00,121.57000,121.59000,117.97000,118.63000,65064.0
2007.07.29 00:00:00,118.22000,119.47000,117.57000,118.03000,69861.0
2007.08.05 00:00:00,117.19000,119.80000,117.15000,118.38000,68815.0
2007.08.12 00:00:00,118.33000,118.55000,111.59000,114.36000,114230.0
2007.08.19 00:00:00,114.35000,117.10000,113.68000,116.42000,91347.0
2007.08.26 00:00:00,116.39000,116.72000,113.86000,115.75000,79216.0
2007.09.02 00:00:00,115.74000,116.46000,113.11000,113.37000,59523.0
2007.09.09 00:00:00,112.86000,115.47000,112.58000,115.33000,62997.0
2007.09.16 00:00:00,115.35000,116.36000,113.97000,115.49000,65054.0
2007.09.23 00:00:00,115.38000,115.87000,114.01000,114.78000,58156.0
2007.09.30 00:00:00,114.71000,117.26000,114.71000,117.00000,53036.0
2007.10.07 00:00:00,117.24000,117.77000,116.80000,117.59000,35888.0
2007.10.14 00:00:00,117.45000,117.93000,114.50000,114.50000,52375.0
2007.10.21 00:00:00,114.00000,115.01000,113.23000,114.20000,60198.0
2007.10.28 00:00:00,114.13000,115.91000,114.05000,114.82000,49396.0
2007.11.04 00:00:00,114.61000,114.80000,110.49000,110.67000,68276.0
2007.11.11 00:00:00,110.46000,111.74000,109.12000,111.08000,75951.0
2007.11.18 00:00:00,110.83000,111.06000,107.55000,108.29000,62588.0
2007.11.25 00:00:00,108.48000,111.21000,107.21000,111.20000,68489.0
2007.12.02 00:00:00,110.96000,111.78000,109.55000,111.67000,47328.0
2007.12.09 00:00:00,111.59000,113.60000,110.50000,113.28000,51095.0
2007.12.16 00:00:00,113.31000,114.19000,112.73000,114.05000,41809.0
2007.12.23 00:00:00,114.02000,114.70000,112.28000,112.28000,16468.0
2007.12.30 00:00:00,112.58000,112.59000,107.89000,108.57000,35629.0
2008.01.06 00:00:00,108.63000,110.09000,108.55000,108.84000,63976.0
2008.01.13 00:00:00,108.76000,108.94000,105.90000,106.84000,71138.0
2008.01.20 00:00:00,106.81000,107.89000,104.97000,106.71000,101308.0
2008.01.27 00:00:00,106.82000,107.45000,105.70000,106.47000,69133.0
2008.02.03 00:00:00,106.64000,107.81000,105.91000,107.30000,59421.0
2008.02.10 00:00:00,107.50000,108.59000,106.33000,107.79000,52230.0
2008.02.17 00:00:00,107.81000,108.36000,106.71000,107.15000,50343.0
2008.02.24 00:00:00,107.26000,108.21000,103.67000,103.71000,54712.0
2008.03.02 00:00:00,103.28000,104.17000,101.41000,102.66000,68286.0
2008.03.09 00:00:00,102.14000,103.59000,98.89000,99.02000,85969.0
2008.03.16 00:00:00,98.75000,100.44000,95.77000,99.56000,100535.0
2008.03.23 00:00:00,99.51000,101.03000,98.55000,99.22000,83966.0
2008.03.30 00:00:00,98.88000,102.94000,98.81000,101.47000,88004.0
2008.04.06 00:00:00,101.72000,102.85000,100.02000,101.00000,85001.0
2008.04.13 00:00:00,101.26000,104.64000,100.30000,103.67000,89535.0
2008.04.20 00:00:00,103.83000,104.81000,102.67000,104.42000,89168.0
2008.04.27 00:00:00,104.41000,105.70000,103.20000,105.39000,77828.0
2008.05.04 00:00:00,105.25000,105.62000,102.61000,102.86000,79173.0
2008.05.11 00:00:00,102.99000,105.44000,102.58000,104.06000,80615.0
2008.05.18 00:00:00,103.95000,104.69000,102.74000,103.37000,71865.0
2008.05.25 00:00:00,103.32000,105.87000,103.13000,105.50000,61566.0
2008.06.01 00:00:00,105.28000,106.42000,103.87000,104.92000,83545.0
2008.06.08 00:00:00,104.44000,108.38000,104.44000,108.19000,88407.0
2008.06.15 00:00:00,108.06000,108.58000,107.12000,107.33000,70062.0
2008.06.22 00:00:00,107.21000,108.41000,105.86000,106.14000,68362.0
2008.06.29 00:00:00,106.21000,106.93000,104.98000,106.80000,61987.0
2008.07.06 00:00:00,106.81000,107.75000,105.64000,106.28000,68427.0
2008.07.13 00:00:00,106.13000,107.09000,103.76000,106.95000,78801.0
2008.07.20 00:00:00,106.92000,107.98000,106.05000,107.82000,60055.0
2008.07.27 00:00:00,107.87000,108.37000,107.28000,107.68000,51086.0
2008.08.03 00:00:00,107.64000,110.36000,107.46000,110.18000,57414.0
2008.08.10 00:00:00,110.37000,110.66000,108.37000,110.51000,68919.0
2008.08.17 00:00:00,110.47000,110.48000,108.13000,110.07000,48244.0
2008.08.24 00:00:00,110.03000,110.27000,108.42000,108.79000,59863.0
2008.08.31 00:00:00,108.33000,109.18000,105.52000,107.74000,84834.0
2008.09.07 00:00:00,108.99000,109.07000,106.06000,107.93000,107429.0
2008.09.14 00:00:00,105.95000,108.02000,103.54000,107.44000,171606.0
2008.09.21 00:00:00,106.87000,107.16000,105.03000,106.01000,94328.0
2008.09.28 00:00:00,106.24000,106.96000,103.49000,105.32000,118856.0
2008.10.05 00:00:00,104.89000,105.15000,97.91000,100.66000,236317.0
2008.10.12 00:00:00,100.98000,103.05000,99.27000,101.67000,152391.0
2008.10.19 00:00:00,101.62000,102.41000,90.92000,94.29000,157412.0
2008.10.26 00:00:00,93.15000,99.68000,92.05000,98.46000,182700.0
2008.11.02 00:00:00,98.23000,100.54000,96.76000,98.22000,170564.0
2008.11.09 00:00:00,98.95000,99.48000,94.47000,97.06000,174493.0
2008.11.16 00:00:00,96.27000,97.55000,93.55000,95.96000,165385.0
2008.11.23 00:00:00,95.97000,97.43000,94.64000,95.52000,108575.0
2008.11.30 00:00:00,95.54000,95.55000,91.60000,92.82000,71135.0
2008.12.07 00:00:00,92.71000,93.89000,88.60000,91.17000,59093.0
2008.12.14 00:00:00,90.93000,91.34000,87.13000,89.32000,91675.0
2008.12.21 00:00:00,89.25000,90.98000,89.25000,90.80000,43545.0
2008.12.28 00:00:00,90.65000,92.41000,89.77000,91.82000,20407.0
2009.01.04 00:00:00,92.12000,94.61000,90.15000,90.38000,63745.0
2009.01.11 00:00:00,90.04000,90.90000,88.47000,90.71000,80810.0
2009.01.18 00:00:00,91.00000,91.29000,87.12000,88.74000,89039.0
2009.01.25 00:00:00,88.40000,90.74000,88.25000,89.90000,91650.0
2009.02.01 00:00:00,89.68000,92.23000,88.58000,91.88000,84449.0
2009.02.08 00:00:00,92.11000,92.39600,89.69500,91.84500,131760.0
2009.02.15 00:00:00,91.80500,94.45500,91.41500,93.33000,105678.0
2009.02.22 00:00:00,93.50500,98.70000,92.75900,97.56500,213912.0
2009.03.01 00:00:00,97.64700,99.66700,96.56400,98.23500,179560.0
2009.03.08 00:00:00,98.25600,99.18000,95.64600,98.00100,188370.0
2009.03.15 00:00:00,98.07600,98.95700,93.53300,95.92800,201836.0
2009.03.22 00:00:00,95.65900,98.85600,95.63600,97.84600,187652.0
2009.03.29 00:00:00,98.06500,100.36100,95.98100,100.29300,202241.0
2009.04.05 00:00:00,100.30700,101.43000,99.31100,100.21100,164133.0
2009.04.12 00:00:00,100.39000,100.71100,98.13400,99.13500,177401.0
2009.04.19 00:00:00,99.18600,99.39600,96.62600,97.15600,190042.0
2009.04.26 00:00:00,96.83200,99.57200,95.61400,99.09800,181961.0
2009.05.03 00:00:00,99.27600,99.71700,97.93600,98.45100,156924.0
2009.05.10 00:00:00,98.67400,98.83500,94.72300,95.20000,208597.0
2009.05.17 00:00:00,95.03300,96.68000,93.85000,94.76000,273962.0
2009.05.24 00:00:00,94.69000,97.22000,94.42000,95.30000,316567.0
2009.05.31 00:00:00,95.28000,98.87000,94.44000,98.64000,387710.0
2009.06.07 00:00:00,98.56000,98.84000,97.08000,98.42000,315064.0
2009.06.14 00:00:00,98.39000,98.57000,95.52000,96.27000,63049.0
2009.06.21 00:00:00,96.24000,96.56300,94.88000,95.18700,138751.0
2009.06.28 00:00:00,95.27100,96.96700,95.15200,96.04000,222542.0
2009.07.05 00:00:00,96.06000,96.06000,91.78000,92.54000,72643.0
2009.07.12 00:00:00,92.45000,94.46000,91.74000,94.21000,66896.0
2009.07.19 00:00:00,94.26000,95.30000,93.10000,94.80000,61489.0
2009.07.26 00:00:00,94.74000,95.89000,94.02000,94.67000,52284.0
2009.08.02 00:00:00,94.93000,97.79000,94.37000,97.57000,48441.0
2009.08.09 00:00:00,97.64000,97.65000,94.43000,94.92000,56769.0
2009.08.16 00:00:00,94.77000,95.29000,93.43000,94.38000,52415.0
2009.08.23 00:00:00,94.37000,95.06000,93.23000,93.59000,45206.0
2009.08.30 00:00:00,93.51000,93.52000,91.94000,92.98000,195790.0
2009.09.06 00:00:00,92.95000,93.28000,90.21000,90.70000,122897.0
2009.09.13 00:00:00,90.41000,91.62000,90.12000,91.28000,42680.0
2009.09.20 00:00:00,91.46000,92.52000,89.51000,89.63000,40384.0
2009.09.27 00:00:00,89.64000,90.40000,88.24000,89.79000,43096.0
2009.10.04 00:00:00,89.48000,89.97000,88.00000,89.77000,53593.0
2009.10.11 00:00:00,89.70000,91.31000,88.83000,90.88000,36477.0
2009.10.18 00:00:00,90.95000,92.12000,90.07000,92.04000,35550.0
2009.10.25 00:00:00,92.10000,92.32000,89.91900,90.08100,79583.0
2009.11.01 00:00:00,89.66300,91.26300,89.44100,89.86100,246350.0
2009.11.08 00:00:00,89.83700,90.60200,89.28800,89.64800,224322.0
2009.11.15 00:00:00,89.56200,89.69500,88.63700,88.86600,231350.0
2009.11.22 00:00:00,88.81800,89.18000,84.81900,86.52100,214997.0
2009.11.29 00:00:00,86.56700,90.75600,85.86100,90.53900,226465.0
2009.12.06 00:00:00,90.25200,90.35800,87.36700,89.09700,251003.0
2009.12.13 00:00:00,89.28500,90.89500,88.31400,90.48500,194920.0
2009.12.20 00:00:00,90.54100,91.86300,90.23900,91.62800,120430.0
2009.12.27 00:00:00,91.57100,93.12900,91.41300,93.12900,117777.0
2010.01.03 00:00:00,92.91800,93.74800,91.24700,92.65000,204917.0
2010.01.10 00:00:00,92.57100,92.65500,90.59700,90.75700,202913.0
2010.01.17 00:00:00,90.90000,91.86800,89.77500,89.81200,236170.0
2010.01.24 00:00:00,89.92900,90.90900,89.13200,90.25500,244938.0
2010.01.31 00:00:00,90.20500,91.26500,88.57200,89.23700,216810.0
2010.02.07 00:00:00,89.14500,90.40400,89.13600,89.94300,204071.0
2010.02.14 00:00:00,90.00900,92.14100,89.70600,91.50500,199167.0
2010.02.21 00:00:00,91.63400,91.89100,88.74100,88.95600,188505.0
2010.02.28 00:00:00,88.93100,90.58400,88.13600,90.27000,184192.0
2010.03.07 00:00:00,90.59900,91.08000,89.63000,90.54800,134844.0
2010.03.14 00:00:00,90.59700,90.79400,89.76200,90.53500,155292.0
2010.03.21 00:00:00,90.50500,92.94900,89.83000,92.50500,152588.0
2010.03.28 00:00:00,92.43600,94.68300,92.11600,94.59600,162780.0
2010.04.04 00:00:00,94.64300,94.64300,92.82700,93.16600,150990.0
2010.04.11 00:00:00,93.17700,93.71000,91.89800,92.16200,182323.0
2010.04.18 00:00:00,92.00600,94.30400,91.59500,93.95200,180558.0
2010.04.25 00:00:00,94.09600,94.57800,92.81100,93.83800,205161.0
2010.05.02 00:00:00,93.93200,94.97800,88.25400,91.58100,260903.0
2010.05.09 00:00:00,92.67600,93.62300,91.75900,92.44600,252227.0
2010.05.16 00:00:00,92.32800,92.96200,88.99500,89.97500,323393.0
2010.05.23 00:00:00,90.16600,91.40000,89.27900,91.04900,237249.0
2010.05.30 00:00:00,90.97600,92.87700,90.53300,91.88500,247419.0
2010.06.06 00:00:00,91.84900,92.07400,90.84600,91.64400,274516.0
2010.06.13 00:00:00,91.71900,92.10400,90.43900,90.69500,220841.0
2010.06.20 00:00:00,90.42800,91.46500,89.21700,89.22300,177224.0
2010.06.27 00:00:00,89.30100,89.45300,86.96300,87.73800,200812.0
2010.07.04 00:00:00,87.71900,88.69500,87.01500,88.61000,160037.0
2010.07.11 00:00:00,88.67800,89.14500,86.26200,86.56400,239337.0
2010.07.18 00:00:00,86.60000,87.56300,86.33700,87.45500,180957.0
2010.07.25 00:00:00,87.53000,88.11000,85.98000,86.45800,170241.0
2010.08.01 00:00:00,86.41000,86.87100,85.01600,85.49700,147155.0
2010.08.08 00:00:00,85.37000,86.36500,84.71900,86.18500,159528.0
2010.08.15 00:00:00,86.22100,86.22100,84.88500,85.60800,144420.0
2010.08.22 00:00:00,85.60000,85.65700,83.61900,85.21500,176630.0
2010.08.29 00:00:00,85.35000,85.89400,83.66600,84.29700,159333.0
2010.09.05 00:00:00,84.33000,84.48400,83.33800,84.13800,145657.0
2010.09.12 00:00:00,84.17000,85.92200,82.86900,85.84200,191674.0
2010.09.19 00:00:00,85.74000,85.79600,84.11800,84.19900,122711.0
2010.09.26 00:00:00,84.29000,84.38400,83.15600,83.20800,147749.0
2010.10.03 00:00:00,83.26000,83.97200,81.71900,82.07000,166009.0
2010.10.10 00:00:00,81.56000,82.33800,80.88100,81.43700,140086.0
2010.10.17 00:00:00,81.43500,81.91300,80.83900,81.35800,169122.0
2010.10.24 00:00:00,81.37500,81.97500,80.37600,80.38900,215224.0
2010.10.31 00:00:00,80.35700,81.54700,80.29500,81.25200,243927.0
2010.11.07 00:00:00,81.27400,82.78600,80.53000,82.51800,263818.0
2010.11.14 00:00:00,82.49300,83.77500,82.39100,83.53600,283192.0
2010.11.21 00:00:00,83.42600,84.17800,82.78200,84.09500,283853.0
2010.11.28 00:00:00,84.04300,84.39800,82.51800,82.52500,339584.0
2010.12.05 00:00:00,82.69000,84.29600,82.33600,83.93700,322706.0
2010.12.12 00:00:00,83.98800,84.49400,82.83800,83.97600,306097.0
2010.12.19 00:00:00,83.98400,84.10900,82.85600,82.87500,240459.0
2010.12.26 00:00:00,82.89900,82.96700,80.93400,81.12600,220102.0
2011.01.02 00:00:00,81.10600,83.67400,81.07100,83.13300,269644.0
2011.01.09 00:00:00,83.13800,83.48800,82.40800,82.84700,263255.0
2011.01.16 00:00:00,82.88000,83.11300,81.84600,82.55200,314359.0
2011.01.23 00:00:00,82.66100,83.19600,81.97500,82.11100,339626.0
2011.01.30 00:00:00,82.13400,82.44800,81.12900,82.16200,321149.0
2011.02.06 00:00:00,82.24700,83.66600,81.77500,83.41800,233115.0
2011.02.13 00:00:00,83.45100,83.96400,83.02700,83.16200,269799.0
2011.02.20 00:00:00,83.11100,83.52700,81.62100,81.66200,285610.0
2011.02.27 00:00:00,81.67000,83.02600,81.57600,82.30300,294309.0
2011.03.06 00:00:00,82.22100,83.28700,81.65100,81.86700,314298.0
2011.03.13 00:00:00,81.47700,82.42600,76.40400,80.58200,445076.0
2011.03.20 00:00:00,80.86700,81.48400,80.69800,81.33000,284261.0
2011.03.27 00:00:00,81.39300,84.71300,81.37700,84.04200,304403.0
2011.04.03 00:00:00,84.13100,85.51400,83.85100,84.76100,277988.0
2011.04.10 00:00:00,84.90100,85.14700,82.95700,83.11400,299668.0
2011.04.17 00:00:00,83.13000,83.25100,81.61700,81.84100,247894.0
2011.04.24 00:00:00,81.81400,82.76100,81.03200,81.18100,233818.0
2011.05.01 00:00:00,81.09900,81.68200,79.58200,80.61000,255065.0
2011.05.08 00:00:00,80.67800,81.32400,80.15500,80.75800,286316.0
2011.05.15 00:00:00,80.83900,82.22900,80.62600,81.68700,140588.0
2011.05.22 00:00:00,81.75000,82.21000,80.70300,80.76200,189244.0
2011.05.29 00:00:00,80.80600,81.76300,80.05500,80.26300,269121.0
2011.06.05 00:00:00,80.24000,80.45000,79.69400,80.30500,217444.0
2011.06.12 00:00:00,80.29200,81.04700,80.02100,80.04500,294178.0
2011.06.19 00:00:00,80.12000,80.78700,80.00900,80.40600,250693.0
2011.06.26 00:00:00,80.41100,81.25800,80.25500,80.81900,225255.0
2011.07.03 00:00:00,80.80200,81.46700,80.49500,80.59200,215890.0
2011.07.10 00:00:00,80.54000,80.82700,78.46300,79.12100,258771.0
2011.07.17 00:00:00,79.07800,79.30400,78.22300,78.53000,191364.0
2011.07.24 00:00:00,78.22800,78.63700,76.72200,76.76800,197463.0
2011.07.31 00:00:00,77.39100,80.22800,76.29200,78.38600,312528.0
2011.08.07 00:00:00,78.16000,78.43100,76.30300,76.67300,363369.0
2011.08.14 00:00:00,76.90200,77.08600,75.95700,76.53300,267564.0
2011.08.21 00:00:00,76.81400,77.68900,76.46100,76.60200,259891.0
2011.08.28 00:00:00,76.68500,77.21600,76.42000,76.78000,282480.0
2011.09.04 00:00:00,76.89300,77.84900,76.68400,77.57000,274583.0
2011.09.11 00:00:00,77.50300,77.57900,76.54800,76.76400,273050.0
2011.09.18 00:00:00,76.91600,76.97400,76.09400,76.54000,270421.0
2011.09.25 00:00:00,76.53500,77.18900,76.22500,76.98900,289358.0
2011.10.02 00:00:00,77.09500,77.24900,76.51000,76.71100,268392.0
2011.10.09 00:00:00,76.79700,77.48000,76.32500,77.18200,237847.0
2011.10.16 00:00:00,77.12900,77.44700,75.81000,76.24900,249432.0
2011.10.23 00:00:00,76.17100,76.46600,75.65200,75.78300,254329.0
2011.10.30 00:00:00,75.69400,79.52300,75.57000,78.22400,263125.0
2011.11.06 00:00:00,78.12800,78.17800,77.03900,77.15900,215554.0
2011.11.13 00:00:00,77.15200,77.40800,76.56100,76.82700,248074.0
2011.11.20 00:00:00,76.89600,77.78400,76.75100,77.70500,231732.0
2011.11.27 00:00:00,77.48500,78.27100,77.29100,77.95500,238060.0
2011.12.04 00:00:00,78.07000,78.09100,77.13300,77.56700,214883.0
2011.12.11 00:00:00,77.62300,78.14200,77.57300,77.74800,192866.0
2011.12.18 00:00:00,77.77100,78.21100,77.68100,78.05800,134549.0
2011.12.25 00:00:00,77.97100,78.02600,76.85600,76.88500,138686.0
2012.01.01 00:00:00,77.09000,77.32400,76.59700,76.95700,182616.0
2012.01.08 00:00:00,76.79600,77.02800,76.65000,76.95200,168945.0
2012.01.15 00:00:00,76.89800,77.31300,76.54500,76.98200,168815.0
2012.01.22 00:00:00,76.96100,78.27700,76.64400,76.66700,225615.0
2012.01.29 00:00:00,76.75200,76.76700,76.01800,76.55100,213118.0
2012.02.05 00:00:00,76.54500,77.79900,76.48800,77.59300,240584.0
2012.02.12 00:00:00,77.64700,79.60200,77.35700,79.53600,252150.0
2012.02.19 00:00:00,79.73400,81.20100,79.35900,81.18400,242128.0
2012.02.26 00:00:00,81.56700,81.86300,80.01300,81.78600,281538.0
2012.03.04 00:00:00,81.85000,82.63500,80.57800,82.44600,275151.0
2012.03.11 00:00:00,82.43800,84.16700,81.96100,83.42300,273767.0
2012.03.18 00:00:00,83.49800,84.08800,81.98300,82.32200,279953.0
2012.03.25 00:00:00,82.43200,83.37500,81.83100,82.84800,292817.0
2012.04.01 00:00:00,82.95400,83.29200,81.31900,81.62900,284785.0
2012.04.08 00:00:00,81.54600,81.85600,80.58000,80.91300,272362.0
2012.04.15 00:00:00,80.94500,81.77100,80.31100,81.50800,262590.0
2012.04.22 00:00:00,81.56400,81.67800,80.21500,80.26000,255060.0
2012.04.29 00:00:00,80.32500,80.60700,79.63000,79.84000,209210.0
2012.05.06 00:00:00,79.75700,80.07200,79.42600,79.92600,235474.0
2012.05.13 00:00:00,79.92400,80.54700,78.99400,79.00800,241035.0
2012.05.20 00:00:00,79.21100,80.13500,79.09900,79.67100,278481.0
2012.05.27 00:00:00,79.66100,79.66400,77.65700,78.00400,310413.0
2012.06.03 00:00:00,78.08400,79.78100,77.97400,79.47600,325266.0
2012.06.10 00:00:00,79.46900,79.73600,78.60500,78.69700,309836.0
2012.06.17 00:00:00,78.92300,80.56200,78.78500,80.41500,313264.0
2012.06.24 00:00:00,80.45500,80.61500,79.13800,79.78500,280813.0
2012.07.01 00:00:00,79.90500,80.09000,79.30500,79.64600,246541.0
2012.07.08 00:00:00,79.65800,79.92300,79.08100,79.17600,230064.0
2012.07.15 00:00:00,79.22300,79.23200,78.42900,78.47500,219526.0
2012.07.22 00:00:00,78.45100,78.66600,77.94400,78.44200,236959.0
2012.07.29 00:00:00,78.48700,78.76600,77.91700,78.46100,228414.0
2012.08.05 00:00:00,78.60000,78.78300,78.13000,78.25900,228829.0
2012.08.12 00:00:00,78.28400,79.56600,78.15800,79.55700,211442.0
2012.08.19 00:00:00,79.55900,79.65000,78.30300,78.66600,203734.0
2012.08.26 00:00:00,78.65900,78.83400,78.18600,78.37700,161510.0
2012.09.02 00:00:00,78.32600,79.01700,78.01100,78.23700,200437.0
2012.09.09 00:00:00,78.24600,78.38700,77.13500,78.38300,236987.0
2012.09.16 00:00:00,78.35500,79.20900,78.01300,78.16100,253412.0
2012.09.23 00:00:00,78.12400,78.15400,77.42800,77.94200,199338.0
2012.09.30 00:00:00,77.96000,78.86200,77.78000,78.66100,190203.0
2012.10.07 00:00:00,78.65800,78.75400,77.94200,78.43400,160178.0
2012.10.14 00:00:00,78.42400,79.45500,78.32500,79.30200,180986.0
2012.10.21 00:00:00,79.28400,80.37100,79.21000,79.63400,176480.0
2012.10.28 00:00:00,79.70300,80.66800,79.26900,80.42100,215557.0
2012.11.04 00:00:00,80.51100,80.55500,79.07000,79.47100,357861.0
2012.11.11 00:00:00,79.43300,81.45200,79.20200,81.30800,356669.0
2012.11.18 00:00:00,81.41600,82.83100,81.08200,82.38100,376501.0
2012.11.25 00:00:00,82.37900,82.74100,81.68600,82.46700,360270.0
2012.12.02 00:00:00,82.40000,82.81800,81.71100,82.47800,333050.0
2012.12.09 00:00:00,82.54800,83.95700,82.11100,83.50000,359772.0
2012.12.16 00:00:00,84.14500,84.61000,83.60500,84.23400,415056.0
2012.12.23 00:00:00,84.37700,86.62500,84.31800,85.86500,276008.0
2012.12.30 00:00:00,85.81900,88.39700,85.81400,88.14000,346727.0
2013.01.06 00:00:00,88.32200,89.43500,86.82300,89.17600,499985.0
2013.01.13 00:00:00,89.48700,90.18200,87.79000,90.08300,546200.0
2013.01.20 00:00:00,90.14800,91.19200,88.05600,90.87700,532529.0
2013.01.27 00:00:00,91.05900,92.95200,90.32400,92.78900,516475.0
2013.02.03 00:00:00,92.83000,94.04500,91.97600,92.67200,570117.0
2013.02.10 00:00:00,92.56400,94.43100,92.22000,93.50500,545553.0
2013.02.17 00:00:00,93.87800,94.20800,92.77100,93.40500,484617.0
2013.02.24 00:00:00,94.20300,94.30300,90.92900,93.57900,574161.0
2013.03.03 00:00:00,93.54700,96.55100,92.91400,95.98700,134716.0
2013.03.10 00:00:00,96.16300,96.70700,95.07600,95.28000,213757.0
2013.03.17 00:00:00,94.88700,96.12900,94.19500,94.42100,243867.0
2013.03.24 00:00:00,94.62100,94.95900,93.52400,94.15000,212416.0
2013.03.31 00:00:00,94.25200,97.82900,92.56800,97.52000,243862.0
2013.04.07 00:00:00,98.23500,99.94400,98.07300,98.33800,271680.0
2013.04.14 00:00:00,98.33700,99.68000,95.79200,99.48000,315454.0
2013.04.21 00:00:00,99.77600,99.87900,97.55300,97.99800,248614.0
2013.04.28 00:00:00,97.95300,99.26500,97.00500,98.95600,191998.0
2013.05.05 00:00:00,99.14300,101.98200,98.58000,101.58900,207843.0
2013.05.12 00:00:00,101.78200,103.30600,101.26000,103.17800,215747.0
2013.05.19 00:00:00,102.66100,103.73300,100.66300,101.25400,315912.0
2013.05.26 00:00:00,101.24100,102.52500,100.22200,100.43300,350449.0
2013.06.02 00:00:00,100.54400,100.72100,94.98200,97.53300,419255.0
2013.06.09 00:00:00,97.85000,99.27800,93.78800,94.05500,460444.0
2013.06.16 00:00:00,94.19200,98.28600,94.17800,97.88100,353156.0
2013.06.23 00:00:00,97.97500,99.44300,96.96500,99.12100,351717.0
2013.06.30 00:00:00,99.21200,101.22300,99.17800,101.18000,248874.0
2013.07.07 00:00:00,101.28000,101.53100,98.24800,99.16900,285751.0
2013.07.14 00:00:00,99.30500,100.86400,98.89300,100.61700,253364.0
2013.07.21 00:00:00,100.39000,100.61800,97.96100,98.22400,263116.0
2013.07.28 00:00:00,98.29600,99.94800,97.58400,98.92000,267903.0
2013.08.04 00:00:00,98.97200,99.14900,95.80900,96.21800,267145.0
2013.08.11 00:00:00,96.30200,98.64900,95.92400,97.52100,260511.0
2013.08.18 00:00:00,97.61900,99.14700,96.91200,98.67100,252123.0
2013.08.25 00:00:00,98.61100,98.84200,96.81700,98.11600,231475.0
2013.09.01 00:00:00,98.32100,100.22400,98.27400,99.09400,213873.0
2013.09.08 00:00:00,99.78000,100.60800,99.01100,99.36100,213799.0
2013.09.15 00:00:00,98.83200,99.66700,97.76300,99.28400,193476.0
2013.09.22 00:00:00,99.27200,99.35700,98.09400,98.22000,181597.0
2013.09.29 00:00:00,97.79000,98.72600,96.93100,97.45700,225625.0
2013.10.06 00:00:00,97.28800,98.59400,96.56700,98.55600,212044.0
2013.10.13 00:00:00,98.23300,99.00300,97.55700,97.73400,179495.0
2013.10.20 00:00:00,97.95100,98.48200,96.94400,97.40800,149736.0
2013.10.27 00:00:00,97.52300,98.84900,97.44500,98.59700,148355.0
2013.11.03 00:00:00,98.68900,99.40800,97.63300,99.04400,148250.0
2013.11.10 00:00:00,99.17100,100.43300,98.92500,100.16900,160189.0
2013.11.17 00:00:00,100.27000,101.35300,99.57100,101.27300,169868.0
2013.11.24 00:00:00,101.27300,102.61200,101.13900,102.40500,147035.0
2013.12.01 00:00:00,102.49900,103.37800,101.62400,102.89300,199546.0
2013.12.08 00:00:00,103.13700,103.92100,102.15600,103.18600,184056.0
2013.12.15 00:00:00,103.15500,104.63500,102.50200,104.00800,172262.0
2013.12.22 00:00:00,104.05000,105.18200,103.77300,105.14700,81839.0
2013.12.29 00:00:00,105.30400,105.44000,104.07500,104.84400,112080.0
2014.01.05 00:00:00,104.84500,105.33400,103.82800,104.15400,183654.0
2014.01.12 00:00:00,104.07900,104.92100,102.85400,104.23900,173302.0
2014.01.19 00:00:00,104.29800,104.84000,102.00100,102.25700,196463.0
2014.01.26 00:00:00,102.06900,103.44100,101.84200,101.93200,232397.0
2014.02.02 00:00:00,102.14200,102.57800,100.75500,102.32300,251307.0
2014.02.09 00:00:00,102.60900,102.70000,101.56700,101.78300,155156.0
2014.02.16 00:00:00,101.72400,102.82700,101.38500,102.48200,153614.0
2014.02.23 00:00:00,102.55700,102.67900,101.55500,101.77900,166810.0
2014.03.02 00:00:00,101.48000,103.75900,101.19900,103.24800,174325.0
2014.03.09 00:00:00,103.17200,103.42600,101.20700,101.34500,312310.0
2014.03.16 00:00:00,101.35100,102.68100,101.27700,102.27000,278533.0
2014.03.23 00:00:00,102.22200,102.97800,101.71800,102.82000,261162.0
2014.03.30 00:00:00,102.88500,104.12700,102.79300,103.26300,251317.0
2014.04.06 00:00:00,103.34100,103.38900,101.32400,101.62200,312937.0
2014.04.13 00:00:00,101.60700,102.57000,101.41600,102.39900,151397.0
2014.04.20 00:00:00,102.43600,102.72300,101.96100,102.17500,131342.0
2014.04.27 00:00:00,102.13500,103.01800,102.02700,102.17800,157799.0
2014.05.04 00:00:00,102.25400,102.25400,101.42900,101.85600,170224.0
2014.05.11 00:00:00,101.83900,102.36200,101.31300,101.49900,151183.0
2014.05.18 00:00:00,101.51000,102.00000,100.82100,101.96100,212650.0
2014.05.25 00:00:00,101.97100,102.13400,101.42400,101.74600,121829.0
2014.06.01 00:00:00,101.81100,102.79400,101.74800,102.46600,182018.0
2014.06.08 00:00:00,102.55300,102.64800,101.60000,102.03100,173016.0
2014.06.15 00:00:00,102.01600,102.34500,101.72000,102.06800,162253.0
2014.06.22 00:00:00,102.06500,102.16500,101.31200,101.37300,135963.0
2014.06.29 00:00:00,101.42900,102.26600,101.23300,102.06100,152255.0
2014.07.06 00:00:00,102.06700,102.19700,101.06500,101.33900,195354.0
2014.07.13 00:00:00,101.33500,101.78800,101.08400,101.34300,177878.0
2014.07.20 00:00:00,101.33200,101.93400,101.19100,101.70800,174227.0
2014.07.27 00:00:00,101.78900,103.07900,101.74400,102.55200,219936.0
2014.08.03 00:00:00,102.57300,102.92000,101.50500,102.02000,218061.0
2014.08.10 00:00:00,102.10600,102.71200,102.01800,102.35000,158832.0
2014.08.17 00:00:00,102.36600,104.18900,102.24100,103.93800,166084.0
2014.08.24 00:00:00,104.19100,104.26800,103.55100,104.08400,160111.0
2014.08.31 00:00:00,104.14400,105.70600,104.09600,105.09100,176915.0
2014.09.07 00:00:00,105.13700,107.39300,104.99200,107.31500,281004.0
2014.09.14 00:00:00,107.28700,109.46000,106.81000,109.02200,239876.0
2014.09.21 00:00:00,109.02400,109.53600,108.25300,109.28400,323638.0
2014.09.28 00:00:00,109.34300,110.08800,108.00800,109.75800,309684.0
2014.10.05 00:00:00,109.75200,109.85000,107.52900,107.64700,356742.0
2014.10.12 00:00:00,107.53100,107.57500,105.19700,106.87400,421551.0
2014.10.19 00:00:00,107.04400,108.34700,106.24500,108.14700,325464.0
2014.10.26 00:00:00,108.17500,112.46900,107.60100,112.31500,361427.0
2014.11.02 00:00:00,112.93900,115.60200,112.56700,114.58900,532506.0
2014.11.09 00:00:00,114.45900,116.79100,113.85100,116.25200,488685.0
2014.11.16 00:00:00,116.60400,118.97400,115.45000,117.77500,376785.0
2014.11.23 00:00:00,117.86800,118.76600,117.23200,118.58400,270449.0
2014.11.30 00:00:00,118.74100,121.68100,117.86000,121.46200,299151.0
2014.12.07 00:00:00,121.56600,121.84300,117.43500,118.74300,369326.0
2014.12.14 00:00:00,118.58600,119.62300,115.56400,119.50400,376244.0
2014.12.21 00:00:00,119.52500,120.82200,119.31200,120.33200,608953.0
2014.12.28 00:00:00,120.34100,120.74100,118.86200,120.41900,195519.0
2015.01.04 00:00:00,120.36300,120.64300,118.05300,118.37600,431540.0
2015.01.11 00:00:00,118.31700,119.31700,115.85000,117.61400,1384074.0
2015.01.18 00:00:00,117.47600,118.85800,116.91600,117.73300,291670.0
2015.01.25 00:00:00,117.50600,118.65100,117.25000,117.47000,285623.0
2015.02.01 00:00:00,116.93000,119.21800,116.87200,119.09800,358108.0
2015.02.08 00:00:00,119.02100,120.47100,118.32900,118.65200,352003.0
2015.02.15 00:00:00,118.44300,119.41300,118.23300,118.99300,320374.0
2015.02.22 00:00:00,119.09700,119.81700,118.62400,119.62200,296413.0
2015.03.01 00:00:00,119.69800,121.27500,119.38100,120.83500,295993.0
2015.03.08 00:00:00,120.80300,122.02100,120.60900,121.36700,359424.0
2015.03.15 00:00:00,121.37500,121.51500,119.29300,120.01400,339399.0
2015.03.22 00:00:00,119.83800,120.15900,118.32400,119.12800,334536.0
2015.03.29 00:00:00,119.12800,120.36000,118.71600,118.93900,277093.0
2015.04.05 00:00:00,118.93900,120.73600,118.79700,120.18400,267781.0
2015.04.12 00:00:00,120.18400,120.84100,118.56600,118.93100,327300.0
2015.04.19 00:00:00,118.93100,120.08900,118.52600,118.99200,371383.0
2015.04.26 00:00:00,118.87700,120.28700,118.49200,120.11400,380255.0
2015.05.03 00:00:00,120.23200,120.50100,119.05700,119.72900,134555.0
2015.05.10 00:00:00,119.67400,120.27100,118.88600,119.37900,307788.0
2015.05.17 00:00:00,119.26900,121.56500,119.25200,121.54300,364374.0
2015.05.24 00:00:00,121.48500,124.44800,121.43900,124.11200,422447.0
2015.05.31 00:00:00,124.09600,125.85300,123.74700,125.57000,510017.0
2015.06.07 00:00:00,125.58600,125.67500,122.45600,123.41700,682320.0
2015.06.14 00:00:00,123.16300,124.43500,122.47100,122.67400,498795.0
2015.06.21 00:00:00,122.92700,124.37200,122.55600,123.83700,487270.0
2015.06.28 00:00:00,122.74100,123.71900,121.93500,122.87000,580998.0
2015.07.05 00:00:00,121.98500,122.92600,120.40800,122.75100,772406.0
2015.07.12 00:00:00,122.30500,124.22700,122.30500,124.04700,546521.0
2015.07.19 00:00:00,124.02900,124.47100,123.56600,123.82100,512497.0
2015.07.26 00:00:00,123.75300,124.57700,123.00600,123.85000,670647.0
2015.08.02 00:00:00,123.86600,125.06400,123.79700,124.20300,612950.0
2015.08.09 00:00:00,124.14500,125.27600,123.78800,124.31300,490445.0
2015.08.16 00:00:00,124.21300,124.57100,121.81100,122.04900,669613.0
2015.08.23 00:00:00,121.86300,122.02100,116.13100,121.71200,1171855.0
2015.08.30 00:00:00,121.63500,121.63500,118.59100,119.01700,859024.0
2015.09.06 00:00:00,118.89200,121.32600,118.79500,120.56800,859938.0
2015.09.13 00:00:00,120.49000,120.98900,119.05100,119.96200,814192.0
2015.09.20 00:00:00,120.11400,121.23000,119.22200,120.57700,880330.0
2015.09.27 00:00:00,120.49600,120.58800,118.67600,119.90300,908274.0
2015.10.04 00:00:00,119.98500,120.56400,119.62100,120.21100,735980.0
2015.10.11 00:00:00,120.16300,120.26000,118.05800,119.45900,587465.0
2015.10.18 00:00:00,119.37700,121.48100,119.13500,121.43900,661864.0
2015.10.25 00:00:00,121.46800,121.48500,120.01900,120.60300,669295.0
2015.11.01 00:00:00,120.38500,123.26400,120.25200,123.21800,614470.0
2015.11.08 00:00:00,123.25600,123.60100,122.43500,122.60600,613869.0
2015.11.15 00:00:00,122.23800,123.75100,122.22100,122.78300,619161.0
2015.11.22 00:00:00,122.82100,123.25500,122.25400,122.70900,527294.0
2015.11.29 00:00:00,122.81000,123.66700,122.29400,123.09900,619168.0
2015.12.06 00:00:00,123.20800,123.47300,120.57600,120.95900,658730.0
2015.12.13 00:00:00,121.10200,123.55900,120.33900,121.12600,777878.0
2015.12.20 00:00:00,121.21200,121.50000,120.24700,120.32000,378260.0
2015.12.27 00:00:00,120.10300,120.65000,119.99900,120.20700,278455.0
2016.01.03 00:00:00,120.19600,120.46200,117.22300,117.22900,882709.0
2016.01.10 00:00:00,117.09700,118.37600,116.50500,116.99700,926401.0
2016.01.17 00:00:00,116.65000,118.87600,115.97000,118.76900,971804.0
2016.01.24 00:00:00,118.63700,121.68600,117.65100,121.11900,937958.0
2016.01.31 00:00:00,121.31400,121.48200,116.29000,116.81900,992394.0
2016.02.07 00:00:00,116.78300,117.52000,110.97900,113.20900,1241088.0
2016.02.14 00:00:00,113.35700,114.87100,112.30100,112.53100,911834.0
2016.02.21 00:00:00,112.57200,113.98800,111.03900,113.98400,867727.0
2016.02.28 00:00:00,113.94700,114.55000,112.15300,113.76900,856325.0
2016.03.06 00:00:00,113.92200,114.44300,112.22300,113.79500,753481.0
2016.03.13 00:00:00,113.91200,114.14300,110.66400,111.52000,683700.0
2016.03.20 00:00:00,111.52400,113.31900,111.21500,113.04800,519885.0
2016.03.27 00:00:00,113.15600,113.79900,111.58300,111.61000,628986.0
2016.04.03 00:00:00,111.58500,111.79200,107.66500,108.02200,785377.0
2016.04.10 00:00:00,107.96500,109.72900,107.62500,108.72800,667860.0
2016.04.17 00:00:00,108.19900,111.80200,107.83200,111.74800,677401.0
2016.04.24 00:00:00,111.85300,111.88000,106.27400,106.33400,707739.0
2016.05.01 00:00:00,106.22300,107.49500,105.54500,107.07400,687668.0
2016.05.08 00:00:00,107.07000,109.55000,107.06800,108.60700,655392.0
2016.05.15 00:00:00,108.60500,110.58400,108.46000,110.10200,624284.0
2016.05.22 00:00:00,110.10300,110.44300,109.10600,110.24200,584570.0
2016.05.29 00:00:00,110.41900,111.44500,106.50500,106.53200,715790.0
2016.06.05 00:00:00,106.54300,107.89800,106.24900,106.91200,744408.0
2016.06.12 00:00:00,106.79300,106.85200,103.54700,104.04200,932793.0
2016.06.19 00:00:00,104.09900,106.80500,98.93500,102.19500,855192.0
2016.06.26 00:00:00,101.49500,103.39100,101.39500,102.52900,867487.0
2016.07.03 00:00:00,102.61700,102.80100,99.98800,100.40100,725036.0
2016.07.10 00:00:00,100.60200,106.31100,100.51100,104.80800,915062.0
2016.07.17 00:00:00,105.33600,107.48800,105.26800,106.02500,755255.0
2016.07.24 00:00:00,106.10600,106.71900,101.96800,102.04000,807520.0
2016.07.31 00:00:00,102.21200,102.82800,100.67500,101.80000,655802.0
2016.08.07 00:00:00,101.92800,102.65100,100.82900,101.28300,551884.0
2016.08.14 00:00:00,101.11300,101.45000,99.53600,100.21700,635398.0
2016.08.21 00:00:00,100.68100,101.93900,99.93700,101.73900,579454.0
2016.08.28 00:00:00,102.07000,104.31600,101.74400,103.74600,627276.0
2016.09.04 00:00:00,104.06500,104.13200,101.19300,102.56200,671217.0
2016.09.11 00:00:00,102.55000,103.35300,101.41700,102.23200,704458.0
2016.09.18 00:00:00,102.11200,102.78000,100.09400,100.86500,659401.0
2016.09.25 00:00:00,100.92400,101.83500,100.08100,101.32200,694892.0
2016.10.02 00:00:00,101.20800,104.15700,101.12500,102.87600,688391.0
2016.10.09 00:00:00,103.23000,104.63000,102.80500,104.04600,657263.0
2016.10.16 00:00:00,104.31500,104.36600,103.16100,103.68900,546655.0
2016.10.23 00:00:00,103.81600,105.52800,103.71700,104.72500,604713.0
2016.10.30 00:00:00,104.56300,105.22900,102.54400,103.09300,736688.0
2016.11.06 00:00:00,103.96300,106.94200,101.18600,106.62000,1070430.0
2016.11.13 00:00:00,106.84200,110.94800,106.72800,110.86700,975642.0
2016.11.20 00:00:00,112.00400,113.89500,110.26400,113.21300,885654.0
2016.11.27 00:00:00,112.79600,114.82100,111.35300,113.43900,931291.0
2016.12.04 00:00:00,113.19500,115.36300,112.85900,115.21900,725692.0
2016.12.11 00:00:00,115.37500,118.65900,114.73100,117.77600,848278.0
2016.12.18 00:00:00,117.93600,118.23800,116.54300,117.19800,659771.0
2016.12.25 00:00:00,117.03400,117.80900,116.03700,116.81400,556752.0
2017.01.01 00:00:00,116.78000,118.60200,115.06500,116.94200,802989.0
2017.01.08 00:00:00,116.99300,117.52800,113.75000,114.33800,979071.0
2017.01.15 00:00:00,114.22100,115.61600,112.56600,114.46400,954231.0
2017.01.22 00:00:00,114.31300,115.37200,112.51900,115.02800,951409.0
2017.01.29 00:00:00,114.76100,114.94600,112.04800,112.44300,937044.0
2017.02.05 00:00:00,112.38400,113.85400,111.58800,113.06500,798258.0
2017.02.12 00:00:00,113.51300,114.95300,112.61400,112.69700,742395.0
2017.02.19 00:00:00,112.88600,113.77300,111.93100,112.00600,662996.0
2017.02.26 00:00:00,112.12000,114.74500,111.68500,113.88600,756682.0
2017.03.05 00:00:00,113.87900,115.50000,113.55500,114.71700,713795.0
2017.03.12 00:00:00,114.76400,115.19100,112.56000,112.70200,694801.0
2017.03.19 00:00:00,112.63900,112.89400,110.62300,111.21700,791787.0
2017.03.26 00:00:00,110.91900,112.19300,110.10600,111.26400,736316.0
2017.04.02 00:00:00,111.35500,111.58400,110.12600,110.97100,762057.0
2017.04.09 00:00:00,111.01600,111.57600,108.54200,108.54200,648303.0
2017.04.16 00:00:00,108.73800,109.48400,108.12900,108.97900,630043.0
2017.04.23 00:00:00,110.48900,111.77400,109.59000,111.52800,698236.0
2017.04.30 00:00:00,111.20700,113.04400,111.20200,112.59800,551827.0
2017.05.07 00:00:00,112.93800,114.36500,112.39300,113.32300,587044.0
2017.05.14 00:00:00,113.16100,113.85200,110.23100,111.22800,740603.0
2017.05.21 00:00:00,111.02200,112.12500,110.85500,111.25300,620921.0
2017.05.28 00:00:00,111.21000,111.70600,110.32600,110.35100,547990.0
2017.06.04 00:00:00,110.34300,110.80800,109.11100,110.30400,503874.0
2017.06.11 00:00:00,110.28400,111.41400,108.80500,110.82400,505378.0
2017.06.18 00:00:00,110.84200,111.78300,110.71900,111.22600,435640.0
2017.06.25 00:00:00,111.11800,112.92200,111.11800,112.36100,550974.0
2017.07.02 00:00:00,112.11200,114.17500,112.11200,113.85900,525219.0
2017.07.09 00:00:00,113.90900,114.49000,112.25600,112.52800,512016.0
2017.07.16 00:00:00,112.46100,112.86300,111.00800,111.12200,555242.0
2017.07.23 00:00:00,111.09700,112.19600,110.54400,110.64000,657237.0
2017.07.30 00:00:00,110.61400,111.04600,109.84000,110.67500,667225.0
2017.08.06 00:00:00,110.70800,110.91600,108.72400,109.16300,576890.0
2017.08.13 00:00:00,109.14200,110.94500,108.60000,109.14400,693664.0
2017.08.20 00:00:00,109.33100,109.84000,108.63200,109.34800,539442.0
2017.08.27 00:00:00,109.19900,110.66700,108.26400,110.24700,579709.0
2017.09.03 00:00:00,109.57300,109.93000,107.31400,107.83400,596090.0
2017.09.10 00:00:00,108.13900,111.33400,108.13400,110.83700,549576.0
2017.09.17 00:00:00,111.04500,112.71700,110.99400,111.96300,570536.0
2017.09.24 00:00:00,112.21800,113.25600,111.47200,112.44500,621535.0
2017.10.01 00:00:00,112.50500,113.43900,112.32200,112.59900,488810.0
2017.10.08 00:00:00,112.55500,112.82700,111.68600,111.79900,434509.0
2017.10.15 00:00:00,111.78200,113.56800,111.65300,113.49500,473021.0
2017.10.22 00:00:00,113.86800,114.45100,113.24300,113.66600,574112.0
2017.10.29 00:00:00,113.71800,114.42600,112.95500,114.04500,504963.0
2017.11.05 00:00:00,113.96800,114.73400,113.09100,113.51600,535438.0
2017.11.12 00:00:00,113.48500,113.90900,111.94400,112.08200,502346.0
2017.11.19 00:00:00,112.09700,112.71800,111.06700,111.49000,435254.0
2017.11.26 00:00:00,111.51500,112.87300,110.84100,112.14400,556590.0
2017.12.03 00:00:00,112.73900,113.58900,111.99000,113.47300,668805.0
2017.12.10 00:00:00,113.53000,113.75000,112.03100,112.61600,570943.0
2017.12.17 00:00:00,112.71200,113.63600,112.29600,113.28500,545010.0
2017.12.24 00:00:00,113.27200,113.37700,112.47200,112.69500,415530.0
2017.12.31 00:00:00,112.50300,113.30300,112.05500,113.06200,417146.0
2018.01.07 00:00:00,113.13700,113.38600,110.91200,111.05300,711891.0
2018.01.14 00:00:00,111.07000,111.48100,110.19000,110.82700,833025.0
2018.01.21 00:00:00,110.55200,111.22300,108.28200,108.58300,980528.0
2018.01.28 00:00:00,108.69300,110.48200,108.41200,110.17100,1007682.0
2018.02.04 00:00:00,110.17100,110.28900,108.04400,108.79600,1618747.0
2018.02.11 00:00:00,108.85200,108.88800,105.54500,106.25400,1117982.0
2018.02.18 00:00:00,106.32000,107.90400,106.09200,106.88000,767519.0
2018.02.25 00:00:00,107.09200,107.67300,105.24800,105.73000,889070.0
2018.03.04 00:00:00,105.48900,107.04600,105.35000,106.80600,813548.0
2018.03.11 00:00:00,106.75300,107.29200,105.60100,105.98300,709031.0
2018.03.18 00:00:00,105.96000,106.63700,104.63800,104.73400,893561.0
2018.03.25 00:00:00,104.65100,107.01000,104.62800,106.27900,751469.0
2018.04.01 00:00:00,106.16500,107.49100,105.65600,106.94400,546483.0
2018.04.08 00:00:00,106.93500,107.77700,106.61600,107.37200,394343.0
2018.04.15 00:00:00,107.45100,107.85600,106.88000,107.65500,300510.0
2018.04.22 00:00:00,107.76100,109.53600,107.65700,109.05100,370198.0
2018.04.29 00:00:00,109.05100,110.03400,108.64500,109.07200,363165.0
2018.05.06 00:00:00,109.10200,110.01800,108.75700,109.38600,344624.0
2018.05.13 00:00:00,109.32800,111.07900,109.20700,110.75900,362796.0
2018.05.20 00:00:00,110.86400,111.39500,108.95200,109.38200,426363.0
2018.05.27 00:00:00,109.72700,109.83100,108.11100,109.52900,568926.0
2018.06.03 00:00:00,109.42000,110.26400,109.19700,109.54300,344159.0
2018.06.10 00:00:00,109.29200,110.90300,109.29200,110.65900,360494.0
2018.06.17 00:00:00,110.68300,110.75600,109.54900,109.97400,371354.0
2018.06.24 00:00:00,109.85500,110.94300,109.36600,110.75600,425546.0
2018.07.01 00:00:00,110.58500,111.13200,110.27500,110.46000,458238.0
2018.07.08 00:00:00,110.37900,112.80000,110.34800,112.33700,379698.0
2018.07.15 00:00:00,112.19900,113.16700,111.38100,111.44400,424288.0
2018.07.22 00:00:00,111.36400,111.54000,110.58400,111.00700,373600.0
2018.07.29 00:00:00,110.93000,112.14700,110.74300,111.26700,331245.0
2018.08.05 00:00:00,111.21400,111.52200,110.50700,110.80600,265176.0
2018.08.12 00:00:00,110.42200,111.42700,110.10700,110.48900,352531.0
2018.08.19 00:00:00,110.57900,111.48400,109.77000,111.23400,277276.0
2018.08.26 00:00:00,111.30600,111.82300,110.68100,111.08900,272018.0
2018.09.02 00:00:00,111.05100,111.75400,110.37600,111.03900,305866.0
2018.09.09 00:00:00,111.02800,112.16500,110.84600,112.05400,241656.0
2018.09.16 00:00:00,112.01300,112.87000,111.66000,112.51200,278565.0
2018.09.23 00:00:00,112.42600,113.70300,112.41100,113.67100,258782.0
2018.09.30 00:00:00,113.69600,114.54600,113.51700,113.68700,311015.0
2018.10.07 00:00:00,113.78000,113.93800,111.82800,112.18100,470698.0
2018.10.14 00:00:00,112.12900,112.72500,111.62200,112.52700,421845.0
2018.10.21 00:00:00,112.57400,112.88200,111.37400,111.87700,549071.0
2018.10.28 00:00:00,111.89000,113.38000,111.77100,113.18700,446099.0
2018.11.04 00:00:00,113.12700,114.08300,112.94200,113.79000,318307.0
2018.11.11 00:00:00,113.79700,114.20300,112.63800,112.80900,380803.0
2018.11.18 00:00:00,112.76200,113.19700,112.30000,112.93500,311030.0
2018.11.25 00:00:00,112.90900,114.03300,112.87300,113.47100,270475.0
2018.12.02 00:00:00,113.68900,113.81700,112.22700,112.68000,359546.0
2018.12.09 00:00:00,112.57300,113.70400,112.23700,113.37900,403658.0
2018.12.16 00:00:00,113.33400,113.51700,110.80800,111.20100,526924.0
2018.12.23 00:00:00,111.19500,111.40500,110.14000,110.28500,441828.0
2018.12.30 00:00:00,110.25600,110.47100,104.72000,108.50400,455735.0
2019.01.06 00:00:00,108.48900,109.08300,107.76800,108.53900,419913.0
2019.01.13 00:00:00,108.50600,109.88700,107.98200,109.76700,358229.0
2019.01.20 00:00:00,109.67200,109.99500,109.14200,109.54100,344477.0
2019.01.27 00:00:00,109.53700,109.74000,108.49200,109.48300,345702.0
2019.02.03 00:00:00,109.50900,110.15800,109.42800,109.75900,298094.0
2019.02.10 00:00:00,109.72900,111.12400,109.72900,110.43400,294561.0
2019.02.17 00:00:00,110.43500,110.94600,110.43500,110.65400,277363.0
2019.02.24 00:00:00,110.64200,112.07200,110.35000,111.92200,278941.0
2019.03.03 00:00:00,111.85200,112.13200,110.76700,111.15200,280867.0
2019.03.10 00:00:00,111.14500,111.89700,110.87400,111.45000,283182.0
2019.03.17 00:00:00,111.47100,111.69100,109.73700,109.92800,306138.0
2019.03.24 00:00:00,110.00000,110.94500,109.70400,110.81000,397431.0
2019.03.31 00:00:00,110.99400,111.81900,110.80400,111.70000,264794.0
2019.04.07 00:00:00,111.62700,112.08800,110.83900,112.00300,234280.0
2019.04.14 00:00:00,111.96100,112.16100,111.76000,111.90500,238945.0
2019.04.21 00:00:00,111.90500,112.39600,111.36400,111.55800,224756.0
2019.04.28 00:00:00,111.52500,111.89400,111.04600,111.09100,217860.0
2019.05.05 00:00:00,110.62100,110.95500,109.46700,109.96300,368787.0
2019.05.12 00:00:00,109.75500,110.19000,109.01600,110.03900,340005.0
2019.05.19 00:00:00,110.10100,110.66800,109.26900,109.28600,309191.0
2019.05.26 00:00:00,109.31900,109.92200,108.27400,108.27600,341764.0
2019.06.02 00:00:00,108.27000,108.61300,107.81100,108.19200,376037.0
2019.06.09 00:00:00,108.46800,108.79700,108.15500,108.53900,301308.0
2019.06.16 00:00:00,108.49000,108.71900,107.04400,107.32600,372814.0
2019.06.23 00:00:00,107.30200,108.15700,106.77400,107.91700,328025.0
2019.06.30 00:00:00,107.91400,108.63400,107.52900,108.45700,253393.0
2019.07.07 00:00:00,108.42500,108.98900,107.80000,107.88800,184053.0
2019.07.14 00:00:00,107.84600,108.37500,107.20900,107.69400,221055.0
2019.07.21 00:00:00,107.76600,108.82700,107.69800,108.65400,206313.0
2019.07.28 00:00:00,108.61900,109.31700,106.50700,106.59700,344719.0
2019.08.04 00:00:00,106.57200,107.08800,105.26700,105.64900,522193.0
2019.08.11 00:00:00,105.54400,106.97300,105.04700,106.36900,436890.0
2019.08.18 00:00:00,106.27600,106.73200,105.25400,105.41100,331725.0
2019.08.25 00:00:00,104.99600,106.68000,104.44900,106.25300,504508.0
2019.09.01 00:00:00,106.02700,107.22800,105.73500,106.90200,386141.0
2019.09.08 00:00:00,106.79600,108.25800,106.75900,108.07300,316410.0
2019.09.15 00:00:00,108.06600,108.47500,107.49400,107.55400,291180.0
2019.09.22 00:00:00,107.71500,108.17800,106.95900,107.92900,296118.0
2019.09.29 00:00:00,107.95600,108.46800,106.48000,106.90000,298112.0
2019.10.06 00:00:00,106.67000,108.62800,106.65100,108.42000,331941.0
2019.10.13 00:00:00,108.33900,108.93700,108.02800,108.37800,274000.0
2019.10.20 00:00:00,108.39100,108.77200,108.24700,108.66500,203983.0
2019.10.27 00:00:00,108.70800,109.28500,107.88400,108.16900,189651.0
2019.11.03 00:00:00,108.21200,109.48600,108.16200,109.22000,205011.0
2019.11.10 00:00:00,109.23000,109.29100,108.23200,108.77100,179772.0
2019.11.17 00:00:00,108.78600,109.07000,108.27500,108.63900,217644.0
2019.11.24 00:00:00,108.62600,109.66900,108.59600,109.48700,161825.0
2019.12.01 00:00:00,109.51700,109.72600,108.42600,108.56500,210109.0
2019.12.08 00:00:00,108.62600,109.70600,108.42900,109.34600,203170.0
2019.12.15 00:00:00,109.30200,109.68500,109.18000,109.44700,136504.0
2019.12.22 00:00:00,109.42800,109.68200,109.32500,109.45800,92601.0
2019.12.29 00:00:00,109.38500,109.48400,107.83900,108.10100,138119.0
2020.01.05 00:00:00,107.88400,109.68800,107.64700,109.50000,241219.0
2020.01.12 00:00:00,109.52000,110.28700,109.50100,110.16100,145940.0
2020.01.19 00:00:00,110.10500,110.22000,109.17000,109.27800,164126.0
2020.01.26 00:00:00,108.96800,109.26400,108.30500,108.34600,257541.0
2020.02.02 00:00:00,108.43100,110.02000,108.31100,109.77600,235222.0
2020.02.09 00:00:00,109.68500,110.13400,109.55900,109.77200,201199.0
2020.02.16 00:00:00,109.80300,112.22500,109.65500,111.56600,247964.0
2020.02.23 00:00:00,111.31500,111.68100,107.50600,108.06200,648742.0
2020.03.01 00:00:00,107.51300,108.57600,104.99200,105.34800,671430.0
2020.03.08 00:00:00,104.42500,108.49600,101.17700,107.99800,1090337.0
2020.03.15 00:00:00,106.90600,111.50400,105.13700,110.85400,1444468.0
2020.03.22 00:00:00,110.77900,111.71100,107.75600,107.97500,1079326.0
2020.03.29 00:00:00,107.67600,108.72500,106.91800,108.45600,675764.0
2020.04.05 00:00:00,108.34600,109.37900,108.20600,108.42100,490751.0
2020.04.12 00:00:00,108.42100,108.52400,106.92500,107.55100,645633.0
2020.04.19 00:00:00,107.39600,108.04200,107.27900,107.48700,536304.0
2020.04.26 00:00:00,107.54100,107.62000,106.35600,106.91400,400520.0
2020.05.03 00:00:00,106.77600,107.06700,105.98500,106.68200,258177.0
2020.05.10 00:00:00,106.50200,107.76600,106.48200,107.16400,224517.0
2020.05.17 00:00:00,107.08300,108.08500,107.06500,107.60700,186910.0
2020.05.24 00:00:00,107.55700,107.94400,107.07700,107.78500,208319.0
2020.05.31 00:00:00,107.67400,109.84800,107.38100,109.58700,259369.0
2020.06.07 00:00:00,109.54700,109.68900,106.56900,107.34800,293572.0
2020.06.14 00:00:00,107.29100,107.63700,106.66600,106.87000,243726.0
2020.06.21 00:00:00,106.77300,107.45100,106.07100,107.21900,221097.0
2020.06.28 00:00:00,107.06000,108.16100,107.03800,107.48800,192190.0
2020.07.05 00:00:00,107.43900,107.79000,106.63900,106.91400,163436.0
2020.07.12 00:00:00,106.86600,107.43000,106.66300,107.01600,162680.0
2020.07.19 00:00:00,107.01300,107.53300,105.67900,106.12100,167551.0
2020.07.26 00:00:00,106.01200,106.10700,104.18500,105.92700,269929.0
2020.08.02 00:00:00,105.76900,106.47000,105.29800,105.91700,257901.0
2020.08.09 00:00:00,105.84100,107.04700,105.70500,106.57000,205850.0
2020.08.16 00:00:00,106.51200,106.65300,105.09900,105.81400,236235.0
2020.08.23 00:00:00,105.76400,106.94400,105.20000,105.34000,250866.0
2020.08.30 00:00:00,105.42900,106.55000,105.28900,106.23400,260080.0
2020.09.06 00:00:00,106.25100,106.38400,105.78800,106.14400,180399.0
2020.09.13 00:00:00,106.09700,106.16400,104.27000,104.56100,180452.0
2020.09.20 00:00:00,104.50700,105.69800,103.99900,105.54800,202073.0
2020.09.27 00:00:00,105.48800,105.80300,104.94100,105.32800,237343.0
2020.10.04 00:00:00,105.26300,106.10700,105.26300,105.62500,203699.0
2020.10.11 00:00:00,105.77000,105.78800,105.03500,105.39800,196860.0
2020.10.18 00:00:00,105.37200,105.74600,104.34000,104.71000,185059.0
2020.10.25 00:00:00,104.66700,105.05500,104.02300,104.66700,171594.0
2020.11.01 00:00:00,104.48800,105.34400,103.17500,103.36700,288103.0
2020.11.08 00:00:00,103.29600,105.67600,103.18200,104.61200,283277.0
2020.11.15 00:00:00,104.71600,105.13200,103.65100,103.82700,207788.0
2020.11.22 00:00:00,103.74600,104.76000,103.68300,104.09000,214088.0
2020.11.29 00:00:00,103.99500,104.75100,103.67200,104.18800,297067.0
2020.12.06 00:00:00,104.11600,104.57900,103.82300,104.02500,323431.0
2020.12.13 00:00:00,103.95800,104.15200,102.87500,103.31300,317909.0
2020.12.20 00:00:00,103.53500,103.88900,103.25100,103.67100,263184.0
2020.12.27 00:00:00,103.49700,103.89800,102.96100,103.25300,204090.0
2021.01.03 00:00:00,103.12100,104.09200,102.59100,103.96700,410024.0
2021.01.10 00:00:00,103.84300,104.40000,103.52600,103.86900,307591.0
2021.01.17 00:00:00,103.79500,104.08600,103.32800,103.77000,257903.0
2021.01.24 00:00:00,103.77500,104.94000,103.55500,104.72300,213414.0
2021.01.31 00:00:00,104.76500,105.76800,104.60800,105.38200,185826.0
2021.02.07 00:00:00,105.30100,105.67100,104.40800,104.92400,201430.0
2021.02.14 00:00:00,104.89600,106.22400,104.89100,105.42100,250107.0
2021.02.21 00:00:00,105.37700,106.69500,104.92200,106.55200,376027.0
2021.02.28 00:00:00,106.47600,108.64500,106.36500,108.37900,293340.0
2021.03.07 00:00:00,108.27500,109.23500,108.24500,109.02700,378397.0
2021.03.14 00:00:00,108.99800,109.36500,108.60900,108.87900,323769.0
2021.03.21 00:00:00,108.67100,109.84700,108.40700,109.67600,269175.0
2021.03.28 00:00:00,109.70700,110.96600,109.37300,110.62300,252652.0
2021.04.04 00:00:00,110.59500,110.74900,108.99900,109.65800,267992.0
2021.04.11 00:00:00,109.60500,109.76900,108.61000,108.79300,230684.0
2021.04.18 00:00:00,108.72600,108.83300,107.47700,107.87500,194569.0
2021.04.25 00:00:00,107.88700,109.34200,107.64300,109.32900,199462.0
2021.05.02 00:00:00,109.26100,109.69600,108.33800,108.60400,221507.0
2021.05.09 00:00:00,108.54500,109.78500,108.34800,109.36200,252680.0
2021.05.16 00:00:00,109.25400,109.50100,108.57100,108.94500,234758.0
2021.05.23 00:00:00,108.89100,110.20000,108.55800,109.87200,271798.0
2021.05.30 00:00:00,109.74600,110.32900,109.32900,109.52400,237685.0
2021.06.06 00:00:00,109.57600,109.84400,109.18600,109.68200,264303.0
2021.06.13 00:00:00,109.62700,110.82300,109.61000,110.21100,313119.0
2021.06.20 00:00:00,110.09500,111.11500,109.71600,110.77800,330938.0
2021.06.27 00:00:00,110.72600,111.65900,110.41700,111.02000,335679.0
2021.07.04 00:00:00,110.94600,111.19000,109.53200,110.10200,377520.0
2021.07.11 00:00:00,110.07600,110.69800,109.71400,110.08100,298177.0
2021.07.18 00:00:00,110.00400,110.59300,109.06500,110.54700,305806.0
2021.07.25 00:00:00,110.44800,110.58400,109.36000,109.65600,278436.0
2021.08.01 00:00:00,109.62400,110.35500,108.72100,110.21700,244044.0
2021.08.08 00:00:00,110.19600,110.80000,109.54500,109.59200,212461.0
2021.08.15 00:00:00,109.53500,110.22800,109.11300,109.79900,251801.0
2021.08.22 00:00:00,109.68600,110.26700,109.41300,109.85000,248116.0
2021.08.29 00:00:00,109.84900,110.41800,109.58600,109.71200,241138.0
2021.09.05 00:00:00,109.64700,110.44700,109.62000,109.90400,257502.0
2021.09.12 00:00:00,109.82900,110.16200,109.11300,109.96900,264569.0
2021.09.19 00:00:00,109.88600,110.79300,109.11900,110.73500,325837.0
2021.09.26 00:00:00,110.67600,112.08100,110.53400,111.06600,345873.0
2021.10.03 00:00:00,111.05500,112.24900,110.82100,112.22500,316791.0
2021.10.10 00:00:00,112.10300,114.46600,112.10300,114.24900,309083.0
2021.10.17 00:00:00,114.25200,114.69800,113.41100,113.48700,366418.0
2021.10.24 00:00:00,113.55100,114.31200,113.25500,113.96100,373771.0
2021.10.31 00:00:00,114.10200,114.44400,113.29900,113.38700,360830.0
2021.11.07 00:00:00,113.32100,114.30000,112.72500,113.91900,347563.0
2021.11.14 00:00:00,113.90700,114.96800,113.58500,114.01700,372810.0
2021.11.21 00:00:00,113.91400,115.52000,113.05000,113.35100,489523.0
2021.11.28 00:00:00,113.61700,113.95400,112.53000,112.83100,611432.0
2021.12.05 00:00:00,112.83500,113.95500,112.83500,113.38300,404302.0
2021.12.12 00:00:00,113.27700,114.27100,113.13800,113.70200,383618.0
2021.12.19 00:00:00,113.53100,114.51200,113.32700,114.34600,299838.0
2021.12.26 00:00:00,114.30400,115.20600,114.30400,115.08800,233215.0
2022.01.02 00:00:00,115.05800,116.34900,114.94600,115.55100,316120.0
2022.01.09 00:00:00,115.52200,115.85000,113.48000,114.19800,276302.0
2022.01.16 00:00:00,114.11700,115.05800,113.60200,113.69200,318392.0
2022.01.23 00:00:00,113.62600,115.68700,113.46900,115.23400,470700.0
2022.01.30 00:00:00,115.25700,115.59300,114.15300,115.18200,431039.0
2022.02.06 00:00:00,115.26900,116.34200,114.91300,115.43200,422510.0
2022.02.13 00:00:00,115.32400,115.87400,114.78700,115.03200,507090.0
2022.02.20 00:00:00,115.00400,115.76000,114.40700,115.52600,566610.0
2022.02.27 00:00:00,115.22500,115.80700,114.64900,114.85400,551588.0
2022.03.06 00:00:00,114.89700,117.35700,114.81300,117.29300,505651.0
2022.03.13 00:00:00,117.33200,119.39700,117.30800,119.15400,394527.0
2022.03.20 00:00:00,119.10200,122.43700,119.08100,122.08900,425017.0
2022.03.27 00:00:00,122.00400,125.10000,121.28100,122.55900,724896.0
2022.04.03 00:00:00,122.59700,124.67600,122.26100,124.28100,489307.0
2022.04.10 00:00:00,124.01300,126.68500,124.01300,126.35600,573067.0
2022.04.17 00:00:00,126.31200,129.40000,126.23100,128.53700,636512.0
2022.04.24 00:00:00,128.55300,131.25100,126.92700,129.86300,793599.0
2022.05.01 00:00:00,129.72600,130.80800,128.62300,130.55300,705068.0
2022.05.08 00:00:00,130.49100,131.34800,127.52000,129.25700,833642.0
2022.05.15 00:00:00,129.18700,129.78200,127.02400,127.92400,693237.0
2022.05.22 00:00:00,127.84000,128.08800,126.35900,127.11100,617666.0
2022.05.29 00:00:00,126.95700,130.98100,126.85400,130.81100,616742.0
2022.06.05 00:00:00,130.85400,134.55800,130.43100,134.35400,732868.0
2022.06.12 00:00:00,134.29700,135.58900,131.49300,134.94400,1072651.0
2022.06.19 00:00:00,134.90100,136.71300,134.26000,135.18900,950023.0
2022.06.26 00:00:00,135.29000,137.00600,134.52300,135.25600,1040151.0
2022.07.03 00:00:00,135.29600,136.56600,134.78100,136.10600,950961.0
2022.07.10 00:00:00,135.99600,139.38700,135.99600,138.53500,984720.0
2022.07.17 00:00:00,138.44200,138.87800,135.56400,136.06900,902001.0
2022.07.24 00:00:00,136.11600,137.45700,132.50200,133.22400,847357.0
2022.07.31 00:00:00,133.19600,135.50100,130.39500,134.98700,968234.0
2022.08.07 00:00:00,134.97600,135.58000,131.73100,133.48900,1053898.0
2022.08.14 00:00:00,133.32600,137.23000,132.55400,136.87700,1009353.0
2022.08.21 00:00:00,136.84500,137.70800,135.80800,137.50700,957752.0
2022.08.28 00:00:00,137.60600,140.80100,137.56600,140.22200,897680.0
2022.09.04 00:00:00,140.14300,144.99200,140.10800,142.63000,999368.0
2022.09.11 00:00:00,142.09700,144.95800,141.62300,142.95600,887380.0
2022.09.18 00:00:00,142.85100,145.89800,140.34800,143.33200,717006.0
2022.09.25 00:00:00,143.63300,144.90400,143.20900,144.79300,787633.0
2022.10.02 00:00:00,144.59600,145.44100,143.52400,145.38400,631567.0
2022.10.09 00:00:00,145.20100,148.86300,145.20100,148.74300,945483.0
2022.10.16 00:00:00,148.55900,151.94500,146.19300,147.67400,933395.0
2022.10.23 00:00:00,147.57600,149.70900,145.10500,147.47600,854731.0
2022.10.30 00:00:00,147.75300,148.85100,145.67200,146.65500,964466.0
2022.11.06 00:00:00,146.98000,147.57000,138.46300,138.76700,825376.0
2022.11.13 00:00:00,139.08300,140.80100,137.67100,140.37800,1163531.0
2022.11.20 00:00:00,140.25600,142.25400,138.04800,139.17000,874098.0
2022.11.27 00:00:00,139.26200,139.89500,133.62000,134.31400,842610.0
2022.12.04 00:00:00,134.56700,137.85500,134.12800,136.57500,594893.0
2022.12.11 00:00:00,136.44200,138.17300,134.51100,136.71800,614922.0
2022.12.18 00:00:00,135.81600,137.47200,130.56700,132.78900,580723.0
2022.12.25 00:00:00,132.66300,134.50000,130.76900,131.10900,335115.0
2023.01.01 00:00:00,130.92100,134.77500,129.50600,132.13800,568651.0
2023.01.08 00:00:00,131.86700,132.87300,127.45800,127.85600,578565.0
2023.01.15 00:00:00,127.75200,131.57400,127.21800,129.58500,519898.0
2023.01.22 00:00:00,129.45600,131.11700,129.02200,129.83300,396771.0
2023.01.29 00:00:00,129.61700,131.19900,128.08000,131.18000,473371.0
2023.02.05 00:00:00,132.29200,132.90300,129.80300,131.37200,912281.0
2023.02.12 00:00:00,131.33500,135.10700,131.33500,134.14600,816116.0
2023.02.19 00:00:00,134.20200,136.51900,133.92300,136.48300,546273.0
2023.02.26 00:00:00,136.40400,137.09800,135.25500,135.82600,521872.0
2023.03.05 00:00:00,135.94000,137.91100,134.11300,135.06000,544520.0
2023.03.12 00:00:00,133.87100,135.11300,131.55200,131.82000,1309242.0
2023.03.19 00:00:00,131.79900,133.00300,129.64000,130.72500,1027558.0
2023.03.26 00:00:00,130.42100,133.59300,130.40200,132.81900,830958.0
2023.04.02 00:00:00,133.31200,133.75700,130.62900,132.17600,770532.0
2023.04.09 00:00:00,132.10700,134.04700,131.82400,133.74500,693350.0
2023.04.16 00:00:00,133.79900,135.13900,133.54700,134.12500,733958.0
2023.04.23 00:00:00,133.97000,136.56200,133.01400,136.27800,794196.0
2023.04.30 00:00:00,136.11200,137.77500,133.49700,134.83200,820965.0
2023.05.07 00:00:00,134.80200,135.75200,133.74300,135.72300,849376.0
2023.05.14 00:00:00,135.62800,138.74500,135.61900,137.96400,702454.0
2023.05.21 00:00:00,137.98600,140.72300,137.49100,140.59200,635199.0
2023.05.28 00:00:00,140.56700,140.93000,138.43300,139.96400,476155.0
2023.06.04 00:00:00,139.94700,140.45300,138.75800,139.37300,452369.0
2023.06.11 00:00:00,139.26200,141.91000,139.01000,141.88200,535197.0
2023.06.18 00:00:00,141.66200,143.87000,141.21300,143.69600,513129.0
2023.06.25 00:00:00,143.47600,145.06900,142.93800,144.29700,661227.0
2023.07.02 00:00:00,144.35100,144.91100,142.06800,142.08800,500190.0
2023.07.09 00:00:00,142.12100,143.00500,137.23300,138.81000,604443.0
2023.07.16 00:00:00,138.69000,141.95200,137.68200,141.77800,573113.0
2023.07.23 00:00:00,141.63100,141.81000,138.06000,141.15800,720742.0
2023.07.30 00:00:00,140.94500,143.88800,140.68800,141.70200,649858.0
2023.08.06 00:00:00,141.63400,144.99900,141.51000,144.94200,504883.0
2023.08.13 00:00:00,144.89900,146.56100,144.65100,145.37300,509866.0
2023.08.20 00:00:00,145.30300,146.63500,144.53800,146.39500,481864.0
2023.08.27 00:00:00,146.43000,147.37500,144.43900,146.21200,503037.0
2023.09.03 00:00:00,146.15400,147.87300,146.02100,147.78800,378223.0
2023.09.10 00:00:00,146.99700,147.95000,145.89900,147.82800,482020.0
2023.09.17 00:00:00,147.68800,148.46100,147.32000,148.36500,377997.0
2023.09.24 00:00:00,148.17600,149.70800,148.17600,149.32500,256902.0
2023.10.01 00:00:00,149.60500,150.15800,147.29100,149.25500,415514.0
2023.10.08 00:00:00,149.04000,149.82800,148.16100,149.56300,554853.0
2023.10.15 00:00:00,149.34200,149.98900,148.95900,149.84500,409562.0
2023.10.22 00:00:00,149.78000,150.77500,149.31700,149.60400,364641.0
2023.10.29 00:00:00,149.49600,151.70600,148.80200,149.35200,452620.0
2023.11.05 00:00:00,149.30200,151.59800,149.29900,151.52100,209487.0
2023.11.12 00:00:00,151.41700,151.90600,149.19200,149.57600,331953.0
2023.11.19 00:00:00,149.50300,149.98600,147.15000,149.40800,268514.0
2023.11.26 00:00:00,149.36600,149.67000,146.66000,146.78800,268485.0
2023.12.03 00:00:00,146.68200,147.49700,141.63300,144.90000,367993.0
2023.12.10 00:00:00,144.93400,146.58600,140.95900,142.09900,529199.0
2023.12.17 00:00:00,142.02400,144.95800,141.85800,142.38900,1399992.0
2023.12.24 00:00:00,142.34500,142.84600,140.24900,140.99100,758890.0
2023.12.31 00:00:00,140.83000,145.97900,140.80700,144.55800,1134434.0
2024.01.07 00:00:00,144.44100,146.41700,143.41700,144.90600,1340351.0
2024.01.14 00:00:00,144.84900,148.80400,144.74900,148.11200,1317723.0
2024.01.21 00:00:00,148.21200,148.69300,146.64600,148.15000,1406731.0
2024.01.28 00:00:00,148.06300,148.58600,145.89500,148.34100,1494662.0
2024.02.04 00:00:00,148.40800,149.57600,147.61700,149.25100,718973.0
2024.02.11 00:00:00,149.21000,150.88100,148.92600,150.17600,532816.0
2024.02.18 00:00:00,150.08000,150.76800,149.68100,150.50400,467034.0
2024.02.25 00:00:00,150.49300,150.84300,149.20500,150.06200,518988.0
2024.03.03 00:00:00,149.98500,150.56800,146.48000,147.05000,596408.0
2024.03.10 00:00:00,147.03000,149.16300,146.48300,149.00500,384569.0
2024.03.17 00:00:00,149.05000,151.86000,148.90600,151.41500,316129.0
2024.03.24 00:00:00,151.42500,151.96800,151.02500,151.32100,218875.0
2024.03.31 00:00:00,151.31000,151.95400,150.81000,151.61700,223491.0
2024.04.07 00:00:00,151.64000,153.38300,151.54300,153.26200,244114.0
2024.04.14 00:00:00,153.05000,154.78400,152.95100,154.62500,318814.0
2024.04.21 00:00:00,154.47900,158.44000,154.35600,158.33300,174543.0
2024.04.28 00:00:00,157.87000,160.22200,151.86000,152.94600,281347.0
2024.05.05 00:00:00,152.92000,155.95200,152.74700,155.75100,188199.0
2024.05.12 00:00:00,155.74200,156.79000,153.59700,155.61300,189310.0
2024.05.19 00:00:00,155.61000,157.19400,155.49700,156.98700,172837.0
2024.05.26 00:00:00,156.94000,157.70800,156.37200,157.22000,176901.0
2024.06.02 00:00:00,157.18000,157.47200,154.54400,156.76200,245677.0
2024.06.09 00:00:00,156.68000,158.25500,155.71800,157.35500,234448.0
2024.06.16 00:00:00,157.29500,159.82600,157.15500,159.78300,171430.0
2024.06.23 00:00:00,159.76000,161.28200,158.73700,160.82600,199069.0
2024.06.30 00:00:00,160.76000,161.95000,160.33100,160.73900,156773.0
2024.07.07 00:00:00,160.75000,161.80400,157.37100,157.86100,207285.0
2024.07.14 00:00:00,158.07300,158.85400,155.37000,157.44500,248738.0
2024.07.21 00:00:00,157.43000,157.61300,151.94200,153.72300,315580.0
2024.07.28 00:00:00,153.67500,155.21400,146.41800,146.48500,395051.0
2024.08.04 00:00:00,146.38200,147.89700,141.68900,146.58600,431748.0
2024.08.11 00:00:00,146.54300,149.37600,146.07200,147.59000,299677.0
2024.08.18 00:00:00,147.57700,148.05000,144.04600,144.33600,343041.0
2024.08.25 00:00:00,144.27000,146.24600,143.44700,146.15100,308734.0
2024.09.01 00:00:00,146.06000,147.20600,141.75100,142.25700,340740.0
2024.09.08 00:00:00,142.22000,143.79400,140.28200,140.79300,382523.0
2024.09.15 00:00:00,140.84000,144.49400,139.57800,143.84500,374465.0
2024.09.22 00:00:00,143.89500,146.49200,142.06700,142.16900,361211.0
2024.09.29 00:00:00,142.11600,149.00200,141.64300,148.66100,361336.0
2024.10.06 00:00:00,148.63900,149.60100,147.34400,149.10200,305385.0
2024.10.13 00:00:00,148.95200,150.32100,148.85100,149.48800,243351.0
2024.10.20 00:00:00,149.49000,153.18300,149.08400,152.28700,277581.0
2024.10.27 00:00:00,152.89700,153.88100,151.78700,152.95000,321967.0
2024.11.03 00:00:00,152.29200,154.70900,151.28700,152.61800,374056.0
2024.11.10 00:00:00,152.60900,156.74600,152.60600,154.30800,326192.0
2024.11.17 00:00:00,154.20000,155.88500,153.28200,154.70400,358450.0
2024.11.24 00:00:00,154.13300,154.72100,149.46500,149.66000,347995.0
2024.12.01 00:00:00,149.65000,151.22600,148.64000,150.02500,352660.0
2024.12.08 00:00:00,149.88700,153.79900,149.69100,153.60600,306357.0
2024.12.15 00:00:00,153.56100,157.92300,153.16000,156.42300,317140.0
2024.12.22 00:00:00,156.31200,158.08200,156.28800,157.78500,182918.0
2024.12.29 00:00:00,157.72500,158.07300,156.02000,157.26100,215959.0
2025.01.05 00:00:00,157.13000,158.87600,156.24100,157.69500,283032.0
2025.01.12 00:00:00,157.77000,158.19700,154.98000,156.25900,303812.0
2025.01.19 00:00:00,156.26000,156.75000,154.77000,155.96300,308389.0
2025.01.26 00:00:00,155.48800,156.24600,153.71200,155.18000,346379.0
2025.02.02 00:00:00,154.80300,155.88600,150.93100,151.38900,357361.0
2025.02.09 00:00:00,151.30500,154.79800,151.21000,152.27900,304330.0
2025.02.16 00:00:00,152.45200,152.45200,148.92200,149.24700,286909.0
2025.02.23 00:00:00,149.12200,150.98700,148.56100,150.60800,373892.0
2025.03.02 00:00:00,150.62700,151.30100,146.94100,148.03500,455560.0
2025.03.09 00:00:00,147.58600,149.19200,146.54100,148.62100,356159.0
2025.03.16 00:00:00,148.71700,150.14600,148.18000,149.29800,288531.0
2025.03.23 00:00:00,149.34700,151.20100,149.34700,149.81900,451715.0
2025.03.30 00:00:00,149.77000,150.48100,144.54200,146.94500,717692.0
2025.04.06 00:00:00,145.44000,148.26700,142.05900,143.44300,994287.0
2025.04.13 00:00:00,143.92000,144.07200,141.60400,142.07400,604840.0
2025.04.20 00:00:00,142.11100,144.02200,139.87700,143.62100,553289.0
2025.04.27 00:00:00,143.61000,145.91100,141.92600,144.93000,499823.0
2025.05.04 00:00:00,144.66400,146.18100,142.34400,145.35900,476069.0
2025.05.11 00:00:00,146.33700,148.63800,144.91300,145.61900,480247.0
2025.05.18 00:00:00,145.21300,145.50500,142.41100,142.55500,488998.0
2025.05.25 00:00:00,142.43600,146.27600,142.10600,144.00700,446854.0
2025.06.01 00:00:00,143.77500,145.07900,142.37200,144.80200,444769.0
2025.06.08 00:00:00,144.82100,145.45800,142.78700,144.05300,449666.0
2025.06.15 00:00:00,144.02800,146.20700,143.64300,146.05400,419431.0
2025.06.22 00:00:00,146.69000,148.01600,143.74200,144.62600,441068.0
2025.06.29 00:00:00,144.29300,145.22300,142.67300,144.41600,333226.0
2025.07.06 00:00:00,144.37800,147.51400,144.21400,147.40200,367488.0
2025.07.13 00:00:00,147.11200,149.17700,146.84800,148.80900,363567.0
2025.07.20 00:00:00,147.87700,148.65400,145.84700,147.64600,370468.0
2025.07.27 00:00:00,147.67400,150.91100,147.28400,147.34200,413718.0
2025.08.03 00:00:00,147.24100,148.08700,146.61800,147.65600,311792.0
2025.08.10 00:00:00,147.47600,148.51100,146.20700,147.14500,358348.0
2025.08.17 00:00:00,147.14700,148.76900,146.57000,146.91300,325368.0
2025.08.24 00:00:00,146.84100,148.17400,146.65300,146.97000,348132.0
2025.08.31 00:00:00,147.04200,149.12900,146.77800,147.36500,319078.0
2025.09.07 00:00:00,148.11600,148.57500,146.31000,147.63200,205618.0
2025.09.14 00:00:00,147.50100,148.28100,145.48200,147.95100,228978.0
2025.09.21 00:00:00,147.85600,149.95400,147.46000,149.49800,205610.0
2025.09.28 00:00:00,149.40600,149.51400,146.58900,147.48100,204954.0
2025.10.05 00:00:00,149.43900,153.27200,149.00400,151.16100,247356.0
2025.10.12 00:00:00,151.82100,152.61300,149.37800,150.62600,302384.0
2025.10.19 00:00:00,150.37800,153.06100,150.27500,152.87400,232191.0
2025.10.26 00:00:00,153.02400,154.44400,151.53900,153.97100,251388.0
2025.11.02 00:00:00,153.97600,154.48100,152.82000,153.40600,227141.0
2025.11.09 00:00:00,153.65600,155.04600,153.42100,154.52500,239549.0
2025.11.16 00:00:00,154.50100,157.89000,154.41600,156.35300,275054.0
2025.11.23 00:00:00,156.30100,157.18700,155.65000,156.13400,224685.0
2025.11.30 00:00:00,156.05300,156.17700,154.34100,155.32800,265271.0
2025.12.07 00:00:00,155.13700,156.95200,154.90100,155.80900,239702.0
2025.12.14 00:00:00,155.78600,157.77400,154.39700,157.70400,235064.0
2025.12.21 00:00:00,157.67500,157.70400,155.55000,156.52500,158149.0
2025.12.28 00:00:00,156.43100,156.99700,155.74300,156.82300,149953.0
2026.01.04 00:00:00,156.68800,158.18300,156.11500,157.91200,225599.0
2026.01.11 00:00:00,158.05600,159.45100,157.52200,158.04200,217796.0
2026.01.18 00:00:00,157.87800,159.22400,155.60500,155.71300,263618.0
2026.01.25 00:00:00,154.65500,155.34500,152.09300,154.77100,322043.0
2026.02.01 00:00:00,154.83800,157.33600,154.55100,157.23700,293297.0
2026.02.08 00:00:00,157.53400,157.65900,152.27000,152.66700,288748.0
2026.02.15 00:00:00,152.63400,155.64400,152.54400,155.06500,237595.0
2026.02.22 00:00:00,154.84700,156.82300,153.99800,156.03000,220525.0
2026.03.01 00:00:00,155.90400,158.09000,155.88000,157.80100,405222.0
2026.03.08 00:00:00,158.08300,159.75100,157.27400,159.71300,1567634.0
2026.03.15 00:00:00,159.57100,159.89600,157.50800,159.22400,740458.0
2026.03.22 00:00:00,159.27600,160.41100,158.01900,160.25400,597309.0
2026.03.29 00:00:00,160.10800,160.45900,158.27400,159.67200,453388.0
2026.04.05 00:00:00,159.52700,160.02800,157.88700,159.29200,431910.0
2026.04.12 00:00:00,159.60800,159.86000,157.58800,158.63400,400773.0
2026.04.19 00:00:00,158.73200,159.84400,158.55100,159.35600,435642.0
2026.04.26 00:00:00,159.59000,160.72300,155.48900,157.03400,510310.0
2026.05.03 00:00:00,156.70500,157.93200,155.03000,156.67600,515017.0
2026.05.10 00:00:00,156.43200,158.84200,156.41500,158.77100,340498.0
2026.05.17 00:00:00,158.55100,159.34700,158.53000,159.20000,395642.0
2026.05.24 00:00:00,158.74100,159.65100,158.74100,159.27700,276598.0
2026.05.31 00:00:00,159.35000,160.34200,159.29600,160.32100,300917.0
2026.06.07 00:00:00,160.11000,160.59600,159.54100,160.22100,370987.0
2026.06.14 00:00:00,160.11300,161.81000,159.73500,161.30800,829095.0
2026.06.21 00:00:00,161.21900,161.94900,161.07400,161.75700,815185.0
2026.06.28 00:00:00,161.71300,162.83900,160.48200,161.29400,949230.0
2026.07.05 00:00:00,161.27300,162.70800,161.27300,161.69700,805858.0
2026.07.12 00:00:00,161.67200,162.54600,161.60600,162.39300,957725.0
2026.07.19 00:00:00,162.40700,163.98800,162.20400,163.84900,670380.0
2026.07.26 00:00:00,163.54300,163.94900,157.23300,157.31200,1294667.0
2026.08.02 00:00:00,157.14300,158.57300,155.22700,157.79800,1194540.0
