time,open,high,low,close,tick_volume,spread,real_volume,time_iso
31708800,0.5369,0.5371,0.5365,0.5371,5,50,0,1971-01-03
32313600,0.5371,0.5376,0.5371,0.5376,5,50,0,1971-01-10
32918400,0.5379,0.5386,0.5377,0.5386,5,50,0,1971-01-17
33523200,0.5385,0.5388,0.5385,0.5387,5,50,0,1971-01-24
34128000,0.5386,0.5389,0.5384,0.5384,5,50,0,1971-01-31
34732800,0.5385,0.5386,0.5381,0.5381,4,50,0,1971-02-07
35337600,0.5385,0.5387,0.5384,0.5385,4,50,0,1971-02-14
35942400,0.5388,0.5389,0.5379,0.5379,5,50,0,1971-02-21
36547200,0.5383,0.539,0.5382,0.5386,5,50,0,1971-02-28
37152000,0.5385,0.5388,0.5384,0.5385,5,50,0,1971-03-07
37756800,0.5384,0.5387,0.5384,0.5387,5,50,0,1971-03-14
38361600,0.5387,0.5387,0.5386,0.5387,5,50,0,1971-03-21
38966400,0.5384,0.5389,0.5384,0.5389,5,50,0,1971-03-28
39571200,0.5385,0.5387,0.5385,0.5387,5,50,0,1971-04-04
40176000,0.5381,0.5382,0.5377,0.5377,5,50,0,1971-04-11
40780800,0.5367,0.5381,0.5367,0.5373,5,50,0,1971-04-18
41385600,0.5375,0.5384,0.5375,0.5384,5,50,0,1971-04-25
41990400,0.5385,0.5479,0.5385,0.5479,5,50,0,1971-05-02
42595200,0.5525,0.5525,0.548,0.5515,5,50,0,1971-05-09
43200000,0.5513,0.5586,0.5513,0.5586,5,50,0,1971-05-16
43804800,0.5573,0.5573,0.5514,0.5514,5,50,0,1971-05-23
44409600,0.5478,0.5545,0.5478,0.5545,4,50,0,1971-05-30
45014400,0.5554,0.5577,0.5554,0.5577,5,50,0,1971-06-06
45619200,0.5577,0.5582,0.5577,0.5579,5,50,0,1971-06-13
46224000,0.558,0.5598,0.558,0.5586,5,50,0,1971-06-20
46828800,0.5582,0.5592,0.5582,0.5587,5,50,0,1971-06-27
47433600,0.5587,0.5588,0.5586,0.5588,4,50,0,1971-07-04
48038400,0.5586,0.5628,0.5586,0.5628,5,50,0,1971-07-11
48643200,0.5632,0.5646,0.5628,0.5646,5,50,0,1971-07-18
49248000,0.5644,0.5651,0.5644,0.5651,5,50,0,1971-07-25
49852800,0.5649,0.5676,0.5649,0.5676,5,50,0,1971-08-01
50457600,0.5737,0.5775,0.5736,0.5773,5,50,0,1971-08-08
51667200,0.5708,0.5773,0.5708,0.5751,5,50,0,1971-08-22
52272000,0.575,0.5772,0.575,0.5772,5,50,0,1971-08-29
52876800,0.5769,0.5777,0.5764,0.5777,4,50,0,1971-09-05
53481600,0.5778,0.5811,0.5778,0.5811,5,50,0,1971-09-12
54086400,0.5863,0.5907,0.5842,0.5901,5,50,0,1971-09-19
54691200,0.5903,0.5904,0.5889,0.5889,5,50,0,1971-09-26
55296000,0.5882,0.5901,0.5882,0.5899,5,50,0,1971-10-03
55900800,0.5883,0.5883,0.5859,0.5863,4,50,0,1971-10-10
56505600,0.5886,0.5895,0.5865,0.5865,5,50,0,1971-10-17
57110400,0.587,0.587,0.5858,0.5858,4,50,0,1971-10-24
57715200,0.5865,0.5865,0.5858,0.5859,4,50,0,1971-10-31
58320000,0.5852,0.5855,0.5841,0.5855,5,50,0,1971-11-07
58924800,0.5857,0.5865,0.5849,0.5865,5,50,0,1971-11-14
59529600,0.5874,0.5912,0.5874,0.5912,4,50,0,1971-11-21
60134400,0.5908,0.5981,0.5904,0.5981,5,50,0,1971-11-28
60739200,0.6016,0.6016,0.5967,0.5967,5,50,0,1971-12-05
61344000,0.5971,0.6011,0.5971,0.6,5,50,0,1971-12-12
61948800,0.6001,0.6001,0.5985,0.5985,4,50,0,1971-12-19
62553600,0.5971,0.5982,0.5961,0.5981,5,50,0,1971-12-26
63158400,0.5977,0.5994,0.5976,0.5994,5,50,0,1972-01-02
63763200,0.6012,0.6086,0.6012,0.6086,5,50,0,1972-01-09
64368000,0.6095,0.6095,0.6073,0.6075,5,50,0,1972-01-16
64972800,0.6093,0.6098,0.609,0.609,5,50,0,1972-01-23
65577600,0.6092,0.6143,0.6092,0.6107,5,50,0,1972-01-30
66182400,0.6111,0.6134,0.6111,0.6131,5,50,0,1972-02-06
66787200,0.6139,0.6197,0.6139,0.6164,5,50,0,1972-02-13
67392000,0.6156,0.6164,0.6124,0.6124,4,50,0,1972-02-20
67996800,0.6134,0.6149,0.6134,0.6143,5,50,0,1972-02-27
68601600,0.616,0.6196,0.616,0.6192,5,50,0,1972-03-05
69206400,0.6189,0.6189,0.5965,0.5965,5,50,0,1972-03-12
69811200,0.6163,0.617,0.6146,0.6146,5,50,0,1972-03-19
70416000,0.6165,0.6174,0.6165,0.6174,5,50,0,1972-03-26
71020800,0.6175,0.6175,0.6163,0.6163,5,50,0,1972-04-02
71625600,0.6163,0.6168,0.6155,0.6155,5,50,0,1972-04-09
72230400,0.6155,0.6155,0.612,0.6136,5,50,0,1972-04-16
72835200,0.6158,0.6158,0.615,0.615,5,50,0,1972-04-23
73440000,0.6151,0.6154,0.6145,0.6151,5,50,0,1972-04-30
74044800,0.6148,0.6163,0.6148,0.6153,5,50,0,1972-05-07
74649600,0.6145,0.6151,0.6139,0.6147,5,50,0,1972-05-14
75254400,0.6151,0.6156,0.6147,0.6153,55,50,0,1972-05-21
75859200,0.6159,0.6159,0.6155,0.6155,34,50,0,1972-05-28
76464000,0.6155,0.6165,0.6154,0.6163,135,50,0,1972-06-04
77068800,0.6175,0.6186,0.6172,0.6173,225,50,0,1972-06-11
77673600,0.6166,0.6221,0.6128,0.6212,515,50,0,1972-06-18
78278400,0.6214,0.6219,0.617,0.6206,745,50,0,1972-06-25
78883200,0.6208,0.6209,0.6198,0.6206,114,50,0,1972-07-02
79488000,0.6201,0.6213,0.6197,0.6207,265,50,0,1972-07-09
80092800,0.621,0.621,0.6166,0.6172,255,50,0,1972-07-16
80697600,0.6166,0.6167,0.6155,0.6159,205,50,0,1972-07-23
81302400,0.6159,0.6159,0.6147,0.6154,25,50,0,1972-07-30
81907200,0.6157,0.6157,0.6139,0.6142,55,50,0,1972-08-06
82512000,0.6145,0.6148,0.6119,0.612,245,50,0,1972-08-13
83116800,0.6114,0.614,0.6114,0.6123,285,50,0,1972-08-20
83721600,0.6129,0.6137,0.6125,0.6129,165,50,0,1972-08-27
84326400,0.6133,0.6144,0.6131,0.6138,114,50,0,1972-09-03
84931200,0.6132,0.6137,0.6125,0.6125,85,50,0,1972-09-10
85536000,0.6115,0.6126,0.6115,0.6125,85,50,0,1972-09-17
86140800,0.612,0.6121,0.6104,0.6104,65,50,0,1972-09-24
86745600,0.6086,0.6117,0.6084,0.6115,365,50,0,1972-10-01
87350400,0.6108,0.6112,0.6089,0.6089,154,50,0,1972-10-08
87955200,0.6093,0.6112,0.6091,0.61,475,50,0,1972-10-15
88560000,0.6083,0.6101,0.6083,0.6099,154,50,0,1972-10-22
89164800,0.6103,0.6112,0.6101,0.6112,95,50,0,1972-10-29
89769600,0.6104,0.6104,0.6095,0.6095,64,50,0,1972-11-05
90374400,0.6093,0.6098,0.6092,0.6094,165,50,0,1972-11-12
90979200,0.6101,0.6105,0.6101,0.6105,4,50,0,1972-11-19
91584000,0.6117,0.6134,0.6114,0.6133,225,50,0,1972-11-26
92188800,0.6123,0.6125,0.6116,0.6119,5,50,0,1972-12-03
92793600,0.6117,0.6119,0.6107,0.6109,75,50,0,1972-12-10
93398400,0.6104,0.6117,0.6102,0.6113,105,50,0,1972-12-17
94003200,0.6109,0.6109,0.6106,0.6108,4,50,0,1972-12-24
94608000,0.61,0.6106,0.61,0.6101,44,50,0,1972-12-31
95212800,0.6098,0.6111,0.6098,0.6099,145,50,0,1973-01-07
95817600,0.609,0.609,0.6085,0.6087,35,50,0,1973-01-14
96422400,0.6127,0.6152,0.6112,0.6146,405,50,0,1973-01-21
97027200,0.6182,0.6207,0.6181,0.619,265,50,0,1973-01-28
97632000,0.6205,0.6229,0.6202,0.6218,465,50,0,1973-02-04
98236800,0.6603,0.6623,0.6602,0.6602,164,50,0,1973-02-11
98841600,0.659,0.6857,0.659,0.6824,1714,50,0,1973-02-18
99446400,0.678,0.7118,0.6775,0.709,4505,50,0,1973-02-25
100051200,0.6958,0.7053,0.6955,0.7034,1775,50,0,1973-03-04
100656000,0.7,0.7001,0.6892,0.69,785,50,0,1973-03-11
101260800,0.6926,0.6929,0.6915,0.6923,335,50,0,1973-03-18
101865600,0.6934,0.6941,0.6882,0.6884,325,50,0,1973-03-25
102470400,0.6848,0.6915,0.684,0.6886,335,50,0,1973-04-01
103075200,0.6879,0.6914,0.6878,0.6907,215,50,0,1973-04-08
103680000,0.6872,0.6931,0.6845,0.6912,1335,50,0,1973-04-15
104284800,0.691,0.691,0.6878,0.6888,215,50,0,1973-04-22
104889600,0.6892,0.6892,0.6872,0.6872,55,50,0,1973-04-29
105494400,0.6855,0.6904,0.6855,0.6902,375,50,0,1973-05-06
106099200,0.7001,0.7119,0.6978,0.7088,2215,50,0,1973-05-13
106704000,0.7137,0.714,0.7081,0.7081,655,50,0,1973-05-20
107308800,0.7138,0.7315,0.7136,0.7307,1144,50,0,1973-05-27
107913600,0.7499,0.7516,0.7375,0.7461,1575,50,0,1973-06-03
108518400,0.7434,0.7596,0.7432,0.7585,1605,50,0,1973-06-10
109123200,0.7642,0.7662,0.7613,0.7656,985,50,0,1973-06-17
109728000,0.7659,0.8049,0.7659,0.8039,3095,50,0,1973-06-24
110332800,0.8146,0.8645,0.8143,0.8574,6334,50,0,1973-07-01
110937600,0.8362,0.8391,0.8126,0.8203,2675,50,0,1973-07-08
111542400,0.8299,0.8516,0.8285,0.848,1795,50,0,1973-07-15
112147200,0.8491,0.8604,0.8481,0.8502,2805,50,0,1973-07-22
112752000,0.8383,0.8421,0.8304,0.8313,1225,50,0,1973-07-29
113356800,0.8195,0.8263,0.8134,0.8134,675,50,0,1973-08-05
113961600,0.8114,0.8117,0.7881,0.7895,1575,50,0,1973-08-12
114566400,0.8094,0.8102,0.7884,0.7948,985,50,0,1973-08-19
115171200,0.7914,0.8016,0.7914,0.7944,345,50,0,1973-08-26
115776000,0.7978,0.8087,0.7966,0.8085,634,50,0,1973-09-02
116380800,0.8045,0.8045,0.7995,0.8013,655,50,0,1973-09-09
116985600,0.8111,0.8189,0.8077,0.8082,935,50,0,1973-09-16
117590400,0.8093,0.811,0.8083,0.8101,455,50,0,1973-09-23
118195200,0.8108,0.8112,0.8079,0.8092,465,50,0,1973-09-30
118800000,0.8106,0.8193,0.8106,0.8136,1394,50,0,1973-10-07
119404800,0.8117,0.8185,0.8105,0.8106,575,50,0,1973-10-14
120009600,0.8139,0.8151,0.805,0.8052,684,50,0,1973-10-21
120614400,0.7996,0.8011,0.7973,0.7995,1055,50,0,1973-10-28
121219200,0.7889,0.7889,0.7603,0.7603,994,50,0,1973-11-04
121824000,0.7455,0.7577,0.7455,0.756,1775,50,0,1973-11-11
122428800,0.7575,0.7582,0.7334,0.7341,544,50,0,1973-11-18
123033600,0.7386,0.7527,0.7379,0.7455,1265,50,0,1973-11-25
123638400,0.7446,0.7446,0.7385,0.7426,505,50,0,1973-12-02
124243200,0.7385,0.7423,0.7383,0.7383,255,50,0,1973-12-09
124848000,0.7363,0.7369,0.732,0.732,505,50,0,1973-12-16
125452800,0.7316,0.7316,0.7237,0.7237,94,50,0,1973-12-23
126057600,0.7232,0.7233,0.7038,0.7042,634,50,0,1973-12-30
126662400,0.6777,0.7093,0.6774,0.7037,2865,50,0,1974-01-06
127267200,0.695,0.6974,0.6881,0.6952,1435,50,0,1974-01-13
127872000,0.6912,0.6933,0.6817,0.6881,2445,50,0,1974-01-20
128476800,0.687,0.7107,0.6833,0.7064,4475,50,0,1974-01-27
129081600,0.7118,0.7129,0.7076,0.7098,1275,50,0,1974-02-03
129686400,0.7162,0.7181,0.715,0.7178,684,50,0,1974-02-10
130291200,0.7258,0.7363,0.7256,0.7361,754,50,0,1974-02-17
130896000,0.7306,0.7351,0.729,0.729,515,50,0,1974-02-24
131500800,0.7301,0.7376,0.7301,0.7371,455,50,0,1974-03-03
132105600,0.7396,0.7402,0.7347,0.738,1105,50,0,1974-03-10
132710400,0.7392,0.7665,0.7388,0.758,1315,50,0,1974-03-17
133315200,0.7715,0.7817,0.7625,0.7728,1945,50,0,1974-03-24
133920000,0.7683,0.7716,0.7648,0.7709,335,50,0,1974-03-31
134524800,0.7671,0.7685,0.7575,0.7669,1475,50,0,1974-04-07
135129600,0.7657,0.7739,0.7642,0.7734,425,50,0,1974-04-14
135734400,0.7786,0.7933,0.7766,0.7923,1315,50,0,1974-04-21
136339200,0.7987,0.7989,0.793,0.7951,1585,50,0,1974-04-28
136944000,0.8026,0.8093,0.7973,0.8092,985,50,0,1974-05-05
137548800,0.8164,0.8164,0.795,0.7996,2875,50,0,1974-05-12
138153600,0.7883,0.7952,0.7872,0.7896,1475,50,0,1974-05-19
138758400,0.7811,0.7811,0.7657,0.7747,234,50,0,1974-05-26
139363200,0.7778,0.7896,0.7774,0.7862,325,50,0,1974-06-02
139968000,0.7806,0.7819,0.7725,0.777,775,50,0,1974-06-09
140572800,0.7767,0.7776,0.7682,0.7686,975,50,0,1974-06-16
141177600,0.7576,0.7693,0.7569,0.7675,1575,50,0,1974-06-23
141782400,0.7632,0.7701,0.7632,0.7676,404,50,0,1974-06-30
142387200,0.7667,0.7668,0.7633,0.7655,285,50,0,1974-07-07
142992000,0.7684,0.769,0.7648,0.7668,995,50,0,1974-07-14
143596800,0.7677,0.7798,0.7625,0.763,1075,50,0,1974-07-21
144201600,0.7606,0.7616,0.7558,0.7609,795,50,0,1974-07-28
144806400,0.7615,0.7616,0.7528,0.7551,1375,50,0,1974-08-04
145411200,0.7522,0.7522,0.7436,0.7438,475,50,0,1974-08-11
146016000,0.74,0.7433,0.7395,0.7408,515,50,0,1974-08-18
146620800,0.7427,0.743,0.7342,0.735,495,50,0,1974-08-25
147225600,0.7359,0.7375,0.7311,0.7317,974,50,0,1974-09-01
147830400,0.7328,0.7361,0.7323,0.7334,625,50,0,1974-09-08
148435200,0.7341,0.7395,0.7337,0.7351,735,50,0,1974-09-15
149040000,0.737,0.7377,0.7332,0.7358,895,50,0,1974-09-22
149644800,0.7375,0.7475,0.7365,0.7464,1135,50,0,1974-09-29
150249600,0.7493,0.765,0.7491,0.7521,715,50,0,1974-10-06
150854400,0.7565,0.7588,0.7557,0.7583,634,50,0,1974-10-13
151459200,0.755,0.7604,0.7549,0.7581,855,50,0,1974-10-20
152064000,0.7592,0.762,0.758,0.7619,175,50,0,1974-10-27
152668800,0.7653,0.771,0.7653,0.7667,175,50,0,1974-11-03
153273600,0.7624,0.7797,0.7621,0.7797,604,50,0,1974-11-10
153878400,0.7992,0.8021,0.7739,0.7879,2415,50,0,1974-11-17
154483200,0.7955,0.7969,0.7895,0.7903,1454,50,0,1974-11-24
155088000,0.7831,0.7921,0.7821,0.7881,455,50,0,1974-12-01
155692800,0.7911,0.7968,0.7901,0.7957,705,50,0,1974-12-08
156297600,0.801,0.8079,0.799,0.8026,475,50,0,1974-12-15
156902400,0.8024,0.8096,0.8011,0.8091,1154,50,0,1974-12-22
157507200,0.8155,0.8176,0.8091,0.8175,874,50,0,1974-12-29
158112000,0.824,0.824,0.8163,0.82,1305,50,0,1975-01-05
158716800,0.8185,0.8216,0.8142,0.8212,735,50,0,1975-01-12
159321600,0.8281,0.8422,0.8276,0.8422,1545,50,0,1975-01-19
159926400,0.8498,0.8498,0.8336,0.8361,2555,50,0,1975-01-26
160531200,0.8299,0.8304,0.8216,0.8294,955,50,0,1975-02-02
161136000,0.8332,0.844,0.8324,0.8408,1045,50,0,1975-02-09
161740800,0.8443,0.8477,0.8401,0.8469,594,50,0,1975-02-16
162345600,0.8534,0.8586,0.8477,0.8583,1065,50,0,1975-02-23
162950400,0.859,0.859,0.8397,0.8399,625,50,0,1975-03-02
163555200,0.8414,0.8487,0.8398,0.8433,1275,50,0,1975-03-09
164160000,0.8439,0.85,0.8425,0.8427,535,50,0,1975-03-16
164764800,0.838,0.8391,0.8308,0.8337,1295,50,0,1975-03-23
165369600,0.8338,0.8369,0.8221,0.823,915,50,0,1975-03-30
165974400,0.824,0.83,0.8178,0.8191,855,50,0,1975-04-06
166579200,0.816,0.8208,0.8153,0.8202,675,50,0,1975-04-13
167184000,0.8191,0.8281,0.819,0.8199,845,50,0,1975-04-20
167788800,0.8185,0.8237,0.8181,0.8209,215,50,0,1975-04-27
168393600,0.8249,0.833,0.8246,0.829,1465,50,0,1975-05-04
168998400,0.8311,0.8429,0.8267,0.8303,2115,50,0,1975-05-11
169603200,0.8331,0.8403,0.8322,0.8395,1035,50,0,1975-05-18
170208000,0.8383,0.839,0.8347,0.8352,564,50,0,1975-05-25
170812800,0.8364,0.8369,0.8339,0.8339,565,50,0,1975-06-01
171417600,0.8343,0.8398,0.8331,0.8378,1445,50,0,1975-06-08
172022400,0.8396,0.8398,0.8343,0.8348,825,50,0,1975-06-15
172627200,0.834,0.8353,0.8318,0.832,245,50,0,1975-06-22
173232000,0.8299,0.8306,0.8187,0.8192,794,50,0,1975-06-29
173836800,0.8138,0.8179,0.8024,0.8027,1285,50,0,1975-07-06
174441600,0.8014,0.8021,0.7821,0.7825,1905,50,0,1975-07-13
175046400,0.78,0.7801,0.7713,0.7759,1435,50,0,1975-07-20
175651200,0.7662,0.7675,0.7613,0.7617,685,50,0,1975-07-27
176256000,0.764,0.7664,0.7565,0.7577,1395,50,0,1975-08-03
176860800,0.7557,0.7616,0.7544,0.7594,985,50,0,1975-08-10
177465600,0.7618,0.7652,0.761,0.7612,335,50,0,1975-08-17
178070400,0.7571,0.7598,0.7558,0.7573,1355,50,0,1975-08-24
178675200,0.7576,0.7598,0.7567,0.7569,564,50,0,1975-08-31
179280000,0.7577,0.7578,0.7531,0.7531,465,50,0,1975-09-07
179884800,0.7522,0.7527,0.7414,0.7417,785,50,0,1975-09-14
180489600,0.7351,0.7383,0.7321,0.7336,625,50,0,1975-09-21
181094400,0.7326,0.7504,0.7322,0.7436,1095,50,0,1975-09-28
181699200,0.7479,0.7617,0.7479,0.7603,1105,50,0,1975-10-05
182304000,0.7534,0.763,0.7534,0.7602,1424,50,0,1975-10-12
182908800,0.7616,0.7654,0.7612,0.7641,245,50,0,1975-10-19
183513600,0.7615,0.7651,0.7607,0.7646,1085,50,0,1975-10-26
184118400,0.7655,0.7655,0.7598,0.7621,365,50,0,1975-11-02
184723200,0.7626,0.7627,0.7535,0.7538,454,50,0,1975-11-09
185328000,0.7472,0.7553,0.747,0.7506,1195,50,0,1975-11-16
185932800,0.7519,0.7525,0.7449,0.7453,654,50,0,1975-11-23
186537600,0.7478,0.7485,0.7451,0.7457,315,50,0,1975-11-30
187142400,0.7461,0.7461,0.7428,0.7432,225,50,0,1975-12-07
187747200,0.7415,0.7481,0.7411,0.7477,305,50,0,1975-12-14
188352000,0.7472,0.7502,0.7472,0.749,294,50,0,1975-12-21
188956800,0.7469,0.747,0.7464,0.7466,54,50,0,1975-12-28
189561600,0.7526,0.7529,0.7496,0.7509,745,50,0,1976-01-04
190166400,0.7503,0.753,0.7501,0.7521,395,50,0,1976-01-11
190771200,0.7515,0.7518,0.7492,0.7511,165,50,0,1976-01-18
191376000,0.7517,0.7559,0.7516,0.7557,125,50,0,1976-01-25
191980800,0.7615,0.762,0.759,0.7595,325,50,0,1976-02-01
192585600,0.7644,0.772,0.7644,0.7678,294,50,0,1976-02-08
193190400,0.7612,0.7652,0.7612,0.7634,64,50,0,1976-02-15
193795200,0.7646,0.7654,0.7614,0.7614,205,50,0,1976-02-22
194400000,0.7581,0.7613,0.7579,0.7612,135,50,0,1976-02-29
195004800,0.7616,0.7616,0.7581,0.7581,305,50,0,1976-03-07
195609600,0.7597,0.7733,0.7594,0.7733,885,50,0,1976-03-14
196214400,0.7698,0.77,0.7622,0.7665,515,50,0,1976-03-21
196819200,0.7665,0.7742,0.7665,0.769,375,50,0,1976-03-28
197424000,0.7698,0.7722,0.7679,0.7702,175,50,0,1976-04-04
198028800,0.769,0.7719,0.7686,0.7711,285,50,0,1976-04-11
198633600,0.771,0.7717,0.7699,0.7703,355,50,0,1976-04-18
199238400,0.77,0.7717,0.77,0.7712,75,50,0,1976-04-25
199843200,0.7717,0.7723,0.7712,0.7713,295,50,0,1976-05-02
200448000,0.7686,0.7692,0.7634,0.7634,205,50,0,1976-05-09
201052800,0.7566,0.7606,0.7566,0.7573,305,50,0,1976-05-16
201657600,0.7595,0.7596,0.7541,0.7544,235,50,0,1976-05-23
202262400,0.7536,0.7575,0.7532,0.7572,364,50,0,1976-05-30
202867200,0.7596,0.7619,0.7579,0.7593,285,50,0,1976-06-06
203472000,0.7587,0.7602,0.7587,0.7599,75,50,0,1976-06-13
204076800,0.7575,0.7607,0.7574,0.759,315,50,0,1976-06-20
204681600,0.7579,0.76,0.7576,0.7585,215,50,0,1976-06-27
205286400,0.7579,0.7588,0.7578,0.7588,224,50,0,1976-07-04
205891200,0.7578,0.7596,0.7574,0.759,355,50,0,1976-07-11
206496000,0.7593,0.7595,0.7586,0.7589,325,50,0,1976-07-18
207100800,0.7591,0.7693,0.7591,0.7692,195,50,0,1976-07-25
207705600,0.7713,0.7713,0.7686,0.7704,225,50,0,1976-08-01
208310400,0.7681,0.7727,0.768,0.7725,235,50,0,1976-08-08
208915200,0.7733,0.7802,0.7731,0.7765,515,50,0,1976-08-15
209520000,0.7778,0.7778,0.773,0.775,175,50,0,1976-08-22
210124800,0.7745,0.7762,0.7735,0.7754,265,50,0,1976-08-29
210729600,0.7753,0.7798,0.7751,0.7792,234,50,0,1976-09-05
211334400,0.779,0.7895,0.779,0.7893,295,50,0,1976-09-12
211939200,0.7894,0.7915,0.789,0.7903,215,50,0,1976-09-19
212544000,0.793,0.8035,0.7928,0.7991,445,50,0,1976-09-26
213148800,0.7955,0.8019,0.7951,0.8013,245,50,0,1976-10-03
213753600,0.8024,0.8046,0.8005,0.8005,114,50,0,1976-10-10
214358400,0.7993,0.8077,0.7992,0.8077,325,50,0,1976-10-17
214963200,0.8133,0.8163,0.8103,0.815,175,50,0,1976-10-24
215568000,0.811,0.8127,0.8073,0.8073,184,50,0,1976-10-31
216172800,0.8106,0.8107,0.809,0.8101,95,50,0,1976-11-07
216777600,0.8083,0.8089,0.8071,0.8087,365,50,0,1976-11-14
217382400,0.8149,0.8149,0.8128,0.8131,144,50,0,1976-11-21
217987200,0.8136,0.8136,0.8099,0.8126,115,50,0,1976-11-28
218592000,0.8168,0.8168,0.8145,0.8161,325,50,0,1976-12-05
219196800,0.8163,0.82,0.8163,0.8198,185,50,0,1976-12-12
219801600,0.8256,0.8266,0.8253,0.8262,135,50,0,1976-12-19
220406400,0.8282,0.8304,0.8279,0.8287,195,50,0,1976-12-26
221011200,0.8344,0.8357,0.8269,0.8269,725,50,0,1977-01-02
221616000,0.8189,0.8234,0.8166,0.8166,155,50,0,1977-01-09
222220800,0.8162,0.8165,0.8112,0.8138,315,50,0,1977-01-16
222825600,0.8081,0.809,0.8044,0.8047,405,50,0,1977-01-23
223430400,0.8123,0.8123,0.8073,0.8075,415,50,0,1977-01-30
224035200,0.8102,0.8137,0.8078,0.8136,415,50,0,1977-02-06
224640000,0.8173,0.8185,0.8135,0.818,305,50,0,1977-02-13
225244800,0.8179,0.8179,0.8136,0.8169,24,50,0,1977-02-20
225849600,0.8189,0.8191,0.8174,0.8188,105,50,0,1977-02-27
226454400,0.8177,0.8178,0.8152,0.8158,75,50,0,1977-03-06
227059200,0.8169,0.8187,0.8169,0.8184,145,50,0,1977-03-13
227664000,0.819,0.819,0.8179,0.8181,65,50,0,1977-03-20
228268800,0.8198,0.8201,0.8173,0.8175,135,50,0,1977-03-27
228873600,0.8182,0.8206,0.8182,0.8206,15,50,0,1977-04-03
229478400,0.8204,0.8272,0.8204,0.8272,395,50,0,1977-04-10
230083200,0.827,0.827,0.8243,0.8243,75,50,0,1977-04-17
230688000,0.8254,0.8309,0.8247,0.8303,265,50,0,1977-04-24
231292800,0.8304,0.8339,0.8277,0.8331,505,50,0,1977-05-01
231897600,0.8292,0.8292,0.8242,0.8275,245,50,0,1977-05-08
232502400,0.8276,0.8299,0.8276,0.8289,255,50,0,1977-05-15
233107200,0.8273,0.8308,0.8273,0.8296,65,50,0,1977-05-22
233712000,0.829,0.8304,0.8288,0.8296,194,50,0,1977-05-29
234316800,0.8287,0.8295,0.828,0.8294,145,50,0,1977-06-05
234921600,0.8296,0.8311,0.8295,0.8306,95,50,0,1977-06-12
235526400,0.8289,0.8313,0.8285,0.8311,365,50,0,1977-06-19
236131200,0.8307,0.8363,0.8304,0.8355,95,50,0,1977-06-26
236736000,0.8456,0.8498,0.8444,0.8498,194,50,0,1977-07-03
237340800,0.8565,0.8574,0.8534,0.8565,154,50,0,1977-07-10
237945600,0.8632,0.8688,0.8621,0.8661,1315,50,0,1977-07-17
238550400,0.87,0.8708,0.8538,0.8542,395,50,0,1977-07-24
239155200,0.8507,0.8536,0.8505,0.8529,235,50,0,1977-07-31
239760000,0.8455,0.8472,0.838,0.8388,465,50,0,1977-08-07
240364800,0.8376,0.8405,0.8359,0.84,275,50,0,1977-08-14
240969600,0.842,0.8482,0.842,0.8458,185,50,0,1977-08-21
241574400,0.8405,0.844,0.8405,0.8437,395,50,0,1977-08-28
242179200,0.8422,0.844,0.8414,0.8414,34,50,0,1977-09-04
242784000,0.8402,0.8404,0.839,0.8401,195,50,0,1977-09-11
243388800,0.8412,0.8422,0.8402,0.8408,145,50,0,1977-09-18
243993600,0.8408,0.8469,0.839,0.8436,1585,50,0,1977-09-25
244598400,0.8537,0.8539,0.8502,0.8525,175,50,0,1977-10-02
245203200,0.8497,0.8594,0.8495,0.8594,314,50,0,1977-10-09
245808000,0.8637,0.8643,0.8599,0.8602,265,50,0,1977-10-16
246412800,0.8655,0.8658,0.8622,0.8644,305,50,0,1977-10-23
247017600,0.8691,0.8731,0.8663,0.8669,285,50,0,1977-10-30
247622400,0.8648,0.8748,0.8648,0.8727,783,50,0,1977-11-06
248227200,0.8744,0.8779,0.8701,0.8727,1545,50,0,1977-11-13
248832000,0.8736,0.882,0.8736,0.882,34,50,0,1977-11-20
249436800,0.8833,0.8869,0.8793,0.8869,275,50,0,1977-11-27
250041600,0.8938,0.9028,0.8938,0.8954,305,50,0,1977-12-04
250646400,0.8996,0.9182,0.8995,0.9152,855,50,0,1977-12-11
251251200,0.9266,0.9268,0.9092,0.9105,1055,50,0,1977-12-18
251856000,0.9104,0.9328,0.91,0.9324,474,50,0,1977-12-25
252460800,0.9357,0.9478,0.908,0.9194,564,50,0,1978-01-01
253065600,0.9098,0.9255,0.9094,0.9175,845,50,0,1978-01-08
253670400,0.9164,0.9218,0.9161,0.9215,385,50,0,1978-01-15
254275200,0.925,0.9327,0.9234,0.925,1375,50,0,1978-01-22
254880000,0.924,0.9275,0.924,0.927,295,50,0,1978-01-29
255484800,0.9289,0.9289,0.9265,0.9281,835,50,0,1978-02-05
256089600,0.9299,0.9502,0.9299,0.9499,1325,50,0,1978-02-12
256694400,0.959,0.968,0.9506,0.9533,1865,50,0,1978-02-19
257299200,0.9556,0.973,0.9535,0.9665,1225,50,0,1978-02-26
257904000,0.9638,0.9708,0.9491,0.9501,705,50,0,1978-03-05
258508800,0.9551,0.9609,0.9539,0.9563,465,50,0,1978-03-12
259113600,0.9579,0.96,0.956,0.9598,385,50,0,1978-03-19
259718400,0.9608,0.979,0.959,0.9788,1225,50,0,1978-03-26
260323200,0.9742,0.9746,0.965,0.9698,2045,50,0,1978-04-02
260928000,0.9744,0.9746,0.9625,0.9625,535,50,0,1978-04-09
261532800,0.9566,0.9566,0.939,0.9417,2525,50,0,1978-04-16
262137600,0.941,0.9484,0.9391,0.9431,165,50,0,1978-04-23
262742400,0.9445,0.9454,0.9392,0.9425,325,50,0,1978-04-30
263347200,0.9354,0.936,0.926,0.9265,315,50,0,1978-05-07
263952000,0.9231,0.9286,0.9169,0.9206,775,50,0,1978-05-14
264556800,0.9203,0.9224,0.9165,0.9221,635,50,0,1978-05-21
265161600,0.9241,0.9394,0.9241,0.9394,1245,50,0,1978-05-28
265766400,0.9337,0.9378,0.9336,0.9373,355,50,0,1978-06-04
266371200,0.9407,0.9407,0.9335,0.9353,225,50,0,1978-06-11
266976000,0.9352,0.9431,0.9352,0.9418,205,50,0,1978-06-18
267580800,0.9418,0.9441,0.9396,0.9439,385,50,0,1978-06-25
268185600,0.9469,0.9519,0.9456,0.9504,545,50,0,1978-07-02
268790400,0.9564,0.9564,0.9495,0.9496,185,50,0,1978-07-09
269395200,0.9449,0.9527,0.9447,0.9526,185,50,0,1978-07-16
270000000,0.9564,0.957,0.9488,0.957,745,50,0,1978-07-23
270604800,0.9595,0.9632,0.9575,0.9624,675,50,0,1978-07-30
271209600,0.9739,0.9942,0.973,0.994,535,50,0,1978-08-06
271814400,1.0045,1.0053,0.9794,0.9805,655,50,0,1978-08-13
272419200,0.9747,0.979,0.971,0.9712,385,50,0,1978-08-20
273024000,0.9674,0.9892,0.9668,0.9886,845,50,0,1978-08-27
273628800,0.9925,0.9925,0.9751,0.9758,335,50,0,1978-09-03
274233600,0.9775,0.9889,0.9775,0.9889,405,50,0,1978-09-10
274838400,0.9904,1.0019,0.99,1.0012,195,50,0,1978-09-17
275443200,1.0094,1.011,1.0026,1.0083,1305,50,0,1978-09-24
276048000,1.011,1.0301,1.0091,1.028,1215,50,0,1978-10-01
276652800,1.0231,1.0511,1.0231,1.0511,295,50,0,1978-10-08
277257600,1.0524,1.0819,1.0487,1.0813,1865,50,0,1978-10-15
277862400,1.0825,1.1151,1.079,1.1132,1535,50,0,1978-10-22
278467200,1.1347,1.1347,1.0335,1.0343,495,50,0,1978-10-29
279072000,1.0259,1.0421,1.0257,1.0368,835,50,0,1978-11-05
279676800,1.0369,1.0375,1.0158,1.0167,675,50,0,1978-11-12
280281600,1.0125,1.0176,1.0125,1.0133,265,50,0,1978-11-19
280886400,1.0144,1.0176,1.0021,1.0113,3825,50,0,1978-11-26
281491200,1.0209,1.0226,1.0195,1.0224,295,50,0,1978-12-03
282096000,1.0277,1.0333,1.0253,1.0333,835,50,0,1978-12-10
282700800,1.0517,1.0621,1.051,1.0529,625,50,0,1978-12-17
283305600,1.0547,1.0745,1.0513,1.0744,2274,50,0,1978-12-24
283910400,1.0747,1.0759,1.0565,1.0567,704,50,0,1978-12-31
284515200,1.0622,1.0625,1.0513,1.054,535,50,0,1979-01-07
285120000,1.0519,1.0651,1.0518,1.0615,375,50,0,1979-01-14
285724800,1.0605,1.0605,1.0538,1.0543,295,50,0,1979-01-21
286329600,1.0513,1.0516,1.0368,1.0371,435,50,0,1979-01-28
286934400,1.0486,1.0638,1.0484,1.0583,1105,50,0,1979-02-04
287539200,1.0596,1.0596,1.0527,1.0541,215,50,0,1979-02-11
288144000,1.055,1.0576,1.053,1.0576,125,50,0,1979-02-18
288748800,1.0589,1.0589,1.0532,1.0532,245,50,0,1979-02-25
289353600,1.0514000000000001,1.0567,1.0514000000000001,1.0557,165,50,0,1979-03-04
289958400,1.0548,1.0548,1.0491,1.0491,55,50,0,1979-03-11
290563200,1.0502,1.0502,1.0478,1.0478,275,50,0,1979-03-18
291168000,1.0528,1.0528,1.047,1.047,115,50,0,1979-03-25
291772800,1.0382,1.0394,1.0328,1.0331,275,50,0,1979-04-01
292377600,1.0264,1.033,1.0263,1.0277,325,50,0,1979-04-08
292982400,1.0267,1.033,1.0265,1.0277,205,50,0,1979-04-15
293587200,1.029,1.034,1.029,1.0313,225,50,0,1979-04-22
294192000,1.0304,1.0319,1.0285,1.0298,115,50,0,1979-04-29
294796800,1.0315,1.0326,1.0288,1.0292,665,50,0,1979-05-06
295401600,1.029,1.029,1.0183,1.0183,985,50,0,1979-05-13
296006400,1.0184,1.0225,1.0184,1.0197,205,50,0,1979-05-20
296611200,1.0194,1.0246,1.0186,1.0198,55,50,0,1979-05-27
297216000,1.0225,1.0237,1.0198,1.0234,855,50,0,1979-06-03
297820800,1.0222,1.0351,1.0219,1.0349,245,50,0,1979-06-10
298425600,1.0347,1.0539,1.0346,1.0539,885,50,0,1979-06-17
299030400,1.0629,1.0649,1.0569,1.0646,195,50,0,1979-06-24
299635200,1.0617,1.0679,1.0617,1.0647,165,50,0,1979-07-01
300240000,1.0619,1.072,1.0619,1.0718,305,50,0,1979-07-08
300844800,1.0747,1.0833,1.0741,1.0758,665,50,0,1979-07-15
301449600,1.0796000000000001,1.0836,1.0745,1.075,1345,50,0,1979-07-22
302054400,1.0666,1.0693,1.0665,1.0674,335,50,0,1979-07-29
302659200,1.0689,1.0733,1.0679,1.0733,145,50,0,1979-08-05
303264000,1.0705,1.0705,1.0667,1.0669,275,50,0,1979-08-12
303868800,1.0676,1.07,1.0669,1.07,245,50,0,1979-08-19
304473600,1.0687,1.0722,1.0681,1.0719,125,50,0,1979-08-26
305078400,1.0728,1.0817,1.0725,1.0815,395,50,0,1979-09-02
305683200,1.0807,1.0811,1.0775,1.0789,385,50,0,1979-09-09
306288000,1.0794,1.1104,1.0791,1.1094,1115,50,0,1979-09-16
306892800,1.105,1.1272,1.1039,1.1231,2665,50,0,1979-09-23
307497600,1.1254,1.1259000000000001,1.1089,1.1132,975,50,0,1979-09-30
308102400,1.1005,1.1024,1.0865,1.0911,3055,50,0,1979-10-07
308707200,1.0887,1.0902,1.0836,1.0875,1535,50,0,1979-10-14
309312000,1.0846,1.0856,1.0814,1.0836999999999999,515,50,0,1979-10-21
309916800,1.0801,1.0935,1.0792,1.0925,835,50,0,1979-10-28
310521600,1.0908,1.0948,1.0895,1.0895,525,50,0,1979-11-04
311126400,1.0864,1.1024,1.0864,1.1,1005,50,0,1979-11-11
311731200,1.1107,1.1131,1.1089,1.1114,634,50,0,1979-11-18
312336000,1.1185,1.1323,1.1179000000000001,1.1311,825,50,0,1979-11-25
312940800,1.1446,1.145,1.115,1.115,2895,50,0,1979-12-02
313545600,1.1182,1.129,1.1167,1.1251,1985,50,0,1979-12-09
314150400,1.1251,1.131,1.1242,1.1263,745,50,0,1979-12-16
314755200,1.1279,1.1398,1.1269,1.1326,704,50,0,1979-12-23
315360000,1.1338,1.1457,1.1333,1.1424,1654,50,0,1979-12-30
315964800,1.1453,1.1453,1.1359,1.1374,1595,50,0,1980-01-06
316569600,1.1377,1.1378,1.1316,1.1337,605,50,0,1980-01-13
317174400,1.1304,1.1308,1.1263,1.1264,755,50,0,1980-01-20
317779200,1.1256,1.1292,1.1212,1.1214,1495,50,0,1980-01-27
318384000,1.1228,1.1285,1.1222,1.124,275,50,0,1980-02-03
318988800,1.1247,1.1274,1.1229,1.1245,695,50,0,1980-02-10
319593600,1.1185,1.1198,1.1117,1.1118,214,50,0,1980-02-17
320198400,1.1104,1.1127,1.1007,1.1008,775,50,0,1980-02-24
320803200,1.0967,1.0967,1.0884,1.0886,775,50,0,1980-03-02
321408000,1.0813,1.0819,1.0662,1.0669,575,50,0,1980-03-09
322012800,1.0436,1.049,1.0414,1.0421,525,50,0,1980-03-16
322617600,1.0361,1.0363,1.0123,1.0128,365,50,0,1980-03-23
323222400,1.001,1.0024,0.9911,0.9929,2175,50,0,1980-03-30
323827200,0.9899,1.0427,0.9895,1.0426,1675,50,0,1980-04-06
324432000,1.0441,1.0612,1.0288,1.0539,3305,50,0,1980-04-13
325036800,1.0579,1.0788,1.0502,1.0786,1905,50,0,1980-04-20
325641600,1.0879,1.0897000000000001,1.0723,1.0735,745,50,0,1980-04-27
326246400,1.0896,1.0954,1.0791,1.0799,515,50,0,1980-05-04
326851200,1.092,1.0934,1.0902,1.0903,315,50,0,1980-05-11
327456000,1.0852,1.0997,1.0849,1.0997,195,50,0,1980-05-18
328060800,1.1096,1.1098,1.0996,1.1006,804,50,0,1980-05-25
328665600,1.0967,1.1041,1.0965,1.104,1215,50,0,1980-06-01
329270400,1.1101,1.1159,1.1076,1.1152,1505,50,0,1980-06-08
329875200,1.1051,1.1102,1.1033,1.1063,1085,50,0,1980-06-15
330480000,1.1064,1.1126,1.1047,1.1106,1375,50,0,1980-06-22
331084800,1.1091,1.116,1.1086,1.1147,1064,50,0,1980-06-29
331689600,1.1246,1.1255,1.1233,1.1241,765,50,0,1980-07-06
332294400,1.1214,1.1265,1.1191,1.1205,1065,50,0,1980-07-13
332899200,1.1235,1.1274,1.1232,1.125,515,50,0,1980-07-20
333504000,1.1231,1.1279,1.0905,1.0916,4145,50,0,1980-07-27
334108800,1.0995,1.1058,1.0955,1.096,3875,50,0,1980-08-03
334713600,1.0968,1.0999,1.0911,1.093,1135,50,0,1980-08-10
335318400,1.0874,1.0892,1.0817,1.0838,2335,50,0,1980-08-17
335923200,1.0839,1.0946,1.0839,1.0921,1365,50,0,1980-08-24
336528000,1.0994,1.1015,1.0966,1.097,554,50,0,1980-08-31
337132800,1.1006,1.1008,1.0985,1.0988,305,50,0,1980-09-07
337737600,1.0961,1.0981,1.0882,1.091,1635,50,0,1980-09-14
338342400,1.0825,1.0895,1.0798,1.084,2175,50,0,1980-09-21
338947200,1.0783,1.0858,1.0783,1.0825,1415,50,0,1980-09-28
339552000,1.0869,1.0871,1.0835,1.0842,505,50,0,1980-10-05
340156800,1.0836999999999999,1.0836999999999999,1.059,1.0596,1815,50,0,1980-10-12
340761600,1.0491,1.0504,1.0472,1.0481,1205,50,0,1980-10-19
341366400,1.0407,1.0407,1.025,1.0256,1365,50,0,1980-10-26
341971200,1.0226,1.0247,0.9987,1.0019,2994,50,0,1980-11-02
342576000,1.032,1.0355,1.0259,1.026,2264,50,0,1980-11-09
343180800,1.013,1.0311,1.0129,1.0198,1695,50,0,1980-11-16
343785600,1.0202,1.0234,1.0146,1.0152,1224,50,0,1980-11-23
344390400,1.0079,1.0087,0.9973,0.9985,985,50,0,1980-11-30
344995200,0.9961,0.9961,0.9673,0.9749,1625,50,0,1980-12-07
345600000,0.9793,0.9941,0.9687,0.9923,3655,50,0,1980-12-14
346204800,1.0002,1.0068,0.9993,1.0056,2174,50,0,1980-12-21
346809600,1.0006,1.002,0.9903,0.9906,1104,50,0,1980-12-28
347414400,1.0096,1.0107,0.9885,0.991,2965,50,0,1981-01-04
348019200,0.9839,0.9854,0.9698,0.9749,3515,50,0,1981-01-11
348624000,0.9744,0.9817,0.9608,0.9612,4195,50,0,1981-01-18
349228800,0.9512,0.9532,0.9174,0.9174,1855,50,0,1981-01-25
349833600,0.9206,0.9253,0.9049,0.9147,3695,50,0,1981-02-01
350438400,0.9145,0.9148,0.8799,0.8803,1785,50,0,1981-02-08
351043200,0.8955,0.9403,0.8906,0.9367,6514,50,0,1981-02-15
351648000,0.9217,0.9332,0.9177,0.9179,5225,50,0,1981-02-22
352252800,0.9068,0.9186,0.9049,0.9163,3905,50,0,1981-03-01
352857600,0.9263,0.9288,0.9204,0.928,2465,50,0,1981-03-08
353462400,0.935,0.9574,0.935,0.9466,3865,50,0,1981-03-15
354067200,0.9391,0.9416,0.9158,0.9209,3755,50,0,1981-03-22
354672000,0.939,0.9453,0.9176,0.9185,4145,50,0,1981-03-29
355276800,0.9066,0.9231,0.9064,0.9081,1665,50,0,1981-04-05
355881600,0.9028,0.9058,0.8929,0.8929,2355,50,0,1981-04-12
356486400,0.8971,0.9044,0.895,0.8965,2345,50,0,1981-04-19
357091200,0.8952,0.8963,0.8836,0.8872,2305,50,0,1981-04-26
357696000,0.8727,0.8741,0.86,0.8678,1625,50,0,1981-05-03
358300800,0.8557,0.8561,0.8461,0.8472,1805,50,0,1981-05-10
358905600,0.8486,0.8513,0.842,0.8451,545,50,0,1981-05-17
359510400,0.8379,0.8431,0.8335,0.8391,1644,50,0,1981-05-24
360115200,0.8347,0.8378,0.8085,0.8097,3825,50,0,1981-05-31
360720000,0.8114,0.8245,0.8097,0.8169,2365,50,0,1981-06-07
361324800,0.8343,0.8348,0.8227,0.8232,955,50,0,1981-06-14
361929600,0.8295,0.831,0.8147,0.8198,2815,50,0,1981-06-21
362534400,0.8175,0.8176,0.8096,0.8096,745,50,0,1981-06-28
363139200,0.7985,0.8032,0.7897,0.8024,2225,50,0,1981-07-05
363744000,0.8048,0.8145,0.799,0.8046,3455,50,0,1981-07-12
364348800,0.7985,0.8031,0.7917,0.8028,1135,50,0,1981-07-19
364953600,0.801,0.8032,0.7886,0.7902,2565,50,0,1981-07-26
365558400,0.7728,0.7798,0.7714,0.772,1665,50,0,1981-08-02
366163200,0.7603,0.7828,0.7598,0.773,1505,50,0,1981-08-09
366768000,0.7848,0.8004,0.782,0.7992,2335,50,0,1981-08-16
367372800,0.7886,0.7978,0.7813,0.7978,1605,50,0,1981-08-23
367977600,0.7968,0.811,0.7943,0.811,3025,50,0,1981-08-30
368582400,0.802,0.8153,0.8017,0.8124,1874,50,0,1981-09-06
369187200,0.8262,0.8652,0.8233,0.8633,4745,50,0,1981-09-13
369792000,0.8756,0.8768,0.8373,0.8398,2275,50,0,1981-09-20
370396800,0.8423,0.8527,0.836,0.8522,3775,50,0,1981-09-27
371001600,0.8759,0.893,0.868,0.8924,4645,50,0,1981-10-04
371606400,0.8958,0.8958,0.8739,0.8747,2215,50,0,1981-10-11
372211200,0.8754,0.8758,0.8566,0.8581,2705,50,0,1981-10-18
372816000,0.8464,0.8781,0.8464,0.8746,2165,50,0,1981-10-25
373420800,0.8777,0.8839,0.8759,0.8801,1385,50,0,1981-11-01
374025600,0.8865,0.8867,0.8768,0.8818,935,50,0,1981-11-08
374630400,0.8715,0.8756,0.8657,0.8674,2775,50,0,1981-11-15
375235200,0.8674,0.8831,0.8662,0.8825,905,50,0,1981-11-22
375840000,0.8857,0.888,0.8763,0.8797,1655,50,0,1981-11-29
376444800,0.8729,0.8735,0.8613,0.8632,1585,50,0,1981-12-06
377049600,0.859,0.865,0.8534,0.8553,2445,50,0,1981-12-13
377654400,0.8569,0.8631,0.8561,0.8603,1844,50,0,1981-12-20
378259200,0.8623,0.8743,0.861,0.8739,1004,50,0,1981-12-27
378864000,0.8736,0.8748,0.8646,0.8654,1785,50,0,1982-01-03
379468800,0.8544,0.8561,0.8461,0.8478,2825,50,0,1982-01-10
380073600,0.8522,0.8533,0.8452,0.8463,1895,50,0,1982-01-17
380678400,0.8378,0.8453,0.8367,0.8432,1245,50,0,1982-01-24
381283200,0.832,0.8352,0.8287,0.8335,435,50,0,1982-01-31
381888000,0.8283,0.8293,0.8214,0.8214,1365,50,0,1982-02-07
382492800,0.8176,0.8273,0.8152,0.8269,884,50,0,1982-02-14
383097600,0.8329,0.834,0.8167,0.8181,2075,50,0,1982-02-21
383702400,0.8188,0.8347,0.8188,0.8338,1685,50,0,1982-02-28
384307200,0.8322,0.8346,0.8218,0.8226,1895,50,0,1982-03-07
384912000,0.8246,0.8257,0.8203,0.8212,865,50,0,1982-03-14
385516800,0.8168,0.8223,0.8156,0.8162,1255,50,0,1982-03-21
386121600,0.8098,0.8158,0.8088,0.8156,1175,50,0,1982-03-28
386726400,0.8114,0.8122,0.8071,0.8073,795,50,0,1982-04-04
387331200,0.809,0.8108,0.8064,0.8081,755,50,0,1982-04-11
387936000,0.8118,0.8192,0.8112,0.8192,225,50,0,1982-04-18
388540800,0.8238,0.8391,0.8238,0.8388,655,50,0,1982-04-25
389145600,0.8363,0.8573,0.8339,0.8556,2825,50,0,1982-05-02
389750400,0.8541,0.8573,0.847,0.8483,2265,50,0,1982-05-09
390355200,0.8442,0.8486,0.8397,0.8482,3185,50,0,1982-05-16
390960000,0.8511,0.8524,0.8328,0.8331,2015,50,0,1982-05-23
391564800,0.8228,0.8283,0.8228,0.8275,854,50,0,1982-05-30
392169600,0.8219,0.8222,0.8097,0.8178,1535,50,0,1982-06-06
392774400,0.8075,0.8085,0.7945,0.7947,665,50,0,1982-06-13
393379200,0.7908,0.7968,0.7864,0.7871,2965,50,0,1982-06-20
393984000,0.7857,0.7973,0.7843,0.7894,2605,50,0,1982-06-27
394588800,0.7833,0.7878,0.7778,0.7864,3144,50,0,1982-07-04
395193600,0.789,0.7938,0.7834,0.7917,1795,50,0,1982-07-11
395798400,0.7914,0.82,0.7903,0.8182,1565,50,0,1982-07-18
396403200,0.8109,0.8117,0.7929,0.7939,2035,50,0,1982-07-25
397008000,0.8022,0.8037,0.7792,0.7813,3425,50,0,1982-08-01
397612800,0.7786,0.7825,0.775,0.778,2445,50,0,1982-08-08
398217600,0.7767,0.7971,0.7763,0.7971,3525,50,0,1982-08-15
398822400,0.7982,0.8086,0.7884,0.7899,2575,50,0,1982-08-22
399427200,0.7796,0.793,0.7789,0.7909,2055,50,0,1982-08-29
400032000,0.7882,0.7905,0.7788,0.7798,1745,50,0,1982-09-05
400636800,0.7781,0.7819,0.7762,0.7819,1525,50,0,1982-09-12
401241600,0.7822,0.7834,0.7783,0.7787,825,50,0,1982-09-19
401846400,0.7704,0.7757,0.7689,0.775,1495,50,0,1982-09-26
402451200,0.7648,0.7782,0.7642,0.7745,1835,50,0,1982-10-03
403056000,0.7828,0.7859,0.775,0.7776,1935,50,0,1982-10-10
403660800,0.7772,0.7778,0.7711,0.7721,1425,50,0,1982-10-17
404265600,0.7662,0.769,0.7635,0.7636,1185,50,0,1982-10-24
404870400,0.767,0.7682,0.7581,0.7581,1195,50,0,1982-10-31
405475200,0.754,0.7593,0.7534,0.7553,555,50,0,1982-11-07
406080000,0.7563,0.7691,0.756,0.769,925,50,0,1982-11-14
406684800,0.7665,0.7829,0.7646,0.7817,2185,50,0,1982-11-21
407289600,0.7866,0.8062,0.7858,0.8062,1365,50,0,1982-11-28
407894400,0.8083,0.8112,0.7953,0.7971,3525,50,0,1982-12-05
408499200,0.7894,0.8093,0.7891,0.8086,885,50,0,1982-12-12
409104000,0.8088,0.8181,0.8083,0.8178,1075,50,0,1982-12-19
409708800,0.8208,0.8256,0.8201,0.8233,785,50,0,1982-12-26
410313600,0.8249,0.837,0.8238,0.8364,2325,50,0,1983-01-02
410918400,0.8385,0.8389,0.8287,0.8305,2165,50,0,1983-01-09
411523200,0.828,0.8295,0.7938,0.7952,3455,50,0,1983-01-16
412128000,0.7991,0.8117,0.7955,0.8042,2235,50,0,1983-01-23
412732800,0.7919,0.7935,0.7842,0.79,3275,50,0,1983-01-30
413337600,0.799,0.8142,0.7982,0.8133,1225,50,0,1983-02-06
413942400,0.8125,0.8192,0.8103,0.8148,3775,50,0,1983-02-13
414547200,0.8179,0.8179,0.8046,0.8102,2265,50,0,1983-02-20
415152000,0.8023,0.8188,0.8001,0.8155,1975,50,0,1983-02-27
415756800,0.8189,0.8195,0.8123,0.8157,925,50,0,1983-03-06
416361600,0.8216,0.8243,0.8114,0.8147,2135,50,0,1983-03-13
416966400,0.8098,0.8114,0.8053,0.8078,2145,50,0,1983-03-20
417571200,0.8043,0.807,0.8033,0.8058,1145,50,0,1983-03-27
418176000,0.8076,0.8117,0.805,0.8059,1945,50,0,1983-04-03
418780800,0.807,0.8094,0.8006,0.8026,2155,50,0,1983-04-10
419385600,0.7951,0.799,0.7947,0.799,845,50,0,1983-04-17
419990400,0.7999,0.7999,0.7928,0.7932,1745,50,0,1983-04-24
420595200,0.7944,0.8034,0.7939,0.8017,1265,50,0,1983-05-01
421200000,0.8031,0.8036,0.7996,0.8,725,50,0,1983-05-08
421804800,0.7943,0.7946,0.7882,0.7891,985,50,0,1983-05-15
422409600,0.7873,0.7878,0.7778,0.778,595,50,0,1983-05-22
423014400,0.7733,0.7749,0.7657,0.7693,1594,50,0,1983-05-29
423619200,0.7622,0.765,0.7603,0.7645,835,50,0,1983-06-05
424224000,0.7662,0.7678,0.7611,0.7654,1425,50,0,1983-06-12
424828800,0.7684,0.7765,0.7672,0.7751,1745,50,0,1983-06-19
425433600,0.7714,0.7721,0.7684,0.7696,815,50,0,1983-06-26
426038400,0.7614,0.7619,0.7581,0.7586,814,50,0,1983-07-03
426643200,0.7569,0.7587,0.7517,0.7525,1125,50,0,1983-07-10
427248000,0.7536,0.7606,0.7529,0.7548,1095,50,0,1983-07-17
427852800,0.7504,0.7505,0.7383,0.7383,925,50,0,1983-07-24
428457600,0.7305,0.7354,0.729,0.729,655,50,0,1983-07-31
429062400,0.7265,0.7289,0.7153,0.7186,1305,50,0,1983-08-07
429667200,0.7241,0.7431,0.7213,0.7362,3055,50,0,1983-08-14
430272000,0.7434,0.7455,0.7323,0.7338,2755,50,0,1983-08-21
430876800,0.73,0.73,0.7249,0.7265,1485,50,0,1983-08-28
431481600,0.7295,0.732,0.7266,0.7315,955,50,0,1983-09-04
432086400,0.7336,0.7348,0.7279,0.7335,1125,50,0,1983-09-11
432691200,0.7348,0.7371,0.7289,0.737,1675,50,0,1983-09-18
433296000,0.7381,0.7435,0.7369,0.7434,955,50,0,1983-09-25
433900800,0.746,0.7621,0.7441,0.7619,2465,50,0,1983-10-02
434505600,0.7548,0.7557,0.7469,0.7475,1404,50,0,1983-10-09
435110400,0.7529,0.7572,0.7514,0.7572,2035,50,0,1983-10-16
435715200,0.7501,0.7519,0.7456,0.7459,1535,50,0,1983-10-23
436320000,0.742,0.7433,0.7321,0.7323,1435,50,0,1983-10-30
436924800,0.7302,0.7359,0.7295,0.7359,794,50,0,1983-11-06
437529600,0.7304,0.7307,0.7232,0.7232,795,50,0,1983-11-13
438134400,0.7245,0.7274,0.7207,0.721,654,50,0,1983-11-20
438739200,0.7207,0.7257,0.7199,0.7207,1825,50,0,1983-11-27
439344000,0.7129,0.7168,0.7109,0.7112,1005,50,0,1983-12-04
439948800,0.7098,0.7102,0.7044,0.7044,1695,50,0,1983-12-11
440553600,0.7058,0.7088,0.7054,0.7083,1175,50,0,1983-12-18
441158400,0.7091,0.7176,0.7084,0.7174,784,50,0,1983-12-25
441763200,0.7097,0.7122,0.696,0.696,944,50,0,1984-01-01
442368000,0.6905,0.698,0.6887,0.697,2025,50,0,1984-01-08
442972800,0.6994,0.7006,0.6934,0.6934,1245,50,0,1984-01-15
443577600,0.695,0.6958,0.6918,0.694,815,50,0,1984-01-22
444182400,0.6955,0.7147,0.6945,0.7147,1015,50,0,1984-01-29
444787200,0.7126,0.7156,0.7065,0.7131,1525,50,0,1984-02-05
445392000,0.7171,0.7334,0.7132,0.7288,2705,50,0,1984-02-12
445996800,0.7221,0.7454,0.7221,0.7451,1004,50,0,1984-02-19
446601600,0.7417,0.7567,0.7409,0.7565,1305,50,0,1984-02-26
447206400,0.7596,0.7701,0.7557,0.7587,4125,50,0,1984-03-04
447811200,0.7508,0.7684,0.7443,0.7464,3855,50,0,1984-03-11
448416000,0.7424,0.7441,0.7365,0.7432,2615,50,0,1984-03-18
449020800,0.7516,0.7572,0.7498,0.7544,1545,50,0,1984-03-25
449625600,0.7538,0.7567,0.7434,0.7455,2065,50,0,1984-04-01
450230400,0.7444,0.7495,0.7433,0.745,1235,50,0,1984-04-08
450835200,0.7426,0.7432,0.7335,0.735,1435,50,0,1984-04-15
451440000,0.7343,0.7346,0.7231,0.7231,425,50,0,1984-04-22
452044800,0.7189,0.7245,0.7168,0.7182,455,50,0,1984-04-29
452649600,0.7053,0.7067,0.7031,0.7053,245,50,0,1984-05-06
453254400,0.7099,0.7147,0.7041,0.7046,1775,50,0,1984-05-13
453859200,0.709,0.7173,0.7075,0.7171,3715,50,0,1984-05-20
454464000,0.717,0.7287,0.7143,0.7268,1685,50,0,1984-05-27
455068800,0.7336,0.7336,0.7249,0.7255,2075,50,0,1984-06-03
455673600,0.7203,0.7211,0.7136,0.7138,835,50,0,1984-06-10
456278400,0.7108,0.713,0.7016,0.7025,2065,50,0,1984-06-17
456883200,0.6972,0.704,0.6965,0.7031,2115,50,0,1984-06-24
457488000,0.7,0.7006,0.6889,0.6896,1285,50,0,1984-07-01
458092800,0.6885,0.6932,0.6862,0.6894,895,50,0,1984-07-08
458697600,0.6932,0.6934,0.683,0.6842,1785,50,0,1984-07-15
459302400,0.6805,0.6875,0.6777,0.6795,2455,50,0,1984-07-22
459907200,0.6758,0.6836,0.6703,0.6817,2065,50,0,1984-07-29
460512000,0.6793,0.6819,0.6705,0.6764,2275,50,0,1984-08-05
461116800,0.6705,0.6846,0.6702,0.6835,1265,50,0,1984-08-12
461721600,0.6813,0.6827,0.6773,0.6809,825,50,0,1984-08-19
462326400,0.6793,0.6813,0.6761,0.6771,1465,50,0,1984-08-26
462931200,0.6732,0.6732,0.6547,0.6558,1865,50,0,1984-09-02
463536000,0.6542,0.6544,0.6433,0.6452,1265,50,0,1984-09-09
464140800,0.6369,0.6385,0.6174,0.6312,6205,50,0,1984-09-16
464745600,0.6478,0.6505,0.6331,0.6401,5495,50,0,1984-09-23
465350400,0.6377,0.65,0.6357,0.6425,2265,50,0,1984-09-30
465955200,0.6427,0.6427,0.6272,0.6275,2335,50,0,1984-10-07
466560000,0.6236,0.6368,0.6223,0.6361,765,50,0,1984-10-14
467164800,0.636,0.6495,0.6351,0.645,1995,50,0,1984-10-21
467769600,0.6367,0.6634,0.6367,0.6634,2035,50,0,1984-10-28
468374400,0.6672,0.6698,0.6627,0.6631,1345,50,0,1984-11-04
468979200,0.663,0.6676,0.6576,0.6587,1785,50,0,1984-11-11
469584000,0.6548,0.6576,0.6452,0.6465,3055,50,0,1984-11-18
470188800,0.6391,0.6404,0.629,0.6296,1025,50,0,1984-11-25
470793600,0.6293,0.6393,0.6279,0.6347,2305,50,0,1984-12-02
471398400,0.6322,0.6337,0.6294,0.6318,1605,50,0,1984-12-09
472003200,0.6331,0.6336,0.625,0.627,1865,50,0,1984-12-16
472608000,0.6267,0.6276,0.6206,0.6224,1004,50,0,1984-12-23
473212800,0.6198,0.6199,0.6163,0.6176,154,50,0,1984-12-30
473817600,0.6155,0.6228,0.6155,0.62,995,50,0,1985-01-06
474422400,0.6142,0.6178,0.6125,0.6149,1815,50,0,1985-01-13
475027200,0.6171,0.6192,0.6146,0.6179,1145,50,0,1985-01-20
475632000,0.6173,0.6188,0.6148,0.6152,975,50,0,1985-01-27
476236800,0.6107,0.6156,0.6003,0.6012,2685,50,0,1985-02-03
476841600,0.5983,0.6004,0.5923,0.5986,935,50,0,1985-02-10
477446400,0.598,0.598,0.577,0.5778,1235,50,0,1985-02-17
478051200,0.5672,0.5881,0.5633,0.5833,2555,50,0,1985-02-24
478656000,0.5796,0.5798,0.5698,0.5723,2415,50,0,1985-03-03
479260800,0.5807,0.586,0.5716,0.5776,4215,50,0,1985-03-10
479865600,0.5834,0.6094,0.5795,0.6068,4425,50,0,1985-03-17
480470400,0.6051,0.6343,0.6042,0.6342,3605,50,0,1985-03-24
481075200,0.6291,0.633,0.6153,0.6158,2715,50,0,1985-03-31
481680000,0.6157,0.6393,0.6112,0.6381,5265,50,0,1985-04-07
482284800,0.646,0.657,0.6419,0.6567,4355,50,0,1985-04-14
482889600,0.6503,0.6561,0.6202,0.6232,6075,50,0,1985-04-21
483494400,0.6286,0.6332,0.6074,0.6089,4075,50,0,1985-04-28
484099200,0.6052,0.6286,0.6023,0.6265,5415,50,0,1985-05-05
484704000,0.6355,0.6424,0.6329,0.6364,2925,50,0,1985-05-12
485308800,0.6445,0.6457,0.6321,0.6327,1595,50,0,1985-05-19
485913600,0.6282,0.6394,0.6282,0.6374,2774,50,0,1985-05-26
486518400,0.6427,0.6427,0.6352,0.6363,1505,50,0,1985-06-02
487123200,0.6309,0.6393,0.6304,0.6387,1185,50,0,1985-06-09
487728000,0.6388,0.6505,0.6341,0.6366,3545,50,0,1985-06-16
488332800,0.637,0.6458,0.6366,0.6436,2795,50,0,1985-06-23
488937600,0.6437,0.6504,0.6404,0.6483,2145,50,0,1985-06-30
489542400,0.6539,0.6767,0.6505,0.6757,3405,50,0,1985-07-07
490147200,0.6798,0.6895,0.6771,0.6772,2355,50,0,1985-07-14
490752000,0.6756,0.6862,0.6747,0.6819,2105,50,0,1985-07-21
491356800,0.6918,0.7015,0.6898,0.6919,3855,50,0,1985-07-28
491961600,0.6929,0.6942,0.6849,0.6907,1665,50,0,1985-08-04
492566400,0.6988,0.7093,0.6986,0.7083,985,50,0,1985-08-11
493171200,0.7075,0.7129,0.7019,0.7102,1625,50,0,1985-08-18
493776000,0.7054,0.7065,0.6959,0.6975,2315,50,0,1985-08-25
494380800,0.692,0.692,0.667,0.6691,2855,50,0,1985-09-01
494985600,0.6642,0.6746,0.6597,0.6734,2775,50,0,1985-09-08
495590400,0.6761,0.6866,0.6707,0.6838,4365,50,0,1985-09-15
496195200,0.7098,0.736,0.6982,0.7315,6645,50,0,1985-09-22
496800000,0.731,0.7463,0.7302,0.7404,4565,50,0,1985-09-29
497404800,0.7386,0.7402,0.736,0.736,1245,50,0,1985-10-06
498009600,0.7363,0.7425,0.7286,0.742,1345,50,0,1985-10-13
498614400,0.7421,0.743,0.7371,0.7381,1355,50,0,1985-10-20
499219200,0.7408,0.7516,0.74,0.7506,2035,50,0,1985-10-27
499824000,0.7533,0.7541,0.7441,0.7453,2385,50,0,1985-11-03
500428800,0.7447,0.7491,0.7447,0.7464,1095,50,0,1985-11-10
501033600,0.7472,0.7586,0.7453,0.758,1735,50,0,1985-11-17
501638400,0.7623,0.7784,0.7609,0.7784,1705,50,0,1985-11-24
502243200,0.7777,0.7815,0.772,0.7746,1805,50,0,1985-12-01
502848000,0.7722,0.7776,0.7658,0.776,1905,50,0,1985-12-08
503452800,0.7754,0.7793,0.7748,0.778,1045,50,0,1985-12-15
504057600,0.7805,0.7909,0.779,0.7894,1814,50,0,1985-12-22
504662400,0.7933,0.8024,0.7933,0.7945,814,50,0,1985-12-29
505267200,0.7962,0.8047,0.7909,0.7965,4445,50,0,1986-01-05
505872000,0.7929,0.796,0.7894,0.7935,2535,50,0,1986-01-12
506476800,0.7909,0.8094,0.7909,0.8082,1835,50,0,1986-01-19
507081600,0.8146,0.8222,0.8133,0.8189,1845,50,0,1986-01-26
507686400,0.8156,0.8199,0.809,0.8129,3395,50,0,1986-02-02
508291200,0.8194,0.8335,0.819,0.8318,3105,50,0,1986-02-09
508896000,0.8338,0.8489,0.8315,0.8462,1475,50,0,1986-02-16
509500800,0.8565,0.8863,0.8551,0.8782,4405,50,0,1986-02-23
510105600,0.8805,0.8885,0.8627,0.8736,4935,50,0,1986-03-02
510710400,0.8588,0.8661,0.8522,0.8648,4255,50,0,1986-03-09
511315200,0.8694,0.8722,0.8648,0.8715,1215,50,0,1986-03-16
511920000,0.8538,0.8548,0.8317,0.8376,4225,50,0,1986-03-23
512524800,0.8334,0.8371,0.8175,0.8199,2605,50,0,1986-03-30
513129600,0.8155,0.8481,0.8137,0.8477,3285,50,0,1986-04-06
513734400,0.8451,0.8819,0.8415,0.8814,3965,50,0,1986-04-13
514339200,0.8863,0.8986,0.8863,0.8948,5815,50,0,1986-04-20
514944000,0.9025,0.9034,0.8827,0.8838,6225,50,0,1986-04-27
515548800,0.8946,0.8979,0.879,0.8978,4775,50,0,1986-05-04
516153600,0.9002,0.9009,0.884,0.8843,3505,50,0,1986-05-11
516758400,0.8812,0.8842,0.8572,0.8588,4525,50,0,1986-05-18
517363200,0.8577,0.8602,0.8412,0.8426,4244,50,0,1986-05-25
517968000,0.8408,0.877,0.8391,0.8769,3625,50,0,1986-06-01
518572800,0.8743,0.8854,0.8742,0.8851,1575,50,0,1986-06-08
519177600,0.8891,0.8906,0.8707,0.8714,4955,50,0,1986-06-15
519782400,0.8722,0.8873,0.8696,0.8862,2885,50,0,1986-06-22
520387200,0.889,0.9008,0.8887,0.9006,1735,50,0,1986-06-29
520992000,0.8978,0.9013,0.8932,0.8945,2695,50,0,1986-07-06
521596800,0.8958,0.9179,0.8929,0.9149,3415,50,0,1986-07-13
522201600,0.9207,0.9219,0.9084,0.9106,2635,50,0,1986-07-20
522806400,0.9216,0.9384,0.9152,0.9376,2945,50,0,1986-07-27
523411200,0.9398,0.9464,0.9332,0.9452,2385,50,0,1986-08-03
524016000,0.9498,0.9516,0.9409,0.9485,1475,50,0,1986-08-10
524620800,0.9461,0.9592,0.9445,0.9573,3505,50,0,1986-08-17
525225600,0.9573,0.9607,0.9517,0.9585,3205,50,0,1986-08-24
525830400,0.9631,0.9667,0.955,0.9574,3384,50,0,1986-08-31
526435200,0.945,0.9499,0.9349,0.9461,4935,50,0,1986-09-07
527040000,0.9534,0.9827,0.9532,0.9821,3035,50,0,1986-09-14
527644800,0.9637,0.9649,0.9532,0.9563,2205,50,0,1986-09-21
528249600,0.9656,0.9792,0.9645,0.9786,2575,50,0,1986-09-28
528854400,0.982,0.9845,0.9728,0.9831,2765,50,0,1986-10-05
529459200,0.9895,0.9926,0.9882,0.991,1624,50,0,1986-10-12
530064000,0.9849,0.9877,0.9623,0.9636,2305,50,0,1986-10-19
530668800,0.9548,0.9637,0.9451,0.9476,2665,50,0,1986-10-26
531273600,0.9474,0.9524,0.9442,0.9462,1355,50,0,1986-11-02
531878400,0.9559,0.9765,0.9557,0.9753,2134,50,0,1986-11-09
532483200,0.9715,0.9753,0.9676,0.9686,2305,50,0,1986-11-16
533088000,0.9681,0.9911,0.9673,0.9907,1864,50,0,1986-11-23
533692800,0.9962,0.9982,0.9775,0.9784,3495,50,0,1986-11-30
534297600,0.973,0.9755,0.9654,0.9685,2805,50,0,1986-12-07
534902400,0.9706,0.9746,0.9686,0.9746,795,50,0,1986-12-14
535507200,0.9881,0.9962,0.9873,0.9962,1034,50,0,1986-12-21
536112000,1.0063,1.0198,1.0048,1.0197,1854,50,0,1986-12-28
536716800,1.0145,1.0195,1.0124,1.0188,2685,50,0,1987-01-04
537321600,1.0317,1.0652,1.0277,1.0587,5865,50,0,1987-01-11
537926400,1.0806,1.0806,1.0584,1.0727,2185,50,0,1987-01-18
538531200,1.0729,1.1002,1.067,1.0676,3765,50,0,1987-01-25
539136000,1.0801,1.0922,1.0524,1.0535,3125,50,0,1987-02-01
539740800,1.0722,1.0876,1.0642,1.0689,6695,50,0,1987-02-08
540345600,1.0789,1.0803,1.0554,1.07,2954,50,0,1987-02-15
540950400,1.0693,1.077,1.0631,1.07,2545,50,0,1987-02-22
541555200,1.0685,1.0703,1.0628,1.0634,2305,50,0,1987-03-01
542160000,1.0551,1.0565,1.0451,1.0558,1735,50,0,1987-03-08
542764800,1.0633,1.0676,1.0619,1.0666,1915,50,0,1987-03-15
543369600,1.0742,1.078,1.0669,1.0727,1605,50,0,1987-03-22
543974400,1.0848,1.0852,1.0713,1.0733,3805,50,0,1987-03-29
544579200,1.0712,1.0828,1.0632,1.0821,1605,50,0,1987-04-05
545184000,1.0803,1.0868,1.076,1.0773,2185,50,0,1987-04-12
545788800,1.0785,1.0943,1.0719,1.0928,2215,50,0,1987-04-19
546393600,1.0982,1.1008,1.087,1.0955,3845,50,0,1987-04-26
546998400,1.1015,1.1062,1.093,1.093,1005,50,0,1987-05-03
547603200,1.0884,1.1015,1.0884,1.0999,1125,50,0,1987-05-10
548208000,1.0994,1.1057,1.0988,1.1,1355,50,0,1987-05-17
548812800,1.084,1.0887,1.072,1.0728,2464,50,0,1987-05-24
549417600,1.0659,1.0842,1.065,1.0783,2145,50,0,1987-05-31
550022400,1.0822,1.0935,1.0791,1.0806,3565,50,0,1987-06-07
550627200,1.0724,1.0743,1.0689,1.0695999999999999,1335,50,0,1987-06-14
551232000,1.0636,1.0737,1.0625,1.0709,1025,50,0,1987-06-21
551836800,1.0689,1.0729,1.0631,1.0631,1845,50,0,1987-06-28
552441600,1.0623,1.0657,1.0598,1.0607,1465,50,0,1987-07-05
553046400,1.0604,1.0684,1.0524,1.0533,3785,50,0,1987-07-12
553651200,1.0507,1.0552,1.0483,1.0549,1485,50,0,1987-07-19
554256000,1.0546,1.0552,1.0518,1.0526,1185,50,0,1987-07-26
554860800,1.0498,1.0514000000000001,1.0339,1.0364,2745,50,0,1987-08-02
555465600,1.0319,1.0425,1.0305,1.0395,3505,50,0,1987-08-09
556070400,1.042,1.0756000000000001,1.0417,1.0742,3415,50,0,1987-08-16
556675200,1.0759,1.0805,1.0706,1.0792,2135,50,0,1987-08-23
557280000,1.08,1.0906,1.0787,1.0885,1055,50,0,1987-08-30
557884800,1.0909,1.091,1.0826,1.0856,914,50,0,1987-09-06
558489600,1.0752,1.0833,1.073,1.0832,1435,50,0,1987-09-13
559094400,1.079,1.0817,1.0698,1.0739,2235,50,0,1987-09-20
559699200,1.0716,1.0716,1.0591,1.0621,1145,50,0,1987-09-27
560304000,1.0613,1.0781,1.0611,1.0761,1445,50,0,1987-10-04
560908800,1.0781,1.0868,1.0732,1.0862,705,50,0,1987-10-11
561513600,1.1012,1.1024,1.0775,1.0942,2745,50,0,1987-10-18
562118400,1.1024,1.1318,1.1021,1.13,2915,50,0,1987-10-25
562723200,1.1401,1.1718,1.1359,1.1666,7875,50,0,1987-11-01
563328000,1.1755,1.1844000000000001,1.1514,1.1571,6465,50,0,1987-11-08
563932800,1.145,1.1759,1.1391,1.1669,6175,50,0,1987-11-15
564537600,1.1724,1.1971,1.1595,1.1872,3824,50,0,1987-11-22
565142400,1.1925,1.1935,1.1716,1.1754,3455,50,0,1987-11-29
565747200,1.1703000000000001,1.1985999999999999,1.17,1.1984,1745,50,0,1987-12-06
566352000,1.2006000000000001,1.2054,1.1968,1.1984,2655,50,0,1987-12-13
566956800,1.1969,1.2009,1.1944,1.1991,1554,50,0,1987-12-20
567561600,1.2167,1.2453,1.2005,1.2442,6324,50,0,1987-12-27
568166400,1.2354,1.2368000000000001,1.1816,1.1837,4325,50,0,1988-01-03
568771200,1.1945000000000001,1.1978,1.1634,1.1642000000000001,625,50,0,1988-01-10
569376000,1.1625,1.1768,1.1591,1.1679,2495,50,0,1988-01-17
569980800,1.1663999999999999,1.1764999999999999,1.1651,1.1651,1705,50,0,1988-01-24
570585600,1.1555,1.1627,1.1514,1.1535,3345,50,0,1988-01-31
571190400,1.1526,1.1574,1.1397,1.1409,1455,50,0,1988-02-07
571795200,1.1445,1.1476,1.1414,1.1459,2605,50,0,1988-02-14
572400000,1.1519,1.1592,1.1494,1.1592,1545,50,0,1988-02-21
573004800,1.1584,1.1602000000000001,1.1526,1.1565,1015,50,0,1988-02-28
573609600,1.1649,1.177,1.1619,1.177,1455,50,0,1988-03-06
574214400,1.1774,1.1801,1.1528,1.1536,5455,50,0,1988-03-13
574819200,1.1562000000000001,1.1667,1.1545,1.1663000000000001,1265,50,0,1988-03-20
575424000,1.1766,1.1812,1.1743999999999999,1.181,1245,50,0,1988-03-27
576028800,1.1818,1.1824,1.1635,1.1688,1975,50,0,1988-04-03
576633600,1.1598,1.1775,1.1548,1.1775,2135,50,0,1988-04-10
577238400,1.1793,1.18,1.1694,1.1699,1665,50,0,1988-04-17
577843200,1.1666,1.1721,1.1642000000000001,1.1693,2625,50,0,1988-04-24
578448000,1.166,1.1678,1.1629,1.1637,1545,50,0,1988-05-01
579052800,1.1633,1.1658,1.1617,1.1628,1185,50,0,1988-05-08
579657600,1.1584,1.1597,1.1466,1.1484,515,50,0,1988-05-15
580262400,1.1491,1.1509,1.138,1.1393,2435,50,0,1988-05-22
580867200,1.1319,1.135,1.1309,1.1332,1614,50,0,1988-05-29
581472000,1.1383,1.1414,1.1360999999999999,1.1377,1175,50,0,1988-06-05
582076800,1.1336,1.1336,1.1148,1.1156,2235,50,0,1988-06-12
582681600,1.1121,1.1143,1.0776,1.0814,3895,50,0,1988-06-19
583286400,1.075,1.0861,1.069,1.0741,2435,50,0,1988-06-26
583891200,1.0724,1.0776,1.0641,1.067,1914,50,0,1988-07-03
584496000,1.0606,1.0641,1.0424,1.0455,3645,50,0,1988-07-10
585100800,1.0384,1.0707,1.0355,1.0707,1565,50,0,1988-07-17
585705600,1.0613,1.0642,1.0431,1.0441,3835,50,0,1988-07-24
586310400,1.0425,1.0484,1.033,1.0352,2695,50,0,1988-07-31
586915200,1.0279,1.0399,1.0208,1.0395,2525,50,0,1988-08-07
587520000,1.0391,1.0486,1.0222,1.035,4255,50,0,1988-08-14
588124800,1.0193,1.0532,1.0186,1.0523,1855,50,0,1988-08-21
588729600,1.0469,1.0518,1.041,1.0493,2605,50,0,1988-08-28
589334400,1.0605,1.0612,1.0573,1.0583,994,50,0,1988-09-04
589939200,1.0602,1.0608,1.0407,1.0423,3445,50,0,1988-09-11
590544000,1.0465,1.0492,1.0406,1.0422,1075,50,0,1988-09-18
591148800,1.0374,1.0442,1.0354,1.0431,1575,50,0,1988-09-25
591753600,1.0499,1.0526,1.0479,1.0508,1875,50,0,1988-10-02
592358400,1.0543,1.0785,1.0543,1.0768,1625,50,0,1988-10-09
592963200,1.08,1.0983,1.0795,1.0969,2205,50,0,1988-10-16
593568000,1.0935,1.1044,1.0899,1.0994,2355,50,0,1988-10-23
594172800,1.1001,1.1053,1.0899,1.0912,2845,50,0,1988-10-30
594777600,1.0959,1.1211,1.0929,1.1211,3735,50,0,1988-11-06
595382400,1.1205,1.1375,1.1195,1.1265,4075,50,0,1988-11-13
595987200,1.1306,1.1401,1.1269,1.1387,3134,50,0,1988-11-20
596592000,1.1288,1.1324,1.1238,1.1277,2775,50,0,1988-11-27
597196800,1.1347,1.1356,1.1113,1.1274,3975,50,0,1988-12-04
597801600,1.1231,1.1256,1.1072,1.1089,4235,50,0,1988-12-11
598406400,1.1104,1.1121,1.1006,1.1009,2195,50,0,1988-12-18
599011200,1.1006,1.1026,1.0904,1.1026,1174,50,0,1988-12-25
599616000,1.1093,1.1107,1.0782,1.0794,2504,50,0,1989-01-01
600220800,1.0692,1.0729,1.0653,1.0663,1785,50,0,1989-01-08
600825600,1.0537,1.0607,1.0431,1.0594999999999999,4005,50,0,1989-01-15
601430400,1.0625,1.0717,1.0497,1.0523,4645,50,0,1989-01-22
602035200,1.0501,1.052,1.0402,1.0402,4075,50,0,1989-01-29
602640000,1.0398,1.0613,1.0376,1.0539,3425,50,0,1989-02-05
603244800,1.0457,1.0653,1.0446,1.0649,2585,50,0,1989-02-12
603849600,1.0619,1.0735,1.055,1.0716,1635,50,0,1989-02-19
604454400,1.077,1.0796000000000001,1.0614,1.0625,1965,50,0,1989-02-26
605059200,1.0569,1.0599,1.0496,1.0498,1555,50,0,1989-03-05
605664000,1.0478,1.0526,1.0426,1.0436,2915,50,0,1989-03-12
606268800,1.0428,1.0479,1.0427,1.045,2115,50,0,1989-03-19
606873600,1.0412,1.0468,1.0308,1.0323,4275,50,0,1989-03-26
607478400,1.0379,1.0473,1.0356,1.0444,1985,50,0,1989-04-02
608083200,1.0407,1.0455,1.0365,1.0444,3145,50,0,1989-04-09
608688000,1.0535,1.0593,1.0489,1.0577,3245,50,0,1989-04-16
609292800,1.0514000000000001,1.0531,1.0404,1.0404,1855,50,0,1989-04-23
609897600,1.0364,1.0404,1.0297,1.0305,2305,50,0,1989-04-30
610502400,1.0273,1.0307,1.0188,1.0194,1845,50,0,1989-05-07
611107200,1.0072,1.0105,0.9876,0.9931,5255,50,0,1989-05-14
611712000,0.9736,0.9977,0.9719,0.9878,4525,50,0,1989-05-21
612316800,0.9734,0.9988,0.9734,0.997,2174,50,0,1989-05-28
612921600,0.9972,0.9988,0.9764,0.9788,3165,50,0,1989-06-04
613526400,0.9654,0.982,0.9593,0.9796,4065,50,0,1989-06-11
614131200,0.9885,1.0079,0.983,1.0068,4375,50,0,1989-06-18
614736000,0.9996,1.0087,0.9903,1.0017,8255,50,0,1989-06-25
615340800,1.0081,1.0467,1.0062,1.0453,8595,50,0,1989-07-02
615945600,1.0469,1.0535,1.0223,1.0229,10285,50,0,1989-07-09
616550400,1.0213,1.0356,1.0162,1.0225,8585,50,0,1989-07-16
617155200,1.0266,1.0487,1.0244,1.0402,6245,50,0,1989-07-23
617760000,1.0404,1.0608,1.025,1.025,8875,50,0,1989-07-30
618364800,1.0246,1.0383,1.0057,1.0075,9355,50,0,1989-08-06
618969600,1.0076,1.0127,0.9927,0.9996,7105,50,0,1989-08-13
619574400,0.9993,1.0092,0.9934,0.9971,6295,50,0,1989-08-20
620179200,0.9944,1.0125,0.9875,0.9879,6515,50,0,1989-08-27
620784000,0.9867,0.9913,0.9786,0.9788,5475,50,0,1989-09-03
621388800,0.979,1.0105,0.9764,0.9948,10575,50,0,1989-09-10
621993600,0.9988,1.0101,0.9895,1.0023,7815,50,0,1989-09-17
622598400,1.0255,1.0496,1.0225,1.0446,8215,50,0,1989-09-24
623203200,1.0426,1.0497,1.0294,1.0378,9085,50,0,1989-10-01
623808000,1.0383,1.0473,1.0178,1.0472,8475,50,0,1989-10-08
624412800,1.0654,1.0677,1.0443,1.0533,10515,50,0,1989-10-15
625017600,1.0535,1.0706,1.0523,1.0691,7025,50,0,1989-10-22
625622400,1.0687,1.0701,1.0554,1.058,4935,50,0,1989-10-29
626227200,1.0587,1.064,1.0419,1.0487,5645,50,0,1989-11-05
626832000,1.0485,1.068,1.0481,1.0622,5965,50,0,1989-11-12
627436800,1.0622,1.0895,1.0589,1.0864,7125,50,0,1989-11-19
628041600,1.0907,1.1044,1.0875,1.0966,7825,50,0,1989-11-26
628646400,1.0963,1.1095,1.0945,1.1074,6725,50,0,1989-12-03
629251200,1.1071,1.1434,1.105,1.1347,10625,50,0,1989-12-10
629856000,1.1345,1.1474,1.1185,1.1461000000000001,7565,50,0,1989-12-17
630460800,1.1512,1.167,1.1479,1.1577,6374,50,0,1989-12-24
631065600,1.1623999999999999,1.1695,1.1277,1.1592,11484,50,0,1989-12-31
631670400,1.1625,1.1746,1.1546,1.1591,11135,50,0,1990-01-07
632275200,1.1593,1.1641,1.138,1.1402,10515,50,0,1990-01-14
632880000,1.1391,1.1663000000000001,1.1320999999999999,1.1583,8725,50,0,1990-01-21
633484800,1.1587,1.1721,1.1415,1.1623999999999999,12005,50,0,1990-01-28
634089600,1.1638,1.1863,1.1632,1.173,7775,50,0,1990-02-04
634694400,1.1735,1.1743000000000001,1.1498,1.1633,8345,50,0,1990-02-11
635299200,1.1636,1.1758,1.1626,1.1629,5845,50,0,1990-02-18
635904000,1.1617,1.1623,1.1347,1.1398,7185,50,0,1990-02-25
636508800,1.1401,1.1567,1.1397,1.1484,6535,50,0,1990-03-04
637113600,1.1487,1.1583,1.1375,1.1559,6135,50,0,1990-03-11
637718400,1.1586,1.1656,1.141,1.1414,6455,50,0,1990-03-18
638323200,1.1373,1.1597,1.1373,1.1518,6565,50,0,1990-03-25
638928000,1.1514,1.1553,1.146,1.1539,3505,50,0,1990-04-01
639532800,1.16,1.1726,1.154,1.1697,4544,50,0,1990-04-08
640137600,1.1692,1.1714,1.1568,1.1589,5865,50,0,1990-04-15
640742400,1.1585,1.1691,1.147,1.166,7065,50,0,1990-04-22
641347200,1.1648,1.1751,1.159,1.1751,4305,50,0,1990-04-29
641952000,1.1756,1.2025000000000001,1.1738,1.193,7265,50,0,1990-05-06
642556800,1.1919,1.196,1.1815,1.1873,6785,50,0,1990-05-13
643161600,1.1849,1.1872,1.1593,1.1629,7875,50,0,1990-05-20
643766400,1.1636,1.173,1.1506,1.1516,7064,50,0,1990-05-27
644371200,1.1488,1.1621,1.1476,1.1514,5865,50,0,1990-06-03
644976000,1.1517,1.1631,1.1488,1.1587,6325,50,0,1990-06-10
645580800,1.1598,1.1718,1.1582,1.1681,5185,50,0,1990-06-17
646185600,1.1687,1.1791,1.1622,1.1779,6105,50,0,1990-06-24
646790400,1.1789,1.1896,1.1789,1.1839,4905,50,0,1990-07-01
647395200,1.1837,1.1994,1.1764999999999999,1.1841,8005,50,0,1990-07-08
648000000,1.1836,1.1961,1.1778,1.194,5975,50,0,1990-07-15
648604800,1.196,1.2149,1.1929,1.2133,7565,50,0,1990-07-22
649209600,1.2138,1.2359,1.2058,1.2315,13045,50,0,1990-07-29
649814400,1.2311,1.2465,1.2214,1.2298,9945,50,0,1990-08-05
650419200,1.2354,1.2650000000000001,1.2342,1.263,9795,50,0,1990-08-12
651024000,1.2599,1.2695,1.2452,1.2530000000000001,10765,50,0,1990-08-19
651628800,1.2647,1.2686,1.2387,1.2407,9265,50,0,1990-08-26
652233600,1.24,1.2595,1.2325,1.2472,7795,50,0,1990-09-02
652838400,1.2501,1.2562,1.2252,1.2466,11115,50,0,1990-09-09
653443200,1.252,1.2662,1.2339,1.2401,9195,50,0,1990-09-16
654048000,1.2421,1.26,1.2383,1.2490999999999999,9065,50,0,1990-09-23
654652800,1.2519,1.2776,1.2519,1.2656,9195,50,0,1990-09-30
655257600,1.2610000000000001,1.2928,1.2604,1.2831000000000001,9145,50,0,1990-10-07
655862400,1.2877,1.3114,1.2797,1.3028,9855,50,0,1990-10-14
656467200,1.3037,1.3046,1.2833,1.2921,8455,50,0,1990-10-21
657072000,1.2963,1.3105,1.2795,1.3093,10095,50,0,1990-10-28
657676800,1.3108,1.3219,1.3065,1.3149,8685,50,0,1990-11-04
658281600,1.3163,1.3321,1.3162,1.3298,6305,50,0,1990-11-11
658886400,1.33,1.3338999999999999,1.3146,1.3162,6675,50,0,1990-11-18
659491200,1.3146,1.3264,1.2945,1.3074,10265,50,0,1990-11-25
660096000,1.3096,1.3289,1.2904,1.3271,9305,50,0,1990-12-02
660700800,1.3306,1.3369,1.3136,1.3183,7765,50,0,1990-12-09
661305600,1.3178,1.328,1.2772000000000001,1.2793999999999999,10755,50,0,1990-12-16
661910400,1.276,1.31,1.2641,1.3091,8384,50,0,1990-12-23
662515200,1.3091,1.3164,1.2967,1.2999,7864,50,0,1990-12-30
663120000,1.2922,1.2945,1.2486,1.2776,20305,50,0,1991-01-06
663724800,1.2622,1.3084,1.2581,1.3048,12895,50,0,1991-01-13
664329600,1.3013,1.3222,1.2943,1.3113000000000001,9465,50,0,1991-01-20
664934400,1.3125,1.3347,1.3032,1.3322,9075,50,0,1991-01-27
665539200,1.3343,1.3512,1.3301,1.343,7285,50,0,1991-02-03
666144000,1.3418,1.355,1.3204,1.3237999999999999,8525,50,0,1991-02-10
666748800,1.3246,1.3263,1.2976,1.2991,10125,50,0,1991-02-17
667353600,1.2955,1.2977,1.2699,1.27,10015,50,0,1991-02-24
667958400,1.2722,1.2833,1.2461,1.2466,10305,50,0,1991-03-03
668563200,1.2417,1.2505,1.2156,1.2169,10375,50,0,1991-03-10
669168000,1.2197,1.2215,1.1699,1.1873,17835,50,0,1991-03-17
669772800,1.1831,1.186,1.1360000000000001,1.1477,12214,50,0,1991-03-24
670377600,1.1513,1.1817,1.15,1.1601,16755,50,0,1991-03-31
670982400,1.1551,1.1787,1.1521,1.1618,11275,50,0,1991-04-07
671587200,1.1617,1.1789,1.126,1.1272,10115,50,0,1991-04-14
672192000,1.1228,1.1287,1.1057,1.1166,11715,50,0,1991-04-21
672796800,1.111,1.1568,1.0972,1.1186,16275,50,0,1991-04-28
673401600,1.1229,1.1401,1.1192,1.1345,8955,50,0,1991-05-05
674006400,1.1338,1.1621,1.1229,1.1248,10725,50,0,1991-05-12
674611200,1.1171,1.1482999999999999,1.111,1.1482,9465,50,0,1991-05-19
675216000,1.1477,1.1567,1.1216,1.1225,9745,50,0,1991-05-26
675820800,1.1223,1.1256,1.1023,1.1036,7905,50,0,1991-06-02
676425600,1.1036,1.1089,1.0815,1.0901,7945,50,0,1991-06-09
677030400,1.0899,1.1012,1.0732,1.0855,8775,50,0,1991-06-16
677635200,1.0794,1.0997,1.0757,1.0796000000000001,9895,50,0,1991-06-23
678240000,1.0812,1.0817,1.0612,1.0711,6655,50,0,1991-06-30
678844800,1.0718,1.0953,1.0636,1.0932,9505,50,0,1991-07-07
679449600,1.0947,1.1198,1.0853,1.1198,7325,50,0,1991-07-14
680054400,1.1179000000000001,1.1299,1.1032,1.121,11205,50,0,1991-07-21
680659200,1.1182,1.1285,1.1061,1.1232,9215,50,0,1991-07-28
681264000,1.1249,1.1508,1.1247,1.1316,8695,50,0,1991-08-04
681868800,1.1333,1.1369,1.1078999999999999,1.1083,7995,50,0,1991-08-11
682473600,1.1107,1.1333,1.0663,1.1191,19475,50,0,1991-08-18
683078400,1.1191,1.1309,1.1106,1.1182,8115,50,0,1991-08-25
683683200,1.1199,1.1413,1.1186,1.1406,4755,50,0,1991-09-01
684288000,1.1418,1.1662,1.1408,1.1589,9315,50,0,1991-09-08
684892800,1.1587,1.1737,1.1515,1.1605,8365,50,0,1991-09-15
685497600,1.1626,1.1762,1.156,1.1724,9005,50,0,1991-09-22
686102400,1.1736,1.1796,1.1605,1.1658,6975,50,0,1991-09-29
686707200,1.1685,1.1688,1.1401,1.1586,9755,50,0,1991-10-06
687312000,1.1551,1.1599,1.1412,1.1591,5475,50,0,1991-10-13
687916800,1.1593,1.1615,1.1421999999999999,1.1505,5355,50,0,1991-10-20
688521600,1.1482,1.1913,1.1356,1.1897,10255,50,0,1991-10-27
689126400,1.1919,1.2025000000000001,1.1849,1.1884000000000001,9005,50,0,1991-11-03
689731200,1.1844999999999999,1.2085,1.1842,1.2083,6565,50,0,1991-11-10
690336000,1.217,1.2388,1.213,1.2345,9585,50,0,1991-11-17
690940800,1.2335,1.2389999999999999,1.1949,1.2034,12305,50,0,1991-11-24
691545600,1.21,1.2343,1.209,1.234,6374,50,0,1991-12-01
692150400,1.2444,1.252,1.2256,1.2306,11205,50,0,1991-12-08
692755200,1.2316,1.2769,1.2315,1.2748,8595,50,0,1991-12-15
693360000,1.2762,1.3014999999999999,1.2762,1.2872,7154,50,0,1991-12-22
693964800,1.2798,1.2932000000000001,1.263,1.2673,8624,50,0,1991-12-29
694569600,1.2678,1.3006,1.2317,1.2319,17045,50,0,1992-01-05
695174400,1.24,1.2495,1.1966,1.2292,17905,50,0,1992-01-12
695779200,1.2382,1.2396,1.2115,1.2311,12345,50,0,1992-01-19
696384000,1.2238,1.2357,1.2057,1.2126000000000001,12645,50,0,1992-01-26
696988800,1.2161,1.2564,1.2155,1.2535,9015,50,0,1992-02-02
697593600,1.2543,1.2562,1.1979,1.2026,13175,50,0,1992-02-09
698198400,1.2048,1.2166,1.1789,1.1803,10935,50,0,1992-02-16
698803200,1.1844999999999999,1.1996,1.174,1.1894,11165,50,0,1992-02-23
699408000,1.1895,1.1985999999999999,1.1643,1.1749,9055,50,0,1992-03-01
700012800,1.1727,1.1792,1.165,1.1714,7545,50,0,1992-03-08
700617600,1.1729,1.1893,1.1615,1.169,8615,50,0,1992-03-15
701222400,1.1689,1.193,1.1654,1.1903,8425,50,0,1992-03-22
701827200,1.1899,1.2056,1.1787,1.2026,8335,50,0,1992-03-29
702432000,1.2021,1.212,1.1934,1.1945000000000001,9295,50,0,1992-04-05
703036800,1.1917,1.1938,1.1696,1.1726,8055,50,0,1992-04-12
703641600,1.1722,1.1883,1.1663000000000001,1.1834,7375,50,0,1992-04-19
704246400,1.1844999999999999,1.193,1.1766,1.1841,6015,50,0,1992-04-26
704851200,1.1891,1.2031,1.1816,1.1893,9645,50,0,1992-05-03
705456000,1.1891,1.2184,1.1878,1.215,8755,50,0,1992-05-10
706060800,1.2112,1.2319,1.2042,1.2094,7595,50,0,1992-05-17
706665600,1.209,1.2204,1.1927,1.2166,8365,50,0,1992-05-24
707270400,1.2172,1.2352,1.2067,1.2278,10185,50,0,1992-05-31
707875200,1.2311,1.2455,1.2222,1.2405,7635,50,0,1992-06-07
708480000,1.2396,1.2515,1.233,1.2428,8705,50,0,1992-06-14
709084800,1.242,1.2753999999999999,1.2387,1.2738,8085,50,0,1992-06-21
709689600,1.2691,1.3029,1.2690000000000001,1.2886,12075,50,0,1992-06-28
710294400,1.2877,1.3237999999999999,1.2775,1.3094999999999999,17435,50,0,1992-07-05
710899200,1.3096,1.3423,1.3089,1.342,12075,50,0,1992-07-12
711504000,1.3424,1.3509,1.299,1.2995999999999999,15075,50,0,1992-07-19
712108800,1.3024,1.3292,1.302,1.3247,9185,50,0,1992-07-26
712713600,1.3263,1.3364,1.3147,1.3327,7585,50,0,1992-08-02
713318400,1.3338,1.3451,1.3231,1.3354,9935,50,0,1992-08-09
713923200,1.3321,1.3721,1.3248,1.3688,10755,50,0,1992-08-16
714528000,1.3784,1.4013,1.3719000000000001,1.3878,11805,50,0,1992-08-23
715132800,1.3913,1.4102000000000001,1.3604,1.3957,16235,50,0,1992-08-30
715737600,1.3915,1.4078,1.3399,1.349,12805,50,0,1992-09-06
716342400,1.3012000000000001,1.3338999999999999,1.2783,1.3201,27355,50,0,1992-09-13
716947200,1.3191,1.3313,1.2891,1.3146,18205,50,0,1992-09-20
717552000,1.3175,1.3957,1.3175,1.3881999999999999,21015,50,0,1992-09-27
718156800,1.3928,1.4072,1.3069,1.3071,19365,50,0,1992-10-04
718761600,1.3246,1.3535,1.3155999999999999,1.3206,14775,50,0,1992-10-11
719366400,1.3123,1.323,1.2735,1.2788,17295,50,0,1992-10-18
719971200,1.2793,1.2864,1.2605,1.268,13745,50,0,1992-10-25
720576000,1.2686,1.2698,1.2236,1.2252,14625,50,0,1992-11-01
721180800,1.2253,1.2506,1.2181,1.2416,10015,50,0,1992-11-08
721785600,1.2405,1.2473,1.2127,1.218,14495,50,0,1992-11-15
722390400,1.2279,1.2325,1.2099,1.2253,9925,50,0,1992-11-22
722995200,1.2222,1.2486,1.2179,1.2246,9965,50,0,1992-11-29
723600000,1.2267000000000001,1.2609,1.2251,1.2442,9395,50,0,1992-12-06
724204800,1.2436,1.266,1.2409,1.2503,9365,50,0,1992-12-13
724809600,1.2487,1.251,1.221,1.2211,6375,50,0,1992-12-20
725414400,1.2202,1.2235,1.2045,1.2069,6754,50,0,1992-12-27
726019200,1.2028,1.2068,1.1858,1.1968,8565,50,0,1993-01-03
726624000,1.1938,1.2101,1.1929,1.1951,7235,50,0,1993-01-10
727228800,1.1976,1.231,1.1943,1.2297,9775,50,0,1993-01-17
727833600,1.2299,1.2479,1.2117,1.2125,11065,50,0,1993-01-24
728438400,1.213,1.2155,1.1737,1.1791,12475,50,0,1993-01-31
729043200,1.1812,1.1905999999999999,1.1751,1.1795,9135,50,0,1993-02-07
729648000,1.1787,1.2075,1.1754,1.1913,12305,50,0,1993-02-14
730252800,1.191,1.2131,1.1821,1.1822,9715,50,0,1993-02-21
730857600,1.1826,1.1985999999999999,1.1697,1.1707,11015,50,0,1993-02-28
731462400,1.171,1.1811,1.169,1.1724999999999999,6585,50,0,1993-03-07
732067200,1.1724,1.2016,1.1707,1.188,8075,50,0,1993-03-14
732672000,1.1882,1.2046000000000001,1.1858,1.1998,7515,50,0,1993-03-21
733276800,1.1994,1.2338,1.1987,1.2233,11615,50,0,1993-03-28
733881600,1.2237,1.2278,1.2074,1.2189,6415,50,0,1993-04-04
734486400,1.2164,1.2404,1.2086000000000001,1.2097,8505,50,0,1993-04-11
735091200,1.2129,1.2391,1.2107,1.2354,11995,50,0,1993-04-18
735696000,1.2376,1.2494,1.2248,1.2343,9305,50,0,1993-04-25
736300800,1.2334,1.2466,1.2267000000000001,1.2332,7805,50,0,1993-05-02
736905600,1.2368000000000001,1.2368000000000001,1.2084,1.219,7345,50,0,1993-05-09
737510400,1.22,1.2205,1.1993,1.2025000000000001,8625,50,0,1993-05-16
738115200,1.2031,1.2346,1.1907,1.2324,8565,50,0,1993-05-23
738720000,1.232,1.2375,1.201,1.2013,7985,50,0,1993-05-30
739324800,1.205,1.2109,1.1918,1.2028,7185,50,0,1993-06-06
739929600,1.2045,1.2072,1.1604,1.1611,10155,50,0,1993-06-13
740534400,1.1611,1.1633,1.1418,1.1458,9405,50,0,1993-06-20
741139200,1.1454,1.1622,1.1386,1.1541,10255,50,0,1993-06-27
741744000,1.1535,1.1541,1.1343,1.1351,6335,50,0,1993-07-04
742348800,1.1355,1.1423,1.1266,1.1381000000000001,8825,50,0,1993-07-11
742953600,1.1325,1.1552,1.1325,1.137,7285,50,0,1993-07-18
743558400,1.1394,1.1416,1.1203,1.1227,6355,50,0,1993-07-25
744163200,1.1224,1.1554,1.1192,1.1518,9355,50,0,1993-08-01
744768000,1.152,1.1556,1.1339,1.143,5995,50,0,1993-08-08
745372800,1.1414,1.1694,1.1414,1.1684,9725,50,0,1993-08-15
745977600,1.1652,1.1775,1.1556,1.1761,8055,50,0,1993-08-22
746582400,1.1729,1.2107,1.1632,1.2095,9915,50,0,1993-08-29
747187200,1.2058,1.2288000000000001,1.2039,1.2239,11515,50,0,1993-09-05
747792000,1.2232,1.2315,1.2086999999999999,1.2112,10515,50,0,1993-09-12
748396800,1.2137,1.2215,1.1807,1.1941,13515,50,0,1993-09-19
749001600,1.1995,1.2178,1.1896,1.1995,8825,50,0,1993-09-26
749606400,1.1828,1.223,1.1813,1.2198,9055,50,0,1993-10-03
750211200,1.2217,1.2294,1.2075,1.2092,6365,50,0,1993-10-10
750816000,1.2088,1.2114,1.1652,1.1661,9585,50,0,1993-10-17
751420800,1.167,1.1733,1.1569,1.1594,8395,50,0,1993-10-24
752025600,1.1597,1.1607,1.1456,1.1559,7495,50,0,1993-10-31
752630400,1.1557,1.1629,1.1485,1.1594,7145,50,0,1993-11-07
753235200,1.159,1.1634,1.1376,1.1408,7695,50,0,1993-11-14
753840000,1.1416,1.1531,1.1388,1.1414,6275,50,0,1993-11-21
754444800,1.1424,1.1461000000000001,1.1314,1.1396,5275,50,0,1993-11-28
755049600,1.1384,1.1547,1.1384,1.1522000000000001,4855,50,0,1993-12-05
755654400,1.1515,1.1567,1.1366,1.144,5835,50,0,1993-12-12
756259200,1.1444,1.1562000000000001,1.1392,1.1529,4405,50,0,1993-12-19
756864000,1.1525,1.153,1.1239,1.1252,5685,50,0,1993-12-26
757468800,1.1248,1.1333,1.1201,1.1328,5275,50,0,1994-01-02
758073600,1.1328,1.1338,1.1137,1.1154,4915,50,0,1994-01-09
758678400,1.1154,1.1277,1.1135,1.1144,5335,50,0,1994-01-16
759283200,1.1148,1.1368,1.1141,1.1211,6005,50,0,1994-01-23
759888000,1.1218,1.1345,1.1086,1.1091,8005,50,0,1994-01-30
760492800,1.1091,1.119,1.1069,1.1169,4415,50,0,1994-02-06
761097600,1.117,1.1436,1.1157,1.1419,8445,50,0,1994-02-13
761702400,1.1421000000000001,1.1488,1.1248,1.1434,8165,50,0,1994-02-20
762307200,1.1432,1.1544,1.1360999999999999,1.1377,7495,50,0,1994-02-27
762912000,1.1376,1.1684,1.1338,1.1577,7475,50,0,1994-03-06
763516800,1.1578,1.1654,1.1506,1.151,5995,50,0,1994-03-13
764121600,1.1511,1.1783,1.1489,1.175,7715,50,0,1994-03-20
764726400,1.1746,1.1767,1.1518,1.1525,7815,50,0,1994-03-27
765331200,1.1505,1.1567,1.1376,1.1436,6225,50,0,1994-04-03
765936000,1.1436,1.1466,1.1355,1.142,5695,50,0,1994-04-10
766540800,1.1412,1.1598,1.1360000000000001,1.1588,6665,50,0,1994-04-17
767145600,1.1593,1.1894,1.1593,1.1825,6985,50,0,1994-04-24
767750400,1.1821,1.1981,1.1673,1.1769,9415,50,0,1994-05-01
768355200,1.1771,1.1839,1.1634,1.1695,7605,50,0,1994-05-08
768960000,1.1697,1.19,1.1659,1.1874,6825,50,0,1994-05-15
769564800,1.1872,1.1935,1.1804999999999999,1.1898,6025,50,0,1994-05-22
770169600,1.19,1.1927,1.1703000000000001,1.1706,5305,50,0,1994-05-29
770774400,1.1705,1.1759,1.1675,1.1739,4795,50,0,1994-06-05
771379200,1.1735,1.2167,1.1735,1.2143,8205,50,0,1994-06-12
771984000,1.2154,1.238,1.2124,1.238,9835,50,0,1994-06-19
772588800,1.2384,1.2436,1.2184,1.2237,9365,50,0,1994-06-26
773193600,1.2236,1.2579,1.2201,1.2579,9655,50,0,1994-07-03
773798400,1.2576,1.2894,1.2533,1.2661,11785,50,0,1994-07-10
774403200,1.2666,1.2699,1.2209,1.2285,11455,50,0,1994-07-17
775008000,1.2286,1.2482,1.2238,1.2436,9525,50,0,1994-07-24
775612800,1.2445,1.2457,1.2282,1.2401,6895,50,0,1994-07-31
776217600,1.2401,1.263,1.2299,1.2602,9095,50,0,1994-08-07
776822400,1.2599,1.2744,1.2483,1.2703,8065,50,0,1994-08-14
777427200,1.2704,1.2812999999999999,1.2387,1.2398,9595,50,0,1994-08-21
778032000,1.2398,1.2591999999999999,1.2278,1.2572999999999999,9915,50,0,1994-08-28
778636800,1.2574,1.2742,1.2521,1.2717,8585,50,0,1994-09-04
779241600,1.2718,1.2769,1.2607,1.2666,8475,50,0,1994-09-11
779846400,1.2668,1.2692,1.2549000000000001,1.2636,5935,50,0,1994-09-18
780451200,1.2637,1.2713,1.256,1.2612,6585,50,0,1994-09-25
781056000,1.2608,1.275,1.2530999999999999,1.2631000000000001,7165,50,0,1994-10-02
781660800,1.2633,1.29,1.2607,1.2844,6655,50,0,1994-10-09
782265600,1.2833,1.3142,1.2828,1.3039,9145,50,0,1994-10-16
782870400,1.3026,1.3161,1.2894999999999999,1.2929,8495,50,0,1994-10-23
783475200,1.2929,1.3117,1.2810000000000001,1.2923,9475,50,0,1994-10-30
784080000,1.2923,1.3009,1.2728,1.276,7525,50,0,1994-11-06
784684800,1.2761,1.2762,1.2537,1.2558,6685,50,0,1994-11-13
785289600,1.2558,1.2639,1.2506,1.2515,5495,50,0,1994-11-20
785894400,1.2516,1.2534,1.2359,1.2398,4855,50,0,1994-11-27
786499200,1.2397,1.2498,1.2352,1.2398,5425,50,0,1994-12-04
787104000,1.2397,1.2477,1.2368000000000001,1.2429000000000001,4495,50,0,1994-12-11
787708800,1.2428,1.2465,1.2351,1.2394,4425,50,0,1994-12-18
788313600,1.2394,1.2692,1.2355,1.2622,7755,50,0,1994-12-25
788918400,1.2626,1.2636,1.2496,1.2517,6195,50,0,1995-01-01
789523200,1.2517,1.2817,1.2509000000000001,1.2756,8555,50,0,1995-01-08
790128000,1.2755,1.2977,1.2711000000000001,1.2926,8955,50,0,1995-01-15
790732800,1.2925,1.2995999999999999,1.2872,1.2904,6285,50,0,1995-01-22
791337600,1.2906,1.3028,1.2775,1.2804,8015,50,0,1995-01-29
791942400,1.2804,1.2884,1.2718,1.288,5575,50,0,1995-02-05
792547200,1.288,1.3241,1.2849,1.3215,7445,50,0,1995-02-12
793152000,1.3218,1.3397999999999999,1.3157,1.3374,10805,50,0,1995-02-19
793756800,1.3376000000000001,1.3860999999999999,1.3299,1.3832,15975,50,0,1995-02-26
794361600,1.3837,1.4535,1.3761999999999999,1.3891,30545,50,0,1995-03-05
794966400,1.3896,1.4178,1.3799000000000001,1.4144999999999999,12255,50,0,1995-03-12
795571200,1.414,1.4152,1.3763,1.3778000000000001,12685,50,0,1995-03-19
796176000,1.3783,1.4318,1.377,1.4289,19065,50,0,1995-03-26
796780800,1.4289,1.4379,1.399,1.4022999999999999,17275,50,0,1995-04-02
797385600,1.4025,1.415,1.3788,1.4061,13225,50,0,1995-04-09
797990400,1.4111,1.452,1.4076,1.4408,18095,50,0,1995-04-16
798595200,1.4397,1.4462,1.4019,1.4086,18425,50,0,1995-04-23
799200000,1.4087,1.4348,1.4018,1.4243999999999999,9915,50,0,1995-04-30
799804800,1.425,1.4358,1.3428,1.3482,14615,50,0,1995-05-07
800409600,1.3483,1.3694,1.338,1.3527,16595,50,0,1995-05-14
801014400,1.3526,1.4223,1.3471,1.4197,14005,50,0,1995-05-21
801619200,1.4198,1.4235,1.3609,1.3892,19785,50,0,1995-05-28
802224000,1.3891,1.4001000000000001,1.374,1.392,10885,50,0,1995-06-04
802828800,1.3921999999999999,1.4038,1.3832,1.3986,11275,50,0,1995-06-11
803433600,1.3982999999999999,1.4147,1.393,1.413,9575,50,0,1995-06-18
804038400,1.413,1.4203999999999999,1.3937,1.4152,11055,50,0,1995-06-25
804643200,1.415,1.4203999999999999,1.3947,1.4042,8145,50,0,1995-07-02
805248000,1.4042,1.4106,1.3836,1.404,9715,50,0,1995-07-09
805852800,1.404,1.4249,1.3971,1.409,7925,50,0,1995-07-16
806457600,1.4088,1.4205999999999999,1.4012,1.4168,8495,50,0,1995-07-23
807062400,1.4174,1.4247,1.3945,1.3977,9035,50,0,1995-07-30
807667200,1.3978,1.4008,1.3488,1.3524,9635,50,0,1995-08-06
808272000,1.3524,1.3673,1.31,1.3244,17635,50,0,1995-08-13
808876800,1.3237,1.3324,1.3072,1.3295,11305,50,0,1995-08-20
809481600,1.3299,1.3397999999999999,1.3202,1.3384,8235,50,0,1995-08-27
810086400,1.3382,1.3425,1.3138,1.3316,9445,50,0,1995-09-03
810691200,1.3317999999999999,1.3333,1.3,1.3173,10475,50,0,1995-09-10
811296000,1.3175,1.3886,1.3094000000000001,1.3728,18235,50,0,1995-09-17
811900800,1.3728,1.383,1.3555,1.3696,11265,50,0,1995-09-24
812505600,1.3687,1.3824,1.3548,1.3719999999999999,9955,50,0,1995-10-01
813110400,1.3725,1.3918,1.3654,1.3711,10245,50,0,1995-10-08
813715200,1.3715,1.4015,1.3715,1.401,10515,50,0,1995-10-15
814320000,1.4013,1.416,1.3878,1.3886,12805,50,0,1995-10-22
814924800,1.3886,1.3952,1.3713,1.3793,9115,50,0,1995-10-29
815529600,1.3795,1.3924,1.3718,1.3820000000000001,8995,50,0,1995-11-05
816134400,1.3817,1.3993,1.3761,1.3889,9315,50,0,1995-11-12
816739200,1.3894,1.3926,1.3735,1.3776,8595,50,0,1995-11-19
817344000,1.3777,1.3798,1.3479,1.3554,9535,50,0,1995-11-26
817948800,1.3554,1.3700999999999999,1.3452,1.3526,9855,50,0,1995-12-03
818553600,1.3526,1.3629,1.3458999999999999,1.3573,6515,50,0,1995-12-10
819158400,1.3576,1.3703,1.3521,1.3611,7915,50,0,1995-12-17
819763200,1.3611,1.3697,1.3567,1.3603,8415,50,0,1995-12-24
820368000,1.3617,1.3669,1.3413,1.3544,8114,50,0,1995-12-31
820972800,1.355,1.3652,1.3517000000000001,1.3538000000000001,7325,50,0,1996-01-07
821577600,1.354,1.3561,1.3179,1.3214000000000001,7315,50,0,1996-01-14
822182400,1.3222,1.3288,1.3088,1.3115999999999999,8755,50,0,1996-01-21
822787200,1.312,1.3228,1.3084,1.3208,7245,50,0,1996-01-28
823392000,1.3209,1.3378,1.3195000000000001,1.3227,7585,50,0,1996-02-04
823996800,1.3231,1.3504,1.3227,1.3504,6655,50,0,1996-02-11
824601600,1.3503,1.3566,1.3393,1.3529,10335,50,0,1996-02-18
825206400,1.3535,1.3543,1.3208,1.3276,6895,50,0,1996-02-25
825811200,1.3274,1.3296999999999999,1.3108,1.3148,7485,50,0,1996-03-03
826416000,1.3141,1.3338999999999999,1.3125,1.3275000000000001,6975,50,0,1996-03-10
827020800,1.3276,1.3303,1.3195000000000001,1.3275000000000001,5525,50,0,1996-03-17
827625600,1.326,1.3315000000000001,1.3148,1.3224,6105,50,0,1996-03-24
828230400,1.3226,1.3242,1.3171,1.3175,3715,50,0,1996-03-31
828835200,1.3203,1.3269,1.2982,1.2995999999999999,8065,50,0,1996-04-07
829440000,1.3,1.3062,1.2893,1.2893,7025,50,0,1996-04-14
830044800,1.2897,1.291,1.2742,1.2814999999999999,4685,50,0,1996-04-21
830649600,1.2812999999999999,1.2887,1.2703,1.2812999999999999,6825,50,0,1996-04-28
831254400,1.2808,1.292,1.278,1.2806,5715,50,0,1996-05-05
831859200,1.2802,1.2831000000000001,1.2718,1.2748,5165,50,0,1996-05-12
832464000,1.2747,1.2764,1.2652999999999999,1.2663,3415,50,0,1996-05-19
833068800,1.2661,1.2856,1.2617,1.2839,6775,50,0,1996-05-26
833673600,1.2839,1.2878,1.2724,1.2772000000000001,6065,50,0,1996-06-02
834278400,1.2730000000000001,1.2902,1.2699,1.2819,6435,50,0,1996-06-09
834883200,1.2846,1.2949,1.2737,1.2770000000000001,6105,50,0,1996-06-16
835488000,1.2769,1.2892000000000001,1.2657,1.2809,7885,50,0,1996-06-23
836092800,1.2809,1.2873999999999999,1.2596,1.28,8525,50,0,1996-06-30
836697600,1.2796,1.2889,1.2774,1.2844,4095,50,0,1996-07-07
837302400,1.2843,1.3304,1.2818,1.3108,11355,50,0,1996-07-14
837907200,1.3111,1.328,1.3085,1.32,8575,50,0,1996-07-21
838512000,1.32,1.3353,1.3166,1.3251,6075,50,0,1996-07-28
839116800,1.3251,1.3291,1.314,1.3261,5825,50,0,1996-08-04
839721600,1.3262,1.3276,1.3085,1.3104,4885,50,0,1996-08-11
840326400,1.3104,1.3245,1.3072,1.3242,5835,50,0,1996-08-18
840931200,1.3241,1.3272,1.3176999999999999,1.3189,5265,50,0,1996-08-25
841536000,1.3189,1.3227,1.3092,1.3111,5625,50,0,1996-09-01
842140800,1.3111,1.3135,1.2893,1.2921,7015,50,0,1996-09-08
842745600,1.292,1.2993999999999999,1.2843,1.29,6265,50,0,1996-09-15
843350400,1.289,1.3035,1.2816,1.2829,6055,50,0,1996-09-22
843955200,1.2828,1.2859,1.2734,1.2767,4985,50,0,1996-09-29
844560000,1.2764,1.2831000000000001,1.2758,1.2779,4295,50,0,1996-10-06
845164800,1.278,1.2802,1.2658,1.268,5295,50,0,1996-10-13
845769600,1.2697,1.29,1.2671000000000001,1.286,6175,50,0,1996-10-20
846374400,1.2842,1.2993000000000001,1.2824,1.2923,6675,50,0,1996-10-27
846979200,1.2934999999999999,1.3035,1.2811,1.2929,9675,50,0,1996-11-03
847584000,1.3019,1.3138,1.2934999999999999,1.2959,7955,50,0,1996-11-10
848188800,1.2971,1.3088,1.2907,1.297,7175,50,0,1996-11-17
848793600,1.2972000000000001,1.2974999999999999,1.2703,1.2704,6035,50,0,1996-11-24
849398400,1.2717,1.2827,1.2424,1.2639,16825,50,0,1996-12-01
850003200,1.2622,1.2747,1.2549000000000001,1.256,7695,50,0,1996-12-08
850608000,1.2556,1.2686,1.2517,1.2605,6235,50,0,1996-12-15
851212800,1.2610000000000001,1.2617,1.2541,1.2591,3395,50,0,1996-12-22
851817600,1.2591,1.2732,1.2469999999999999,1.2479,7024,50,0,1996-12-29
852422400,1.2463,1.2587,1.2317,1.2335,12285,50,0,1997-01-05
853027200,1.2335,1.237,1.2075,1.2091,7945,50,0,1997-01-12
853632000,1.2091,1.2116,1.1884000000000001,1.2008,9665,50,0,1997-01-19
854236800,1.1992,1.2003,1.1804999999999999,1.1948,9915,50,0,1997-01-26
854841600,1.1924,1.1951,1.1673,1.1764000000000001,7895,50,0,1997-02-02
855446400,1.1884000000000001,1.1898,1.1551,1.1587,7975,50,0,1997-02-09
856051200,1.1556,1.1639,1.1456,1.158,8375,50,0,1997-02-16
856656000,1.1594,1.1727,1.1535,1.1572,8315,50,0,1997-02-23
857260800,1.155,1.1579,1.1364,1.1413,5945,50,0,1997-03-02
857865600,1.1399,1.1572,1.1398,1.1546,7425,50,0,1997-03-09
858470400,1.1542,1.1706,1.1528,1.1599,8235,50,0,1997-03-16
859075200,1.1591,1.1701,1.1522000000000001,1.1642000000000001,6285,50,0,1997-03-23
859680000,1.1643,1.1768,1.1592,1.1599,7895,50,0,1997-03-30
860284800,1.1589,1.1607,1.1322,1.1360999999999999,7295,50,0,1997-04-06
860889600,1.1363,1.1438,1.126,1.1429,5465,50,0,1997-04-13
861494400,1.144,1.1533,1.1309,1.1320000000000001,6605,50,0,1997-04-20
862099200,1.133,1.1394,1.1244,1.1308,6505,50,0,1997-04-27
862704000,1.1315,1.1623,1.1273,1.1591,6945,50,0,1997-05-04
863308800,1.1602000000000001,1.1728,1.1444,1.1554,11445,50,0,1997-05-11
863913600,1.1558,1.1698,1.1426,1.1549,9495,50,0,1997-05-18
864518400,1.1621,1.1658,1.144,1.1454,7885,50,0,1997-05-25
865123200,1.1456,1.146,1.1227,1.1339,7585,50,0,1997-06-01
865728000,1.1334,1.1489,1.1235,1.1253,7255,50,0,1997-06-08
866332800,1.1262,1.1366,1.1245,1.131,6395,50,0,1997-06-15
866937600,1.1291,1.1404,1.1237,1.1238,5485,50,0,1997-06-22
867542400,1.124,1.127,1.1118,1.1154,5735,50,0,1997-06-29
868147200,1.1132,1.1225,1.0959,1.0982,7675,50,0,1997-07-06
868752000,1.0969,1.1011,1.0841,1.0911,9555,50,0,1997-07-13
869356800,1.0928,1.0948,1.0628,1.0641,7115,50,0,1997-07-20
869961600,1.064,1.0703,1.0475,1.0501,7255,50,0,1997-07-27
870566400,1.0493999999999999,1.0634,1.0344,1.0593,9675,50,0,1997-08-03
871171200,1.0594,1.0772,1.0454,1.0753,9615,50,0,1997-08-10
871776000,1.0779,1.0835,1.052,1.0745,9265,50,0,1997-08-17
872380800,1.0762,1.0947,1.0711,1.0819,10745,50,0,1997-08-24
872985600,1.0788,1.0899,1.0631,1.0846,9115,50,0,1997-08-31
873590400,1.0846,1.1059,1.0761,1.1041,8565,50,0,1997-09-07
874195200,1.0995,1.1139000000000001,1.0968,1.1016,8075,50,0,1997-09-14
874800000,1.1018,1.1193,1.0859,1.1113,9905,50,0,1997-09-21
875404800,1.111,1.1163,1.0994,1.1132,7875,50,0,1997-09-28
876009600,1.1132,1.1285,1.1085,1.1172,9075,50,0,1997-10-05
876614400,1.1169,1.1224,1.1017,1.1032,6395,50,0,1997-10-12
877219200,1.102,1.1087,1.0913,1.1019,8205,50,0,1997-10-19
877824000,1.1028,1.144,1.1027,1.1334,11275,50,0,1997-10-26
878428800,1.134,1.1504,1.1219999999999999,1.1451,8785,50,0,1997-11-02
879033600,1.1456,1.1537,1.1273,1.1302,8955,50,0,1997-11-09
879638400,1.1294,1.1345,1.1168,1.1253,6895,50,0,1997-11-16
880243200,1.1255,1.1309,1.1057,1.1091,6515,50,0,1997-11-23
880848000,1.1097,1.1103,1.0953,1.0976,6005,50,0,1997-11-30
881452800,1.097,1.1125,1.0893,1.0997,6855,50,0,1997-12-07
882057600,1.1009,1.1112,1.0957,1.1013,7765,50,0,1997-12-14
882662400,1.1006,1.1046,1.0944,1.1027,3245,50,0,1997-12-21
883267200,1.1039,1.1046,1.0826,1.0851,3385,50,0,1997-12-28
883872000,1.0857,1.0887,1.0641,1.0735,981,50,0,1998-01-04
884476800,1.0727,1.08,1.0659,1.0665,726,50,0,1998-01-11
885081600,1.0674,1.1031,1.0608,1.1003,841,50,0,1998-01-18
885686400,1.1064,1.1158,1.0657,1.0686,1055,50,0,1998-01-25
886291200,1.0672,1.0962,1.0646,1.0806,868,50,0,1998-02-01
886896000,1.0796000000000001,1.0847,1.0705,1.0761,644,50,0,1998-02-08
887500800,1.076,1.079,1.0691,1.0746,611,50,0,1998-02-15
888105600,1.0761,1.0924,1.0699,1.0767,889,50,0,1998-02-22
888710400,1.0778,1.0951,1.073,1.0802,996,50,0,1998-03-01
889315200,1.0754,1.0962,1.0735,1.0921,780,50,0,1998-03-08
889920000,1.092,1.0962,1.0808,1.0855,664,50,0,1998-03-15
890524800,1.0844,1.0933,1.0812,1.0876,624,50,0,1998-03-22
891129600,1.0866,1.0877,1.07,1.0752,649,50,0,1998-03-29
891734400,1.077,1.0965,1.0753,1.0887,619,50,0,1998-04-05
892339200,1.0845,1.1052,1.0838,1.0979,788,50,0,1998-04-12
892944000,1.095,1.1101,1.0928,1.1036,736,50,0,1998-04-19
893548800,1.102,1.114,1.095,1.1092,789,50,0,1998-04-26
894153600,1.1065,1.1207,1.1039,1.1128,697,50,0,1998-05-03
894758400,1.1125,1.117,1.1012,1.1035,722,50,0,1998-05-10
895363200,1.103,1.1216,1.0993,1.1185,557,50,0,1998-05-17
895968000,1.117,1.1195,1.0991,1.1034,955,50,0,1998-05-24
896572800,1.101,1.1188,1.101,1.111,575,50,0,1998-05-31
897177600,1.109,1.1123,1.0894,1.0942,680,50,0,1998-06-07
897782400,1.0925,1.111,1.086,1.1067,816,50,0,1998-06-14
898387200,1.105,1.107,1.091,1.0947,795,50,0,1998-06-21
898992000,1.093,1.0994,1.0847,1.0885,690,50,0,1998-06-28
899596800,1.087,1.0958,1.079,1.0893,645,50,0,1998-07-05
900201600,1.0875,1.1097,1.087,1.1075,630,50,0,1998-07-12
900806400,1.106,1.1124,1.0994,1.1096,603,50,0,1998-07-19
901411200,1.1091,1.1178,1.1035,1.11,727,50,0,1998-07-26
902016000,1.108,1.1174,1.1003,1.1077,760,50,0,1998-08-02
902620800,1.105,1.1136,1.0923,1.0952,785,50,0,1998-08-09
903225600,1.0919,1.1023,1.0876,1.0989,709,50,0,1998-08-16
903830400,1.0955,1.1243,1.0895,1.123,834,50,0,1998-08-23
904435200,1.1149,1.1478,1.1092,1.1386,1275,50,0,1998-08-30
905040000,1.1400000000000001,1.1735,1.1283,1.1596,1173,50,0,1998-09-06
905644800,1.1555,1.173,1.1485,1.1593,1101,50,0,1998-09-13
906249600,1.161,1.184,1.1568,1.1713,1139,50,0,1998-09-20
906854400,1.173,1.2082,1.1645,1.1962,1045,50,0,1998-09-27
907459200,1.2015,1.2401,1.1967,1.2133,1619,50,0,1998-10-04
908064000,1.2115,1.225,1.1958,1.2172,1258,50,0,1998-10-11
908668800,1.215,1.2209,1.188,1.2002,1104,50,0,1998-10-18
909273600,1.194,1.1981,1.1804000000000001,1.1902,903,50,0,1998-10-25
909878400,1.1905000000000001,1.1943,1.1718,1.1746,873,50,0,1998-11-01
910483200,1.173,1.1764999999999999,1.1582,1.1683,908,50,0,1998-11-08
911088000,1.168,1.186,1.1602999999999999,1.1623999999999999,977,50,0,1998-11-15
911692800,1.1605,1.1635,1.1455,1.149,836,50,0,1998-11-22
912297600,1.148,1.181,1.148,1.1728,1104,50,0,1998-11-29
912902400,1.1715,1.1933,1.166,1.1927,683,50,0,1998-12-06
913507200,1.1915,1.1967,1.1713,1.1812,1044,50,0,1998-12-13
914112000,1.182,1.186,1.1663000000000001,1.1681,673,50,0,1998-12-20
914716800,1.1662,1.1779,1.1632,1.1724,576,50,0,1998-12-27
915321600,1.1801,1.1862,1.1533,1.1585,25948,50,0,1999-01-03
915926400,1.1575,1.179,1.1447,1.1562999999999999,30962,50,0,1999-01-10
916531200,1.1565,1.1642000000000001,1.1539,1.1587,27718,50,0,1999-01-17
917136000,1.1579,1.1608,1.1342,1.1367,28542,50,0,1999-01-24
917740800,1.1383,1.1397,1.1247,1.126,28182,50,0,1999-01-31
918345600,1.1262,1.1360000000000001,1.1214,1.1306,24095,50,0,1999-02-07
918950400,1.1299,1.1304,1.1055,1.1058,22643,50,0,1999-02-14
919555200,1.1052,1.1078999999999999,1.0926,1.1025,25343,50,0,1999-02-21
920160000,1.0982,1.1025,1.0786,1.0818,25532,50,0,1999-02-28
920764800,1.0821,1.1057,1.0798,1.0905,27398,50,0,1999-03-07
921369600,1.0909,1.107,1.0819,1.0889,25560,50,0,1999-03-14
921974400,1.0909,1.0962,1.0715,1.0765,25576,50,0,1999-03-21
922579200,1.0752,1.0823,1.068,1.0794,20930,50,0,1999-03-28
923184000,1.0795,1.0884,1.0703,1.0794,25250,50,0,1999-04-04
923788800,1.0822,1.0879,1.0629,1.0702,24128,50,0,1999-04-11
924393600,1.0676,1.0703,1.056,1.0608,25168,50,0,1999-04-18
924998400,1.0605,1.07,1.0547,1.0575,25475,50,0,1999-04-25
925603200,1.0586,1.0827,1.0551,1.0758,26177,50,0,1999-05-02
926208000,1.073,1.0833,1.0602,1.0657,31240,50,0,1999-05-09
926812800,1.0675,1.0714,1.0544,1.0591,28052,50,0,1999-05-16
927417600,1.0562,1.0647,1.0397,1.0429,30043,50,0,1999-05-23
928022400,1.0456,1.0487,1.027,1.0376,32295,50,0,1999-05-30
928627200,1.0359,1.0559,1.026,1.0513,31422,50,0,1999-06-06
929232000,1.0507,1.0508,1.0288,1.04,29347,50,0,1999-06-13
929836800,1.0383,1.0477,1.027,1.0429,29735,50,0,1999-06-20
930441600,1.0397,1.0439,1.021,1.025,33570,50,0,1999-06-27
931046400,1.0248,1.0271,1.0147,1.02,28669,50,0,1999-07-04
931651200,1.0195,1.0252,1.0107,1.0201,30107,50,0,1999-07-11
932256000,1.0186,1.057,1.0122,1.0524,29866,50,0,1999-07-18
932860800,1.0521,1.0746,1.0516,1.0714,31531,50,0,1999-07-25
933465600,1.0699,1.0827,1.0625,1.0735,32612,50,0,1999-08-01
934070400,1.0725,1.0766,1.0559,1.0567,28632,50,0,1999-08-08
934675200,1.0576,1.0695000000000001,1.0459,1.0675,30019,50,0,1999-08-15
935280000,1.0671,1.068,1.0398,1.0465,30355,50,0,1999-08-22
935884800,1.0479,1.0729,1.0435,1.0613,28544,50,0,1999-08-29
936489600,1.0578,1.0645,1.0349,1.0368,33538,50,0,1999-09-05
937094400,1.0357,1.0471,1.0286,1.0425,35853,50,0,1999-09-12
937699200,1.0413000000000001,1.0543,1.0349,1.043,31678,50,0,1999-09-19
938304000,1.0436,1.0767,1.0394,1.073,30697,50,0,1999-09-26
938908800,1.0714,1.0779,1.0602,1.0631,32492,50,0,1999-10-03
939513600,1.0616,1.0915,1.0608,1.0878,35098,50,0,1999-10-10
940118400,1.0898,1.0904,1.0653,1.0693,33906,50,0,1999-10-17
940723200,1.069,1.0705,1.0431,1.0527,34473,50,0,1999-10-24
941328000,1.0551,1.0594,1.0344,1.0444,36041,50,0,1999-10-31
941932800,1.0444,1.0463,1.0289,1.0319,33633,50,0,1999-11-07
942537600,1.033,1.0445,1.0245,1.031,32805,50,0,1999-11-14
943142400,1.0303,1.0341,1.008,1.0172,32406,50,0,1999-11-21
943747200,1.0157,1.0203,0.9993,1.0031,36092,50,0,1999-11-28
944352000,1.0025,1.0297,0.9991,1.0137,29070,50,0,1999-12-05
944956800,1.0139,1.0247,1.0011,1.0077,26721,50,0,1999-12-12
945561600,1.0084,1.0178,1.0041,1.0131000000000001,30754,50,0,1999-12-19
946166400,1.0127,1.016,1.0017,1.0062,24552,50,0,1999-12-26
946771200,1.0073,1.0415,1.0054,1.0298,33463,50,0,2000-01-02
947376000,1.0286,1.037,1.0114,1.0122,32063,50,0,2000-01-09
947980800,1.0129,1.0193,1.005,1.0087,33260,50,0,2000-01-16
948585600,1.0028,1.0096,0.9736,0.9749,33667,50,0,2000-01-23
949190400,0.9773,0.9947,0.9667,0.984,34912,50,0,2000-01-30
949795200,0.9832,0.9971,0.9754,0.9884,33364,50,0,2000-02-06
950400000,0.9877,0.9958,0.9763,0.9845,30764,50,0,2000-02-13
951004800,0.9854,1.0089,0.9722,0.9746,30570,50,0,2000-02-20
951609600,0.9728,0.9872,0.9401,0.9607,37397,50,0,2000-02-27
952214400,0.9567,0.9698,0.9521,0.9639,35087,50,0,2000-03-05
952819200,0.9627,0.974,0.959,0.9729,33358,50,0,2000-03-12
953424000,0.9725,0.9785,0.9573,0.9785,33031,50,0,2000-03-19
954028800,0.9774,0.979,0.9478,0.9552,35143,50,0,2000-03-26
954633600,0.9562,0.9749,0.9502,0.9545,33245,50,0,2000-04-02
955238400,0.9548,0.9649,0.951,0.9628,35422,50,0,2000-04-09
955843200,0.9648,0.9679,0.9353,0.9383,31168,50,0,2000-04-16
956448000,0.9382,0.9451,0.903,0.9117,31154,50,0,2000-04-23
957052800,0.912,0.9175,0.8847,0.8969,31562,50,0,2000-04-30
957657600,0.8965,0.9201,0.8914,0.9185,34255,50,0,2000-05-07
958262400,0.9179,0.919,0.8844,0.897,31144,50,0,2000-05-14
958867200,0.8974,0.9336,0.8952,0.9315,33390,50,0,2000-05-21
959472000,0.9328,0.9498,0.9238,0.9458,30688,50,0,2000-05-28
960076800,0.9457,0.97,0.9411,0.9533,32686,50,0,2000-06-04
960681600,0.9537,0.966,0.949,0.9643,29981,50,0,2000-06-11
961286400,0.9637,0.9693,0.9338,0.9362,31295,50,0,2000-06-18
961891200,0.9362,0.9603,0.9296,0.9523,30959,50,0,2000-06-25
962496000,0.9524,0.9599,0.9458,0.9479,30532,50,0,2000-07-02
963100800,0.9485,0.9566,0.9317,0.9383,30886,50,0,2000-07-09
963705600,0.9384,0.9401,0.9192,0.9362,31064,50,0,2000-07-16
964310400,0.9364,0.945,0.9221,0.9225,29544,50,0,2000-07-23
964915200,0.9238,0.9294,0.8998,0.9081,29282,50,0,2000-07-30
965520000,0.9073,0.914,0.8963,0.9036,28473,50,0,2000-08-06
966124800,0.9039,0.9184,0.9,0.9068,29749,50,0,2000-08-13
966729600,0.907,0.9079,0.8909,0.9022,30205,50,0,2000-08-20
967334400,0.9024,0.9045,0.8841,0.9003,27946,50,0,2000-08-27
967939200,0.9002,0.904,0.8635,0.8665,33063,50,0,2000-09-03
968544000,0.8641,0.8725,0.8522,0.8522,36644,50,0,2000-09-10
969148800,0.8521,0.9008,0.8439,0.8765,35145,50,0,2000-09-17
969753600,0.8797,0.8886,0.8712,0.8842,33169,50,0,2000-09-24
970358400,0.8841,0.8858,0.8665,0.8682,28685,50,0,2000-10-01
970963200,0.8685,0.8768,0.8528,0.8564,29988,50,0,2000-10-08
971568000,0.8557,0.8573,0.8326,0.842,34255,50,0,2000-10-15
972172800,0.8415,0.8443,0.8227,0.8387,35857,50,0,2000-10-22
972777600,0.8411,0.8796,0.8383,0.8674,39867,50,0,2000-10-29
973382400,0.8662,0.8732,0.8516,0.8606,40228,50,0,2000-11-05
973987200,0.8621,0.8665,0.8472,0.8478,35445,50,0,2000-11-12
974592000,0.8488,0.8536,0.8372,0.8381,34716,50,0,2000-11-19
975196800,0.8394,0.8798,0.8387,0.8792,37044,50,0,2000-11-26
975801600,0.8787,0.8976,0.8754,0.8878,41089,50,0,2000-12-03
976406400,0.8813,0.9002,0.8715,0.8957,40485,50,0,2000-12-10
977011200,0.8946,0.9262,0.8879,0.9232,41809,50,0,2000-12-17
977616000,0.923,0.943,0.9197,0.9424,31570,50,0,2000-12-24
978220800,0.9421,0.9596,0.9262,0.9575,35878,50,0,2000-12-31
978825600,0.9584,0.9592,0.9362,0.9519,41008,50,0,2001-01-07
979430400,0.9524,0.9527,0.9288,0.9342,39694,50,0,2001-01-14
980035200,0.9347,0.9452,0.9115,0.9246,40090,50,0,2001-01-21
980640000,0.9239,0.9445,0.9143,0.9362,38775,50,0,2001-01-28
981244800,0.9353,0.9441,0.9132,0.9243,39818,50,0,2001-02-04
981849600,0.9255,0.9331,0.9026,0.9148,37124,50,0,2001-02-11
982454400,0.9131,0.9241,0.9014,0.9193,40286,50,0,2001-02-18
983059200,0.9174,0.9382,0.9077,0.9363,40424,50,0,2001-02-25
983664000,0.9364,0.9375,0.9252,0.9331,37297,50,0,2001-03-04
984268800,0.9321,0.9344,0.8915,0.897,48195,50,0,2001-03-11
984873600,0.897,0.9127,0.8834,0.889,43034,50,0,2001-03-18
985478400,0.8897,0.8993,0.8749,0.8755,43512,50,0,2001-03-25
986083200,0.8743,0.9093,0.8732,0.904,44657,50,0,2001-04-01
986688000,0.9042,0.905,0.8809,0.8882,41036,50,0,2001-04-08
987292800,0.8886,0.9048,0.8706,0.9029,42739,50,0,2001-04-15
987897600,0.9015,0.9083,0.8887,0.8922,43840,50,0,2001-04-22
988502400,0.8914,0.9009,0.885,0.8926,41728,50,0,2001-04-29
989107200,0.8926,0.8937,0.8736,0.8752,41612,50,0,2001-05-06
989712000,0.876,0.8881,0.8725,0.8817,41088,50,0,2001-05-13
990316800,0.8799,0.882,0.8494,0.8614,41961,50,0,2001-05-20
990921600,0.8602,0.8614,0.8431,0.8481,39544,50,0,2001-05-27
991526400,0.8468,0.8569,0.8424,0.8508,38215,50,0,2001-06-03
992131200,0.85,0.8674,0.841,0.8615,38669,50,0,2001-06-10
992736000,0.8629,0.8644,0.8495,0.8576,38442,50,0,2001-06-17
993340800,0.8568,0.8661,0.843,0.8497,42954,50,0,2001-06-24
993945600,0.8503,0.8509,0.8346,0.848,47585,50,0,2001-07-01
994550400,0.8469,0.8644,0.8444,0.8545,43451,50,0,2001-07-08
995155200,0.854,0.8788,0.8488,0.8714,44133,50,0,2001-07-15
995760000,0.8705,0.8825,0.8649,0.8776,44682,50,0,2001-07-22
996364800,0.8777,0.8878,0.8721,0.8843,43319,50,0,2001-07-29
996969600,0.883,0.8962,0.8737,0.893,42225,50,0,2001-08-05
997574400,0.8937,0.9202,0.892,0.9181,46829,50,0,2001-08-12
998179200,0.9176,0.9241,0.9076,0.9148,45703,50,0,2001-08-19
998784000,0.9145,0.92,0.9026,0.9125,45714,50,0,2001-08-26
999388800,0.9094,0.9105,0.8824,0.9076,46119,50,0,2001-09-02
999993600,0.906,0.9251,0.8954,0.9205,49119,50,0,2001-09-09
1000598400,0.9236,0.9335,0.9084,0.9144,47596,50,0,2001-09-16
1001203200,0.9134,0.925,0.9078,0.9114,45489,50,0,2001-09-23
1001808000,0.9103,0.9235,0.9059,0.9187,46436,50,0,2001-09-30
1002412800,0.9191,0.9246,0.8989,0.9113,43456,50,0,2001-10-07
1003017600,0.9117,0.9141,0.8965,0.899,43817,50,0,2001-10-14
1003622400,0.8985,0.9004,0.8867,0.8923,42273,50,0,2001-10-21
1004227200,0.8922,0.9121,0.8921,0.904,44989,50,0,2001-10-28
1004832000,0.9015,0.9049,0.8888,0.8934,44710,50,0,2001-11-04
1005436800,0.8944,0.9016,0.877,0.8843,42772,50,0,2001-11-11
1006041600,0.8843,0.8855,0.8735,0.8782,42389,50,0,2001-11-18
1006646400,0.8778,0.8983,0.8769,0.8956,44966,50,0,2001-11-25
1007251200,0.8956,0.897,0.8846,0.8918,46388,50,0,2001-12-02
1007856000,0.8894,0.9055,0.884,0.9026,45216,50,0,2001-12-09
1008460800,0.9035,0.9083,0.8854,0.8889,50169,50,0,2001-12-16
1009065600,0.8888,0.891,0.8741,0.8853,39164,50,0,2001-12-23
1009670400,0.8841,0.9069,0.8824,0.8948,38595,50,0,2001-12-30
1010275200,0.895,0.8998,0.8864,0.8922,46661,50,0,2002-01-06
1010880000,0.8945,0.8956,0.8793,0.8845,47193,50,0,2002-01-13
1011484800,0.884,0.8892,0.8631,0.8644,47052,50,0,2002-01-20
1012089600,0.8645,0.8677,0.8562,0.8622,46799,50,0,2002-01-27
1012694400,0.8615,0.8756,0.8605,0.8722,42645,50,0,2002-02-03
1013299200,0.8708,0.8803,0.868,0.873,42795,50,0,2002-02-10
1013904000,0.8732,0.8785,0.8663,0.8752,41263,50,0,2002-02-17
1014508800,0.8753,0.8759,0.8615,0.8658,43802,50,0,2002-02-24
1015113600,0.8647,0.8843,0.8631,0.8734,45750,50,0,2002-03-03
1015718400,0.8737,0.887,0.8703,0.883,43020,50,0,2002-03-10
1016323200,0.8812,0.8862,0.8749,0.878,42667,50,0,2002-03-17
1016928000,0.8773,0.8798,0.8698,0.8719,40958,50,0,2002-03-24
1017532800,0.8716,0.8859,0.8714,0.8785,42081,50,0,2002-03-31
1018137600,0.8791,0.885,0.8733,0.8809,42942,50,0,2002-04-07
1018742400,0.8797,0.8929,0.8788,0.8922,42605,50,0,2002-04-14
1019347200,0.8894,0.9026,0.8858,0.9015,40799,50,0,2002-04-21
1019952000,0.9013,0.9178,0.8988,0.9173,40893,50,0,2002-04-28
1020556800,0.9164,0.9193,0.9036,0.914,43174,50,0,2002-05-05
1021161600,0.9129,0.9224,0.8994,0.9211,44283,50,0,2002-05-12
1021766400,0.9206,0.928,0.9161,0.9203,46344,50,0,2002-05-19
1022371200,0.9205,0.9416,0.9182,0.9337,45189,50,0,2002-05-26
1022976000,0.933,0.949,0.9302,0.9426,46182,50,0,2002-06-02
1023580800,0.9431,0.9524,0.9387,0.9454,44902,50,0,2002-06-09
1024185600,0.9451,0.9722,0.9411,0.9705,45192,50,0,2002-06-16
1024790400,0.9699,0.9992,0.9661,0.9911,51464,50,0,2002-06-23
1025395200,0.9914,0.9973,0.9714,0.973,45889,50,0,2002-06-30
1026000000,0.9745,0.9971,0.9741,0.9906,49424,50,0,2002-07-07
1026604800,0.9916,1.021,0.9913,1.0117,52126,50,0,2002-07-14
1027209600,1.0112,1.0135,0.9844,0.9859,51230,50,0,2002-07-21
1027814400,0.9873,0.9919,0.9726,0.9859,49673,50,0,2002-07-28
1028419200,0.9865,0.9876,0.9621,0.9698,50494,50,0,2002-08-04
1029024000,0.9702,0.9894,0.9689,0.987,47971,50,0,2002-08-11
1029628800,0.9844,0.9873,0.9664,0.9724,44859,50,0,2002-08-18
1030233600,0.9732,0.9888,0.9684,0.9815,42330,50,0,2002-08-25
1030838400,0.9824,0.9993,0.9796,0.9808,45369,50,0,2002-09-01
1031443200,0.9817,0.9844,0.9698,0.9713,47696,50,0,2002-09-08
1032048000,0.9708,0.9878,0.9608,0.9826,50436,50,0,2002-09-15
1032652800,0.9808,0.9859,0.9727,0.9792,46909,50,0,2002-09-22
1033257600,0.9811,0.9912,0.9781,0.9794,43960,50,0,2002-09-29
1033862400,0.9788,0.9931,0.9765,0.9875,44740,50,0,2002-10-06
1034467200,0.9874,0.9895,0.9697,0.9725,45825,50,0,2002-10-13
1035072000,0.9722,0.9803,0.9687,0.9763,43268,50,0,2002-10-20
1035676800,0.9762,1.0006,0.9725,0.9966,45322,50,0,2002-10-27
1036281600,0.9964,1.0154,0.9931,1.0134,45491,50,0,2002-11-03
1036886400,1.0127,1.0173,1.001,1.0098,47382,50,0,2002-11-10
1037491200,1.0102,1.0143,0.9961,0.9969,46443,50,0,2002-11-17
1038096000,0.9968,0.9971,0.9877,0.9938,42655,50,0,2002-11-24
1038700800,0.9928,1.0129,0.986,1.0091,46152,50,0,2002-12-01
1039305600,1.0101,1.0262,1.0059,1.0242,45639,50,0,2002-12-08
1039910400,1.023,1.0335,1.0194,1.0274,48604,50,0,2002-12-15
1040515200,1.0264,1.0447,1.0218,1.0443,35929,50,0,2002-12-22
1041120000,1.0419,1.0507,1.0335,1.0428,35322,50,0,2002-12-29
1041724800,1.042,1.0588,1.0359,1.0573,47420,50,0,2003-01-05
1042329600,1.0579,1.0682,1.0502,1.0673,48256,50,0,2003-01-12
1042934400,1.0658,1.0857,1.0631,1.0831,53514,50,0,2003-01-19
1043539200,1.0839,1.091,1.0722,1.0771,50827,50,0,2003-01-26
1044144000,1.0789,1.0937999999999999,1.0691,1.0821,50529,50,0,2003-02-02
1044748800,1.0817,1.0861,1.0664,1.0793,50127,50,0,2003-02-09
1045353600,1.0773,1.085,1.0664,1.0767,48629,50,0,2003-02-16
1045958400,1.0723,1.0839,1.0706,1.0806,48155,50,0,2003-02-23
1046563200,1.0779,1.1069,1.0768,1.1007,49946,50,0,2003-03-02
1047168000,1.1006,1.1087,1.0691,1.0748,49181,50,0,2003-03-09
1047772800,1.0783,1.0845,1.0502,1.0529,53604,50,0,2003-03-16
1048377600,1.0586,1.0805,1.0566,1.0781,50015,50,0,2003-03-23
1048982400,1.0796999999999999,1.0961,1.0684,1.0734,51703,50,0,2003-03-30
1049587200,1.0672,1.0832,1.0559,1.0756000000000001,50288,50,0,2003-04-06
1050192000,1.0745,1.0977,1.0717,1.0879,45944,50,0,2003-04-13
1050796800,1.0898,1.1051,1.0821,1.1037,45140,50,0,2003-04-20
1051401600,1.1037,1.1288,1.093,1.123,47545,50,0,2003-04-27
1052006400,1.1227,1.1541,1.1204,1.1489,66169,50,0,2003-05-04
1052611200,1.1531,1.1629,1.1371,1.1597,56522,50,0,2003-05-11
1053216000,1.1673,1.1846,1.1602000000000001,1.1842,55075,50,0,2003-05-18
1053820800,1.1832,1.1931,1.1691,1.1785,53182,50,0,2003-05-25
1054425600,1.172,1.189,1.1631,1.1701,56733,50,0,2003-06-01
1055030400,1.1708,1.1882,1.1659,1.1874,54384,50,0,2003-06-08
1055635200,1.1876,1.1932,1.1552,1.1605,52939,50,0,2003-06-15
1056240000,1.1579,1.1625,1.1399,1.1425,53386,50,0,2003-06-22
1056844800,1.143,1.1613,1.1400000000000001,1.1494,47470,50,0,2003-06-29
1057449600,1.148,1.1484,1.1258,1.1280999999999999,56653,50,0,2003-07-06
1058054400,1.1289,1.1341,1.1112,1.1272,56358,50,0,2003-07-13
1058659200,1.125,1.1553,1.1242,1.1513,54090,50,0,2003-07-20
1059264000,1.1497,1.1543,1.1134,1.1276,54554,50,0,2003-07-27
1059868800,1.1284,1.143,1.1261,1.1307,50976,50,0,2003-08-03
1060473600,1.1306,1.1383,1.1218,1.1264,50252,50,0,2003-08-10
1061078400,1.1267,1.1272,1.0835,1.0887,48984,50,0,2003-08-17
1061683200,1.0869,1.1,1.0788,1.0985,50857,50,0,2003-08-24
1062288000,1.099,1.1114,1.0762,1.1112,52090,50,0,2003-08-31
1062892800,1.1098,1.1327,1.1047,1.1292,51185,50,0,2003-09-07
1063497600,1.1262,1.1394,1.1138,1.1384,49094,50,0,2003-09-14
1064102400,1.1452,1.1537,1.1414,1.1478,51682,50,0,2003-09-21
1064707200,1.1459,1.1771,1.1394,1.1582,54817,50,0,2003-09-28
1065312000,1.1574,1.1865,1.1531,1.1799,52276,50,0,2003-10-05
1065916800,1.1809,1.1819,1.1544,1.1679,53381,50,0,2003-10-12
1066521600,1.1703999999999999,1.186,1.1602000000000001,1.1786,52577,50,0,2003-10-19
1067126400,1.1773,1.1787,1.1562999999999999,1.1586,52333,50,0,2003-10-26
1067731200,1.1582,1.1623,1.1376,1.152,48382,50,0,2003-11-02
1068336000,1.1503,1.1806,1.1444,1.1784,51040,50,0,2003-11-09
1068940800,1.1814,1.1981,1.1724,1.1925,54121,50,0,2003-11-16
1069545600,1.1912,1.2019,1.1754,1.1998,49428,50,0,2003-11-23
1070150400,1.1988,1.2187999999999999,1.1935,1.2187999999999999,54802,50,0,2003-11-30
1070755200,1.2167,1.2309,1.2114,1.2276,53705,50,0,2003-12-07
1071360000,1.2133,1.2443,1.2132,1.2382,54303,50,0,2003-12-14
1071964800,1.2382,1.2473,1.2349999999999999,1.2422,38690,50,0,2003-12-21
1072569600,1.2433,1.2649,1.2426,1.2596,38737,40,0,2003-12-28
1073174400,1.2609,1.287,1.256,1.282,55433,40,0,2004-01-04
1073779200,1.2842,1.2901,1.2351,1.2395,57294,40,0,2004-01-11
1074384000,1.2383,1.2779,1.2333,1.2586,55774,40,0,2004-01-18
1074988800,1.258,1.2665,1.2349999999999999,1.2467,60137,40,0,2004-01-25
1075593600,1.2481,1.2727,1.2391,1.2705,58114,40,0,2004-02-01
1076198400,1.2619,1.2894,1.2606,1.2732999999999999,62236,40,0,2004-02-08
1076803200,1.2728,1.293,1.2493,1.2541,52669,40,0,2004-02-15
1077408000,1.2517,1.2716,1.2371,1.2495,52325,40,0,2004-02-22
1078012800,1.2481,1.2544,1.2056,1.2361,52999,40,0,2004-02-29
1078617600,1.2366,1.2463,1.2162,1.2221,53636,40,0,2004-03-07
1079222400,1.221,1.2438,1.2177,1.2283,53209,40,0,2004-03-14
1079827200,1.2274,1.2403,1.207,1.2123,52114,40,0,2004-03-21
1080432000,1.2118,1.2391,1.2046000000000001,1.2133,51168,40,0,2004-03-28
1081036800,1.2112,1.2221,1.1979,1.2091,48902,40,0,2004-04-04
1081641600,1.2086000000000001,1.21,1.1868,1.1999,58881,40,0,2004-04-11
1082246400,1.2016,1.2081,1.1778,1.1843,49404,40,0,2004-04-18
1082851200,1.1801,1.2016,1.1759,1.1985999999999999,53891,40,0,2004-04-25
1083456000,1.1996,1.2182,1.1875,1.1893,62152,40,0,2004-05-02
1084060800,1.1881,1.1945000000000001,1.177,1.189,63388,40,0,2004-05-09
1084665600,1.1891,1.2074,1.1878,1.1996,64101,40,0,2004-05-16
1085270400,1.1993,1.23,1.1932,1.2215,63182,40,0,2004-05-23
1085875200,1.224,1.2333,1.2136,1.2286,62914,40,0,2004-05-30
1086480000,1.23,1.2356,1.1965,1.2009,62045,40,0,2004-06-06
1087084800,1.1974,1.2174,1.1953,1.2142,61035,40,0,2004-06-13
1087689600,1.2144,1.2196,1.204,1.2181,60951,40,0,2004-06-20
1088294400,1.2178,1.2331,1.2066,1.2321,58299,40,0,2004-06-27
1088899200,1.2328000000000001,1.2426,1.2263,1.2418,57191,40,0,2004-07-04
1089504000,1.2411,1.2462,1.2299,1.2454,56209,40,0,2004-07-11
1090108800,1.2451,1.2464,1.2088,1.2095,55422,40,0,2004-07-18
1090713600,1.2103,1.2193,1.199,1.2019,60523,40,0,2004-07-25
1091318400,1.2069,1.2294,1.1968,1.2283,55684,40,0,2004-08-01
1091923200,1.2287,1.2381,1.2175,1.2377,56397,40,0,2004-08-08
1092528000,1.2379,1.2391,1.2278,1.2319,52769,40,0,2004-08-15
1093132800,1.2313,1.2322,1.2004,1.2015,54694,40,0,2004-08-22
1093737600,1.2012,1.2224,1.1985999999999999,1.2061,47688,40,0,2004-08-29
1094342400,1.2062,1.2311,1.2026,1.2269,45078,40,0,2004-09-05
1094947200,1.2268,1.2297,1.212,1.217,44520,40,0,2004-09-12
1095552000,1.2174,1.2364,1.2125,1.2276,44488,40,0,2004-09-19
1096156800,1.2283,1.2446,1.2246,1.2402,43952,40,0,2004-09-26
1096761600,1.2401,1.2435,1.2246,1.2408,44557,40,0,2004-10-03
1097366400,1.2417,1.2507,1.2224,1.2477,44069,40,0,2004-10-10
1097971200,1.2477,1.2692,1.2451,1.2686,45536,40,0,2004-10-17
1098576000,1.272,1.2844,1.2631000000000001,1.2787,48981,40,0,2004-10-24
1099180800,1.2818,1.298,1.2655,1.2974,47979,40,0,2004-10-31
1099785600,1.2969,1.3006,1.2848,1.297,45868,40,0,2004-11-07
1100390400,1.297,1.3075999999999999,1.2916,1.3054000000000001,45309,40,0,2004-11-14
1100995200,1.3039,1.3331,1.2974999999999999,1.3296999999999999,43894,40,0,2004-11-21
1101600000,1.328,1.3464,1.3229,1.3455,46215,40,0,2004-11-28
1102204800,1.3442,1.3471,1.3139,1.3212,47496,40,0,2004-12-05
1102809600,1.3195999999999999,1.3444,1.3195000000000001,1.3316,48172,40,0,2004-12-12
1103414400,1.3333,1.3553,1.3296999999999999,1.3528,41598,40,0,2004-12-19
1104019200,1.3527,1.367,1.3512,1.3562,43186,40,0,2004-12-26
1104624000,1.3562,1.3580999999999999,1.3024,1.3072,49237,30,0,2005-01-02
1105228800,1.3058,1.3294000000000001,1.3052000000000001,1.3094999999999999,46764,30,0,2005-01-09
1105833600,1.3109,1.3129,1.2922,1.3008,45639,30,0,2005-01-16
1106438400,1.3046,1.3126,1.2945,1.3056,46671,30,0,2005-01-23
1107043200,1.3012000000000001,1.3098,1.2864,1.2864,47206,30,0,2005-01-30
1107648000,1.2854999999999999,1.2909,1.2732,1.2865,46111,30,0,2005-02-06
1108252800,1.2881,1.3091,1.2877,1.3064,44851,30,0,2005-02-13
1108857600,1.3052000000000001,1.3276,1.3031,1.3243,45593,30,0,2005-02-20
1109462400,1.3237999999999999,1.328,1.3087,1.3241,45339,30,0,2005-02-27
1110067200,1.3235999999999999,1.3483,1.3176999999999999,1.3458,46834,30,0,2005-03-06
1110672000,1.3463,1.3479,1.3265,1.3321,46406,30,0,2005-03-13
1111276800,1.331,1.3317999999999999,1.2928,1.2955999999999999,44180,30,0,2005-03-20
1111881600,1.2962,1.306,1.2856,1.2908,46874,30,0,2005-03-27
1112486400,1.2885,1.2942,1.28,1.2918,45948,30,0,2005-04-03
1113091200,1.2926,1.3017,1.2767,1.29,47470,30,0,2005-04-10
1113696000,1.2918,1.3127,1.2876,1.3062,56159,30,0,2005-04-17
1114300800,1.3057,1.3063,1.2852999999999999,1.2873999999999999,59080,30,0,2005-04-24
1114905600,1.2862,1.2993000000000001,1.2810000000000001,1.2838,56566,30,0,2005-05-01
1115510400,1.2816,1.2916,1.2604,1.2614,59754,30,0,2005-05-08
1116115200,1.2625,1.2694,1.2535,1.2551,58014,30,0,2005-05-15
1116720000,1.2543,1.2631999999999999,1.2493,1.258,56511,30,0,2005-05-22
1117324800,1.2538,1.2549000000000001,1.2158,1.2232,60342,30,0,2005-05-29
1117929600,1.2227000000000001,1.2356,1.2106,1.2122,62159,30,0,2005-06-05
1118534400,1.2109,1.2292,1.2016,1.2283,66489,30,0,2005-06-12
1119139200,1.2187999999999999,1.2244,1.1982,1.2095,64845,30,0,2005-06-19
1119744000,1.2099,1.2187999999999999,1.1933,1.1937,63653,30,0,2005-06-26
1120348800,1.1932,1.2042,1.1865,1.1975,59315,30,0,2005-07-03
1120953600,1.1967,1.2259,1.1955,1.2043,65843,30,0,2005-07-10
1121558400,1.2024,1.2257,1.1952,1.2058,65756,30,0,2005-07-17
1122163200,1.2053,1.2163,1.1963,1.2123,62659,30,0,2005-07-24
1122768000,1.2123,1.2405,1.2117,1.2376,62292,30,0,2005-07-31
1123372800,1.2337,1.2489,1.2314,1.2438,64561,30,0,2005-08-07
1123977600,1.2454,1.246,1.2125,1.2153,60239,30,0,2005-08-14
1124582400,1.2168,1.2344,1.2155,1.2281,59289,30,0,2005-08-21
1125187200,1.2284,1.2591,1.217,1.2515,62222,30,0,2005-08-28
1125792000,1.2534,1.2589000000000001,1.2374,1.2418,60418,30,0,2005-09-04
1126396800,1.2402,1.2417,1.2193,1.2239,59756,30,0,2005-09-11
1127001600,1.2163,1.2274,1.2033,1.2034,57755,30,0,2005-09-18
1127606400,1.2025000000000001,1.2093,1.1978,1.2064,59635,30,0,2005-09-25
1128211200,1.202,1.2209,1.19,1.2128,60206,30,0,2005-10-02
1128816000,1.2117,1.2156,1.1913,1.2074,47722,30,0,2005-10-09
1129420800,1.2078,1.2124,1.1875,1.1956,52975,30,0,2005-10-16
1130025600,1.1944,1.2174,1.1922,1.2066,47224,30,0,2005-10-23
1130630400,1.2063,1.2092,1.18,1.181,47754,30,0,2005-10-30
1131235200,1.1804000000000001,1.1834,1.1671,1.1738,46390,30,0,2005-11-06
1131840000,1.1718,1.1796,1.1638,1.1771,48184,30,0,2005-11-13
1132444800,1.178,1.1869,1.1685,1.1719,46817,30,0,2005-11-20
1133049600,1.1707,1.1904,1.166,1.171,48141,30,0,2005-11-27
1133654400,1.17,1.1853,1.1687,1.1815,46196,30,0,2005-12-04
1134259200,1.1788,1.2064,1.1784,1.2015,48590,30,0,2005-12-11
1134864000,1.2025000000000001,1.204,1.1801,1.1862,44957,30,0,2005-12-18
1135468800,1.186,1.1934,1.1778,1.1839,39067,30,0,2005-12-25
1136073600,1.1849,1.2182,1.1801,1.2143,44251,20,0,2006-01-01
1136678400,1.2143,1.2165,1.2006999999999999,1.2115,48168,20,0,2006-01-08
1137283200,1.2153,1.2176,1.204,1.2136,46555,20,0,2006-01-15
1137888000,1.2143,1.2324,1.2086000000000001,1.2097,49909,20,0,2006-01-22
1138492800,1.2104,1.2191,1.1967,1.2025000000000001,46182,20,0,2006-01-29
1139097600,1.2033,1.205,1.1892,1.1908,45428,20,0,2006-02-05
1139702400,1.1895,1.1955,1.1848,1.1932,45168,20,0,2006-02-12
1140307200,1.1925,1.1977,1.1863,1.1872,43175,20,0,2006-02-19
1140912000,1.1865999999999999,1.2055,1.1825,1.2037,45442,20,0,2006-02-26
1141516800,1.205,1.2095,1.1859,1.1916,47460,20,0,2006-03-05
1142121600,1.1913,1.2209,1.1911,1.219,49694,20,0,2006-03-12
1142726400,1.2176,1.2199,1.1951,1.204,48778,20,0,2006-03-19
1143331200,1.2039,1.2178,1.198,1.2116,50639,20,0,2006-03-26
1143936000,1.2119,1.2335,1.2031,1.2093,52371,20,0,2006-04-02
1144540800,1.2106,1.217,1.2065,1.2111,45312,20,0,2006-04-09
1145145600,1.2122,1.2396,1.2119,1.234,49700,20,0,2006-04-16
1145750400,1.2371,1.2643,1.2333,1.2635,51405,20,0,2006-04-23
1146355200,1.2629000000000001,1.2766,1.2555,1.2727,50423,20,0,2006-04-30
1146960000,1.2744,1.296,1.266,1.2926,50627,20,0,2006-05-07
1147564800,1.2947,1.2973,1.2692,1.2771,50986,20,0,2006-05-14
1148169600,1.2763,1.2894999999999999,1.2694,1.2737,50598,20,0,2006-05-21
1148774400,1.2732,1.2941,1.2718,1.2922,50645,20,0,2006-05-28
1149379200,1.2927,1.2981,1.2597,1.2642,51520,20,0,2006-06-04
1149984000,1.2615,1.2676,1.2530000000000001,1.2647,48926,20,0,2006-06-11
1150588800,1.2649,1.2682,1.2478,1.251,47101,20,0,2006-06-18
1151193600,1.2506,1.2799,1.2501,1.279,48738,20,0,2006-06-25
1151798400,1.2788,1.2864,1.2705,1.2810000000000001,48234,20,0,2006-07-02
1152403200,1.2812999999999999,1.282,1.2626,1.2650000000000001,48135,20,0,2006-07-09
1153008000,1.2638,1.2708,1.2457,1.27,48612,20,0,2006-07-16
1153612800,1.2704,1.2775,1.2559,1.2762,47696,20,0,2006-07-23
1154217600,1.2765,1.2912,1.272,1.2873999999999999,47356,20,0,2006-07-30
1154822400,1.2884,1.2915,1.2715,1.2721,48752,20,0,2006-08-06
1155427200,1.2711999999999999,1.289,1.2694,1.2825,45672,20,0,2006-08-13
1156032000,1.2827,1.2942,1.2723,1.2753999999999999,47617,20,0,2006-08-20
1156636800,1.2761,1.2881,1.2749,1.2836,47724,20,0,2006-08-27
1157241600,1.2846,1.2877,1.2650000000000001,1.2674,46374,20,0,2006-09-03
1157846400,1.2666,1.2756,1.263,1.2659,45845,20,0,2006-09-10
1158451200,1.2637,1.283,1.2629000000000001,1.2783,52549,20,0,2006-09-17
1159056000,1.2789,1.2819,1.2639,1.2673,52679,20,0,2006-09-24
1159660800,1.2683,1.2764,1.2574,1.2599,43311,20,0,2006-10-01
1160265600,1.2588,1.2612,1.2483,1.2511999999999999,29861,20,0,2006-10-08
1160870400,1.2501,1.2641,1.2488,1.2616,30263,20,0,2006-10-15
1161475200,1.2615,1.2749,1.2524,1.274,31943,20,0,2006-10-22
1162080000,1.2730000000000001,1.2797,1.2677,1.2716,32290,20,0,2006-10-29
1162684800,1.2717,1.2899,1.2689,1.284,33187,20,0,2006-11-05
1163289600,1.2851,1.2878,1.2761,1.2828,38721,20,0,2006-11-12
1163894400,1.2825,1.3109,1.2797,1.3093,33915,20,0,2006-11-19
1164499200,1.3155999999999999,1.3347,1.3086,1.3336000000000001,45657,20,0,2006-11-26
1165104000,1.3362,1.3364,1.3189,1.3202,43982,20,0,2006-12-03
1165708800,1.3182,1.3291,1.3059,1.3079,45137,20,0,2006-12-10
1166313600,1.3082,1.3244,1.3051,1.3128,39337,20,0,2006-12-17
1166918400,1.3138,1.3205,1.3087,1.3197999999999999,40177,20,0,2006-12-24
1167523200,1.3189,1.3296000000000001,1.298,1.3001,36774,20,0,2006-12-31
1168128000,1.301,1.3051,1.2865,1.2922,42369,20,0,2007-01-07
1168732800,1.2927,1.2999,1.2894999999999999,1.296,39111,20,0,2007-01-14
1169337600,1.2955999999999999,1.3042,1.2876,1.2913999999999999,41778,20,0,2007-01-21
1169942400,1.2921,1.3062,1.2896,1.2959,32564,20,0,2007-01-28
1170547200,1.2955,1.3045,1.2911000000000001,1.3006,28462,20,0,2007-02-04
1171152000,1.3014999999999999,1.3171,1.2939,1.3136,31534,20,0,2007-02-11
1171756800,1.3154,1.3187,1.3079,1.3167,26602,20,0,2007-02-18
1172361600,1.3189,1.3258,1.3141,1.319,36490,20,0,2007-02-25
1172966400,1.3209,1.321,1.307,1.3115999999999999,35335,20,0,2007-03-04
1173571200,1.3117,1.3338,1.3109,1.3316,32991,20,0,2007-03-11
1174176000,1.3317999999999999,1.341,1.3268,1.3282,31129,20,0,2007-03-18
1174780800,1.3288,1.3399,1.3253,1.3354,33432,20,0,2007-03-25
1175385600,1.3372,1.3439,1.3317999999999999,1.3378,22798,20,0,2007-04-01
1175990400,1.3375,1.3552,1.3338999999999999,1.3527,25688,20,0,2007-04-08
1176595200,1.3566,1.3636,1.3525,1.359,29382,20,0,2007-04-15
1177200000,1.3604,1.3681,1.3541,1.3651,29844,20,0,2007-04-22
1177804800,1.3636,1.3678,1.3535,1.3591,27805,20,0,2007-04-29
1178409600,1.3598,1.3627,1.3461,1.3524,25212,20,0,2007-05-06
1179014400,1.3531,1.3609,1.3464,1.3507,25056,20,0,2007-05-13
1179619200,1.3517000000000001,1.3525,1.3411,1.3442,23600,20,0,2007-05-20
1180224000,1.3447,1.3519,1.3392,1.3448,22316,20,0,2007-05-27
1180828800,1.3439999999999999,1.3553,1.332,1.3372,24732,20,0,2007-06-03
1181433600,1.3362,1.3388,1.3262,1.3388,24553,20,0,2007-06-10
1182038400,1.3381,1.347,1.3371,1.3469,22519,20,0,2007-06-17
1182643200,1.3467,1.3541,1.3415,1.354,24821,20,0,2007-06-24
1183248000,1.3542,1.3659,1.3527,1.3625,24316,20,0,2007-07-01
1183852800,1.3632,1.3812,1.3594,1.3782,28969,20,0,2007-07-08
1184457600,1.3780000000000001,1.3841999999999999,1.3752,1.3826,28130,20,0,2007-07-15
1185062400,1.383,1.3851,1.3626,1.3635,37541,20,0,2007-07-22
1185667200,1.3612,1.3817,1.3609,1.3773,39506,20,0,2007-07-29
1186272000,1.3838,1.3838,1.3643,1.3693,36852,20,0,2007-08-05
1186876800,1.3685,1.3708,1.336,1.3474,53444,20,0,2007-08-12
1187481600,1.3477000000000001,1.3681,1.345,1.3675,37044,20,0,2007-08-19
1188086400,1.3672,1.3719000000000001,1.3562,1.3628,34237,20,0,2007-08-26
1188691200,1.3628,1.3797,1.355,1.3767,28501,20,0,2007-09-02
1189296000,1.3780999999999999,1.3926,1.3766,1.3874,34534,20,0,2007-09-09
1189900800,1.3872,1.4119,1.3828,1.409,39160,20,0,2007-09-16
1190505600,1.4089,1.4278,1.4060000000000001,1.4266,35042,20,0,2007-09-23
1191110400,1.428,1.4281,1.4032,1.4134,34145,20,0,2007-09-30
1191715200,1.415,1.424,1.4014,1.4177,32668,20,0,2007-10-07
1192320000,1.4176,1.4317,1.4143,1.43,35799,20,0,2007-10-14
1192924800,1.4334,1.4393,1.4125,1.4392,43399,20,0,2007-10-21
1193529600,1.4412,1.4527,1.4373,1.4504000000000001,42060,20,0,2007-10-28
1194134400,1.4518,1.4751,1.4442,1.4679,50918,20,0,2007-11-04
1194739200,1.4677,1.4727999999999999,1.4519,1.4661,53781,20,0,2007-11-11
1195344000,1.4667,1.4966,1.462,1.4836,45893,20,0,2007-11-18
1195948800,1.4826,1.4905,1.4627,1.4638,48943,20,0,2007-11-25
1196553600,1.4647999999999999,1.4769,1.4527,1.4657,45913,20,0,2007-12-02
1197158400,1.4654,1.475,1.441,1.4429,45172,20,0,2007-12-09
1197763200,1.4405000000000001,1.4453,1.4309,1.4381,43028,20,0,2007-12-16
1198368000,1.4373,1.4727999999999999,1.437,1.4721,20236,20,0,2007-12-23
1198972800,1.4722,1.4823,1.4581,1.474,29776,20,0,2007-12-30
1199577600,1.4746000000000001,1.4819,1.4638,1.4776,47761,20,0,2008-01-06
1200182400,1.4807000000000001,1.4921,1.4588999999999999,1.462,59070,20,0,2008-01-13
1200787200,1.4597,1.4778,1.4365,1.4681,82507,20,0,2008-01-20
1201392000,1.4691,1.4949,1.4661,1.4801,58817,20,0,2008-01-27
1201996800,1.4796,1.4847000000000001,1.4438,1.4504000000000001,57880,20,0,2008-02-03
1202601600,1.4524,1.4707,1.4481,1.4681,51781,20,0,2008-02-10
1203206400,1.4672,1.4861,1.461,1.4828000000000001,52474,20,0,2008-02-17
1203811200,1.4834,1.5238,1.4778,1.5178,64537,20,0,2008-02-24
1204416000,1.5211999999999999,1.5462,1.5145,1.5354,65682,20,0,2008-03-02
1205020800,1.5399,1.5687,1.5281,1.5673,73026,20,0,2008-03-09
1205625600,1.5704,1.5901999999999998,1.5396,1.5432000000000001,96451,20,0,2008-03-16
1206230400,1.5412,1.5859,1.5343,1.5794000000000001,66548,20,0,2008-03-23
1206835200,1.5804,1.5896,1.5510000000000002,1.5737,73292,20,0,2008-03-30
1207440000,1.5729,1.5913,1.5626,1.5807,65123,20,0,2008-04-06
1208044800,1.5704,1.5983,1.5671,1.5816,71993,20,0,2008-04-13
1208649600,1.5813000000000001,1.6018,1.5554000000000001,1.5629,79036,20,0,2008-04-20
1209254400,1.5615,1.5693000000000001,1.536,1.5423,71708,20,0,2008-04-27
1209859200,1.5429,1.5594000000000001,1.5284,1.548,59523,20,0,2008-05-04
1210464000,1.5455999999999999,1.5601,1.5365,1.5575999999999999,64668,20,0,2008-05-11
1211068800,1.5594999999999999,1.5813000000000001,1.5487,1.5760999999999998,55923,20,0,2008-05-18
1211673600,1.5765,1.5817999999999999,1.5462,1.5554000000000001,52602,20,0,2008-05-25
1212278400,1.5561,1.5777,1.5365,1.5777,66783,20,0,2008-06-01
1212883200,1.5791,1.5843,1.5302,1.5379,74659,20,0,2008-06-08
1213488000,1.5404,1.5651000000000002,1.5346,1.5606,57753,20,0,2008-06-15
1214092800,1.5627,1.5791,1.5468,1.5791,58306,20,0,2008-06-22
1214697600,1.5776,1.5908,1.5655000000000001,1.5706,57529,20,0,2008-06-29
1215302400,1.5691000000000002,1.5941999999999998,1.5611000000000002,1.5937999999999999,62145,20,0,2008-07-06
1215907200,1.5960999999999999,1.6038000000000001,1.5783,1.5847,69428,20,0,2008-07-13
1216512000,1.5843,1.5944,1.5628,1.5709,62234,20,0,2008-07-20
1217116800,1.5697,1.5768,1.5514999999999999,1.5564,53731,20,0,2008-07-27
1217721600,1.5574,1.5631,1.4997,1.5005,65033,20,0,2008-08-03
1218326400,1.4944,1.5083,1.466,1.4689,80967,20,0,2008-08-10
1218931200,1.4684,1.4908000000000001,1.463,1.4793,54718,20,0,2008-08-17
1219536000,1.4788999999999999,1.4811,1.4571,1.4678,67158,20,0,2008-08-24
1220140800,1.4708999999999999,1.4723,1.4196,1.4267,83151,20,0,2008-08-31
1220745600,1.4378,1.4428,1.3881000000000001,1.4223,104827,20,0,2008-09-07
1221350400,1.4289,1.4542,1.4071,1.4466999999999999,165521,20,0,2008-09-14
1221955200,1.449,1.4867,1.4437,1.4613,104532,20,0,2008-09-21
1222560000,1.4518,1.4569,1.3702,1.377,134817,20,0,2008-09-28
1223164800,1.3637000000000001,1.3785,1.3258,1.3408,185646,20,0,2008-10-05
1223769600,1.3571,1.3768,1.3345,1.3408,151231,20,0,2008-10-12
1224374400,1.3405,1.353,1.2497,1.2623,159879,20,0,2008-10-19
1224979200,1.2575,1.3288,1.233,1.2727,183702,20,0,2008-10-26
1225584000,1.2766,1.3114,1.2526,1.2717,165523,20,0,2008-11-02
1226188800,1.2814,1.2927,1.2389000000000001,1.2604,176792,20,0,2008-11-09
1226793600,1.2536,1.2812999999999999,1.2423,1.2587,153509,20,0,2008-11-16
1227398400,1.2607,1.308,1.2563,1.2690000000000001,120289,20,0,2008-11-23
1228003200,1.2694,1.2847,1.2551999999999999,1.2718,75433,20,0,2008-11-30
1228608000,1.272,1.3414,1.2713999999999999,1.3369,70511,20,0,2008-12-07
1229212800,1.339,1.4719,1.339,1.3907,129742,20,0,2008-12-14
1229817600,1.392,1.4123999999999999,1.3902999999999999,1.4027,62710,20,0,2008-12-21
1230422400,1.4071,1.4362,1.3838,1.3923,53050,20,0,2008-12-28
1231027200,1.3883,1.3961999999999999,1.3313,1.3472,112458,20,0,2009-01-04
1231632000,1.3458999999999999,1.3462,1.3026,1.3266,156324,20,0,2009-01-11
1232236800,1.3349,1.3385,1.2764,1.2973,154375,20,0,2009-01-18
1232841600,1.2916,1.3327,1.2763,1.2812000000000001,791512,20,0,2009-01-25
1233446400,1.2752,1.3069,1.2706,1.2939,657951,20,0,2009-02-01
1234051200,1.2971,1.3093,1.272,1.2862,174093,20,0,2009-02-08
1234656000,1.279,1.2884,1.2511999999999999,1.2826,117875,20,0,2009-02-15
1235260800,1.2819,1.2991,1.2604,1.2666,113686,20,0,2009-02-22
1235865600,1.2617,1.2753999999999999,1.2456,1.2652999999999999,105664,20,0,2009-03-01
1236470400,1.2671000000000001,1.2957,1.2555,1.2929,110659,20,0,2009-03-08
1237075200,1.2846,1.3737,1.2846,1.35811,127557,20,0,2009-03-15
1237680000,1.36564,1.3735,1.3256299999999999,1.32866,237313,20,0,2009-03-22
1238284800,1.32211,1.35167,1.31121,1.34849,235834,20,0,2009-03-29
1238889600,1.35142,1.35806,1.30894,1.31866,196639,20,0,2009-04-05
1239494400,1.31898,1.33915,1.30167,1.30426,196570,20,0,2009-04-12
1240099200,1.30406,1.33002,1.28844,1.32413,253432,20,0,2009-04-19
1240704000,1.32401,1.3384800000000001,1.29649,1.32636,258633,20,0,2009-04-26
1241308800,1.3281800000000001,1.36497,1.32123,1.36347,416435,20,0,2009-05-03
1241913600,1.36545,1.37214,1.3461400000000001,1.34947,428803,20,0,2009-05-10
1242518400,1.34836,1.4049800000000001,1.34234,1.39974,355240,20,0,2009-05-17
1243123200,1.4028100000000001,1.41678,1.37931,1.41597,409244,20,0,2009-05-24
1243728000,1.41322,1.43378,1.39327,1.39673,490154,20,0,2009-05-31
1244332800,1.3943400000000001,1.4171,1.38039,1.40153,449289,20,0,2009-06-07
1244937600,1.39876,1.40112,1.37477,1.39372,435485,20,0,2009-06-14
1245542400,1.39487,1.41375,1.3826399999999999,1.40551,437658,20,0,2009-06-21
1246147200,1.40616,1.41965,1.39273,1.39797,375119,20,0,2009-06-28
1246752000,1.39551,1.4071500000000001,1.38323,1.39353,394634,20,0,2009-07-05
1247356800,1.3946100000000001,1.41652,1.3896600000000001,1.41008,382400,20,0,2009-07-12
1247961600,1.41162,1.42907,1.4109,1.42016,394472,20,0,2009-07-19
1248566400,1.42297,1.43036,1.40072,1.42561,368876,20,0,2009-07-26
1249171200,1.42703,1.44465,1.41537,1.41825,345483,20,0,2009-08-02
1249776000,1.4181,1.4326699999999999,1.40861,1.42022,333488,20,0,2009-08-09
1250380800,1.41879,1.43751,1.40454,1.43249,347049,20,0,2009-08-16
1250985600,1.43437,1.44049,1.42065,1.43022,279471,20,0,2009-08-23
1251590400,1.43076,1.4376,1.4177,1.4295,238188,20,0,2009-08-30
1252195200,1.4304999999999999,1.4633,1.4302000000000001,1.457,137219,20,0,2009-09-06
1252800000,1.4597,1.47652,1.45154,1.47106,253719,7,0,2009-09-13
1253404800,1.46953,1.48427,1.4611,1.46881,258509,8,0,2009-09-20
1254009600,1.47011,1.47193,1.44835,1.4574,275948,8,0,2009-09-27
1254614400,1.45883,1.4815,1.45791,1.4729999999999999,254772,9,0,2009-10-04
1255219200,1.47167,1.4965600000000001,1.46752,1.49035,259828,10,0,2009-10-11
1255824000,1.48932,1.50595,1.48267,1.50072,271338,8,0,2009-10-18
1256428800,1.5009000000000001,1.50617,1.46829,1.4718499999999999,279965,8,0,2009-10-25
1257033600,1.47346,1.4916,1.46262,1.48462,273515,8,0,2009-11-01
1257638400,1.48716,1.50475,1.4821,1.4901900000000001,264008,8,0,2009-11-08
1258243200,1.49194,1.5014699999999999,1.48011,1.48614,291225,8,0,2009-11-15
1258848000,1.48501,1.51437,1.48281,1.49869,262869,8,0,2009-11-22
1259452800,1.50084,1.51399,1.48198,1.4856,251332,8,0,2009-11-29
1260057600,1.48678,1.49028,1.45859,1.4613800000000001,297310,9,0,2009-12-06
1260662400,1.46146,1.4685000000000001,1.42611,1.4335200000000001,224864,8,0,2009-12-13
1261267200,1.43118,1.44173,1.42175,1.4353799999999999,131192,9,0,2009-12-20
1261872000,1.43712,1.44573,1.42725,1.43306,125425,15,0,2009-12-27
1262476800,1.43259,1.4483,1.42569,1.44085,216349,9,0,2010-01-03
1263081600,1.44125,1.45785,1.43365,1.43857,229724,8,0,2010-01-10
1263686400,1.4348,1.44131,1.40285,1.41363,250323,8,0,2010-01-17
1264291200,1.41523,1.4193799999999999,1.3860999999999999,1.38611,252553,9,0,2010-01-24
1264896000,1.3862700000000001,1.40255,1.35854,1.36776,237535,9,0,2010-01-31
1265500800,1.36561,1.3838,1.35311,1.3630900000000001,249618,8,0,2010-02-07
1266105600,1.36158,1.37881,1.34433,1.36116,225199,8,0,2010-02-14
1266710400,1.36133,1.36913,1.34504,1.3631,231398,8,0,2010-02-21
1267315200,1.36222,1.37351,1.34349,1.36198,228230,8,0,2010-02-28
1267920000,1.36307,1.37954,1.3537,1.3767800000000001,162343,8,0,2010-03-07
1268524800,1.37612,1.38171,1.35029,1.35301,184704,9,0,2010-03-14
1269129600,1.35174,1.35687,1.32671,1.3407499999999999,205760,8,0,2010-03-21
1269734400,1.3471899999999999,1.35904,1.33841,1.3503,176113,8,0,2010-03-28
1270339200,1.349,1.35378,1.32821,1.34984,170707,9,0,2010-04-04
1270944000,1.36107,1.36913,1.34726,1.3501699999999999,208873,9,0,2010-04-11
1271548800,1.34769,1.35222,1.32016,1.33811,200306,9,0,2010-04-18
1272153600,1.3346,1.34147,1.31141,1.3293599999999999,243903,8,0,2010-04-25
1272758400,1.33296,1.3332600000000001,1.2527,1.27518,298888,8,0,2010-05-02
1273363200,1.29299,1.30934,1.23529,1.23566,314472,9,0,2010-05-09
1273968000,1.23485,1.26711,1.21435,1.25712,374158,10,0,2010-05-16
1274572800,1.25461,1.25622,1.21534,1.2272,266022,8,0,2010-05-23
1275177600,1.22807,1.23487,1.19551,1.19671,272240,8,1237300000,2010-05-30
1275782400,1.1945999999999999,1.21521,1.18758,1.21112,316404,8,0,2010-06-06
1276387200,1.21188,1.24156,1.21155,1.23875,270708,8,0,2010-06-13
1276992000,1.24291,1.24664,1.2209,1.23681,217772,8,0,2010-06-20
1277596800,1.23781,1.26106,1.21495,1.25655,234190,7,0,2010-06-27
1278201600,1.25558,1.27218,1.24796,1.26404,189642,7,0,2010-07-04
1278806400,1.26413,1.30063,1.2521900000000001,1.2929599999999999,308877,7,0,2010-07-11
1279411200,1.2904,1.30275,1.27318,1.29086,213396,7,0,2010-07-18
1280016000,1.2894,1.3106,1.28761,1.30504,206938,8,0,2010-07-25
1280620800,1.30596,1.33327,1.30533,1.32781,175776,6,0,2010-08-01
1281225600,1.3288,1.3307,1.27494,1.27531,201495,7,0,2010-08-08
1281830400,1.2765,1.29214,1.26634,1.27105,206021,7,0,2010-08-15
1282435200,1.2705,1.27778,1.25874,1.27617,210442,5,0,2010-08-22
1283040000,1.27641,1.28969,1.2625,1.28951,162228,5,0,2010-08-29
1283644800,1.28934,1.2916699999999999,1.26434,1.26784,166897,5,0,2010-09-05
1284249600,1.2705,1.3158400000000001,1.2704,1.30487,213717,7,0,2010-09-12
1284854400,1.3046,1.34945,1.30288,1.3491900000000001,182346,6,0,2010-09-19
1285459200,1.3482,1.37915,1.3381,1.379,232903,6,0,2010-09-26
1286064000,1.37877,1.40285,1.36367,1.3928,249632,7,0,2010-10-03
1286668800,1.4002,1.41505,1.37752,1.3976199999999999,223958,8,0,2010-10-10
1287273600,1.39727,1.40495,1.36975,1.39528,277699,7,0,2010-10-17
1287878400,1.39516,1.40795,1.37338,1.39459,306137,7,0,2010-10-24
1288483200,1.39703,1.42813,1.38636,1.40314,348701,8,0,2010-10-31
1289088000,1.40538,1.40846,1.35735,1.369,396564,8,0,2010-11-07
1289692800,1.36829,1.37497,1.34475,1.36718,392533,8,0,2010-11-14
1290297600,1.37355,1.37853,1.32003,1.32402,406871,9,0,2010-11-21
1290902400,1.3275000000000001,1.3437299999999999,1.29694,1.3413599999999999,458788,9,0,2010-11-28
1291507200,1.34078,1.34216,1.3164500000000001,1.3226200000000001,424403,7,0,2010-12-05
1292112000,1.3205200000000001,1.34966,1.31328,1.31873,385836,4,0,2010-12-12
1292716800,1.31661,1.32006,1.30549,1.31209,299467,8,0,2010-12-19
1293321600,1.31129,1.34223,1.30718,1.33827,269494,9,0,2010-12-26
1293926400,1.33443,1.3433,1.29044,1.29055,383714,8,0,2011-01-02
1294531200,1.28939,1.34562,1.28736,1.33875,405633,8,0,2011-01-09
1295136000,1.33704,1.36238,1.3244799999999999,1.36196,426252,6,0,2011-01-16
1295740800,1.36097,1.37573,1.35399,1.36102,447361,5,0,2011-01-23
1296345600,1.358,1.3860700000000001,1.35436,1.358,402459,8,0,2011-01-30
1296950400,1.35686,1.37424,1.34972,1.35513,278582,8,0,2011-02-06
1297555200,1.3524,1.37138,1.34279,1.36923,322173,8,0,2011-02-13
1298160000,1.36886,1.38372,1.35278,1.37523,354659,7,0,2011-02-20
1298764800,1.3747,1.40052,1.3711,1.39863,359458,7,0,2011-02-27
1299369600,1.39921,1.40354,1.37519,1.39016,359940,5,0,2011-03-06
1299974400,1.39507,1.41831,1.3855,1.4179300000000001,416914,8,0,2011-03-13
1300579200,1.41808,1.42479,1.40534,1.40868,330571,8,0,2011-03-20
1301184000,1.40463,1.42448,1.40204,1.42344,326961,7,0,2011-03-27
1301788800,1.42312,1.44869,1.4151099999999999,1.4482300000000001,325238,6,0,2011-04-03
1302393600,1.4453,1.45193,1.43647,1.44285,348475,7,0,2011-04-10
1302998400,1.44162,1.46478,1.41574,1.45597,326017,7,0,2011-04-17
1303603200,1.45604,1.4880900000000001,1.44929,1.48062,311532,7,14575658000,2011-04-24
1304208000,1.4824899999999999,1.4938500000000001,1.43117,1.43149,375582,7,0,2011-05-01
1304812800,1.43656,1.44407,1.40672,1.4117,376884,8,0,2011-05-08
1305417600,1.40753,1.43451,1.40478,1.41573,235100,7,0,2011-05-15
1306022400,1.41318,1.43216,1.39692,1.43173,346292,8,0,2011-05-22
1306627200,1.43099,1.4642,1.42567,1.46327,342030,7,0,2011-05-29
1307232000,1.46269,1.46955,1.4322300000000001,1.43458,283803,6,0,2011-06-05
1307836800,1.4327,1.44971,1.40731,1.42858,413507,7,0,2011-06-12
1308441600,1.42747,1.44407,1.41265,1.41865,406219,6,0,2011-06-19
1309046400,1.41875,1.4550100000000001,1.4102299999999999,1.4524599999999999,373990,6,0,2011-06-26
1309651200,1.45366,1.45769,1.42059,1.42632,366657,5,0,2011-07-03
1310256000,1.42236,1.42808,1.38371,1.41566,474565,7,0,2011-07-10
1310860800,1.41208,1.44375,1.40138,1.4358,500747,7,0,2011-07-17
1311465600,1.43997,1.4535,1.42293,1.43945,402186,5,42079361000,2011-07-24
1312070400,1.43607,1.44526,1.40553,1.42804,476302,7,46180586000,2011-07-31
1312675200,1.43705,1.44006,1.41039,1.42479,568034,4,0,2011-08-07
1313280000,1.42639,1.45167,1.42585,1.4395,467630,6,0,2011-08-14
1313884800,1.43735,1.45008,1.43283,1.44984,418218,4,0,2011-08-21
1314489600,1.44916,1.45482,1.41839,1.4203700000000001,428297,6,251457613316,2011-08-28
1315094400,1.41571,1.42544,1.36272,1.36532,479792,6,0,2011-09-04
1315699200,1.3578299999999999,1.39359,1.34989,1.37941,544412,6,0,2011-09-11
1316304000,1.36761,1.37953,1.33856,1.34974,569330,4,0,2011-09-18
1316908800,1.3507799999999999,1.3689200000000001,1.33624,1.33846,565075,4,0,2011-09-25
1317513600,1.33447,1.35241,1.31458,1.33755,575815,2,0,2011-10-02
1318118400,1.33863,1.38936,1.33774,1.3878,498006,6,0,2011-10-09
1318723200,1.38782,1.39137,1.36526,1.38917,519353,6,0,2011-10-16
1319328000,1.38686,1.4245999999999999,1.37997,1.41453,522590,6,0,2011-10-23
1319932800,1.41501,1.41695,1.3608500000000001,1.3789799999999999,543775,6,0,2011-10-30
1320537600,1.3816,1.3858,1.34837,1.37672,494669,5,0,2011-11-06
1321142400,1.37759,1.37919,1.34213,1.35222,521416,4,0,2011-11-13
1321747200,1.35214,1.35678,1.32119,1.32375,459859,4,0,2011-11-20
1322352000,1.33095,1.35449,1.32587,1.33898,444935,4,0,2011-11-27
1322956800,1.34094,1.34851,1.3281,1.33842,418893,4,0,2011-12-04
1323561600,1.33636,1.33759,1.29462,1.30419,418630,6,0,2011-12-11
1324166400,1.30328,1.31956,1.29828,1.30451,349511,3,0,2011-12-18
1324771200,1.30487,1.30824,1.28577,1.29565,286579,5,0,2011-12-25
1325376000,1.29443,1.30762,1.26972,1.27188,373701,5,0,2012-01-01
1325980800,1.26923,1.28778,1.26241,1.26754,416779,5,0,2012-01-08
1326585600,1.26383,1.29854,1.26254,1.29298,414711,5,0,2012-01-15
1327190400,1.28808,1.3233,1.28807,1.32189,399132,4,0,2012-01-22
1327795200,1.32148,1.32206,1.30257,1.31561,418856,4,0,2012-01-29
1328400000,1.31211,1.33199,1.30278,1.3195700000000001,426978,5,0,2012-02-05
1329004800,1.3237999999999999,1.32833,1.29745,1.31418,427567,5,0,2012-02-12
1329609600,1.32026,1.34856,1.31821,1.34478,388764,4,0,2012-02-19
1330214400,1.34595,1.34851,1.31876,1.31979,411748,5,0,2012-02-26
1330819200,1.3195299999999999,1.32904,1.30961,1.3122099999999999,388769,5,0,2012-03-04
1331424000,1.3115999999999999,1.31905,1.30032,1.31735,359095,5,0,2012-03-11
1332028800,1.3179699999999999,1.32916,1.3134299999999999,1.3269,341352,5,0,2012-03-18
1332633600,1.3268,1.3384800000000001,1.3191899999999999,1.33408,348155,5,0,2012-03-25
1333238400,1.33562,1.33801,1.30346,1.30911,333420,5,0,2012-04-01
1333843200,1.30961,1.32122,1.3033000000000001,1.3076400000000001,353276,5,0,2012-04-08
1334448000,1.3069,1.3226200000000001,1.29945,1.3216999999999999,380825,5,0,2012-04-15
1335052800,1.3192,1.32695,1.31042,1.32514,353589,5,0,2012-04-22
1335657600,1.32408,1.32828,1.30799,1.30832,306452,5,0,2012-04-29
1336262400,1.3024499999999999,1.30645,1.29044,1.29162,391689,5,0,2012-05-06
1336867200,1.28872,1.29038,1.26417,1.27783,390345,5,0,2012-05-13
1337472000,1.27767,1.2823,1.24964,1.25153,431732,5,0,2012-05-20
1338076800,1.2570700000000001,1.26235,1.22882,1.24325,429758,5,0,2012-05-27
1338681600,1.24371,1.26243,1.23854,1.2516,436821,5,0,2012-06-03
1339286400,1.26478,1.26677,1.24423,1.26361,437695,5,0,2012-06-10
1339891200,1.27371,1.27468,1.25191,1.25677,439106,5,0,2012-06-17
1340496000,1.2554400000000001,1.26918,1.24071,1.26655,420423,5,0,2012-06-24
1341100800,1.26696,1.26703,1.22598,1.22875,376626,5,0,2012-07-01
1341705600,1.22659,1.23331,1.21622,1.22485,379199,4,0,2012-07-08
1342310400,1.22498,1.23214,1.2144,1.21551,379945,5,0,2012-07-15
1342915200,1.21217,1.23889,1.20418,1.23211,433996,5,0,2012-07-22
1343520000,1.2301199999999999,1.24011,1.21337,1.23848,397075,4,0,2012-07-29
1344124800,1.23945,1.2442199999999999,1.22409,1.22884,374313,5,0,2012-08-05
1344729600,1.22864,1.23849,1.22561,1.23327,336236,5,0,2012-08-12
1345334400,1.2338,1.25885,1.22948,1.25109,345156,5,0,2012-08-19
1345939200,1.25118,1.2636,1.24647,1.25783,271377,4,0,2012-08-26
1346544000,1.25803,1.28165,1.25012,1.2815400000000001,318095,5,0,2012-09-02
1347148800,1.28064,1.31676,1.27543,1.3128600000000001,350167,5,0,2012-09-09
1347753600,1.31239,1.3170600000000001,1.2920099999999999,1.29788,361906,5,0,2012-09-16
1348358400,1.29789,1.29798,1.28293,1.28595,337360,4,0,2012-09-23
1348963200,1.28488,1.30708,1.28031,1.3039100000000001,308188,5,0,2012-09-30
1349568000,1.30231,1.30246,1.28253,1.2950300000000001,285281,5,0,2012-10-07
1350172800,1.29545,1.31384,1.28908,1.3023,289648,5,0,2012-10-14
1350777600,1.30231,1.30824,1.28819,1.29385,277072,3,0,2012-10-21
1351382400,1.29244,1.30199,1.28207,1.28333,226267,2,0,2012-10-28
1351987200,1.28198,1.28757,1.26895,1.27106,316553,4,0,2012-11-04
1352592000,1.27154,1.2801,1.26612,1.2741799999999999,291536,4,0,2012-11-11
1353196800,1.27411,1.2989600000000001,1.27359,1.29729,279968,4,0,2012-11-18
1353801600,1.29731,1.30267,1.28796,1.29848,286756,3,0,2012-11-25
1354406400,1.29934,1.31253,1.28769,1.29261,274917,4,0,2012-12-02
1355011200,1.28992,1.31727,1.2885499999999999,1.31622,258494,4,0,2012-12-09
1355616000,1.31821,1.33076,1.31437,1.31867,266256,3,0,2012-12-16
1356220800,1.3179,1.32833,1.31654,1.32146,153549,3,0,2012-12-23
1356825600,1.32157,1.32992,1.29975,1.30677,221137,4,0,2012-12-30
1357430400,1.30779,1.33644,1.30165,1.33416,256383,3,0,2013-01-06
1358035200,1.33621,1.3403100000000001,1.32564,1.33195,269667,4,0,2013-01-13
1358640000,1.33107,1.34785,1.32642,1.34629,253063,4,0,2013-01-20
1359244800,1.34598,1.37106,1.3414,1.36391,278255,4,0,2013-01-27
1359849600,1.3648799999999999,1.36532,1.33532,1.3361399999999999,300546,2,0,2013-02-03
1360454400,1.33682,1.35193,1.3306200000000001,1.33585,261414,1,0,2013-02-10
1361059200,1.33484,1.3431600000000001,1.31451,1.31907,182856,2,0,2013-02-17
1361664000,1.31904,1.33183,1.29664,1.3018,232860,2,0,2013-02-24
1362268800,1.30136,1.31341,1.2955,1.30042,138496,1,0,2013-03-03
1362873600,1.29892,1.3106900000000001,1.2911000000000001,1.30754,233950,1,0,2013-03-10
1363478400,1.29071,1.30095,1.28438,1.29867,272748,1,0,2013-03-17
1364083200,1.29724,1.3047900000000001,1.27509,1.28148,217289,1,0,2013-03-24
1364688000,1.28112,1.30397,1.27454,1.29915,208051,1,0,2013-03-31
1365292800,1.2993700000000001,1.3138,1.29683,1.31082,221065,1,0,2013-04-07
1365897600,1.31025,1.32015,1.30011,1.3051,274110,1,0,2013-04-14
1366502400,1.30691,1.30933,1.29547,1.30267,228404,1,0,2013-04-21
1367107200,1.30585,1.32427,1.30318,1.31131,210198,1,0,2013-04-28
1367712000,1.3117,1.31944,1.2934999999999999,1.29853,200456,1,0,2013-05-05
1368316800,1.29756,1.30293,1.27962,1.28363,226292,1,0,2013-05-12
1368921600,1.28446,1.2998,1.28192,1.29278,272812,1,0,2013-05-19
1369526400,1.29363,1.30614,1.28378,1.29956,277809,1,0,2013-05-26
1370131200,1.29922,1.33045,1.29555,1.32168,312740,1,0,2013-06-02
1370736000,1.31917,1.33898,1.31772,1.33445,305920,1,0,2013-06-09
1371340800,1.33487,1.34158,1.30988,1.31209,298649,1,0,2013-06-16
1371945600,1.31042,1.31508,1.29848,1.30078,290631,1,0,2013-06-23
1372550400,1.30144,1.3078,1.28061,1.28291,261610,1,0,2013-06-30
1373155200,1.28204,1.32066,1.27553,1.30651,304889,1,0,2013-07-07
1373760000,1.30664,1.31781,1.29934,1.3140800000000001,243185,1,0,2013-07-14
1374364800,1.31366,1.32968,1.31358,1.32765,226713,1,0,2013-07-21
1374969600,1.32792,1.33446,1.31877,1.32798,234527,1,0,2013-07-28
1375574400,1.32813,1.34002,1.32327,1.3338700000000001,210976,1,0,2013-08-04
1376179200,1.33366,1.33798,1.32058,1.33279,210860,1,0,2013-08-11
1376784000,1.33354,1.34518,1.3298,1.33788,224721,1,0,2013-08-18
1377388800,1.33819,1.33986,1.3175,1.32195,200056,1,0,2013-08-25
1377993600,1.32122,1.3227,1.31047,1.31766,172401,1,0,2013-09-01
1378598400,1.31735,1.33244,1.31651,1.32932,168688,1,0,2013-09-08
1379203200,1.33627,1.3568500000000001,1.33251,1.35217,178562,1,0,2013-09-15
1379808000,1.35318,1.35642,1.34622,1.35216,159908,1,0,2013-09-22
1380412800,1.34819,1.36455,1.34775,1.35565,181131,1,0,2013-09-29
1381017600,1.35629,1.3607,1.34857,1.35372,167283,1,0,2013-10-06
1381622400,1.35569,1.37036,1.34734,1.36853,175662,1,0,2013-10-13
1382227200,1.36829,1.3832,1.36509,1.3801999999999999,158117,1,0,2013-10-20
1382832000,1.3808,1.38171,1.34799,1.3485800000000001,180256,1,0,2013-10-27
1383436800,1.3491,1.35472,1.32959,1.33644,175919,1,0,2013-11-03
1384041600,1.33574,1.35046,1.33445,1.34943,178305,1,0,2013-11-10
1384646400,1.34917,1.3577,1.33992,1.35554,182263,1,0,2013-11-17
1385251200,1.3553600000000001,1.3621400000000001,1.3490199999999999,1.35901,159441,1,0,2013-11-24
1385856000,1.3587799999999999,1.37061,1.35241,1.37045,198467,1,0,2013-12-01
1386460800,1.37101,1.38105,1.36943,1.3737599999999999,173876,1,0,2013-12-08
1387065600,1.3737,1.38111,1.3625099999999999,1.367,197458,1,0,2013-12-15
1387670400,1.36723,1.3893,1.36547,1.37462,105245,1,0,2013-12-22
1388275200,1.37586,1.38189,1.35821,1.35874,156598,1,0,2013-12-29
1388880000,1.35955,1.36871,1.35484,1.36665,200208,0,0,2014-01-05
1389484800,1.36662,1.36992,1.35168,1.35405,189193,0,0,2014-01-12
1390089600,1.35325,1.37393,1.35074,1.36752,198826,0,0,2014-01-19
1390694400,1.3679999999999999,1.3716300000000001,1.3479,1.34849,222017,0,0,2014-01-26
1391299200,1.34855,1.36425,1.3477000000000001,1.36342,224074,0,0,2014-02-02
1391904000,1.36232,1.37145,1.3562,1.36918,168062,0,0,2014-02-09
1392508800,1.3700700000000001,1.3773,1.36857,1.3738000000000001,148491,0,0,2014-02-16
1393113600,1.37382,1.3824100000000001,1.3643,1.38016,170799,0,0,2014-02-23
1393718400,1.37856,1.39146,1.37072,1.38746,183866,0,0,2014-03-02
1394323200,1.38761,1.39666,1.38335,1.39134,325073,0,0,2014-03-09
1394928000,1.39062,1.39474,1.3749,1.37933,317053,0,0,2014-03-16
1395532800,1.37914,1.38757,1.37047,1.37513,342361,0,0,2014-03-23
1396137600,1.37531,1.38201,1.36725,1.3701400000000001,327388,0,0,2014-03-30
1396742400,1.37008,1.3905699999999999,1.3696,1.3884400000000001,263116,0,0,2014-04-06
1397347200,1.3857300000000001,1.38645,1.37899,1.38068,163032,1,0,2014-04-13
1397952000,1.38164,1.38545,1.37849,1.3833,148035,0,0,2014-04-20
1398556800,1.38394,1.38889,1.3774899999999999,1.38689,180202,0,0,2014-04-27
1399161600,1.38724,1.39932,1.37453,1.37577,232961,0,0,2014-05-04
1399766400,1.37569,1.37747,1.36484,1.36933,206253,1,0,2014-05-11
1400371200,1.36978,1.37337,1.36155,1.3628,154702,0,0,2014-05-18
1400976000,1.36246,1.36681,1.35858,1.3633899999999999,135950,0,0,2014-05-25
1401580800,1.36304,1.36769,1.35028,1.36423,212522,0,0,2014-06-01
1402185600,1.3645800000000001,1.36685,1.35121,1.35379,197118,0,0,2014-06-08
1402790400,1.35373,1.36433,1.35129,1.35995,183483,0,0,2014-06-15
1403395200,1.35949,1.3651,1.35738,1.3648799999999999,166306,0,0,2014-06-22
1404000000,1.3645,1.36991,1.3585099999999999,1.35944,110855,1,0,2014-06-29
1404604800,1.35935,1.36506,1.35758,1.36032,151484,1,0,2014-07-06
1405209600,1.36055,1.36401,1.34908,1.35203,214577,1,0,2014-07-13
1405814400,1.3526799999999999,1.35484,1.3421,1.34288,221099,1,0,2014-07-20
1406419200,1.34305,1.34446,1.3366500000000001,1.34264,215617,1,0,2014-07-27
1407024000,1.34271,1.34323,1.33327,1.34094,228913,6,0,2014-08-03
1407628800,1.34061,1.34148,1.33356,1.33975,200862,6,0,2014-08-10
1408233600,1.33913,1.33988,1.3220399999999999,1.32381,198054,2,0,2014-08-17
1408838400,1.31914,1.3220399999999999,1.31323,1.31323,181357,1,0,2014-08-24
1409443200,1.31292,1.316,1.2920099999999999,1.2951,210091,1,0,2014-08-31
1410048000,1.29531,1.29791,1.28594,1.29643,295977,1,0,2014-09-07
1410652800,1.29679,1.29951,1.28275,1.28284,260293,1,0,2014-09-14
1411257600,1.28267,1.29012,1.26769,1.26825,287020,1,0,2014-09-21
1411862400,1.2681200000000001,1.27149,1.25006,1.25145,285632,1,0,2014-09-28
1412467200,1.25132,1.27914,1.25089,1.26272,348625,1,0,2014-10-05
1413072000,1.26273,1.28868,1.26248,1.27591,453256,1,0,2014-10-12
1413676800,1.27552,1.28397,1.2613400000000001,1.26681,363842,3,0,2014-10-19
1414281600,1.2675100000000001,1.27701,1.24851,1.25231,399235,1,0,2014-10-26
1414886400,1.25085,1.25772,1.23571,1.24535,494358,1,0,2014-11-02
1415491200,1.24637,1.25462,1.23939,1.2521499999999999,463927,1,0,2014-11-09
1416096000,1.25204,1.25991,1.23747,1.23892,392866,1,0,2014-11-16
1416700800,1.23623,1.2530999999999999,1.23623,1.24498,278942,1,22224335000,2014-11-23
1417305600,1.24613,1.25062,1.2270699999999999,1.22844,287048,1,0,2014-11-30
1417910400,1.22828,1.24949,1.22472,1.246,335435,1,428248938800,2014-12-07
1418515200,1.24731,1.25696,1.222,1.22224,351726,0,475662784000,2014-12-14
1419120000,1.2223,1.22723,1.21644,1.21773,522167,0,778831584000,2014-12-21
1419724800,1.21807,1.2220900000000001,1.19997,1.20014,199101,0,189085240000,2014-12-28
1420329600,1.19454,1.19757,1.17536,1.18402,458565,9,0,2015-01-04
1420934400,1.18481,1.18702,1.14594,1.1565,520065,9,0,2015-01-11
1421539200,1.15524,1.1679,1.11145,1.12032,251059,6,0,2015-01-18
1422144000,1.11492,1.14221,1.1097,1.1284399999999999,278771,1,26232873000,2015-01-25
1422748800,1.1311499999999999,1.15332,1.12918,1.13102,349852,1,0,2015-02-01
1423353600,1.12952,1.14421,1.12698,1.13919,330358,5,0,2015-02-08
1423958400,1.13994,1.14496,1.12788,1.13785,314887,1,0,2015-02-15
1424563200,1.1394,1.13952,1.11758,1.11957,296476,5,0,2015-02-22
1425168000,1.11805,1.12402,1.0838700000000001,1.08433,300856,5,0,2015-03-01
1425772800,1.08296,1.09061,1.04619,1.0491,401922,2,0,2015-03-08
1426377600,1.04855,1.10415,1.04791,1.08189,435126,1,0,2015-03-15
1426982400,1.08667,1.10515,1.07667,1.08841,414507,5,0,2015-03-22
1427587200,1.08841,1.10261,1.07123,1.09679,327491,1,0,2015-03-29
1428192000,1.10007,1.10348,1.05674,1.0603,329302,1,0,2015-04-05
1428796800,1.0603,1.08481,1.05202,1.08089,431252,2,0,2015-04-12
1429401600,1.08089,1.08996,1.0659399999999999,1.087,452832,4,0,2015-04-19
1430006400,1.08627,1.12896,1.08191,1.11967,549654,4,0,2015-04-26
1430611200,1.11922,1.13918,1.10662,1.12085,190619,1,0,2015-05-03
1431216000,1.12,1.14661,1.11305,1.14466,422918,1,0,2015-05-10
1431820800,1.14485,1.14485,1.10016,1.10141,500607,4,0,2015-05-17
1432425600,1.10052,1.10089,1.08185,1.09895,504263,5,0,2015-05-24
1433030400,1.09835,1.1379299999999999,1.08865,1.11163,662111,1,0,2015-05-31
1433635200,1.11018,1.13855,1.10837,1.12621,808892,5,0,2015-06-07
1434240000,1.12133,1.1436,1.11893,1.13483,683352,4,0,2015-06-14
1434844800,1.1374,1.14097,1.11297,1.11713,671863,5,0,2015-06-21
1435449600,1.10047,1.12776,1.09538,1.11038,714227,4,0,2015-06-28
1436054400,1.09794,1.12153,1.09158,1.11541,787387,4,0,2015-07-05
1436659200,1.10993,1.11963,1.08281,1.08299,695744,5,0,2015-07-12
1437264000,1.08332,1.1018,1.08078,1.09762,756333,4,362240361000,2015-07-19
1437868800,1.09759,1.11292,1.08931,1.09831,708373,5,974474696000,2015-07-26
1438473600,1.09711,1.09957,1.08477,1.0964,680722,5,966121143000,2015-08-02
1439078400,1.09623,1.12137,1.0925,1.111,600900,4,819337173000,2015-08-09
1439683200,1.1114,1.13884,1.10171,1.13865,729892,7,1017363513000,2015-08-16
1440288000,1.13742,1.17138,1.11559,1.11803,1072302,7,1239910391000,2015-08-23
1440892800,1.11767,1.13318,1.10869,1.11469,745872,7,1053585481000,2015-08-30
1441497600,1.11571,1.13493,1.1121,1.13395,724352,7,1042566194000,2015-09-06
1442102400,1.1329799999999999,1.146,1.12138,1.12985,697376,7,1051997574000,2015-09-13
1442707200,1.12823,1.1329799999999999,1.11049,1.11994,735427,7,1103243120000,2015-09-20
1443312000,1.1191,1.13181,1.11347,1.1209500000000001,734787,4,1104037547000,2015-09-27
1443916800,1.12202,1.13869,1.11717,1.13569,723200,7,1157952219000,2015-10-04
1444521600,1.13588,1.1494900000000001,1.13339,1.13474,624106,0,1001400043000,2015-10-11
1445126400,1.13546,1.13868,1.0996299999999999,1.10169,650550,0,1056362226000,2015-10-18
1445731200,1.10071,1.10955,1.08966,1.1005,621044,0,999421622000,2015-10-25
1446336000,1.10266,1.10527,1.0707,1.0739,632031,0,1028290494000,2015-11-01
1446940800,1.07283,1.08301,1.0674,1.07668,754210,0,1151847960000,2015-11-08
1447545600,1.07366,1.07628,1.06166,1.06451,728822,0,1169431344000,2015-11-15
1448150400,1.06372,1.0689,1.05657,1.05938,691941,0,1106524406000,2015-11-22
1448755200,1.05887,1.09807,1.05222,1.08779,808995,0,1277493798000,2015-11-29
1449360000,1.08681,1.10427,1.07958,1.09894,775048,0,1169925620000,2015-12-06
1449964800,1.09801,1.10593,1.08023,1.08613,813414,0,1109525424000,2015-12-13
1450569600,1.08511,1.09839,1.08457,1.09542,414093,0,525729500000,2015-12-20
1451174400,1.0944099999999999,1.09922,1.08526,1.08609,332889,0,393294847000,2015-12-27
1451779200,1.08696,1.09462,1.07104,1.09245,789395,0,1045801868000,2016-01-03
1452384000,1.09171,1.09844,1.08046,1.09132,843872,0,1185031337000,2016-01-10
1452988800,1.09206,1.09757,1.0777,1.07965,859880,0,1267134159000,2016-01-17
1453593600,1.07886,1.09674,1.07886,1.083,857963,0,1226975883000,2016-01-24
1454198400,1.08297,1.12468,1.08142,1.11578,914283,7,1156926575000,2016-01-31
1454803200,1.11415,1.13761,1.10862,1.12503,1112797,0,1570667151000,2016-02-07
1455408000,1.12336,1.1249500000000001,1.10664,1.11279,823814,0,1162729462000,2016-02-14
1456012800,1.11111,1.11244,1.09114,1.09289,805888,0,1346337448000,2016-02-21
1456617600,1.0913,1.1043,1.08251,1.10064,805347,5,1294858673000,2016-02-28
1457222400,1.09879,1.12177,1.08219,1.11462,732100,7,1138434791000,2016-03-06
1457827200,1.11444,1.13422,1.10575,1.1268799999999999,703779,7,1038301145000,2016-03-13
1458432000,1.12682,1.1284399999999999,1.11439,1.11613,474566,0,619871355000,2016-03-20
1459036800,1.11599,1.14377,1.11527,1.13897,660864,0,1100120444000,2016-03-27
1459641600,1.13994,1.14538,1.13262,1.13949,731689,0,1167671031000,2016-04-03
1460246400,1.14138,1.14645,1.12335,1.12827,679931,0,1117963972000,2016-04-10
1460851200,1.12998,1.13985,1.12154,1.12154,661726,0,928891644000,2016-04-17
1461456000,1.12167,1.1459,1.12145,1.14504,690513,0,1005193577000,2016-04-24
1462060800,1.14582,1.16159,1.13856,1.14009,714720,0,1006960940000,2016-05-01
1462665600,1.13939,1.14462,1.12825,1.1308799999999999,595504,0,923758689000,2016-05-08
1463270400,1.13098,1.13482,1.11796,1.1221700000000001,606041,0,975882437000,2016-05-15
1463875200,1.12033,1.12426,1.11107,1.1113,574241,0,945429153000,2016-05-22
1464480000,1.11125,1.1373199999999999,1.10707,1.13662,637599,0,1092489360000,2016-05-29
1465084800,1.13542,1.14151,1.1245,1.12533,645488,0,1109201421000,2016-06-05
1465689600,1.12478,1.1302699999999999,1.11307,1.12752,746001,0,1257713456000,2016-06-12
1466294400,1.13308,1.14278,1.09113,1.1091199999999999,829120,0,1254982379000,2016-06-19
1466899200,1.1002399999999999,1.11689,1.09705,1.11361,824124,0,1151508206000,2016-06-26
1467504000,1.11245,1.11862,1.10016,1.10497,635295,0,948449105000,2016-07-03
1468108800,1.10448,1.11644,1.10153,1.10244,683286,0,1159470478000,2016-07-10
1468713600,1.10497,1.10839,1.09551,1.09747,575364,0,1001480969000,2016-07-17
1469318400,1.09725,1.11972,1.09314,1.11743,580293,0,843704556000,2016-07-24
1469923200,1.11715,1.12334,1.10453,1.10867,531328,0,633152185000,2016-07-31
1470528000,1.10795,1.12209,1.107,1.11634,503635,0,717601669000,2016-08-07
1471132800,1.11659,1.1366100000000001,1.1153,1.1323699999999999,553397,0,701510710000,2016-08-14
1471737600,1.13087,1.13548,1.11806,1.11856,521203,0,636044205000,2016-08-21
1472342400,1.11823,1.12518,1.11227,1.11449,519827,0,568181727000,2016-08-28
1472947200,1.11564,1.13266,1.11393,1.12235,550864,0,570112272000,2016-09-04
1473552000,1.12304,1.12833,1.11492,1.11535,610953,0,710811979000,2016-09-11
1474156800,1.11531,1.12569,1.11228,1.12149,564041,0,613511528000,2016-09-18
1474761600,1.1229,1.12788,1.11531,1.12399,628079,0,698639644000,2016-09-25
1475366400,1.12262,1.12439,1.1104,1.11931,692360,0,818381106000,2016-10-02
1475971200,1.1181,1.12028,1.09699,1.09711,663885,0,730049018000,2016-10-09
1476576000,1.09689,1.10388,1.0859,1.0873599999999999,557208,0,528473480000,2016-10-16
1477180800,1.08801,1.09915,1.08507,1.09745,552779,0,461187947000,2016-10-23
1477785600,1.0984099999999999,1.11405,1.09355,1.11375,589055,0,524553953000,2016-10-30
1478390400,1.10616,1.12991,1.08301,1.08503,856770,0,769952179000,2016-11-06
1478995200,1.08316,1.08403,1.05687,1.05826,830097,0,742663966000,2016-11-13
1479600000,1.05915,1.06575,1.05176,1.05772,760860,0,651550339000,2016-11-20
1480204800,1.06079,1.06896,1.05521,1.06538,745457,0,596530190000,2016-11-27
1480809600,1.06171,1.08734,1.05044,1.05515,608947,0,399965566000,2016-12-04
1481414400,1.05326,1.06698,1.0366,1.04401,659991,0,466309077000,2016-12-11
1482019200,1.0437400000000001,1.04989,1.03519,1.047,528018,0,444497638000,2016-12-18
1482624000,1.04607,1.06522,1.03249,1.05068,478283,0,408342680000,2016-12-25
1483228800,1.051,1.06207,1.03399,1.05235,667689,0,565905926000,2017-01-01
1483833600,1.05292,1.06844,1.04534,1.0642,775893,0,605416033000,2017-01-08
1484438400,1.06023,1.0719,1.05789,1.06982,762890,0,628195585000,2017-01-15
1485043200,1.07004,1.07745,1.06572,1.06968,714178,0,620828223000,2017-01-22
1485648000,1.07023,1.08284,1.062,1.07789,735461,0,648054137000,2017-01-29
1486252800,1.0784799999999999,1.07906,1.06072,1.0637699999999999,634550,0,552315453000,2017-02-05
1486857600,1.06276,1.0679,1.0521,1.06056,610060,0,547506040000,2017-02-12
1487462400,1.06069,1.06326,1.04933,1.05513,569455,0,490297713000,2017-02-19
1488067200,1.05622,1.06304,1.04946,1.06166,629942,0,560126465000,2017-02-26
1488672000,1.06033,1.06988,1.05247,1.06712,600364,7,549991275000,2017-03-05
1489276800,1.06832,1.07821,1.05995,1.07362,622371,0,554502597000,2017-03-12
1489881600,1.07384,1.08245,1.07189,1.07957,584753,0,519252993000,2017-03-19
1490486400,1.08316,1.09057,1.06462,1.06462,548814,0,507688407000,2017-03-26
1491091200,1.06591,1.06887,1.05804,1.05884,512352,0,486033592000,2017-04-02
1491696000,1.0586,1.06773,1.05695,1.06096,428208,0,394885406000,2017-04-09
1492300800,1.06102,1.07773,1.06025,1.07266,436803,0,433378274000,2017-04-16
1492905600,1.09047,1.09506,1.08205,1.08921,552212,0,495314935000,2017-04-23
1493510400,1.09086,1.09988,1.08745,1.09863,481082,0,454482346000,2017-04-30
1494115200,1.1016,1.10176,1.0838700000000001,1.09268,537969,0,524230552000,2017-05-07
1494720000,1.09318,1.12115,1.09222,1.1174,629838,0,613359886000,2017-05-14
1495324800,1.11984,1.1268,1.11602,1.11733,576689,0,548471307000,2017-05-21
1495929600,1.1166,1.12848,1.11092,1.12784,497227,0,465406907000,2017-05-28
1496534400,1.12699,1.12837,1.11661,1.11935,446925,7,0,2017-06-04
1497139200,1.12045,1.12954,1.11318,1.11961,443306,7,0,2017-06-11
1497744000,1.12037,1.12125,1.11186,1.11928,379840,7,0,2017-06-18
1498348800,1.11969,1.14451,1.11714,1.14254,510144,7,0,2017-06-25
1498953600,1.14175,1.14395,1.13121,1.13954,426350,7,0,2017-07-02
1499558400,1.13965,1.1489099999999999,1.137,1.14666,462552,7,0,2017-07-09
1500163200,1.14688,1.16825,1.14345,1.16623,526042,7,0,2017-07-16
1500768000,1.16589,1.17765,1.16123,1.17494,556011,7,0,2017-07-23
1501372800,1.1751800000000001,1.191,1.17229,1.17719,523449,7,0,2017-07-30
1501977600,1.17729,1.18468,1.16885,1.18189,481809,7,0,2017-08-06
1502582400,1.18212,1.1838,1.16619,1.17578,516012,7,0,2017-08-13
1503187200,1.1759,1.19411,1.17307,1.19209,422203,7,0,2017-08-20
1503792000,1.1942300000000001,1.20699,1.18228,1.18627,535251,7,0,2017-08-27
1504396800,1.18807,1.2092100000000001,1.18679,1.20337,565122,7,0,2017-09-03
1505001600,1.20161,1.20292,1.1837900000000001,1.19447,496328,0,1054193000,2017-09-10
1505606400,1.1923300000000001,1.2033,1.18611,1.19465,493193,0,0,2017-09-17
1506211200,1.18987,1.19366,1.17171,1.18131,501792,0,0,2017-09-24
1506816000,1.17945,1.18151,1.16692,1.1729,399130,0,0,2017-10-01
1507420800,1.17305,1.18797,1.17195,1.18195,344846,0,0,2017-10-08
1508025600,1.1812,1.18579,1.173,1.17811,371239,0,0,2017-10-15
1508630400,1.17664,1.18367,1.1574200000000001,1.16075,399532,0,0,2017-10-22
1509235200,1.16054,1.16906,1.15933,1.16066,337299,0,0,2017-10-29
1509840000,1.16097,1.16779,1.1554,1.16637,334933,0,0,2017-11-05
1510444800,1.16574,1.18603,1.16373,1.17884,346862,0,0,2017-11-12
1511049600,1.17852,1.19443,1.17129,1.19287,322068,0,0,2017-11-19
1511654400,1.19265,1.19611,1.18089,1.18919,421435,0,0,2017-11-26
1512259200,1.18618,1.18786,1.17302,1.17731,394406,0,0,2017-12-03
1512864000,1.1764999999999999,1.18625,1.17175,1.17505,381570,0,0,2017-12-10
1513468800,1.17435,1.19017,1.17375,1.1863,505827,0,0,2017-12-17
1514073600,1.18704,1.20255,1.18466,1.20045,280843,1,0,2017-12-24
1514678400,1.20088,1.20889,1.20007,1.20298,416717,1,0,2017-12-31
1515283200,1.20268,1.2218499999999999,1.1915499999999999,1.22,686104,1,0,2018-01-07
1515888000,1.21932,1.23231,1.21652,1.22224,852634,1,0,2018-01-14
1516492800,1.22698,1.25378,1.22139,1.24264,1005448,0,0,2018-01-21
1517097600,1.24259,1.2522,1.23348,1.2456,951366,1,0,2018-01-28
1517702400,1.24344,1.24749,1.22054,1.22498,1160485,1,0,2018-02-04
1518307200,1.22442,1.2555399999999999,1.2235,1.24105,810971,1,0,2018-02-11
1518912000,1.24008,1.24352,1.22595,1.22935,725797,1,0,2018-02-18
1519516800,1.2293,1.2355,1.21546,1.23184,748826,1,0,2018-02-25
1520121600,1.23324,1.24462,1.22688,1.23053,786397,1,0,2018-03-04
1520726400,1.23096,1.24125,1.226,1.22889,619336,1,0,2018-03-11
1521331200,1.22872,1.23885,1.22396,1.23514,650183,1,0,2018-03-18
1521936000,1.2349700000000001,1.24763,1.22839,1.23218,529644,1,0,2018-03-25
1522540800,1.23192,1.2345,1.22149,1.22809,406643,1,0,2018-04-01
1523145600,1.22794,1.23964,1.22602,1.2328999999999999,385944,1,0,2018-04-08
1523750400,1.23289,1.24137,1.22496,1.22873,339671,1,0,2018-04-15
1524355200,1.22695,1.22895,1.20553,1.21293,440328,1,0,2018-04-22
1524960000,1.21248,1.21387,1.19108,1.1960899999999999,514946,1,0,2018-04-29
1525564800,1.19507,1.1978,1.18226,1.19417,467822,1,0,2018-05-06
1526169600,1.19418,1.19961,1.17498,1.17705,523562,1,0,2018-05-13
1526774400,1.17696,1.18297,1.16452,1.16492,539475,1,0,2018-05-20
1527379200,1.1682299999999999,1.1728399999999999,1.1509800000000001,1.16596,643643,0,0,2018-05-27
1527984000,1.16554,1.18398,1.16526,1.17693,494367,0,0,2018-06-03
1528588800,1.17732,1.18519,1.1543,1.1607,526713,1,0,2018-06-10
1529193600,1.1587399999999999,1.16749,1.15078,1.16539,574416,1,0,2018-06-17
1529798400,1.16635,1.17205,1.15271,1.16831,625519,1,0,2018-06-24
1530403200,1.16841,1.17679,1.15912,1.17435,453108,1,0,2018-07-01
1531008000,1.17382,1.17908,1.16128,1.16856,467936,1,0,2018-07-08
1531612800,1.16895,1.17446,1.15747,1.17209,554059,0,0,2018-07-15
1532217600,1.17261,1.17497,1.16199,1.16565,372540,3,0,2018-07-22
1532822400,1.16563,1.17455,1.15598,1.15672,313409,2,0,2018-07-29
1533427200,1.1568100000000001,1.16278,1.13878,1.14111,316260,2,0,2018-08-05
1534032000,1.13714,1.14445,1.13006,1.14381,424668,2,0,2018-08-12
1534636800,1.1436600000000001,1.16394,1.1394,1.16218,372151,2,0,2018-08-19
1535241600,1.1616,1.17333,1.15842,1.16021,387148,2,0,2018-08-26
1535846400,1.15955,1.16588,1.15297,1.15526,361319,2,0,2018-09-02
1536451200,1.15494,1.1721300000000001,1.15255,1.16219,315729,2,0,2018-09-09
1537056000,1.16231,1.18024,1.16175,1.17537,344737,3,0,2018-09-16
1537660800,1.17405,1.18148,1.15693,1.1602000000000001,369733,2,0,2018-09-23
1538265600,1.16156,1.16243,1.1463,1.15234,391742,3,0,2018-09-30
1538870400,1.15205,1.16101,1.14318,1.15584,428430,2,0,2018-10-07
1539475200,1.15364,1.16209,1.14326,1.1514199999999999,387061,2,0,2018-10-14
1540080000,1.1516,1.1549800000000001,1.13353,1.14021,412609,2,0,2018-10-21
1540684800,1.13978,1.14555,1.1301700000000001,1.13859,374875,3,0,2018-10-28
1541289600,1.13853,1.14994,1.13157,1.13343,396615,2,0,2018-11-04
1541894400,1.13184,1.14199,1.12153,1.1414,443026,3,0,2018-11-11
1542499200,1.14136,1.14719,1.1327,1.13296,297639,2,0,2018-11-18
1543104000,1.13391,1.14013,1.12667,1.13155,352113,2,0,2018-11-25
1543708800,1.13499,1.14233,1.13104,1.13962,372424,2,0,2018-12-02
1544313600,1.13893,1.14423,1.12694,1.13053,400607,2,0,2018-12-09
1544918400,1.12995,1.14855,1.12957,1.13665,426163,2,0,2018-12-16
1545523200,1.13675,1.14723,1.13422,1.14398,287476,2,0,2018-12-23
1546128000,1.14337,1.14967,1.1308799999999999,1.13955,331483,2,0,2018-12-30
1546732800,1.13957,1.15698,1.13952,1.14626,365279,2,0,2019-01-06
1547337600,1.14569,1.14893,1.13528,1.13655,346702,3,0,2019-01-13
1547942400,1.13587,1.14172,1.12889,1.14051,334430,3,0,2019-01-20
1548547200,1.14006,1.15139,1.13897,1.14529,365092,2,0,2019-01-27
1549152000,1.14506,1.146,1.13206,1.13217,260644,2,0,2019-02-03
1549756800,1.13196,1.1341,1.12336,1.1290499999999999,289987,2,0,2019-02-10
1550361600,1.12917,1.13707,1.1275,1.13303,298622,3,0,2019-02-17
1550966400,1.1333199999999999,1.14192,1.1327,1.13626,317731,2,0,2019-02-24
1551571200,1.13734,1.1381000000000001,1.11756,1.12324,304064,2,0,2019-03-03
1552176000,1.12345,1.13439,1.12214,1.1323699999999999,294352,2,0,2019-03-10
1552780800,1.1323,1.14477,1.12729,1.13006,303744,0,0,2019-03-17
1553385600,1.12934,1.1331,1.12094,1.12166,348369,2,0,2019-03-24
1553990400,1.12258,1.12543,1.11833,1.12152,280586,3,0,2019-03-31
1554595200,1.1213899999999999,1.13235,1.12101,1.12981,237518,2,0,2019-04-07
1555200000,1.13032,1.1323400000000001,1.12258,1.12388,225375,2,0,2019-04-14
1555804800,1.12396,1.12616,1.11105,1.1142,241061,2,0,2019-04-21
1556409600,1.1139000000000001,1.12644,1.11346,1.12021,266238,2,0,2019-04-28
1557014400,1.11707,1.1253199999999999,1.11662,1.12333,304590,3,0,2019-05-05
1557619200,1.12296,1.12631,1.11548,1.11565,251498,2,0,2019-05-12
1558224000,1.116,1.12118,1.11066,1.12044,233185,3,0,2019-05-19
1558828800,1.12094,1.1215,1.11157,1.11676,225397,1,0,2019-05-26
1559433600,1.11644,1.13474,1.11596,1.1332200000000001,325800,1,0,2019-06-02
1560038400,1.13224,1.1343,1.1202,1.12103,256590,3,0,2019-06-09
1560643200,1.12088,1.13773,1.11809,1.13699,318802,1,0,2019-06-16
1561248000,1.13696,1.14116,1.13437,1.13693,290931,2,0,2019-06-23
1561852800,1.1367,1.13707,1.1207,1.12248,223778,2,0,2019-06-30
1562457600,1.1224,1.12857,1.11932,1.12699,215465,1,0,2019-07-07
1563062400,1.12654,1.12838,1.11997,1.12194,222048,1,0,2019-07-14
1563667200,1.1214,1.12252,1.11013,1.1127,204455,2,0,2019-07-21
1564272000,1.11253,1.1162,1.10269,1.1105,319326,2,0,2019-07-28
1564876800,1.11032,1.1249500000000001,1.11027,1.11998,387700,2,0,2019-08-04
1565481600,1.11977,1.12306,1.10663,1.10893,350110,1,0,2019-08-11
1566086400,1.10924,1.11531,1.10515,1.11386,272508,1,0,2019-08-18
1566691200,1.11496,1.11639,1.0963,1.09893,379954,1,0,2019-08-25
1567296000,1.09899,1.10846,1.09257,1.10245,321987,1,0,2019-09-01
1567900800,1.10256,1.11094,1.09267,1.10697,246396,1,0,2019-09-08
1568505600,1.1072,1.10863,1.0990199999999999,1.10187,244353,1,0,2019-09-15
1569110400,1.1012,1.10253,1.09038,1.09411,237660,1,0,2019-09-22
1569715200,1.09403,1.09992,1.0879,1.09772,240507,1,0,2019-09-29
1570320000,1.0979,1.10627,1.09411,1.1036,245042,1,0,2019-10-06
1570924800,1.10314,1.11702,1.09912,1.11689,237094,1,0,2019-10-13
1571529600,1.11604,1.11793,1.1072899999999999,1.10794,173330,1,0,2019-10-20
1572134400,1.10788,1.11756,1.10735,1.11648,179586,1,0,2019-10-27
1572739200,1.11687,1.11753,1.10166,1.10189,182718,1,0,2019-11-03
1573344000,1.10185,1.10567,1.0989,1.10515,149602,1,0,2019-11-10
1573948800,1.1051,1.10969,1.10144,1.10182,153731,1,0,2019-11-17
1574553600,1.10151,1.1032,1.0981,1.10152,134465,1,0,2019-11-24
1575158400,1.10241,1.11161,1.10029,1.10595,154743,1,0,2019-12-01
1575763200,1.10574,1.11993,1.10533,1.11173,190392,1,0,2019-12-08
1576368000,1.11259,1.11745,1.10662,1.10751,162001,1,0,2019-12-15
1576972800,1.1075,1.11882,1.1069,1.1176,98438,1,0,2019-12-22
1577577600,1.11754,1.12392,1.1125,1.11558,138660,1,0,2019-12-29
1578182400,1.11646,1.12054,1.1085,1.11212,181181,1,0,2020-01-05
1578787200,1.11162,1.11726,1.10862,1.10893,145338,1,0,2020-01-12
1579392000,1.1092,1.1118,1.10196,1.10255,148300,1,0,2020-01-19
1579996800,1.10295,1.10951,1.09922,1.10943,162515,1,0,2020-01-26
1580601600,1.10907,1.10927,1.09418,1.0943,168791,1,0,2020-02-02
1581206400,1.09424,1.09574,1.08272,1.08301,153862,1,0,2020-02-09
1581811200,1.08397,1.08634,1.07775,1.08474,170332,1,0,2020-02-16
1582416000,1.0825,1.10531,1.08049,1.10293,349962,1,0,2020-02-23
1583020800,1.10407,1.13546,1.10362,1.12901,385483,1,0,2020-03-01
1583625600,1.13469,1.14964,1.10549,1.11025,847709,0,0,2020-03-08
1584230400,1.11886,1.12364,1.06375,1.06935,1049884,0,0,2020-03-15
1584835200,1.06937,1.1147,1.06355,1.11431,849143,0,0,2020-03-22
1585440000,1.11159,1.11439,1.07727,1.08127,543298,0,0,2020-03-29
1586044800,1.08088,1.09522,1.07682,1.09347,390449,0,0,2020-04-05
1586649600,1.09428,1.09907,1.08119,1.08739,550745,0,0,2020-04-12
1587254400,1.08625,1.08965,1.07269,1.08244,506704,0,0,2020-04-19
1587859200,1.08208,1.1018,1.08096,1.09802,387192,0,0,2020-04-26
1588464000,1.09684,1.09743,1.07664,1.08386,276192,0,0,2020-05-03
1589068800,1.0824,1.08963,1.07748,1.0818699999999999,266133,0,0,2020-05-10
1589673600,1.08014,1.10082,1.07998,1.09022,235768,0,0,2020-05-17
1590278400,1.0895299999999999,1.1145,1.08706,1.11076,286301,0,0,2020-05-24
1590883200,1.1115,1.13837,1.11003,1.12874,368853,0,0,2020-05-31
1591488000,1.1293199999999999,1.14222,1.12125,1.12604,408736,0,0,2020-06-07
1592092800,1.12356,1.13531,1.11681,1.11765,387480,0,0,2020-06-14
1592697600,1.11819,1.13483,1.11684,1.12179,284549,0,0,2020-06-21
1593302400,1.12146,1.13025,1.11847,1.12482,222081,1,0,2020-06-28
1593907200,1.1243,1.13706,1.12406,1.12965,234141,0,0,2020-07-05
1594512000,1.13015,1.14518,1.13008,1.14258,230758,1,0,2020-07-12
1595116800,1.14042,1.16576,1.14021,1.16549,263527,0,0,2020-07-19
1595721600,1.16431,1.19086,1.16412,1.17713,314222,0,0,2020-07-26
1596326400,1.17697,1.1916,1.16957,1.17854,292920,0,0,2020-08-02
1596931200,1.17864,1.1864,1.17109,1.18413,255048,0,0,2020-08-09
1597536000,1.18377,1.19656,1.17542,1.17964,256632,0,0,2020-08-16
1598140800,1.17929,1.19196,1.17621,1.19055,263442,1,0,2020-08-23
1598745600,1.19036,1.20108,1.17808,1.18394,278392,0,0,2020-08-30
1599350400,1.18458,1.19174,1.1752799999999999,1.18459,245400,1,0,2020-09-06
1599955200,1.18362,1.19004,1.17374,1.18413,233660,1,0,2020-09-13
1600560000,1.18455,1.18717,1.16122,1.16296,262427,0,0,2020-09-20
1601164800,1.16222,1.17694,1.16151,1.17165,262579,0,0,2020-09-27
1601769600,1.17131,1.18304,1.17053,1.18293,218670,0,0,2020-10-04
1602374400,1.18173,1.18265,1.16882,1.1716,205670,0,0,2020-10-11
1602979200,1.17195,1.1880600000000001,1.1703000000000001,1.18598,207002,0,0,2020-10-18
1603584000,1.18551,1.18554,1.16398,1.16462,228546,0,0,2020-10-25
1604188800,1.16468,1.18909,1.16019,1.18746,338196,0,0,2020-11-01
1604793600,1.18873,1.192,1.17455,1.18326,346088,0,0,2020-11-08
1605398400,1.184,1.18939,1.18141,1.18587,249392,0,0,2020-11-15
1606003200,1.18496,1.1963,1.18,1.19593,228011,0,0,2020-11-22
1606608000,1.196,1.21773,1.19236,1.21201,336825,0,0,2020-11-29
1607212800,1.21299,1.21664,1.20585,1.21125,378639,0,0,2020-12-06
1607817600,1.21366,1.22729,1.21156,1.22542,332396,0,0,2020-12-13
1608422400,1.22166,1.22573,1.21296,1.21808,309592,0,0,2020-12-20
1609027200,1.21696,1.23099,1.21696,1.22155,246700,0,0,2020-12-27
1609632000,1.22395,1.23494,1.21932,1.22218,464146,0,0,2021-01-03
1610236800,1.22116,1.22285,1.2075,1.20766,373830,0,0,2021-01-10
1610841600,1.20813,1.21894,1.20536,1.21704,296772,0,0,2021-01-17
1611446400,1.21704,1.21833,1.20586,1.21353,333298,0,0,2021-01-24
1612051200,1.21301,1.21364,1.19522,1.20492,291757,0,0,2021-01-31
1612656000,1.20426,1.21493,1.20197,1.21189,275406,0,0,2021-02-07
1613260800,1.2124,1.21694,1.20234,1.21174,293162,0,0,2021-02-14
1613865600,1.21131,1.22432,1.20622,1.20727,450580,1,0,2021-02-21
1614470400,1.20688,1.21132,1.1892800000000001,1.1912,425523,0,0,2021-02-28
1615075200,1.19166,1.199,1.18356,1.19519,452373,1,0,2021-03-07
1615680000,1.19473,1.1989,1.18738,1.19044,365482,1,0,2021-03-14
1616284800,1.18828,1.19467,1.17619,1.17933,316659,1,0,2021-03-21
1616889600,1.17886,1.17937,1.17041,1.17608,256311,0,0,2021-03-28
1617494400,1.17543,1.19273,1.17382,1.1901,259926,0,0,2021-04-04
1618099200,1.18881,1.19949,1.18712,1.19809,248024,1,0,2021-04-11
1618704000,1.19716,1.21,1.1942599999999999,1.20973,228264,0,0,2021-04-18
1619308800,1.20922,1.21502,1.20166,1.20208,224254,0,0,2021-04-25
1619913600,1.20301,1.21713,1.1985999999999999,1.21618,232014,0,0,2021-05-02
1620518400,1.216,1.21817,1.20515,1.21441,294198,0,0,2021-05-09
1621123200,1.21323,1.22452,1.2126000000000001,1.21806,285032,0,0,2021-05-16
1621728000,1.21776,1.22664,1.21327,1.21896,296788,0,0,2021-05-23
1622332800,1.21993,1.22543,1.21041,1.21662,258307,0,0,2021-05-30
1622937600,1.21595,1.22179,1.20927,1.21063,253570,0,0,2021-06-06
1623542400,1.21025,1.21473,1.18537,1.18597,336016,0,0,2021-06-13
1624147200,1.1855,1.19752,1.1847699999999999,1.1937,347287,0,0,2021-06-20
1624752000,1.19316,1.19445,1.18071,1.18646,334971,0,0,2021-06-27
1625356800,1.18576,1.1895,1.17817,1.18774,367782,0,0,2021-07-04
1625961600,1.18715,1.18802,1.17719,1.18055,341420,0,0,2021-07-11
1626566400,1.18054,1.18303,1.17519,1.17689,321944,0,0,2021-07-18
1627171200,1.17677,1.19087,1.17635,1.1873,285774,0,0,2021-07-25
1627776000,1.18641,1.18997,1.17544,1.17611,239558,0,0,2021-08-01
1628380800,1.17568,1.18048,1.17061,1.17962,206636,0,0,2021-08-08
1628985600,1.17941,1.18007,1.1663999999999999,1.16996,238848,0,0,2021-08-15
1629590400,1.16897,1.18026,1.16897,1.1795499999999999,231737,0,0,2021-08-22
1630195200,1.17926,1.19091,1.17829,1.18772,238088,0,0,2021-08-29
1630800000,1.18768,1.18862,1.18022,1.18107,270402,0,0,2021-09-05
1631404800,1.18143,1.1846,1.17242,1.1724999999999999,282874,0,0,2021-09-12
1632009600,1.17272,1.17555,1.16835,1.17206,309466,0,0,2021-09-19
1632614400,1.17255,1.17255,1.15626,1.15927,326858,0,0,2021-09-26
1633219200,1.15922,1.164,1.15292,1.15736,279498,0,0,2021-10-03
1633824000,1.15659,1.16245,1.15242,1.15981,289659,0,0,2021-10-10
1634428800,1.15976,1.16692,1.15717,1.16437,316238,0,0,2021-10-17
1635033600,1.1638,1.1692,1.15353,1.1562000000000001,346236,0,0,2021-10-24
1635638400,1.15626,1.16162,1.15134,1.15665,310576,0,0,2021-10-31
1636243200,1.15597,1.16086,1.14328,1.1442700000000001,319140,0,0,2021-11-07
1636848000,1.14456,1.14641,1.12498,1.12829,376954,0,0,2021-11-14
1637452800,1.12884,1.13303,1.1186099999999999,1.13215,411498,0,0,2021-11-21
1638057600,1.13002,1.1383,1.12354,1.13083,436025,0,0,2021-11-28
1638662400,1.12995,1.1354899999999999,1.12274,1.13162,310002,0,0,2021-12-05
1639267200,1.13077,1.13602,1.1221700000000001,1.12372,316251,0,0,2021-12-12
1639872000,1.12356,1.13435,1.12341,1.13197,271002,0,0,2021-12-19
1640476800,1.13023,1.13861,1.12732,1.13755,218536,0,0,2021-12-26
1641081600,1.13693,1.13778,1.12723,1.1359,294714,0,0,2022-01-02
1641686400,1.1355,1.14829,1.12853,1.14151,267675,0,0,2022-01-09
1642291200,1.14117,1.1434199999999999,1.1301,1.13421,281043,0,0,2022-01-16
1642896000,1.13371,1.13447,1.11214,1.11469,371313,0,0,2022-01-23
1643500800,1.11406,1.14836,1.11378,1.14514,402288,0,0,2022-01-30
1644105600,1.14573,1.1495,1.13297,1.13477,412756,0,0,2022-02-06
1644710400,1.13376,1.13955,1.1280000000000001,1.13227,448592,0,0,2022-02-13
1645315200,1.13145,1.13907,1.11063,1.12716,508018,0,0,2022-02-20
1645920000,1.11295,1.12464,1.08852,1.09305,611388,0,0,2022-02-27
1646524800,1.09255,1.11213,1.0806,1.09137,680888,0,0,2022-03-06
1647129600,1.09155,1.11376,1.09004,1.10503,520604,0,0,2022-03-13
1647734400,1.10504,1.10702,1.0961,1.09854,399423,0,0,2022-03-20
1648339200,1.09842,1.11848,1.09447,1.10447,537061,0,0,2022-03-27
1648944000,1.10336,1.10543,1.08364,1.08747,407277,0,0,2022-04-03
1649548800,1.09159,1.09333,1.07576,1.08113,417038,0,0,2022-04-10
1650153600,1.07994,1.09364,1.07612,1.08009,415846,0,0,2022-04-17
1650758400,1.08071,1.08145,1.04709,1.0546,580547,0,0,2022-04-24
1651363200,1.05421,1.06419,1.04828,1.05439,568611,0,0,2022-05-01
1651968000,1.05387,1.05925,1.03494,1.04077,622343,0,0,2022-05-08
1652572800,1.03959,1.06073,1.03887,1.05582,474415,0,0,2022-05-15
1653177600,1.05601,1.07651,1.05561,1.07309,443535,0,0,2022-05-22
1653782400,1.07326,1.07869,1.06272,1.07165,399166,0,0,2022-05-29
1654387200,1.07146,1.07739,1.0506,1.05207,448015,0,0,2022-06-05
1654992000,1.05137,1.06009,1.0359099999999999,1.04962,763811,0,0,2022-06-12
1655596800,1.04747,1.06054,1.04691,1.05534,550581,0,0,2022-06-19
1656201600,1.05456,1.06149,1.03657,1.04261,632249,0,0,2022-06-26
1656806400,1.04146,1.04627,1.00717,1.01831,638127,0,0,2022-07-03
1657411200,1.01696,1.01831,0.99522,1.00854,696520,0,0,2022-07-10
1658016000,1.00816,1.02783,1.00734,1.02109,681226,0,0,2022-07-17
1658620800,1.02116,1.0258,1.00964,1.02258,637738,0,0,2022-07-24
1659225600,1.02075,1.02936,1.01229,1.01776,629926,0,0,2022-07-31
1659830400,1.01711,1.03688,1.01594,1.0256,513915,0,0,2022-08-07
1660435200,1.02545,1.02684,1.00321,1.00393,502125,0,0,2022-08-14
1661040000,1.00348,1.00901,0.99004,0.99646,549301,0,0,2022-08-21
1661644800,0.99645,1.0079,0.9911,0.99571,614192,0,0,2022-08-28
1662249600,0.99282,1.01134,0.9864,1.00455,601805,0,0,2022-09-04
1662854400,1.01017,1.01979,0.99444,1.00129,557145,0,0,2022-09-11
1663459200,1.00043,1.00506,0.96678,0.9688,585207,0,0,2022-09-18
1664064000,0.96714,0.98539,0.95357,0.9799,885965,0,0,2022-09-25
1664668800,0.97747,0.99996,0.97259,0.97381,729659,0,0,2022-10-02
1665273600,0.97312,0.98082,0.96314,0.97234,807156,0,0,2022-10-09
1665878400,0.97184,0.98757,0.9705,0.98626,803683,0,0,2022-10-16
1666483200,0.98619,1.00933,0.9807,0.99657,770177,0,0,2022-10-23
1667088000,0.99554,0.99761,0.97302,0.99594,664712,0,0,2022-10-30
1667692800,0.99007,1.03642,0.98987,1.0352999999999999,727751,0,0,2022-11-06
1668297600,1.03393,1.04819,1.02714,1.032,769263,0,0,2022-11-13
1668902400,1.03195,1.04485,1.02228,1.03939,538414,0,0,2022-11-20
1669507200,1.03664,1.05449,1.02899,1.05407,692092,0,0,2022-11-27
1670112000,1.05306,1.0594999999999999,1.04431,1.05334,572323,0,0,2022-12-04
1670716800,1.05276,1.07363,1.05058,1.05891,627073,0,0,2022-12-11
1671321600,1.05812,1.06595,1.05733,1.06163,571507,0,0,2022-12-18
1671926400,1.06282,1.0713300000000001,1.06055,1.06976,353936,0,0,2022-12-25
1672531200,1.07016,1.07017,1.04832,1.06427,548830,0,0,2023-01-01
1673136000,1.06394,1.08678,1.0636,1.08323,572449,0,0,2023-01-08
1673740800,1.08295,1.08874,1.07661,1.08557,529992,0,0,2023-01-15
1674345600,1.08622,1.09294,1.08352,1.08673,439290,0,0,2023-01-22
1674950400,1.08618,1.10329,1.07923,1.07932,515854,0,0,2023-01-29
1675555200,1.078,1.07989,1.06664,1.06782,499165,0,0,2023-02-05
1676160000,1.06803,1.08045,1.06128,1.06935,483937,0,0,2023-02-12
1676764800,1.06848,1.07047,1.05362,1.05446,420557,0,0,2023-02-19
1677369600,1.05459,1.06916,1.0533,1.06328,429818,0,0,2023-02-26
1677974400,1.06228,1.07008,1.05244,1.06381,454818,0,0,2023-03-05
1678579200,1.06934,1.07599,1.0516,1.06653,731816,0,0,2023-03-12
1679184000,1.0683,1.09299,1.06313,1.07601,490461,0,0,2023-03-19
1679788800,1.07706,1.09263,1.07451,1.08429,350166,0,0,2023-03-26
1680393600,1.08398,1.09733,1.07882,1.08984,299870,0,0,2023-04-02
1680998400,1.0895299999999999,1.10759,1.08313,1.09946,291052,0,0,2023-04-09
1681603200,1.09886,1.09998,1.09093,1.09894,295827,0,0,2023-04-16
1682208000,1.09885,1.10956,1.09604,1.10163,331494,0,0,2023-04-23
1682812800,1.10119,1.10918,1.09422,1.10182,335995,0,0,2023-04-30
1683417600,1.10226,1.10538,1.08478,1.08498,294013,0,0,2023-05-07
1684022400,1.0853,1.09047,1.07599,1.08048,295748,0,0,2023-05-14
1684627200,1.08045,1.08314,1.07018,1.07258,346441,0,0,2023-05-21
1685232000,1.07178,1.07791,1.06353,1.0706,301471,0,0,2023-05-28
1685836800,1.07071,1.07871,1.06671,1.07495,267751,0,0,2023-06-04
1686441600,1.07448,1.09706,1.0733,1.09406,299615,0,0,2023-06-11
1687046400,1.09273,1.10122,1.08444,1.08898,293340,0,0,2023-06-18
1687651200,1.09047,1.09769,1.08354,1.0909200000000001,365149,0,0,2023-06-25
1688256000,1.0909,1.09734,1.08336,1.0968,289081,0,0,2023-07-02
1688860800,1.0959,1.1245,1.09436,1.12303,312476,0,0,2023-07-09
1689465600,1.12288,1.12758,1.1108,1.11246,316641,0,0,2023-07-16
1690070400,1.11213,1.11497,1.09437,1.10141,422155,0,0,2023-07-23
1690675200,1.1023,1.10459,1.09124,1.10055,363784,0,0,2023-07-30
1691280000,1.10111,1.10653,1.09292,1.09451,321750,0,0,2023-08-06
1691884800,1.0949200000000001,1.09602,1.08451,1.08696,402109,0,0,2023-08-13
1692489600,1.08671,1.09305,1.07656,1.07944,375762,0,0,2023-08-20
1693094400,1.07958,1.09455,1.07715,1.07728,410169,0,0,2023-08-27
1693699200,1.07738,1.08089,1.06861,1.06993,347043,0,0,2023-09-03
1694304000,1.07147,1.07688,1.06314,1.06591,387257,0,0,2023-09-10
1694908800,1.06587,1.0737,1.06149,1.0642800000000001,333681,0,0,2023-09-17
1695513600,1.06498,1.06552,1.04881,1.05735,238431,0,0,2023-09-24
1696118400,1.05651,1.06002,1.0448,1.05852,349896,0,0,2023-10-01
1696723200,1.05491,1.06398,1.04954,1.0507,428936,0,0,2023-10-08
1697328000,1.05084,1.06164,1.05023,1.05931,369441,0,0,2023-10-15
1697932800,1.05918,1.06947,1.05218,1.0564,352931,0,0,2023-10-22
1698537600,1.05647,1.07466,1.05166,1.07292,388937,0,0,2023-10-29
1699142400,1.07215,1.07561,1.0656,1.06845,234832,0,0,2023-11-05
1699747200,1.06751,1.09137,1.06648,1.09128,304865,0,0,2023-11-12
1700352000,1.09008,1.09649,1.08522,1.09362,195077,0,0,2023-11-19
1700956800,1.09386,1.10169,1.08289,1.08823,220068,0,0,2023-11-26
1701561600,1.08738,1.08944,1.07235,1.07573,264025,0,0,2023-12-03
1702166400,1.07583,1.10092,1.07415,1.08939,399436,0,0,2023-12-10
1702771200,1.08968,1.10405,1.08918,1.10132,996617,0,0,2023-12-17
1703376000,1.10119,1.11396,1.09998,1.1036,630729,0,0,2023-12-24
1703980800,1.10437,1.10451,1.08769,1.09408,898807,0,0,2023-12-31
1704585600,1.09331,1.10004,1.09101,1.09497,1045959,0,0,2024-01-07
1705190400,1.09472,1.0967500000000001,1.08444,1.08968,991243,0,0,2024-01-14
1705795200,1.08898,1.09325,1.08128,1.08533,1007315,0,0,2024-01-21
1706400000,1.0844,1.08976,1.07799,1.07858,1159045,0,0,2024-01-28
1707004800,1.07818,1.07953,1.07225,1.07844,684795,0,0,2024-02-04
1707609600,1.07785,1.08058,1.06945,1.07769,646041,0,0,2024-02-11
1708214400,1.07722,1.08884,1.07613,1.08184,599778,0,0,2024-02-18
1708819200,1.0830899999999999,1.08661,1.07957,1.0838700000000001,643742,0,0,2024-02-25
1709424000,1.084,1.09813,1.0829,1.0937000000000001,670801,0,0,2024-03-03
1710028800,1.09388,1.09637,1.08729,1.08872,287656,0,0,2024-03-10
1710633600,1.08881,1.09426,1.08017,1.08062,193698,0,0,2024-03-17
1711238400,1.08062,1.08643,1.07678,1.07917,163131,0,0,2024-03-24
1711843200,1.0787,1.08764,1.07246,1.08363,184501,0,0,2024-03-31
1712448000,1.0836999999999999,1.0885,1.06225,1.06406,212117,0,0,2024-04-07
1713052800,1.0636,1.069,1.0601099999999999,1.06557,274331,0,0,2024-04-14
1713657600,1.06526,1.07527,1.0624,1.06922,164154,0,0,2024-04-21
1714262400,1.0694,1.0812,1.06494,1.07611,184800,0,0,2024-04-28
1714867200,1.0763,1.07908,1.07239,1.07694,141972,0,0,2024-05-05
1715472000,1.07686,1.08949,1.07648,1.08685,142153,0,0,2024-05-12
1716076800,1.0867,1.08845,1.08047,1.08457,154241,0,0,2024-05-19
1716681600,1.0848,1.0889,1.07885,1.08474,160597,0,0,2024-05-26
1717286400,1.085,1.0916,1.07992,1.07994,184175,0,0,2024-06-02
1717891200,1.0774,1.08523,1.06676,1.07018,191566,0,0,2024-06-09
1718496000,1.07035,1.07614,1.0671,1.06915,170222,0,0,2024-06-16
1719100800,1.0685,1.07464,1.06659,1.07116,169949,0,0,2024-06-23
1719705600,1.0745,1.08425,1.0712,1.08397,137433,0,0,2024-06-30
1720310400,1.0802,1.09113,1.08002,1.09055,167727,0,0,2024-07-07
1720915200,1.0886,1.0948,1.08715,1.08839,186833,0,0,2024-07-14
1721520000,1.0888,1.09025,1.08257,1.08552,186815,0,0,2024-07-21
1722124800,1.0857,1.09265,1.07773,1.09102,213487,0,0,2024-07-28
1722729600,1.09221,1.10084,1.08813,1.09151,268027,0,0,2024-08-04
1723334400,1.09146,1.10471,1.091,1.10271,154528,1,0,2024-08-11
1723939200,1.1026799999999999,1.12009,1.1022,1.11921,173314,1,0,2024-08-18
1724544000,1.1188,1.12014,1.10434,1.10465,179818,2,0,2024-08-25
1725148800,1.10461,1.11543,1.10262,1.1085,183733,0,0,2024-09-01
1725753600,1.10793,1.11016,1.10018,1.10753,182216,0,0,2024-09-08
1726358400,1.10755,1.1189,1.10684,1.11629,201169,0,0,2024-09-15
1726963200,1.11615,1.1214,1.10831,1.11629,203385,0,0,2024-09-22
1727568000,1.116,1.12087,1.09512,1.09737,204449,0,0,2024-09-29
1728172800,1.09633,1.0997,1.09,1.09362,178444,0,0,2024-10-06
1728777600,1.093,1.09365,1.08109,1.08666,154896,0,0,2024-10-13
1729382400,1.0861,1.08717,1.07611,1.07952,150188,0,0,2024-10-20
1729987200,1.07937,1.09054,1.07687,1.0833,178755,0,0,2024-10-27
1730592000,1.08755,1.09369,1.06825,1.07179,234274,0,0,2024-11-03
1731196800,1.0708,1.07277,1.04961,1.05389,217805,0,0,2024-11-10
1731801600,1.053,1.06097,1.03313,1.04178,214960,0,0,2024-11-17
1732406400,1.04799,1.0597,1.0425,1.05755,227804,0,0,2024-11-24
1733011200,1.057,1.06296,1.04606,1.05665,233120,0,0,2024-12-01
1733616000,1.05557,1.05943,1.04532,1.05025,212410,0,0,2024-12-08
1734220800,1.04841,1.05342,1.03428,1.04287,221903,0,0,2024-12-15
1734825600,1.04257,1.04451,1.03834,1.04228,110435,0,0,2024-12-22
1735430400,1.04251,1.04582,1.02239,1.03078,149235,0,0,2024-12-29
1736035200,1.03018,1.04365,1.02128,1.02404,211109,0,0,2025-01-05
1736640000,1.0231,1.03543,1.01772,1.02705,217308,0,0,2025-01-12
1737244800,1.02731,1.05214,1.02663,1.04919,224617,0,0,2025-01-19
1737849600,1.04751,1.0533,1.03496,1.0364,237251,0,0,2025-01-26
1738454400,1.02509,1.04424,1.02111,1.03262,243652,0,0,2025-02-02
1739059200,1.02966,1.0514000000000001,1.02779,1.04898,202178,0,0,2025-02-09
1739664000,1.04845,1.05063,1.04006,1.04571,218963,0,0,2025-02-16
1740268800,1.04684,1.05286,1.03597,1.03743,314007,0,0,2025-02-23
1740873600,1.04025,1.08887,1.03885,1.08325,428598,0,0,2025-03-02
1741478400,1.08373,1.09472,1.0805,1.08751,351807,0,0,2025-03-09
1742083200,1.0878,1.09546,1.07964,1.08129,261020,0,0,2025-03-16
1742688000,1.08184,1.08584,1.07327,1.08276,297998,0,0,2025-03-23
1743292800,1.08203,1.11456,1.07779,1.09623,457941,0,0,2025-03-30
1743897600,1.0889,1.14736,1.08778,1.1359,738981,1,0,2025-04-06
1744502400,1.13103,1.14242,1.12635,1.13898,483932,2,0,2025-04-13
1745107200,1.13964,1.15727,1.13074,1.13618,487265,0,0,2025-04-20
1745712000,1.1364,1.14245,1.12654,1.12988,410431,0,0,2025-04-27
1746316800,1.13042,1.13805,1.11963,1.12466,376666,6,0,2025-05-04
1746921600,1.11948,1.1265100000000001,1.1065,1.11619,371854,0,0,2025-05-11
1747526400,1.11756,1.1375,1.1162,1.13589,378015,0,0,2025-05-18
1748131200,1.1363,1.14181,1.12099,1.13457,350393,0,0,2025-05-25
1748736000,1.1346,1.14944,1.13398,1.13934,346062,0,0,2025-06-01
1749340800,1.13955,1.16313,1.13725,1.1549,348998,0,0,2025-06-08
1749945600,1.15272,1.16141,1.14458,1.15216,357937,8,0,2025-06-15
1750550400,1.14516,1.17532,1.14516,1.17148,367961,0,0,2025-06-22
1751155200,1.1728,1.18293,1.17073,1.17663,267323,0,0,2025-06-29
1751760000,1.17804,1.17897,1.16621,1.16882,287914,8,0,2025-07-06
1752364800,1.1659,1.17207,1.15563,1.16242,277832,0,0,2025-07-13
1752969600,1.16223,1.17883,1.16141,1.17402,255365,0,0,2025-07-20
1753574400,1.17519,1.17698,1.1391,1.15873,320882,0,0,2025-07-27
1754179200,1.15892,1.16982,1.15276,1.16397,277597,0,0,2025-08-03
1754784000,1.16436,1.17297,1.15896,1.17066,263287,8,0,2025-08-10
1755388800,1.17096,1.1742,1.15824,1.17208,238870,0,0,2025-08-17
1755993600,1.17199,1.17286,1.15736,1.16825,247496,1,0,2025-08-24
1756598400,1.16943,1.17597,1.16077,1.17167,250559,0,0,2025-08-31
1757203200,1.17089,1.17803,1.16604,1.1734,251127,0,0,2025-09-07
1757808000,1.17269,1.19185,1.1716,1.17419,266720,0,0,2025-09-14
1758412800,1.17338,1.18202,1.16452,1.1699,246426,0,0,2025-09-21
1759017600,1.16993,1.17789,1.1683,1.1741,243960,0,0,2025-09-28
1759622400,1.17141,1.1731,1.15418,1.16227,266784,0,0,2025-10-05
1760227200,1.16112,1.17281,1.15427,1.16502,271708,0,0,2025-10-12
1760832000,1.16622,1.16757,1.15768,1.16253,212542,0,0,2025-10-19
1761436800,1.1629,1.16689,1.15211,1.15361,240810,0,0,2025-10-26
1762041600,1.1529099999999999,1.15912,1.14688,1.15637,253962,0,0,2025-11-02
1762646400,1.15545,1.16564,1.15408,1.16201,239670,0,0,2025-11-09
1763251200,1.16109,1.16248,1.14909,1.15136,258635,0,0,2025-11-16
1763856000,1.15097,1.16136,1.15021,1.15983,277657,0,0,2025-11-23
1764460800,1.15891,1.16822,1.15891,1.16424,242158,0,0,2025-11-30
1765065600,1.16332,1.1763,1.16149,1.17402,261283,0,0,2025-12-07
1765670400,1.17276,1.1804000000000001,1.17026,1.1709100000000001,284727,0,0,2025-12-14
1766275200,1.1712,1.1807699999999999,1.1706,1.17712,220065,0,0,2025-12-21
1766880000,1.17631,1.1789,1.17131,1.17197,252678,0,0,2025-12-28
1767484800,1.17181,1.17427,1.1618,1.16367,365097,0,0,2026-01-04
1768089600,1.16253,1.16985,1.15843,1.15985,334219,0,0,2026-01-11
1768694400,1.15818,1.18334,1.15775,1.18303,442970,0,0,2026-01-18
1769299200,1.18632,1.20819,1.18349,1.18503,747909,0,0,2026-01-25
1769904000,1.18491,1.18746,1.17656,1.18141,546225,0,0,2026-02-01
1770508800,1.18095,1.19286,1.18078,1.18689,490869,0,0,2026-02-08
1771113600,1.18642,1.18752,1.17418,1.17816,384518,0,0,2026-02-15
1771718400,1.17905,1.18346,1.17659,1.18132,376965,0,0,2026-02-22
1772323200,1.17713,1.17957,1.15301,1.1616900000000001,810208,0,0,2026-03-01
1772928000,1.15465,1.16673,1.14108,1.1416,862803,0,0,2026-03-08
1773532800,1.14275,1.16161,1.1414,1.15713,591596,0,0,2026-03-15
1774137600,1.15416,1.16397,1.14835,1.1507100000000001,655712,0,0,2026-03-22
1774742400,1.15008,1.16271,1.14428,1.15105,465433,0,0,2026-03-29
1775347200,1.15195,1.17394,1.1505,1.17259,482680,0,0,2026-04-05
1775952000,1.1670099999999999,1.1849,1.16635,1.17616,388805,0,0,2026-04-12
1776556800,1.17355,1.17908,1.16687,1.17195,436325,0,0,2026-04-19
1777161600,1.1693500000000001,1.17852,1.16543,1.17179,425957,0,0,2026-04-26
1777766400,1.17439,1.17966,1.16761,1.17824,459549,0,0,2026-05-03
1778371200,1.17461,1.17878,1.16167,1.16242,367551,0,0,2026-05-10
1778976000,1.16175,1.16614,1.15763,1.16032,426289,0,0,2026-05-17
1779580800,1.16373,1.16858,1.15862,1.16606,253190,0,0,2026-05-24
1780185600,1.1652,1.16647,1.1516899999999999,1.15199,282429,0,0,2026-05-31
1780790400,1.15085,1.15897,1.14991,1.1566,562287,0,0,2026-06-07
1781395200,1.15746,1.16222,1.14177,1.1465,1269842,0,0,2026-06-14
1782000000,1.14519,1.14738,1.1324,1.13835,1314628,0,0,2026-06-21
1782604800,1.13877,1.14729,1.13616,1.14355,1294291,0,0,2026-06-28
1783209600,1.14373,1.14609,1.13912,1.1414,1239863,0,0,2026-07-05
1783814400,1.14004,1.1482700000000001,1.13774,1.14381,1331110,0,0,2026-07-12
1784419200,1.14269,1.14497,1.13639,1.13705,1023189,0,0,2026-07-19
1785024000,1.13885,1.15472,1.13533,1.15267,1288626,0,0,2026-07-26
1785628800,1.15446,1.15794,1.15004,1.15571,1196501,0,0,2026-08-02
